	ASCL1neg_corr	ASCL1neg_pval	ASCL1neg_qval	ASCL1neg_ci_low	ASCL1neg_ci_high	ASCL1pos_corr	ASCL1pos_pval	ASCL1pos_qval	ASCL1pos_ci_low	ASCL1pos_ci_high
PLEKHH2	0.7496675344357223	0.0	0.0	0.7458599957824824	0.7534260849767159	-0.7496592356756699	0.0	0.0	-0.7534178932562831	-0.745851589133524
CACNA2D1	0.6954291056238264	0.0	0.0	0.6909423240926493	0.6998623114804805	-0.6954132290733801	0.0	0.0	-0.6998466251105641	-0.6909262562938937
LHFPL3	0.666523626527314	0.0	0.0	0.6616959921344144	0.6712959975241767	-0.6665175087731124	0.0	0.0	-0.6712899500521634	-0.6616898037943515
LINC00616	0.6594549156356384	0.0	0.0	0.6545461620149211	0.66430806982423	-0.6594466727436171	0.0	0.0	-0.6642999206390257	-0.654537825041507
LINC02113	0.6309540733747787	0.0	0.0	0.6257271539407182	0.6361243344648045	-0.6309486655909465	0.0	0.0	-0.6361189855397592	-0.6257216871413684
CDH2	0.566517510794965	0.0	0.0	0.560623817663958	0.572353810568456	-0.5665056899955943	0.0	0.0	-0.5723421054729373	-0.5606118812263858
PRKCA	0.5594039058119877	0.0	0.0	0.5534410658291097	0.5653094047006076	-0.5593949985054919	0.0	0.0	-0.5653005835018451	-0.5534320724962734
BARHL1	0.5587686061055737	0.0	0.0	0.5527996339154785	0.5646802431062127	-0.5587591836455825	0.0	0.0	-0.5646709116320391	-0.5527901205587669
PPFIA2	0.5537392699951892	0.0	0.0	0.5477220019463861	0.5596992567058208	-0.553729962662688	0.0	0.0	-0.5596900384504783	-0.5477126056480415
EPHA5-AS1	0.5531550496568012	0.0	0.0	0.5471322001734912	0.5591206248723958	-0.5531483615660593	0.0	0.0	-0.5591140007246038	-0.54712544822172
AMPH	0.5492068919149885	0.0	0.0	0.5431464798997703	0.5552100818657832	-0.5492003468977493	0.0	0.0	-0.5552035989836032	-0.5431398728403891
PCSK1	0.5485866120643519	0.0	0.0	0.5425203235689908	0.5545956873946912	-0.5485712044081078	0.0	0.0	-0.5545804258469768	-0.5425047700276825
GPC3	0.545347336550512	0.0	0.0	0.5392504689430253	0.5513870405328721	-0.5453395477043738	0.0	0.0	-0.5513793251180533	-0.5392426067908714
IGFBP5	0.5337396295585015	0.0	0.0	0.5275346934008672	0.5398876214623458	-0.5337267513262344	0.0	0.0	-0.5398748620961098	-0.5275216965819597
GUCY1A2	0.5335173064143545	0.0	0.0	0.527310323446014	0.5396673499632823	-0.5335126998271914	0.0	0.0	-0.5396627858777775	-0.5273056744576119
MIR4713HG	0.5288370820661475	0.0	0.0	0.5225872116790653	0.5350301202680314	-0.52883019062781	0.0	0.0	-0.5350232918624004	-0.5225802573735868
CAMK4	0.5256113258908909	0.0	0.0	0.519332119454154	0.5318337800932595	-0.5256023452568248	0.0	0.0	-0.5318248811070279	-0.5193230574016876
KCNH1	0.5222780103479118	0.0	0.0	0.5159686810924885	0.5285306751285191	-0.5222734809601682	0.0	0.0	-0.528526186662812	-0.5159641109054995
CEP152	0.5212717333431409	0.0	0.0	0.5149533486974457	0.5275334810295494	-0.5212617191433395	0.0	0.0	-0.5275235571336836	-0.5149432444699119
JAKMIP2	0.5163247050341937	0.0	0.0	0.5099620603562478	0.5226308548774795	-0.5163104107401433	0.0	0.0	-0.5226166882778526	-0.5099476387948795
TCF4	0.5096627572903797	0.0	0.0	0.5032411864613919	0.5160280425297057	-0.5096444138016275	0.0	0.0	-0.5160098608242749	-0.5032226817935418
CDKAL1	0.5078266101225883	0.0	0.0	0.5013889347914892	0.5142080611060368	-0.5078162704495012	0.0	0.0	-0.5141978123024178	-0.5013785045981428
MMP16	0.5038336067446078	0.0	0.0	0.49736111320746323	0.5102500143975678	-0.5038226452997724	0.0	0.0	-0.5102391485403714	-0.4973500565650165
NIM1K	0.50356809400565	0.0	0.0	0.49709329514319056	0.5099868164465754	-0.5035638726008758	0.0	0.0	-0.5099826318350634	-0.4970890370958582
GPR173	0.4992041055847236	0.0	0.0	0.4926915929789274	0.505660701838775	-0.4991938091960815	0.0	0.0	-0.5056504944255963	-0.49268120800258225
AL589740.1	0.49529143004540843	0.0	0.0	0.4887453872791201	0.5017817072131605	-0.4952784305240928	0.0	0.0	-0.5017688191586319	-0.4887322768032237
IGF2BP3	0.480859968116329	0.0	0.0	0.4741925687813479	0.48747221615682773	-0.4808507765082727	0.0	0.0	-0.487463101101804	-0.4741833010403693
LRRTM3	0.47990422451091924	0.0	0.0	0.4732289167838634	0.4865244248211344	-0.4798985869327252	0.0	0.0	-0.4865188341042105	-0.4732232326043819
DRGX	0.4715001762202569	0.0	0.0	0.4647560161806957	0.4781896314754483	-0.4714928971195998	0.0	0.0	-0.47818241183710286	-0.4647486779794609
MREG	0.46875670048872453	0.0	0.0	0.46199033120742977	0.47546850290326037	-0.4687511216037068	0.0	0.0	-0.47546296933056176	-0.4619847072937734
SRRM4	0.4667804046816529	0.0	0.0	0.45999811824705333	0.47350822555805383	-0.46676650919252155	0.0	0.0	-0.4734944424600109	-0.4599841110849272
NRSN1	0.46597602459324444	0.0	0.0	0.45918727920647323	0.4727103461234816	-0.46596835797448233	0.0	0.0	-0.4727027414099131	-0.4591795510812789
GNAI1	0.4634617688368195	0.0	0.0	0.4566529075985909	0.47021633830364074	-0.46345287634838844	0.0	0.0	-0.47020751723720844	-0.4566439441599859
FEZ1	0.46137110153002864	0.0	0.0	0.45454559760183044	0.4681424255164913	-0.4613632445376881	0.0	0.0	-0.4681346313490545	-0.45453767820826607
KIAA1324L	0.46131196420059273	0.0	0.0	0.45448599062277284	0.4680837610262194	-0.461303328588069	0.0	0.0	-0.4680751944557117	-0.4544772864341113
OSBPL3	0.4600664460987494	0.0	0.0	0.45323059521973097	0.46684818773717657	-0.4600591519582155	0.0	0.0	-0.46684095175856843	-0.4532232433145235
GJC1	0.45566056475203126	0.0	0.0	0.4487899916335948	0.462477272559765	-0.45565302159103144	0.0	0.0	-0.4624697889790379	-0.4487823893167574
CHGB	0.4553919963072474	0.0	0.0	0.44851931760334124	0.4622108248264296	-0.45537338843568015	0.0	0.0	-0.4621923638435901	-0.4485005638921448
ETV5	0.44396163248879644	0.0	0.0	0.437000507823518	0.4508695777676572	-0.44395157488792647	0.0	0.0	-0.45085959759855093	-0.4369903734041797
HECW2	0.43919637715312615	0.0	0.0	0.43219905412434223	0.44614081585886234	-0.43918886657017936	0.0	0.0	-0.4461333624876326	-0.4321914868018033
HID1	0.4369908689190919	0.0	0.0	0.4299769264605648	0.44395206664689746	-0.4369853117019578	0.0	0.0	-0.4439465515525358	-0.4299713274747961
NRCAM	0.42900502560122833	0.0	0.0	0.4219316173093643	0.43602621045403805	-0.4289910117385303	0.0	0.0	-0.4360123009016006	-0.4219175000728466
GRIK2	0.4288725691717879	0.0	0.0	0.42179818394676943	0.4358947398118286	-0.42886556252459446	0.0	0.0	-0.4358877853022166	-0.4217911256305429
TTC28	0.4282704638789919	0.0	0.0	0.42119164168528983	0.4352971118204268	-0.4282624163801696	0.0	0.0	-0.4352891241214887	-0.42118353492659594
AKAP12	0.4197461410389561	0.0	0.0	0.41260518165902504	0.4268355119975729	-0.4197343469171005	0.0	0.0	-0.42682380379832013	-0.41259330244415393
PROX1-AS1	0.41350059660344796	0.0	0.0	0.40631491634979583	0.4206351350188562	-0.41348431172743244	0.0	0.0	-0.42061896704299206	-0.40629851575703296
PLS1	0.41148147009862046	0.0	0.0	0.40428147767669464	0.4186304681571707	-0.4114719692843086	0.0	0.0	-0.41862103521669747	-0.40427190968602883
HSPA12A	0.4035295120998849	0.0	0.0	0.39627384590947035	0.41073477926111107	-0.40352516037938363	0.0	0.0	-0.4107304580380689	-0.3962694640236014
ST18	0.4022279820782625	0.0	0.0	0.3949633086425465	0.4094423561126273	-0.40220481512673445	0.0	0.0	-0.4094193509991727	-0.39493998163182925
PALLD	0.3947691565765448	0.0	0.0	0.38745343449212327	0.4020351619106807	-0.3947599095137569	0.0	0.0	-0.40202597826739156	-0.3874441247444546
SCN3A	0.3867040531476529	0.0	0.0	0.3793342254009072	0.39402481626398195	-0.38668229533453014	0.0	0.0	-0.39400320467057454	-0.3793123231580029
SCGN	0.385518608210322	0.0	0.0	0.37814092343626565	0.39284732611456724	-0.38550325057554474	0.0	0.0	-0.39283207137769927	-0.37812546417326887
ATAD5	0.38502659519751825	0.0	0.0	0.3776456566028047	0.3923586076399579	-0.38502140872395313	0.0	0.0	-0.39235345587317144	-0.37764043585212265
JPH1	0.3790362458718987	0.0	0.0	0.37161603011543054	0.3864080378791022	-0.37902943654132876	0.0	0.0	-0.38640127341742014	-0.3716091764940264
DNAJC6	0.3780566986065407	0.0	0.0	0.3706301197606856	0.3854349370197816	-0.37804676523729036	0.0	0.0	-0.38542506893803347	-0.37062012195049304
GTDC1	0.37016803466807907	0.0	0.0	0.36269082154948745	0.3775975900991175	-0.37016393843093376	0.0	0.0	-0.37759352023211734	-0.3626866993021105
NIN	0.36988478161440885	0.0	0.0	0.362405770588849	0.37731615985338923	-0.3698774164868677	0.0	0.0	-0.37730884210407306	-0.3623983587309108
CACNA2D2	0.3692129129814981	0.0	0.0	0.361729642964283	0.3766486093827667	-0.3692094019964573	0.0	0.0	-0.37664512094287017	-0.36172610974369795
SLIT1	0.3569219106072323	0.0	0.0	0.34936211669634154	0.3644352394061635	-0.3569117770718866	0.0	0.0	-0.36442516880970954	-0.3493519211561702
SNRPE	0.34909129585899373	0.0	0.0	0.3414841219293527	0.35665273617994375	-0.34908350232040525	0.0	0.0	-0.356644990002288	-0.34147628176748657
TMSB4X	0.31908335551174877	0.0	0.0	0.3113045084147841	0.3268194458550839	-0.3190671828015723	0.0	0.0	-0.32680336311424035	-0.31128824741115724
PHF14	0.31493668557748705	0.0	0.0	0.30713534925250535	0.32269569727901803	-0.3149296645463366	0.0	0.0	-0.32268871480789757	-0.30712829039712475
AL139383.1	0.31451230146203013	0.0	0.0	0.3067086804050272	0.32227364239573164	-0.3145031601680405	0.0	0.0	-0.3222645512397858	-0.30669948993209134
PGAP1	0.31133679627521943	0.0	0.0	0.3035161789660001	0.319115468043217	-0.3113268158427251	0.0	0.0	-0.3191055418081975	-0.30350614539204823
ZNF367	0.3090103436815753	0.0	0.0	0.3011773859431588	0.3168016027868847	-0.3090039038228223	0.0	0.0	-0.31679519764246017	-0.301170912055627
BLM	0.30477594449456163	0.0	0.0	0.296920767669213	0.31258987592075865	-0.30477262337018246	0.0	0.0	-0.3125865724581511	-0.2969174292404714
ZZEF1	0.3036276198269365	0.0	0.0	0.2957664712241374	0.31144764678882375	-0.3036214373560689	0.0	0.0	-0.31144149707458196	-0.2957602566639178
MTCL1	0.29536389033295957	0.0	0.0	0.28746044379209235	0.3032271163251038	-0.2953568223692825	0.0	0.0	-0.3032200848085681	-0.28745334015977697
GTF2F2	0.29466855773073264	0.0	0.0	0.28676160634295805	0.3025353652206164	-0.2946608672450074	0.0	0.0	-0.30252771430047115	-0.28675387714013645
PDE7A	0.2936900157085575	0.0	0.0	0.2857781462015477	0.30156184940437913	-0.29368169553634893	0.0	0.0	-0.3015535718977236	-0.2857697842838867
EPHA6	0.2929999603170913	0.0	0.0	0.2850846326348411	0.3008753285609112	-0.29300154880775237	0.0	0.0	-0.30087690892450225	-0.28508622907662023
CENPK	0.2915619349758384	0.0	0.0	0.28363942733743464	0.29944464273203697	-0.29155767451719755	0.0	0.0	-0.29944040396560884	-0.2836351456601038
CALB1	0.2899284382160084	0.0	0.0	0.2819978183059005	0.2978194401432222	-0.2899252648529148	0.0	0.0	-0.2978162828485391	-0.2819946292284441
AC092546.1	0.2895441539702332	0.0	0.0	0.281611632374764	0.2974371004758373	-0.2895430150190503	0.0	0.0	-0.29743596728428134	-0.2816104877911385
NAB1	0.2873145438272614	0.0	0.0	0.2793710393978445	0.2952187227849736	-0.2873082478892731	0.0	0.0	-0.2952124584443378	-0.27936471256918627
ARHGAP24	0.2865204079004936	0.0	0.0	0.27857301253085986	0.29442856701595665	-0.2865151776580821	0.0	0.0	-0.29442336295134125	-0.2785677566987826
GPX2	0.28502036579666395	0.0	0.0	0.27706565077771356	0.29293601352522175	-0.28501296318780056	0.0	0.0	-0.29292864777650907	-0.2770582121439505
LBR	0.27584954854757443	0.0	0.0	0.2678509346901909	0.28381014048033715	-0.27584561553902076	0.0	0.0	-0.28380622643722564	-0.267846983169016
UQCR11	0.2730827769147898	0.0	0.0	0.2650712063867114	0.28105664500683436	-0.2730751446123051	0.0	0.0	-0.2810490491458386	-0.2650635385266624
CGA	0.2669138434232878	0.0	0.0	0.2588738634743025	0.2749168399930363	-0.26690229654750247	0.0	0.0	-0.2749053470272603	-0.25886226404301305
WSCD2	0.26672501207515265	0.0	0.0	0.2586841729530563	0.2747288899728554	-0.26672233567260795	0.0	0.0	-0.27472622605742314	-0.2586814843774721
CHCHD2	0.2651723435240856	0.0	0.0	0.257124463352035	0.273183444962488	-0.26516592239555314	0.0	0.0	-0.27317705362135863	-0.2571180131919883
SIK3	0.2625244774215885	0.0	0.0	0.25446468640846087	0.27054780223246866	-0.262516204649419	0.0	0.0	-0.27053956746150787	-0.25445637661411985
BRIP1	0.2624554896661594	0.0	0.0	0.25439538995660455	0.2704791313382826	-0.2624534504034596	0.0	0.0	-0.2704771014406882	-0.25439334157016646
NDST4	0.26031799155263236	0.0	0.0	0.2522483682842672	0.26835141031255094	-0.26031297617051996	0.0	0.0	-0.26834641777902385	-0.25224333064970006
ILF3	0.2552063252642904	0.0	0.0	0.24711424929353598	0.2632628073226921	-0.25520181076070236	0.0	0.0	-0.2632583129899211	-0.24710971516105074
EXOC2	0.25507443258734147	0.0	0.0	0.24698178329808126	0.26313150379852673	-0.25506822541530205	0.0	0.0	-0.263125324346015	-0.24697554915180944
WNT7A	0.25435310344514567	0.0	0.0	0.2462573239921848	0.2624133914888709	-0.25435000356110293	0.0	0.0	-0.2624103054097751	-0.246254210675907
MAD2L1	0.2536733224980532	0.0	0.0	0.24557460145713894	0.2617366339149145	-0.25367151792731496	0.0	0.0	-0.26173483735957775	-0.2455727890882488
SRM	0.2536305232105805	0.0	0.0	0.2455316172349255	0.2616940247149251	-0.25362539226567393	0.0	0.0	-0.2616889165563348	-0.24552646412146145
RAD54B	0.25341477269136997	0.0	0.0	0.24531493494758438	0.2614792319450678	-0.2534123719278242	0.0	0.0	-0.2614768418343829	-0.24531252382034308
COX6A1	0.2526856285267145	0.0	0.0	0.24458264779570515	0.26075331865110263	-0.25268074897491216	0.0	0.0	-0.2607484606900842	-0.24457774724165474
CFAP74	0.2511740738982072	0.0	0.0	0.24306460702965893	0.25924843272985265	-0.25116734003562097	0.0	0.0	-0.2592417284881357	-0.2430578443606895
RFLNB	0.25075318743289465	0.0	0.0	0.24264192159481304	0.25882939616145545	-0.2507506219265807	0.0	0.0	-0.2588268419218355	-0.24263934513235405
PSMB3	0.24904786191445424	0.0	0.0	0.2409293386242777	0.257131534846187	-0.24904279842576482	0.0	0.0	-0.25712649344605626	-0.2409242536618868
RAN	0.2482900268696633	0.0	0.0	0.24016829464257836	0.25637700082539316	-0.2482851799697086	0.0	0.0	-0.2563721750061403	-0.24016342725129614
PTBP2	0.24767667420699233	0.0	0.0	0.23955235214169984	0.25576631262494853	-0.24766997798011184	0.0	0.0	-0.25575964545148594	-0.2395456276765636
NOL4	0.24761582250477202	0.0	0.0	0.2394912438540682	0.2557057249162592	-0.24759256486843442	0.0	0.0	-0.2556825681619654	-0.23946788816730097
RAD51C	0.24681515371605517	0.0	0.0	0.23868720498549295	0.2549085237576227	-0.24681234936239488	0.0	0.0	-0.2549057315300503	-0.23868438884766482
MARCKSL1	0.2453478288918407	0.0	0.0	0.2372137329964853	0.25344752523833897	-0.24534310979573465	0.0	0.0	-0.2534428264287913	-0.23720899419072178
ZEB2	0.24309630781907587	0.0	0.0	0.23495285224345983	0.25120563964392195	-0.24309168765299413	0.0	0.0	-0.25120103916057945	-0.2349482129617196
ST8SIA5	0.24276222495053884	0.0	0.0	0.23461738808377108	0.25087297908394673	-0.2427585503189327	0.0	0.0	-0.2508693200858916	-0.23461369826990605
SOX6	0.24217663523687466	0.0	0.0	0.23402938188503458	0.2502898778102988	-0.24217033664061718	0.0	0.0	-0.25028360594767907	-0.23402305732949036
ANKRD10	0.24109491830274823	0.0	0.0	0.23294321682901267	0.24921274211049893	-0.24108822620126222	0.0	0.0	-0.24920607828856048	-0.23293649727227356
CDK14	0.24012384314219457	0.0	0.0	0.23196816583931681	0.2482457624914346	-0.2401171747616354	0.0	0.0	-0.24823912217903243	-0.23196147021336794
UTP23	0.23906432121824994	0.0	0.0	0.23090432465897393	0.24719069067096403	-0.23906002913252092	0.0	0.0	-0.24718641657325757	-0.23090001511576838
RTN4RL2	0.2351505999583483	0.0	0.0	0.22697481782215012	0.24329324039236394	-0.2351484541420079	0.0	0.0	-0.24329110342495822	-0.22697266342390188
TRMT112	0.2340897762849283	0.0	0.0	0.2259097612833637	0.24223678171194707	-0.23408515675430144	0.0	0.0	-0.24223218114714948	-0.2259051233627954
SYNDIG1	0.2339322876226337	0.0	0.0	0.22575164588186364	0.2420799394245017	-0.2339291629790913	0.0	0.0	-0.2420768276010094	-0.22574850880790334
SNRPD2	0.2333396350535589	0.0	0.0	0.22515663866542482	0.24148971544106723	-0.2333350307916602	0.0	0.0	-0.24148513002301575	-0.22515201613438587
S100Z	0.22983841750030506	0.0	0.0	0.22164163508038645	0.23800272221584248	-0.22983564284954222	0.0	0.0	-0.2379999587541362	-0.22163884958891386
UBE2I	0.2282078166916967	0.0	0.0	0.22000468648659718	0.2363786741805314	-0.22820254580282615	0.0	0.0	-0.23637342439936182	-0.21999939515352893
SGCE	0.22764555977561468	0.0	0.0	0.2194402514651086	0.235818666179115	-0.22763681981948822	0.0	0.0	-0.23580996113821154	-0.21943147769495658
EXOC5	0.2266315792381962	0.0	0.0	0.2184223567921007	0.23480872763823435	-0.2266267983876095	0.0	0.0	-0.2348039658035755	-0.21841755752893674
ARSJ	0.22632068291901303	0.0	0.0	0.2181102639389825	0.23449906709821988	-0.22631442338261912	0.0	0.0	-0.23449283242575994	-0.21810398032901293
SCN7A	0.22519825212533773	0.0	0.0	0.21698352726742484	0.2333810840324779	-0.2251932928727982	0.0	0.0	-0.2333761443833969	-0.21697854903872948
FCHO1	0.22455237278701012	0.0	0.0	0.21633518012292288	0.23273775424015938	-0.22454912879317176	0.0	0.0	-0.23273452303359188	-0.21633192375257201
ADCY9	0.2239263473501448	0.0	0.0	0.21570676965522675	0.23211419314135204	-0.22392217811715612	0.0	0.0	-0.23211004029791574	-0.2157025845611231
CKAP5	0.22332357832832156	0.0	0.0	0.2151017106386754	0.2315137905495044	-0.22332197412448476	0.0	0.0	-0.23151219263533748	-0.21510010034868976
STRA6	0.22261343216525642	0.0	0.0	0.21438887464046616	0.2308064243661588	-0.22260595405179837	0.0	0.0	-0.23079897548088235	-0.21438136824861895
SEMA5B	0.22216742986000199	0.0	0.0	0.21394118748212032	0.2303621635800551	-0.22216402791763915	0.0	0.0	-0.23035877490823548	-0.21393777270159436
ADAMTS2	0.22146496977325839	0.0	0.0	0.2132360807347867	0.22966243948394713	-0.22145938961170236	0.0	0.0	-0.22965688102246848	-0.2132304795831602
DCTN3	0.22134969382752842	0.0	0.0	0.21312037128237246	0.22954761171359864	-0.2213468557669332	0.0	0.0	-0.2295447846840739	-0.21311752255187913
LINC01170	0.22118919827967887	0.0	0.0	0.21295927255945307	0.22938773976802931	-0.2211860495386819	0.0	0.0	-0.2293846032569787	-0.2129561119893195
MFNG	0.22116736468584736	0.0	0.0	0.21293735694509106	0.22936599097401206	-0.22116282642657226	0.0	0.0	-0.2293614703399208	-0.21293280163833672
FHL5	0.22103880200513443	0.0	0.0	0.21280831147109325	0.2292379274537452	-0.22103531749959954	0.0	0.0	-0.22923445647328136	-0.2128048138841411
SPIRE1	0.22044342075294293	0.0	0.0	0.21221069811886217	0.22864485414147676	-0.2204392680447728	0.0	0.0	-0.22864071750951395	-0.21220652986370406
PSTPIP1	0.21985832951532447	0.0	0.0	0.2116234193577644	0.2280620250246161	-0.21985355205646803	0.0	0.0	-0.22805726601250706	-0.21161862406154902
TRIP13	0.21796814948160803	0.0	0.0	0.2097262130058955	0.22617911276046174	-0.21796460424273326	0.0	0.0	-0.22617558109542849	-0.20972265464670437
SYNJ1	0.21784055030924274	0.0	0.0	0.20959814174852484	0.22605200199779038	-0.217835501109575	0.0	0.0	-0.22604697211912697	-0.2095930738738989
CDKN2A	0.2161303647602152	0.0	0.0	0.20788165623724242	0.2243483355131402	-0.21612101057762725	0.0	0.0	-0.22433901684967125	-0.2078722677355158
ELP4	0.2153700362525605	0.0	0.0	0.20711854315340453	0.22359088917386716	-0.21536684160289646	0.0	0.0	-0.2235877066131764	-0.20711533682505284
DLGAP5	0.2141082082229066	0.0	0.0	0.20585211604866607	0.22233382242736785	-0.2141085901554447	0.0	0.0	-0.2223342029228893	-0.2058524993690771
TNFAIP8L3	0.21398866879349787	0.0	0.0	0.205732142359346	0.2222147326405222	-0.2139858481486903	0.0	0.0	-0.2222119226024879	-0.20572931147076626
GLCE	0.21369208591820532	0.0	0.0	0.2054344831368011	0.2219192642893709	-0.21368767173674424	0.0	0.0	-0.2219148666844821	-0.20543005294709935
KCNK9	0.21362313560332943	0.0	0.0	0.2053652828089452	0.22185057286534307	-0.21361750067085478	0.0	0.0	-0.22184495908699317	-0.20535962744792557
UIMC1	0.21339482932516052	0.0	0.0	0.2051361492844145	0.22162312323616104	-0.21339023437907825	0.0	0.0	-0.2216185455220075	-0.20513153769827
SSX2IP	0.21333204040404638	0.0	0.0	0.20507313301226354	0.2215605697541562	-0.2133280096561803	0.0	0.0	-0.2215565541180396	-0.20506908767188922
LRRC4B	0.21316653430520263	0.0	0.0	0.20490702796411017	0.2213956839276799	-0.2131621222538837	0.0	0.0	-0.2213912884051045	-0.20490259995254795
NAB2	0.21230360277335203	0.0	0.0	0.20404098127978884	0.22053597880907005	-0.2123020075621431	0.0	0.0	-0.2205343895503489	-0.20403938032189953
SCN1A	0.2117502122241901	0.0	0.0	0.20348559981640646	0.21998465059920613	-0.21174514723202034	0.0	0.0	-0.21997960445862	-0.20348051662665043
ADCY3	0.2117480062041887	0.0	0.0	0.20348338587052575	0.2199824527899272	-0.2117457616943864	0.0	0.0	-0.2199802166340191	-0.2034811332966431
CKAP2L	0.21151686713618534	0.0	0.0	0.20325141682493217	0.2197521735494885	-0.2115157829730903	0.0	0.0	-0.21975109341727192	-0.20325032877099444
OPCML	0.21105656032458175	0.0	0.0	0.2027894599005999	0.21929357632609733	-0.211051583304129	0.0	0.0	-0.21928861777050293	-0.20278446505858028
NLN	0.21064519861850514	0.0	0.0	0.20237662665438313	0.21888373934539967	-0.21063963644641034	0.0	0.0	-0.21887819776975626	-0.20237104460519278
CELF1	0.21059500920001548	0.0	0.0	0.20232625789737785	0.21883373575663526	-0.21058921357816798	0.0	0.0	-0.2188279615906837	-0.2023204415692372
CAMKK1	0.2098779802640564	0.0	0.0	0.20160667162641271	0.21811935694385712	-0.20987528754337806	0.0	0.0	-0.21811667415876912	-0.20160396931878172
RND2	0.20951298738279572	0.0	0.0	0.2012403804012106	0.21775570967608932	-0.20950734454562003	0.0	0.0	-0.21775008762430825	-0.2012347175096299
NDUFA4	0.2089827150731073	0.0	0.0	0.20070822594174267	0.2172273882352655	-0.20897905362306107	0.0	0.0	-0.2172237402388813	-0.2007045515127122
REPS1	0.20896821016505496	0.0	0.0	0.20069366961854884	0.21721293662281527	-0.20896283313867414	0.0	0.0	-0.2172075793524052	-0.20068827353330146
STARD9	0.20648775285508397	0.0	0.0	0.1982044736361183	0.21474154013586771	-0.2064829874842345	0.0	0.0	-0.21473679207063548	-0.19819969157965514
C1QTNF7	0.20402790481485625	0.0	0.0	0.19573606504305138	0.21229057324544479	-0.20402466627648008	0.0	0.0	-0.2122873463311141	-0.19573281530344633
RSPRY1	0.20394118733785943	0.0	0.0	0.1956490476965892	0.2122041669602195	-0.2039361859208802	0.0	0.0	-0.2121991834872365	-0.19564402898866787
FRMD4A	0.2036692324929431	0.0	0.0	0.19537615327732583	0.21193318720645607	-0.2036662638225056	0.0	0.0	-0.21193022917314294	-0.19537317435754128
ADAM19	0.20319434107250348	0.0	0.0	0.1948996242379821	0.2114599954571895	-0.20318868264487525	0.0	0.0	-0.2114543572581285	-0.19489394632139945
GSG1L	0.2029179988925882	0.0	0.0	0.19462233092006623	0.21118464054274833	-0.20291451218489598	0.0	0.0	-0.21118116628335423	-0.1946188322199977
COPG2	0.2027730078298587	0.0	0.0	0.19447684134513477	0.21104016695311253	-0.20276867494592846	0.0	0.0	-0.21103584952768642	-0.19447249356938262
LINC01116	0.202262344642752	0.0	0.0	0.19396442528878155	0.21053132344648887	-0.20225473852171394	0.0	0.0	-0.21052374439498775	-0.19395679309368996
MEIS1	0.20174284380901897	0.0	0.0	0.19344314589637274	0.2100136691873601	-0.20173731724592764	0.0	0.0	-0.210008162243604	-0.19343760043777666
SLC9B2	0.20108710350226347	0.0	0.0	0.19278516729297668	0.2093602530999644	-0.2010839515236653	0.0	0.0	-0.2093571122754613	-0.19278200457347947
FEN1	0.19916511213897334	0.0	0.0	0.19085665843561406	0.20744503151732538	-0.1991613198628618	0.0	0.0	-0.20744125253590529	-0.19085285336325014
PCBP1-AS1	0.19823731918627593	0.0	0.0	0.1899257422790986	0.20652048378950172	-0.19823352142932543	0.0	0.0	-0.2065166992859098	-0.18992193176857555
PLS3	0.1974797276684386	0.0	0.0	0.189165611585556	0.2057655311972596	-0.19747167856647843	0.0	0.0	-0.20575751007986112	-0.18915753555938153
EVI2A	0.19643000872787017	0.0	0.0	0.1881123908309129	0.20471945245181716	-0.1964260157221905	0.0	0.0	-0.20471547325685407	-0.18810838454127218
SH3KBP1	0.19596432075715087	0.0	0.0	0.1876451554722717	0.20425537332125737	-0.19596079350381668	0.0	0.0	-0.20425185823951605	-0.1876416165129466
BUB1B	0.1954589292166751	0.0	0.0	0.18713808887684	0.20375172357030089	-0.1954584332782015	0.0	0.0	-0.20375122933888187	-0.18713759129682017
NDUFS5	0.1952196995243858	0.0	0.0	0.18689806783486687	0.2035133168324346	-0.19521510679429677	0.0	0.0	-0.20350873989179719	-0.18689345992217157
BSG	0.19467069551123709	0.0	0.0	0.18634725152342474	0.20296619768452664	-0.19466512779822906	0.0	0.0	-0.20296064906030953	-0.18634166545783126
H3F3A	0.19458837096235854	0.0	0.0	0.18626465566693037	0.202884155329394	-0.1945824939851164	0.0	0.0	-0.20287829849291866	-0.18625875932610464
POLR3A	0.19445156463817403	0.0	0.0	0.18612739874597112	0.20274781769508485	-0.1944476720203579	0.0	0.0	-0.20274393840842678	-0.1861234933118565
CENPU	0.19358927624426672	0.0	0.0	0.18526227772438336	0.2018884760443019	-0.19358889939831775	0.0	0.0	-0.20188810048337477	-0.1852618996433126
GADD45A	0.1924288128637506	0.0	0.0	0.1840980225815563	0.20073195820534884	-0.19241938309537418	0.0	0.0	-0.20072256040311157	-0.1840885620975821
NDUFA13	0.19168943086953444	0.0	0.0	0.18335623688164163	0.19999507801738037	-0.1916835160347341	0.0	0.0	-0.1999891831583998	-0.18335030285617526
NUP214	0.19158985213542934	0.0	0.0	0.18325633514554387	0.1998958355044612	-0.19158655777666522	0.0	0.0	-0.19989255226597508	-0.1832530301038608
PKMYT1	0.19145275203033962	0.0	0.0	0.18311879061259953	0.19975919803020722	-0.19145014540476948	0.0	0.0	-0.1997566001973096	-0.18311617554047357
MTF2	0.1912804251320074	0.0	0.0	0.18294590555696394	0.19958745217384072	-0.19127662255493694	0.0	0.0	-0.1995836624123264	-0.18294209066936915
PRDX2	0.1903682303946126	0.0	0.0	0.18203076485729774	0.19867832462090543	-0.19036462672682453	0.0	0.0	-0.1986747330418116	-0.18202714957999103
HNRNPL	0.19020403487307658	0.0	0.0	0.18186604059493497	0.19851467967532946	-0.19019871111556022	0.0	0.0	-0.19850937376153652	-0.18186069970173874
NCAPG2	0.19007702207207527	0.0	0.0	0.181738619109548	0.1983880924523441	-0.19007468813314443	0.0	0.0	-0.1983857663310787	-0.1817362776634083
HDAC9	0.18998737694720927	0.0	0.0	0.18164868570544604	0.19829874753182272	-0.18998166823925966	0.0	0.0	-0.1982930579365641	-0.1816429586442568
RBBP4	0.18971467181092455	0.0	0.0	0.1813751044663079	0.19802695478359184	-0.18970988447381382	0.0	0.0	-0.1980221834520318	-0.1813703017607458
MASTL	0.1895374686502348	0.0	0.0	0.18119733270794142	0.1978503438053873	-0.18953500562424083	0.0	0.0	-0.1978478890065996	-0.18119486178259453
FBXL16	0.18899007555909006	0.0	0.0	0.18064818662065918	0.19730477659914367	-0.1889853295337457	0.0	0.0	-0.19730004638212575	-0.18064342541917275
KIF26A	0.18795305565417061	0.0	0.0	0.17960785997614187	0.1962712016582625	-0.187949806832271	0.0	0.0	-0.19626796359985377	-0.17960460082407181
BORA	0.18789466203976907	0.0	0.0	0.17954928071746087	0.19621300147681825	-0.18789309668773282	0.0	0.0	-0.19621144130931417	-0.17954771038969072
IQCJ-SCHIP1	0.18785071322212005	0.0	0.0	0.1795051922172907	0.19616919820406545	-0.18784684353503778	0.0	0.0	-0.1961653413306001	-0.17950131023278834
CENPH	0.1876555625143137	0.0	0.0	0.17930942166694816	0.1959746933740576	-0.18765325153489193	0.0	0.0	-0.19597239003921457	-0.17930710335129613
CRTC1	0.18751081604124833	0.0	0.0	0.17916421587349174	0.19583042553629545	-0.1875063351585699	0.0	0.0	-0.19582595946487133	-0.17915972077754239
BCL7A	0.18523591852555638	0.0	0.0	0.17688214724975743	0.19356300315023928	-0.1852327206068927	0.0	0.0	-0.19355981567706498	-0.17687893931358661
NARS2	0.18320568472045692	0.0	0.0	0.17484558943136097	0.19153936540760125	-0.18320155916337597	0.0	0.0	-0.19153525318197806	-0.17484145109633314
AASDHPPT	0.1826207728050356	0.0	0.0	0.1742588688359847	0.1909563406754523	-0.1826162971457525	0.0	0.0	-0.19095187943394226	-0.1742543793598401
TCAIM	0.18251872271464892	0.0	0.0	0.17415650379194064	0.19085461924099956	-0.18251472942079008	0.0	0.0	-0.19085063880404535	-0.1741524981773918
SV2B	0.1822609951569927	0.0	0.0	0.17389798162323278	0.19059772090707383	-0.1822582756658914	0.0	0.0	-0.19059501015969216	-0.17389525375369586
NTF3	0.18134035281076039	0.0	0.0	0.17297451021778387	0.1896800313502348	-0.18133857702072712	0.0	0.0	-0.18967826124163858	-0.17297272898510482
CYB5R4	0.18118018708673264	0.0	0.0	0.17281385381952358	0.18952037784005843	-0.18117549869616528	0.0	0.0	-0.18951570443643365	-0.17280915107258668
ETFA	0.17966006936510137	0.0	0.0	0.1712891013174258	0.18800509953596514	-0.17965737457317393	0.0	0.0	-0.1880024132878507	-0.17128639834478707
DNAJC7	0.1790400856585906	0.0	0.0	0.1706672388166679	0.18738707819228814	-0.17903626968775024	0.0	0.0	-0.18738327427923743	-0.17066341130258963
PCSK7	0.17884276243835126	0.0	0.0	0.17046931902879806	0.1871903781501214	-0.17883931450592822	0.0	0.0	-0.18718694110086595	-0.1704658606782411
RYR1	0.17782084985624605	0.0	0.0	0.16944432770674903	0.18617168221972213	-0.17781729651368186	0.0	0.0	-0.18616814003061227	-0.16944076369056082
CSNK2B	0.17750260724762026	0.0	0.0	0.169125130021469	0.18585443767002693	-0.17749886605007767	0.0	0.0	-0.18585070819511354	-0.16912137760668416
E2F2	0.17745606155267227	0.0	0.0	0.16907844478572917	0.18580803780374466	-0.17745302020090525	0.0	0.0	-0.18580500597930183	-0.1690753943175072
CEP78	0.1771651303396402	0.0	0.0	0.16878664223275622	0.18551801724044462	-0.17716144011629692	0.0	0.0	-0.18551433855859842	-0.16878294096661445
PFN1	0.1771142058892624	0.0	0.0	0.16873556541451887	0.18546725204007297	-0.17710930535855407	0.0	0.0	-0.1854623668318625	-0.1687306502236129
CCDC66	0.17675183175431353	0.0	0.0	0.1683721083419786	0.1851060098273601	-0.17674784489828846	0.0	0.0	-0.18510203541223627	-0.1683681095840991
BLOC1S1	0.1726279675353411	0.0	0.0	0.16423608065633116	0.1809948679796681	-0.1726241048577157	0.0	0.0	-0.18099101708156162	-0.1642322067239346
ADGRB1	0.17247273427402485	0.0	0.0	0.16408039529218926	0.18084010791155078	-0.17246966663093466	0.0	0.0	-0.18083704961529595	-0.16407731871907877
CELSR3	0.17205017181860993	0.0	0.0	0.16365660427985634	0.18041883144226575	-0.17204630250834102	0.0	0.0	-0.18041497389329916	-0.16365272373427872
DPF3	0.1710953044850077	0.0	0.0	0.16269897217708776	0.17946685875218923	-0.17109155655870098	0.0	0.0	-0.17946312215668608	-0.16269521343001966
TUBD1	0.17017189019553433	0.0	0.0	0.16177289923446583	0.17854622884501553	-0.17017005361919718	0.0	0.0	-0.17854439779191864	-0.1617710573850805
WDR35	0.1700516579212896	0.0	0.0	0.16165232188128983	0.17842635802971715	-0.17004562694822017	0.0	0.0	-0.1784203451812484	-0.16164627360531592
ZYG11B	0.16992574313185127	0.0	0.0	0.1615260459723667	0.178300821516303	-0.1699216744237099	0.0	0.0	-0.1782967650269183	-0.1615219655998914
HNRNPA1	0.16802951486023923	0.0	0.0	0.15962441264069088	0.17641025696622006	-0.16802705198764797	0.0	0.0	-0.1764078014096151	-0.15962194278842284
NLRP1	0.16672590891263728	0.0	0.0	0.15831712704111703	0.17511050880743767	-0.16671468774057907	0.0	0.0	-0.17509932071556666	-0.15830587432334073
RPL18A	0.16630085824746166	0.0	0.0	0.15789088297040677	0.17468670968559588	-0.16629960895240756	0.0	0.0	-0.1746854640644575	-0.15788963017235327
PRPF40B	0.16603882469388942	0.0	0.0	0.1576281152724675	0.17442544613035496	-0.16603649370062595	0.0	0.0	-0.17442312198152948	-0.1576257777537609
AP000842.3	0.1656982267874716	0.0	0.0	0.15728656488669965	0.17408584732243548	-0.16569376617943135	0.0	0.0	-0.17408139978575807	-0.15728209181795402
SRP9	0.16546094502954198	0.0	0.0	0.15704862076149728	0.17384926041975696	-0.1654559111528106	0.0	0.0	-0.17384424127372727	-0.15704357284337941
BRMS1L	0.16492770806484136	0.0	0.0	0.15651389884005135	0.17331758145157516	-0.16492406949056806	0.0	0.0	-0.1733139534915858	-0.1565102501500297
HIRIP3	0.16456929514257318	0.0	0.0	0.15615449058227152	0.17296021298178335	-0.16456590740029886	0.0	0.0	-0.1729568351012017	-0.15615109344265163
SNHG17	0.16416323819384276	2.766938612368087e-309	1.152891088486703e-308	0.15574730867980266	0.17255533665576125	-0.16415848039523995	2.88487909419017e-309	1.202032955912572e-308	-0.17255059267379172	-0.1557425377169876
MCM7	0.16365258413764344	2.4236600578593785e-307	1.005668073800572e-306	0.1552352439505391	0.1720461633158738	-0.16364812505522808	2.5200258502394675e-307	1.0456538797674139e-306	-0.17204171714346914	-0.15523077256990614
GNA13	0.16325560290427807	7.763609578477758e-306	3.2081031316023796e-305	0.15483716918827897	0.17165033008925054	-0.1632507984900583	8.095821462333424e-306	3.345380769559266e-305	-0.17164553955203415	-0.15483235155650812
BEGAIN	0.16233906914779864	2.2446629157840945e-302	9.256341920759153e-302	0.15391812117868287	0.17073643644993997	-0.16233552619218988	2.3146740096078477e-302	9.545047462300403e-302	-0.17073290367194235	-0.1539145685322407
NDUFB3	0.16185425553738364	1.4910990684113563e-300	6.123610137212963e-300	0.15343198351027765	0.1702530135245046	-0.16184848453003006	1.5673423888156125e-300	6.423534380391855e-300	-0.17024725904690363	-0.153426196766475
FBLN1	0.16136293942978167	1.0336027442805475e-298	4.2187867113491736e-298	0.1529393297451306	0.16976310262980096	-0.16135988989523542	1.0611110896758334e-298	4.331065672146259e-298	-0.16976006180426123	-0.15293627192099396
NHSL2	0.1610397907988607	1.6666820684461894e-297	6.747700681968378e-297	0.1526153035920409	0.16944087597259624	-0.16103697431743572	1.7075193675658548e-297	6.913033876784838e-297	-0.16943806751896454	-0.15261247947031728
PLD3	0.15999059156462478	1.3320533882893487e-293	5.360375808005427e-293	0.15156326770491854	0.1683946578201828	-0.1599863051861829	1.381686784511738e-293	5.560107784755485e-293	-0.16839038358175948	-0.1515589697768293
UQCRH	0.15933295571115375	3.604214548855247e-291	1.447475722431826e-290	0.15090386357759247	0.16773888084875302	-0.15933030791507757	3.686226135910384e-291	1.4804121027752546e-290	-0.16773624052193536	-0.15090120867719237
INO80C	0.1592805696660781	5.6247358514894494e-291	2.2544031468895588e-290	0.15085133699767436	0.16768664255885446	-0.15927625247339008	5.834833578262418e-291	2.3386106526101875e-290	-0.16768233754073075	-0.15084700822547534
SPTB	0.15876008238625164	4.64391700025522e-289	1.8538590819382117e-288	0.15032945600425518	0.16716762075227934	-0.1587550289208792	4.846875471413777e-289	1.9348804277100908e-288	-0.16716258149249816	-0.15032438903020237
REEP2	0.15848005567535212	4.95860634177999e-288	1.971612859554668e-287	0.15004868140715297	0.16688838055084168	-0.15847726850646665	5.076758887565681e-288	2.0185920030082232e-287	-0.16688560120348242	-0.15004588680122327
ITGA7	0.15657676166575357	4.309545773055221e-281	1.7101372115298496e-280	0.14814034017664052	0.16499039657161346	-0.15657565144952948	4.349637579582279e-281	1.7260466585643964e-280	-0.16498928943461416	-0.14813922703464052
CTPS1	0.15652227240408098	6.788502417892947e-281	2.6885158090665134e-280	0.1480857073435052	0.1649360584128605	-0.1565201159852532	6.911659316839183e-281	2.7372908185501714e-280	-0.16493390797289756	-0.1480835452438794
DDX31	0.15414686435325073	2.3103360948316516e-272	9.095811396975005e-272	0.14570409047926272	0.16256718790453564	-0.15414483084211658	2.3491978493863245e-272	9.24881043065482e-272	-0.16256515994839874	-0.14570205169488107
RBM33	0.15389661162704635	1.7965664472492386e-271	7.059200185655162e-271	0.14545318934288207	0.1623176182661373	-0.1538932034876305	1.8474123789709125e-271	7.25898773662441e-271	-0.16231421942211477	-0.14544977238039983
OGN	0.15337867301270325	1.2392132381376632e-269	4.859659757402601e-269	0.14493391218832072	0.16180108999038018	-0.15337669216136562	1.2594052558857945e-269	4.938844140728606e-269	-0.16179911452401027	-0.14493192622667836
ELOC	0.1529542309535951	3.9357039792688927e-268	1.540392946876279e-267	0.1445083766859105	0.1613778002396007	-0.15295023069487765	4.065895382515798e-268	1.591348486307553e-267	-0.16137381082635416	-0.14450436613662745
OPA3	0.15261308094916143	6.294595850320814e-267	2.4492590857279433e-266	0.14416635007887466	0.16103757416906758	-0.15260986836554438	6.460881044979522e-267	2.5139614961009813e-266	-0.16103437027654935	-0.14416312924994965
NOSTRIN	0.15254794881350492	1.0678242553060299e-266	4.13885370273655e-266	0.14410105081225835	0.16097261820263975	-0.15254493741973277	1.0942327461301199e-266	4.2412121943027904e-266	-0.16096961495231235	-0.1440980316929412
FOXM1	0.152174562518805	2.1995893464410622e-265	8.509049696096953e-265	0.14372670781708466	0.16060024043372684	-0.15217399317409086	2.2097460296512856e-265	8.548340540237082e-265	-0.16059967262499564	-0.14372613701542605
CHCHD5	0.15216114643140263	2.4518023099597213e-265	9.466418185172669e-265	0.14371325739961321	0.16058686053887483	-0.15215733755386704	2.528534941313174e-265	9.762683171093336e-265	-0.16058306193597566	-0.1437094387762111
MTOR	0.1504836385904315	1.7761106625059927e-259	6.792010181667276e-259	0.1420314816215981	0.15891385370654976	-0.1504813333039397	1.8091542970828042e-259	6.918372072974394e-259	-0.15891155457217981	-0.14202917050354086
ZNF678	0.14984407763666213	2.9207518340892156e-257	1.1126673653673202e-256	0.14139030633667113	0.15827599604405687	-0.1498408710209402	2.996264257076636e-257	1.1414340026958613e-256	-0.1582727979505259	-0.14138709164492283
DUT	0.14964282153222133	1.4479764940423775e-256	5.505614045788507e-256	0.1411885437039584	0.1580752744730869	-0.1496393146254535	1.488907878383007e-256	5.661246685866946e-256	-0.15807177687443819	-0.1411850279771128
ALPL	0.14911156006883353	9.802182104840712e-255	3.6989366433361175e-254	0.14065594851735266	0.15754542068507968	-0.14910911099800628	9.994142470514148e-255	3.77137451717515e-254	-0.1575429780922733	-0.14065349330950513
TNFSF13B	0.14897209622882857	2.9561687719086523e-254	1.1134345656906411e-253	0.14051613536662777	0.15740632557555767	-0.14896886877399185	3.0326198033490778e-254	1.1422296811107637e-253	-0.15740310664987406	-0.1405128998320784
RPL26L1	0.14888912115221828	5.698104546308228e-254	2.1421445662812887e-253	0.14043295262494981	0.15732356971918204	-0.1488865421205671	5.815487513181528e-254	2.186273501196063e-253	-0.15732099749943687	-0.1404303671405651
CREM	0.1475685019974111	1.8584471552523262e-249	6.934504310643008e-249	0.13910904437312108	0.15600642369490875	-0.14756288451832256	1.9420390798125372e-249	7.246414476912452e-249	-0.1560008209252802	-0.139103412967884
TEX10	0.14755396497999698	2.0825528184554165e-249	7.756248858306951e-249	0.1390944713184835	0.15599192474179466	-0.14755185572000262	2.1172394404367235e-249	7.885435532352787e-249	-0.15598982100446784	-0.13909235682994417
HDGFL3	0.1472694733016037	1.9285076997768254e-248	7.16917360511831e-248	0.13880927512355343	0.1557081772557543	-0.1472644505862115	2.0057161824772144e-248	7.456193986904142e-248	-0.1557031676666065	-0.13880423998249136
LUC7L	0.14697670678648142	1.8962833290155316e-247	7.036301777423122e-247	0.1385157850651516	0.15541617512489245	-0.14697247101279154	1.9599731301272726e-247	7.272627570045538e-247	-0.15541195039956324	-0.138511538834075
SCN1B	0.14694150217807253	2.495345342130674e-247	9.242019785669162e-247	0.13848049355215403	0.15538106233288124	-0.14693961039844652	2.532425585049539e-247	9.379354018701996e-247	-0.15537917548656205	-0.1384785971031702
INVS	0.14683729414639007	5.621795111188465e-247	2.078297638147307e-246	0.13837602840293078	0.1552771259589831	-0.14683548770183064	5.701478605125175e-247	2.1077554917283455e-246	-0.1552753242219594	-0.1383742175029031
AATF	0.14630283396463759	3.5881239353838774e-245	1.3191632115381902e-244	0.13784025248070472	0.15474405611383915	-0.1463003126868385	3.659029221735067e-245	1.3452313315202451e-244	-0.1547415413832059	-0.13783772500773048
SPAST	0.14609477451869665	1.8015679351097844e-244	6.599149945457085e-244	0.1376316821707804	0.1545365365814557	-0.14609112136539798	1.8533000494882017e-244	6.788644869920152e-244	-0.15453289290142339	-0.13762802005432473
PUM3	0.14587877439152808	9.595443904721895e-244	3.5019868265408374e-243	0.13741515247632036	0.15432109618583123	-0.14587514796032494	9.868500572108655e-244	3.595082175631568e-243	-0.15431747914512176	-0.13741151716110397
ADNP	0.14472385343990105	7.028193896318481e-240	2.5464470638835075e-239	0.136257413731476	0.15316915441439427	-0.1447193127498482	7.277371139299112e-240	2.6367286736590984e-239	-0.15316462539199707	-0.1362528620086188
TMEM175	0.14416563707678662	5.04912082108178e-238	1.8162305111804963e-237	0.1356978437136356	0.15261236977237103	-0.14416357202362406	5.129430329783853e-238	1.8451188236632562e-237	-0.15261031000573072	-0.13569577366282246
TIMM17B	0.1432835931818008	4.178974081248666e-235	1.4978401724905612e-234	0.13481367190586582	0.15173257722560374	-0.1432800435415911	4.293129248485749e-235	1.538756003041487e-234	-0.15172903661852646	-0.13481011372947116
RWDD1	0.1432168215095746	6.937225240178058e-235	2.482012608292686e-234	0.13474673969752374	0.15166597543775878	-0.14321419447369785	7.07691107154165e-235	2.531989649925456e-234	-0.15166335508417123	-0.1347441063471636
HSPA13	0.14075701010234512	7.495137086733026e-227	2.6673085717911123e-226	0.13228106814808244	0.14921236895097975	-0.1407527619725297	7.736188016321738e-227	2.7530918207550665e-226	-0.1492081314470826	-0.13227680998844896
LCT	0.1407290084006565	9.233965704259958e-227	3.2744559234964394e-226	0.1322530003402497	0.14918443728469333	-0.14072695911436361	9.3760226864841e-227	3.3248307398879792e-226	-0.14918239312336584	-0.1322509462165555
TDP1	0.14004501196565836	1.488659441061112e-224	5.251003319439549e-224	0.13156739335431242	0.1485021474110871	-0.14004358679733891	1.5044677486807906e-224	5.306764545611255e-224	-0.14850072579013684	-0.13156596483873154
MRPL11	0.1392996025585419	3.677240268663731e-222	1.2812683862939831e-221	0.1308202380272874	0.14775858862144917	-0.13929734058665247	3.739059708623024e-222	1.3028082608442592e-221	-0.14775633225077278	-0.13081797077199908
AGPAT3	0.13927221986180618	4.499492674860351e-222	1.5650409303862092e-221	0.13079279137740357	0.14773127372525977	-0.13927125788238337	4.531501710352635e-222	1.5761745079487427e-221	-0.14773031412749812	-0.13079182715148394
OSBPL8	0.13916686720138702	9.776610645457528e-222	3.3946564741171975e-221	0.130687192783742	0.14762618180150092	-0.13916406600719664	9.980348940051357e-222	3.4653989375178322e-221	-0.14762338753736207	-0.13068438505312313
AC009404.1	0.13910057048630564	1.5927043308081863e-221	5.492083899338574e-221	0.13062074140550492	0.14756004906583403	-0.13909863510635662	1.6155517240384857e-221	5.570868013925813e-221	-0.14755811847175015	-0.13061880151166577
CWC27	0.13884972502157278	1.0071954870610245e-220	3.4611528764983662e-220	0.13036931143460895	0.14730982336194406	-0.1388465098410661	1.0312651873928358e-220	3.543866623343079e-220	-0.14730661611811574	-0.1303660887693472
EIF4E	0.1384699361012242	1.6328034829936354e-219	5.5822341298927713e-219	0.12998863962709586	0.14693097072047231	-0.13846648679885656	1.6745794134911233e-219	5.725057823901276e-219	-0.14692752991016064	-0.12998518231766612
GBP1	0.1381759250933715	1.4031965041980632e-218	4.780908021117763e-218	0.12969394685516084	0.14663768282181158	-0.13816514658118126	1.5181906217892562e-218	5.172710806777704e-218	-0.14662693079070344	-0.12968314337781325
LARS2	0.13801910183698815	4.411161945799354e-218	1.4978478593546195e-217	0.12953676056372884	0.1464812446580204	-0.13801645690580394	4.4971512019735236e-218	1.5270462485478858e-217	-0.14647860621805586	-0.12953410951336652
POLR2F	0.13762591021864648	7.746896800933714e-217	2.62606671218092e-216	0.12914266060819013	0.1460890166935109	-0.13762305393986024	7.909611555021501e-217	2.681224255939492e-216	-0.14608616740530206	-0.12913979774073522
MDGA1	0.13733008514717215	6.653508190658235e-216	2.2478068211683227e-215	0.12884615389880677	0.1457939148910082	-0.13732915145190666	6.698769646147409e-216	2.2630978534281788e-215	-0.14579298347616962	-0.1288452180545291
DCC	0.13549176597406776	3.796750509366217e-210	1.2592870677831566e-209	0.12700363288637145	0.14396005650162488	-0.13548225766540245	4.0641922146042504e-210	1.347990784280017e-209	-0.14395057111419926	-0.12699410299687056
PRKCQ	0.13493045620266284	2.0933967710399817e-208	6.908900234455385e-208	0.1264410518046404	0.14340009718818947	-0.13492901935029417	2.1149475740309896e-208	6.980024996801946e-208	-0.14339866378579244	-0.12643961170495277
ORC1	0.13461235707664013	2.0154839085222935e-207	6.618994773472228e-207	0.1261222346403357	0.14308276097100847	-0.13460975706125872	2.0530913992720978e-207	6.742500490220355e-207	-0.14308016718416375	-0.1261196287632219
ABCE1	0.13377657026978032	7.532874194823708e-205	2.461723593079643e-204	0.12528456958774717	0.1422489703626668	-0.13377425854445985	7.6569010059218424e-205	2.5022552306934126e-204	-0.14224666414201168	-0.12528225268412638
SHMT2	0.13324654513903547	3.1601638857278684e-203	1.0276955725944288e-202	0.12475335961646002	0.1417202049171408	-0.13324244968790105	3.252536557349164e-203	1.0577354658046063e-202	-0.14171611918064195	-0.12474925502913796
RNF138	0.13291548892726038	3.2349491897554404e-202	1.0469091228982008e-201	0.1244215658180472	0.14138993305735106	-0.1329115768216005	3.324978427926408e-202	1.0760447986816855e-201	-0.14138603020913465	-0.12441764500765008
C11orf58	0.1323290497922139	1.962593499721593e-200	6.310590031259142e-200	0.12383382477103563	0.14080487870726183	-0.13232491127839976	2.0201493445383707e-200	6.495657056393475e-200	-0.1408007499448701	-0.12382967709078051
FAM20A	0.1323117558179054	2.2145447906228052e-200	7.109293067809969e-200	0.12381649249407978	0.14078762548012805	-0.13230709277355907	2.287845310175314e-200	7.344607737320431e-200	-0.14078297342172633	-0.12381181912292274
CALM3	0.132214118503547	4.3781679230325824e-200	1.4032589496899303e-199	0.12371863903010635	0.14069021811721957	-0.13221292199158374	4.4148756378642684e-200	1.4150242429052143e-199	-0.14068902442221506	-0.1237174398703281
PANK1	0.13198684904788907	2.1351226451726656e-199	6.83239246455253e-199	0.12349086708491952	0.14046348328185915	-0.13198448807260793	2.1705257150662553e-199	6.945682288212017e-199	-0.1404611278557832	-0.12348850089425381
SLITRK6	0.1310702963067613	1.236018630265515e-196	3.9426431587416745e-196	0.12257229694358437	0.13954907758261553	-0.1310556994091292	1.3672854279552226e-196	4.361357026970407e-196	-0.13953451476150577	-0.12255766803488513
STK40	0.13077799193951037	9.307598268970405e-196	2.9642032703727404e-195	0.1222793522548638	0.13925745490254524	-0.1307734056665356	9.606796365490567e-196	3.059489288372792e-195	-0.1392528793135637	-0.12227475594700604
PGAM1	0.1306742255362147	1.9037484901878794e-195	6.0532543408199665e-195	0.12217535889719457	0.13915393014062397	-0.13067165386703247	1.9377968316744814e-195	6.1615161579474765e-195	-0.13915136445774776	-0.12217278160571407
LMNB2	0.13009296140462434	1.0367815065418753e-193	3.2654535639114185e-193	0.12159282689473531	0.1385740161747485	-0.1300924868478062	1.0401627902881313e-193	3.276103276498051e-193	-0.13857354271785918	-0.12159235130519172
INO80E	0.1295398259622542	4.573541335419606e-192	1.433712017372917e-191	0.12103849037390739	0.1380221601597825	-0.12953491260297068	4.7296401610583434e-192	1.4826458185135872e-191	-0.13801725814172228	-0.12103356636951317
SNHG16	0.12922505647692148	3.916085066239289e-191	1.2237765831997778e-190	0.12072303976526425	0.13770811639917485	-0.1292217135859348	4.0063025184248034e-191	1.251969537007751e-190	-0.1377047812063217	-0.12071968964987811
THOC1	0.1288654634396031	4.522299626852771e-190	1.4066250783367873e-189	0.12036267071310919	0.13734935034342519	-0.12886283844061153	4.603670116622474e-190	1.431934717456446e-189	-0.13734673137314563	-0.12036004005751336
WIZ	0.12857443136833904	3.2585609319001607e-189	1.0088423937771395e-188	0.1200710122248082	0.13705898594939936	-0.12857203655583377	3.3118825853975156e-189	1.0253506456339058e-188	-0.13705659662495423	-0.1200686122638006
C5orf38	0.12854679046831394	3.9298681995227684e-189	1.2147969704861726e-188	0.12004331190687176	0.1370314083864987	-0.12854754659049672	3.909784532925186e-189	1.208588727333906e-188	-0.1370321627762571	-0.12004406965426685
GSTA4	0.12773572947996875	9.405060965020993e-187	2.880569973972739e-186	0.11923051332570882	0.13622220003065252	-0.1277341239942744	9.507256814162923e-187	2.9118703871861937e-186	-0.136220598200992	-0.11922890441177511
UGGT1	0.12741913999232224	7.901633274054527e-186	2.4164016128607114e-185	0.11891324867955798	0.13590633062652577	-0.12741675311043996	8.029284393995048e-186	2.4554386525978736e-185	-0.13590394916705834	-0.11891085671401015
LAMTOR5-AS1	0.12697095935755998	1.5929332539623528e-184	4.856503823055953e-184	0.1184641152249715	0.1354591664293275	-0.12696970709977268	1.6063334816011164e-184	4.89735817561316e-184	-0.13545791700671544	-0.1184628603097947
SSBP1	0.12633961427449866	1.0756734608727495e-182	3.2695241971816094e-182	0.1178314338248227	0.13482924731938262	-0.1263362065569619	1.1003463938347779e-182	3.344517914391422e-182	-0.13482584727998975	-0.11782801891318757
SNRPB2	0.12597396019575996	1.2215622003100476e-181	3.7017036373031743e-181	0.11746500895435037	0.13446441597879505	-0.12596792928369704	1.2714328151730198e-181	3.8528267126455146e-181	-0.1344583986172604	-0.11745896534866343
SHB	0.12585376939614745	2.710673811527879e-181	8.201736192217485e-181	0.11734456530080278	0.1343444951112425	-0.12585100755471304	2.760753313763564e-181	8.35326267401986e-181	-0.13434173946960226	-0.11734179765202825
MYRFL	0.12540330189189636	5.33839584539884e-180	1.607950555843024e-179	0.1168931523432914	0.13389503708244782	-0.12539838399903747	5.514609592542285e-180	1.6610269857055075e-179	-0.13389013019106613	-0.11688822414803123
PSMA3	0.12500626683943047	7.314994614692516e-179	2.1934016835659718e-178	0.11649528689843897	0.13349888886942346	-0.125002041818151	7.521268036286385e-179	2.2552527844936686e-178	-0.13349467327079137	-0.11649105305528451
HNRNPH3	0.12482846035888653	2.355590765889906e-178	7.042124860657417e-178	0.116317109424087	0.13332147866741673	-0.12482362276397009	2.4316856376070117e-178	7.269613266388675e-178	-0.1333166518464758	-0.11631226174316808
RRM1	0.12480871781515174	2.68192121734416e-178	8.005734977146747e-178	0.1162973257212607	0.13330178009045307	-0.12480672293690664	2.717308701294942e-178	8.111369257596841e-178	-0.13329978965444128	-0.11629532668448565
MND1	0.12444738179550943	2.8713087672122154e-177	8.558297368739837e-177	0.11593523758430023	0.13294124758310058	-0.12444818230622079	2.8562897162944695e-177	8.513531196108701e-177	-0.13294204631617995	-0.11593603975876608
TRRAP	0.12412238326274959	2.4072376076316165e-176	7.132555874464049e-176	0.11560956450291485	0.1326169698378652	-0.12412060535890085	2.4353631451488497e-176	7.215890800441036e-176	-0.13261519587208193	-0.11560778291398272
SUN1	0.12341485274074424	2.41654018376566e-174	7.107471128722528e-174	0.11490057179984758	0.13191100220078372	-0.12340994463275276	2.4948132237952828e-174	7.337685952339066e-174	-0.1319061049043544	-0.11489565357906573
ACAA2	0.12285109761299653	9.324092174316086e-173	2.73033445807206e-172	0.11433565782624824	0.13134848619858552	-0.12284678597148613	9.587613061926906e-173	2.807500164546678e-172	-0.13134418401291512	-0.11433133734301781
CFAP65	0.12255658166551606	6.242785228503091e-172	1.8200540024790352e-171	0.11404053866654361	0.1310546154168132	-0.12255162821044338	6.445393428621171e-172	1.8791234485776008e-171	-0.1310496727999934	-0.11403557507891393
CENPQ	0.12186664375287512	5.269761389542675e-170	1.525256552689631e-169	0.11334919354340006	0.13036618303281108	-0.12186505947297155	5.3235521987916505e-170	1.540825527870232e-169	-0.1303646022005679	-0.11334760604166046
GCNA	0.12157863605516021	3.3313032139091935e-169	9.60029744642419e-169	0.11306060085981758	0.13007880137826683	-0.1215743608170652	3.4236307715301944e-169	9.866371099510648e-169	-0.13007453542251177	-0.11305631694891266
ZNF326	0.12119336733539907	3.8976644957296434e-168	1.1216300707135666e-167	0.11267455185000112	0.12969436788514238	-0.12118985469022586	3.9859090453187025e-168	1.1470241857032238e-167	-0.12969086284329925	-0.11267103210245025
EIF1	0.12075091823249016	6.5042152447070926e-167	1.8663458377925662e-166	0.11223120982151057	0.12925287481777267	-0.12074570785615728	6.722989338905623e-167	1.929121761522417e-166	-0.12924767567984058	-0.11222598895009965
WDR89	0.11996339955685766	9.494491944959342e-165	2.7088422096888282e-164	0.1114421102118692	0.1284670494583583	-0.1199616268042858	9.601234865846791e-165	2.739296680698086e-164	-0.1284652805054983	-0.11144033391263998
CDC20	0.11989449999939102	1.465969376454216e-164	4.176550930068991e-164	0.11137307285057238	0.1283982975401512	-0.1198972333254425	1.4409302061570309e-164	4.1052142625556435e-164	-0.12840102501073752	-0.11137581164189626
NDUFA8	0.11956542086304313	1.1631188336923617e-163	3.299627896999608e-163	0.1110433366679899	0.12806992243319013	-0.11956259923431391	1.1839288511266185e-163	3.3586634074514e-163	-0.12806710683296912	-0.11104050941365104
EP400	0.11873989295665638	2.0456849358091813e-161	5.778771005110682e-161	0.11021616875256487	0.1272461524487073	-0.11873766437205222	2.0743311942555654e-161	5.8596926391400156e-161	-0.12724392859388445	-0.11021393575659372
RCBTB1	0.11777778944189815	8.075745719028869e-159	2.26528631669814e-158	0.10925216880403495	0.12628608287948873	-0.11777547592712959	8.19218155573986e-159	2.297947140459989e-158	-0.12628377423642156	-0.1092498507483495
ZHX1	0.11767103603214311	1.562864665921995e-158	4.377772173450967e-158	0.1091452059575713	0.1261795541705488	-0.11766852734852981	1.5872905830164021e-158	4.446192109289642e-158	-0.12617705076499935	-0.10914269235461198
MAP3K9	0.11683347350309047	2.7181539655904496e-156	7.592608842431424e-156	0.10830600708793585	0.12534374778228816	-0.11683084327308717	2.7623801836996887e-156	7.71614576452427e-156	-0.12534112304813452	-0.10830337173841188
NUBP2	0.11564434750166247	3.859995130256001e-153	1.0752075571743735e-152	0.10711457877459575	0.12415709430451624	-0.11564282948591927	3.8957370880384587e-153	1.0851635342725512e-152	-0.12415557942958774	-0.10711305783542083
HBS1L	0.11563838823425765	4.002216194356188e-153	1.1132729330615265e-152	0.1071086080309177	0.12415114736676527	-0.1156360789488176	4.058724711563672e-153	1.1289915748438588e-152	-0.12414884285904514	-0.10710629429845371
NCALD	0.11524043739025482	4.464267943843325e-152	1.2383544920508531e-151	0.10670989221108491	0.12375401849436576	-0.115240063614135	4.474374371045406e-152	1.2411579392636354e-151	-0.12375364548900246	-0.10670951771774966
LCMT1	0.11516613949558607	6.996762658912802e-152	1.938161401360887e-151	0.10663545179844457	0.12367987376065837	-0.11516392960575643	7.090870111747677e-152	1.964229947852542e-151	-0.12367766842493742	-0.10663323767107619
SLITRK5	0.11436037102637485	8.973001146595815e-150	2.4685010031900454e-149	0.10582814384926047	0.1228757602322327	-0.11435907454283474	9.043098299764012e-150	2.487784951792025e-149	-0.122874466402487	-0.10582684489775637
ZNF251	0.11424658458840277	1.7757953046410414e-149	4.87855852923363e-149	0.10571414092023208	0.12276220659545904	-0.11424483886632657	1.7944806238426166e-149	4.929891823743452e-149	-0.12276046444330375	-0.105712391878477
TRIM4	0.11413263204845825	3.5154063404131634e-149	9.644461839267939e-149	0.10559997179798841	0.12264848697309172	-0.1141304246811855	3.562194249850476e-149	9.772823730728328e-149	-0.12264628411544243	-0.1055977602375349
KNSTRN	0.1133855958140863	3.0388647868947235e-147	8.280285522873906e-147	0.10485152129074568	0.12190297213321608	-0.11338700095611483	3.013566513845613e-147	8.211352898761888e-147	-0.12190437442259061	-0.10485292908388384
LATS1	0.11310233891198992	1.6354627252597053e-146	4.42615081261084e-146	0.10456773066056854	0.1216202895917912	-0.11309871763553675	1.67098653588177e-146	4.522291030803166e-146	-0.12161667564926312	-0.10456410256970716
EGLN1	0.1127179173366471	1.5944233622927127e-145	4.309252330520845e-145	0.10418258696029531	0.1212366452988113	-0.1127147465125955	1.6246000864176057e-145	4.390811044371907e-145	-0.12123348087543424	-0.1041794101905862
KLC1	0.11265613529568674	2.2973134079561614e-145	6.200575999881677e-145	0.10412068910231084	0.12117498794085466	-0.11265181164766307	2.356770213897315e-145	6.361053208899636e-145	-0.12117067301597055	-0.10411635735162345
STRN3	0.11158223242454564	1.2705462842952378e-142	3.4017303461719884e-142	0.10304478364916207	0.1201032418225509	-0.11157997227123222	1.2874619875437703e-142	3.4470200469712724e-142	-0.12010098618742956	-0.10304251930224884
BOLA3	0.11153533984554263	1.6716222099569596e-142	4.4576592265518925e-142	0.10299780408148469	0.1200564429668117	-0.11153190450640162	1.705551476257989e-142	4.548137270021304e-142	-0.12005301449232582	-0.10299436237107162
CENPM	0.11150094858899677	2.044037298502464e-142	5.443508118515217e-142	0.10296334905121325	0.12002212042331323	-0.11149996457307951	2.0558324617681926e-142	5.474920004708902e-142	-0.12002113837314045	-0.102962363210879
PLCD4	0.11144039097998872	2.9122737661072553e-142	7.745408952412913e-142	0.10290267919647667	0.11996168375769153	-0.11143763922638461	2.9594860238374287e-142	7.870973467652736e-142	-0.1199589374982864	-0.10289992234390614
DDT	0.11101967579734888	3.38817911531174e-141	8.987212507458196e-141	0.10248118595664234	0.11954180706804676	-0.1110186279208679	3.408910535554179e-141	9.04220301208005e-141	-0.11954076127619682	-0.10248013614607991
LAMTOR5	0.11093523075999143	5.538316819477931e-141	1.4651631797560666e-140	0.10239658511879966	0.11945752996383867	-0.11093174480618942	5.651763536427333e-141	1.4951755387373897e-140	-0.11945405093980213	-0.10239309273609283
SHCBP1	0.11045761345165886	8.856763363805502e-140	2.3307272010014478e-139	0.10191808893501456	0.11898086016606994	-0.11045775784248588	8.849360624194656e-140	2.3287791116301726e-139	-0.11898100427104409	-0.10191823359094161
PTRHD1	0.11008424672237922	7.667786009906523e-139	2.0099045897526927e-138	0.10154403791617216	0.11860823139603903	-0.11008266290561934	7.738190923548194e-139	2.028359350864533e-138	-0.11860665070457863	-0.1015424512018082
ZNF684	0.11000588223605119	1.2050394051833528e-138	3.150429817472818e-138	0.10146553011356717	0.11853002149225454	-0.1100041469663573	1.2171583854877796e-138	3.182113426111842e-138	-0.11852828964437347	-0.1014637916715427
CDC123	0.1099481146415188	1.6812710081325306e-138	4.3897415355940744e-138	0.10140765693933054	0.11847236778291641	-0.10994473760381557	1.7143149513451858e-138	4.476018149726334e-138	-0.1184689974010533	-0.10140427373132828
SCRN3	0.10980499740218069	3.8338291745357913e-138	9.970947137934437e-138	0.10126427837888427	0.11832953244266824	-0.10980368020156524	3.863006054958256e-138	1.0046829791829014e-137	-0.11832821783491428	-0.10126295877480916
ELP1	0.10862021713261337	3.3793073726273044e-135	8.732060394385799e-135	0.10007734841687649	0.11714707229515932	-0.10861850483391547	3.4124039794134803e-135	8.817581342153696e-135	-0.11714536333211215	-0.10007563302893965
GMCL1	0.10857121998020508	4.4660118190061024e-135	1.152519179098349e-134	0.10002826288645703	0.1170981705719091	-0.1085696931017172	4.504976311765989e-135	1.1625745320686423e-134	-0.11709664666657721	-0.10002673325454894
RBM4B	0.10845089110714728	8.852454248703003e-135	2.2815603733770626e-134	0.09990771714812889	0.11697807588155766	-0.10844671016952732	9.065299041201358e-135	2.336417278660144e-134	-0.11697390307634864	-0.09990352867983353
TNFAIP8L1	0.10824786869283844	2.80314320486328e-134	7.215297824615907e-134	0.09970432940089168	0.11677544802185007	-0.10824562202899495	2.8390913661721496e-134	7.3078284843555975e-134	-0.11677320572021083	-0.09970207869823587
MOB4	0.10823718445708036	2.978256663311465e-134	7.656186795145153e-134	0.09969362595893637	0.1167647845302165	-0.10823366345704202	3.038325338460734e-134	7.810604983189548e-134	-0.11676127036599336	-0.09969009862991068
PTP4A2	0.10816554546819808	4.470441743698225e-134	1.1477385734783632e-133	0.09962185824144089	0.11669328458220656	-0.10816081250744275	4.591976189249281e-134	1.1789412552629733e-133	-0.11668856080432773	-0.09961711677912484
LYSMD2	0.1077304214278917	5.237524850355619e-133	1.3412355570693006e-132	0.09918595423326851	0.11625900315548131	-0.10772793693903687	5.311484501129005e-133	1.3601752883813072e-132	-0.11625652346845233	-0.09918346530033732
TMEM41B	0.10738536132859143	3.6604401780382215e-132	9.349783341093796e-132	0.09884027793881146	0.11591460894334248	-0.107382939903637	3.7106416881486276e-132	9.478011974836852e-132	-0.11591219218393879	-0.09883785219705546
FBXL20	0.10687060998795173	6.576928195815154e-131	1.6756504957490837e-130	0.09832461120776917	0.1154008471435552	-0.1068671031952595	6.707307090551238e-131	1.708868048548086e-130	-0.11539734707655254	-0.09832109819463145
CCDC34	0.1067532883269505	1.2678813373439662e-130	3.2261611637251047e-130	0.09820708155401042	0.11528375037916616	-0.1067506208045831	1.2869335623851996e-130	3.2746401078503806e-130	-0.11528108796747769	-0.09820440930531944
PNPLA8	0.1065261725769523	4.508020926416141e-130	1.1456215823166813e-129	0.09797956384114215	0.11505706931890132	-0.10652123782806781	4.633856766256228e-130	1.1776001947283935e-129	-0.11505214400505097	-0.09797462036836427
PRKACA	0.10630816063481134	1.5194161638797658e-129	3.8514985142706354e-129	0.09776116688898084	0.11483947380643249	-0.10630611062166327	1.5368570117047272e-129	3.895708521431501e-129	-0.11483742770517685	-0.09775911325940757
OCIAD1	0.10629106997603377	1.671079811812208e-129	4.230581802056222e-129	0.09774404608282311	0.11482241575831409	-0.10628849151906444	1.6952376556909656e-129	4.291740900483457e-129	-0.11481984222085768	-0.09774146307797667
GBF1	0.10600122235781619	8.370067260144748e-129	2.1136533485214008e-128	0.09745368795303044	0.11453312043167783	-0.10599952688728217	8.449213282026064e-129	2.1336397176833495e-128	-0.11453142818752943	-0.09745198950052746
SDHAF2	0.10557249227589977	8.997974187551481e-128	2.266492238677955e-127	0.09702420541232941	0.11410520462233556	-0.10556861411603283	9.192952709854841e-128	2.315605216588121e-127	-0.11410133381367736	-0.09702032046048155
MCRIP1	0.10556707647956766	9.271421522920749e-128	2.3324330875272324e-127	0.09701878013116248	0.11409979909179253	-0.10556466774305984	9.395690612531177e-128	2.3636957515801703e-127	-0.11409739492094788	-0.0970163671763306
ATAD3A	0.10518177422391412	7.769194494325569e-127	1.9496096598056633e-126	0.09663280438862464	0.11371522589045858	-0.10518097328450257	7.803537653120978e-127	1.9582277674080245e-126	-0.11371442646389084	-0.09663200205189358
MRPS11	0.10482984738292733	5.3778267886442925e-126	1.344456697161073e-125	0.09628026464588253	0.1133639627175484	-0.10482829063772096	5.423968316179303e-126	1.3559920790448258e-125	-0.11336240890333238	-0.09627870519427605
MRTO4	0.1045352470205424	2.702389547585074e-125	6.739126053828114e-125	0.09598515286862376	0.11306991627580885	-0.10453342814022643	2.7294211459179493e-125	6.806536523486158e-125	-0.11306810081078862	-0.09598333083547049
G3BP1	0.1043484594030178	7.503241907943353e-125	1.8688024677318436e-124	0.09579804177363839	0.11288347909019757	-0.10434593939324756	7.607234350429887e-125	1.8947034496712046e-124	-0.11288096380410434	-0.09579551740386433
RPS19BP1	0.10412815843894396	2.4961863421068537e-124	6.201705197781002e-124	0.09557736007053104	0.1126635906599526	-0.10412553711083036	2.5321050734878848e-124	6.290944281957477e-124	-0.11266097423548418	-0.09557473421712098
FAM207A	0.10405473737729934	3.72396077838735e-124	9.240597464981018e-124	0.09550381230438401	0.11259030690026342	-0.10405387499143576	3.7414928468849407e-124	9.284101357034593e-124	-0.11258944612656335	-0.09550294843083502
ADIRF	0.1037684004831759	1.76738643246232e-123	4.374718892233465e-123	0.09521698216377879	0.11230450458672518	-0.10376378907167093	1.8122078693171682e-123	4.485663042864278e-123	-0.11229990177300227	-0.09521236282023347
DISC1FP1	0.10356239212378138	5.404309741346809e-123	1.3327520940436026e-122	0.0950106198108479	0.1120988799638728	-0.10354740842293828	5.8614775003545516e-123	1.445493834859322e-122	-0.11208392414499634	-0.09499561039150343
KRT8	0.10340805347306545	1.2466764905829255e-122	3.066854835382351e-122	0.0948560164345994	0.1119448283243214	-0.1034012075710166	1.2937276960800057e-122	3.182601958376398e-122	-0.11193799514354144	-0.09484915879984243
DOCK7	0.10323400980956851	3.1948376430132696e-122	7.840092375492687e-122	0.09468167474193984	0.11177110782355665	-0.10323276373034312	3.216416877505737e-122	7.893047552161318e-122	-0.11176986405615881	-0.09468042653084273
TM9SF2	0.10236701940955538	3.387133224029514e-120	8.23118644964645e-120	0.09381320753904336	0.11090571946973805	-0.10236231103017047	3.4736317587531867e-120	8.441389450190004e-120	-0.11090101975526144	-0.09380849117509965
PSMC5	0.10214592696030392	1.1054203076947266e-119	2.676562488364956e-119	0.09359174057129195	0.11068503348850467	-0.10214354108167568	1.1196046157044714e-119	2.710907059817122e-119	-0.11068265199160901	-0.09358935065573293
FIBP	0.1014195765332529	5.286298201828704e-118	1.2739051843432233e-117	0.09286416570528977	0.10996001249489948	-0.10141823780629536	5.323975139062895e-118	1.282885575677806e-117	-0.10995867620981233	-0.09286282473002012
POC1A	0.10129829584569057	1.005558115227169e-117	2.4172070077576177e-117	0.09274268146000207	0.10983895290095139	-0.10129944433474576	9.994574740838824e-118	2.4025420050093327e-117	-0.10984009929750967	-0.0927438318754887
PTGES2	0.10099603059640878	4.9762353662672385e-117	1.1933418144525752e-116	0.09243990999670694	0.10953723757580197	-0.10099389923315345	5.0325772971389386e-117	1.2068530688582587e-116	-0.10953511008463895	-0.09243777506960187
EEF1AKMT1	0.10086634870333373	9.867579424841814e-117	2.360664934172683e-116	0.09231001140593025	0.10940779113606364	-0.10086371702695127	1.0005527370617789e-116	2.393666835076026e-116	-0.10940516423481218	-0.0923073753350466
MTIF3	0.10024769092079593	2.55369410322117e-115	6.080224055288501e-115	0.09169032385845309	0.10879025261457831	-0.10024331237926255	2.612987682198747e-115	6.21400162235136e-115	-0.10878588197110088	-0.09168593805239386
SLC15A1	0.10001866347830375	8.472093062363448e-115	2.007604991081386e-114	0.09146091687743874	0.10856163785083861	-0.10001933008711876	8.442607100020569e-115	2.000617796213405e-114	-0.10856230325981932	-0.09146158458962306
DHTKD1	0.09999052676167454	9.815020237184797e-115	2.3230817129431474e-114	0.09143273359600092	0.10853355177072001	-0.09998996788076987	9.843743105939477e-115	2.3298800250744324e-114	-0.10853299389547255	-0.09143217379031615
YEATS4	0.09956498641817321	9.03818183961036e-114	2.1341633623637213e-113	0.09100649067686338	0.10810877559199643	-0.09956261760671399	9.150325818803396e-114	2.1606436408036356e-113	-0.108106411025603	-0.09100411796322548
HVCN1	0.09950492575657505	1.2354576914066577e-113	2.9138153099213624e-113	0.09094633110643742	0.10804882253320379	-0.09950357401365127	1.244176720118768e-113	2.9343790568838867e-113	-0.10804747321130534	-0.09094497713816123
MCM4	0.0994355634568902	1.7721221071250653e-113	4.17461038192006e-113	0.09087685465757032	0.1079795844235213	-0.09943200353348378	1.8052247587291677e-113	4.252590715498628e-113	-0.10797603087175761	-0.09087328887786383
AL445250.1	0.09891423903640004	2.644919438597931e-112	6.216026882721342e-112	0.09035467496239619	0.10745919075782197	-0.09890456890132998	2.7805330566257317e-112	6.534742788779628e-112	-0.10744953784324938	-0.09034498900714964
KCTD13	0.09866257498662906	9.70178812782747e-112	2.266772927062493e-111	0.09010259972181876	0.10720797434472883	-0.0986597761469596	9.842849369354405e-112	2.2997311610641132e-111	-0.10720518047724092	-0.09009979631532587
SAP30	0.09843986277891746	3.055843728685464e-111	7.123178854744671e-111	0.08987952454209693	0.1069856573667718	-0.09843764970853694	3.090841403290217e-111	7.204758515828013e-111	-0.1069834482194645	-0.08987730786920729
RBM4	0.09820902864378503	1.0008459589827266e-110	2.3248454331770652e-110	0.08964831510445406	0.10675523197289016	-0.09820616556082282	1.0156639945714085e-110	2.3592659571925868e-110	-0.10675237395386554	-0.08964544737233121
ARID3A	0.09817748513837843	1.1767339733010126e-110	2.730241237357338e-110	0.08961672038558297	0.10672374425071894	-0.09817532215088558	1.1898680008772955e-110	2.760714619204862e-110	-0.10672158508774175	-0.089614553886934
TTC7A	0.09798155451337509	3.2128784844705303e-110	7.428620773342266e-110	0.08942047203704716	0.10652815973606784	-0.09797777527192204	3.2756657051197556e-110	7.573793537849146e-110	-0.10652438716412208	-0.08941668667366398
PPP1R8	0.09794464711340914	3.8811866406348503e-110	8.963479539572403e-110	0.08938350486198628	0.10649131745879158	-0.09794261650136392	3.921742197593226e-110	9.057141333933548e-110	-0.10648929042905723	-0.0893814709618535
EID2B	0.09791962788838025	4.411449345421802e-110	1.0176353737997236e-109	0.08935844512932312	0.1064663423665557	-0.0979177110836123	4.4549381699774234e-110	1.0276673979186674e-109	-0.10646442894250077	-0.08935652522157965
DGCR6L	0.09772071630798351	1.2196564428821487e-109	2.8070343909830813e-109	0.08915921188473139	0.10626778127358313	-0.09771993975368305	1.2245032716392778e-109	2.818189347846439e-109	-0.10626700608625593	-0.08915843407599086
MAP1S	0.09767936600640163	1.5063817913712565e-109	3.458970818303689e-109	0.08911779480070404	0.10622650374673578	-0.09767654863219156	1.5282041099328064e-109	3.5090794717171217e-109	-0.10622369132991	-0.0891149728773956
EMC8	0.09742016946797682	5.647036286624483e-109	1.2937081985394004e-108	0.08885818032362418	0.1059677627118987	-0.09741801661936168	5.709271093235862e-109	1.3079658861937828e-108	-0.10596561364178306	-0.08885602400854295
DCAF17	0.09725510557563677	1.307602518481881e-108	2.9922254427502995e-108	0.08869285088211326	0.10580298829422509	-0.09725344350187322	1.3186949700340205e-108	3.0176086270801386e-108	-0.1058013291328745	-0.08869118613686121
PLIN2	0.09721400174211874	1.6113249106657097e-108	3.683028367235908e-108	0.08865168099551675	0.10576195647202677	-0.097213373279178	1.6164776362958354e-108	3.6948060258190525e-108	-0.10576132910988749	-0.08865105152287511
ZMYND11	0.09695794769366929	5.906875790316473e-108	1.3486017786110669e-107	0.08839521613184811	0.10550635035863751	-0.09695745790361748	5.9215521397334654e-108	1.3519525433181428e-107	-0.10550586142433072	-0.08839472555706102
TSEN54	0.0968667575304376	9.373764501041704e-108	2.137688597729009e-107	0.08830387993652244	0.10541531944860055	-0.09686512700809452	9.451447417359428e-108	2.1554042000819677e-107	-0.10541369177247459	-0.08830224680436824
USP48	0.09614339516759694	3.5974284249243985e-106	8.175973693009996e-106	0.08757936428117696	0.10469321527961097	-0.09614165252225206	3.629056368269533e-106	8.247855382430757e-106	-0.10469147565448345	-0.08757761886838603
EXOC6B	0.09611323339113448	4.1858113666045285e-106	9.502409458807102e-106	0.08754915461306702	0.10466310576980939	-0.09610997019037129	4.2549644370370654e-106	9.659397132887776e-106	-0.10465984822283342	-0.08754588623185369
TMEM189	0.09596278568786178	8.904605482098506e-106	2.019184916575625e-105	0.08739846826029424	0.10451291853988244	-0.09596121686817244	8.974917775716078e-106	2.0351287473279086e-105	-0.10451135243426991	-0.0873968969541103
GEMIN2	0.09569262100198067	3.4435382066379848e-105	7.799633537118879e-105	0.08712787600619668	0.10424322061700904	-0.09569119613570552	3.468153895452742e-105	7.85538821167099e-105	-0.1042417982091389	-0.08712644888824901
NAT14	0.0956661161908256	3.931338663052154e-105	8.894431364371388e-105	0.08710132931605558	0.10421676153042621	-0.09566279718653509	3.997091309465658e-105	9.043193007840857e-105	-0.10421344825103783	-0.0870980050684219
PSMC3	0.09562215989061794	4.8969213675499724e-105	1.1053998572347568e-104	0.08705730358941188	0.10417288103441201	-0.09561963952787829	4.95896243392809e-105	1.119404612624851e-104	-0.10417036501711789	-0.08705477924691908
ARPC5L	0.09555993942743486	6.6813085644254955e-105	1.506495730422885e-104	0.08699498490979772	0.10411076781570484	-0.09555810490393554	6.742775905665681e-105	1.5203553338592293e-104	-0.10410893645321583	-0.08699314749147825
GDF11	0.09509999831222185	6.600287273875392e-104	1.4832106233427846e-103	0.08653431984617968	0.10365161739554195	-0.09509632888521691	6.721696761948945e-104	1.5104936543705494e-103	-0.10364795426207556	-0.08653064465821586
HMMR	0.09476374534656026	3.496790723087086e-103	7.840337944141448e-103	0.08619753993534435	0.10331594018347667	-0.09476606204778967	3.456922719802648e-103	7.75094780224809e-103	-0.10331825292456846	-0.08619986026040036
TGDS	0.09476315195023473	3.5070760486024374e-103	7.854593613891237e-103	0.08619694561083235	0.10331534780147988	-0.09476082376202169	3.547722881990622e-103	7.945627955186163e-103	-0.10331302359292317	-0.08619461378094209
SLC41A3	0.09448406958071956	1.3929874310136481e-102	3.1058805596736857e-102	0.08591742737830861	0.10303674181216045	-0.09448155721766172	1.4103645009285406e-102	3.1446254201305252e-102	-0.10303423373149082	-0.08591491109763745
BNIP1	0.09448153412242309	1.4105252412054394e-102	3.1414816062481945e-102	0.08591488796638615	0.10303421067561812	-0.09447858300879267	1.4312157862941712e-102	3.187562998427998e-102	-0.10303126459209759	-0.08591193225112446
RAD21	0.0941129934505752	8.661795334741368e-102	1.924843407720304e-101	0.08554577380052386	0.10266629701269882	-0.09411198169301085	8.704974846251808e-102	1.9344388547226238e-101	-0.10266528697324583	-0.08554476047177888
GNA15	0.09392706036696172	2.1581704409245583e-101	4.7853003124713044e-101	0.08535955227498188	0.10248067937425961	-0.09392493321020721	2.180805819101887e-101	4.835489621068485e-101	-0.10247855582289116	-0.08535742182178722
ARIH2	0.09352718694526622	1.5277614216116857e-100	3.3837462272684066e-100	0.08495906054910549	0.10208148234059694	-0.09352456201065129	1.54747229486645e-100	3.42740264643732e-100	-0.10207886183697074	-0.08495643156483257
SNU13	0.09349373302507868	1.7988608153499468e-100	3.975383017347949e-100	0.08492555502629964	0.10204808488300438	-0.09348964870482492	1.835088254232351e-100	4.0554436557621014e-100	-0.10204400745483173	-0.0849214644073157
PALB2	0.09246182365632608	2.6949654028632927e-98	5.929516837983043e-98	0.08389206345613162	0.10101790767085213	-0.09246031869264722	2.714614219981489e-98	5.972748558815157e-98	-0.1010164052199968	-0.08389055619839242
ZNF764	0.09165971800676839	1.272423651573065e-96	2.7873464437526067e-96	0.08308874069244944	0.1002171357568696	-0.09165774599494307	1.2844855651756058e-96	2.8137690365292567e-96	-0.10021516701043023	-0.08308676570202232
PIGK	0.09164381923332196	1.3729794702838921e-96	3.0043314448225208e-96	0.08307281790680661	0.10020126330774287	-0.09164317017049332	1.37724896288186e-96	3.0136738793913783e-96	-0.10020061531950442	-0.08307216786377997
RRP15	0.09141341238332328	4.127787100819453e-96	8.993000219650225e-96	0.08284206356056927	0.0999712374638647	-0.09140961805206373	4.203195590623387e-96	9.157288868460537e-96	-0.09996744939934327	-0.08283826351444744
RASGEF1B	0.0912199715288671	1.037831340757743e-95	2.256155088603789e-95	0.0826483316711978	0.09977811578130463	-0.09121849320261129	1.0451617152872604e-95	2.2720906854070876e-95	-0.09977663989176234	-0.08264685112327048
CAND2	0.09102834006688997	2.5819021259573933e-95	5.6067364298749036e-95	0.08245641253534997	0.09958679987000588	-0.09102681518814924	2.600674508457299e-95	5.647501647029965e-95	-0.09958527749967488	-0.08245488537003708
NDUFB2	0.09093239557081725	4.071871023446577e-95	8.832692024829886e-95	0.08236032424788682	0.09949101312358347	-0.09092843216313719	4.149183886607683e-95	9.000398886350722e-95	-0.09948705622903206	-0.08235635490370127
CHEK2	0.09065361080760673	1.5257802166444764e-94	3.306132647116959e-94	0.08208112257610176	0.09921268583154293	-0.09065289670476909	1.5309436174768288e-94	3.317320947945458e-94	-0.09921197289879094	-0.08208040740708702
NPAS1	0.09044158414158086	4.1553896329263337e-94	8.994349854818904e-94	0.08186877973570643	0.09900100619354253	-0.09044092839760115	4.1682701447110536e-94	9.022229750456826e-94	-0.09900035152162968	-0.08186812301508793
FAM126A	0.09016232157601717	1.5492839742543902e-93	3.3425759962338514e-93	0.08158910192117803	0.09872219952017214	-0.09015492437040624	1.6041508002058507e-93	3.460951025255341e-93	-0.09871481437212493	-0.08158169373466125
MVB12A	0.08948571886148175	3.6928847266210445e-92	7.924645336096662e-92	0.08091149873184071	0.09804669577769232	-0.08948453567801586	3.713341567196719e-92	7.968544135615277e-92	-0.09804551450910273	-0.08091031380577407
SNRNP27	0.08944323350575403	4.502910678358628e-92	9.642207020039889e-92	0.08086895081857806	0.09800427916558263	-0.08943965255664812	4.5787911936413985e-92	9.804692063471945e-92	-0.09800070400922596	-0.08086536459813386
LRRC24	0.08941371129977863	5.16793617782397e-92	1.105440893652186e-91	0.08083938516105074	0.09797480470982702	-0.0894113987819571	5.223990525826935e-92	1.1174311285191304e-91	-0.09797249593171614	-0.0808370692402425
LIMK1	0.08925549670957832	1.0803914067450865e-91	2.3036064109703337e-91	0.08068093796360531	0.09781684576536206	-0.08925376913830937	1.089118045946326e-91	2.3222133175827848e-91	-0.09781512098315041	-0.08067920785485118
TPRKB	0.08883704769564181	7.548184402865215e-91	1.6059966814606842e-90	0.0802618758342722	0.09739907080909685	-0.08883545224432937	7.60420404904197e-91	1.6179157551153129e-90	-0.09739747792203939	-0.08026027805109057
ATAT1	0.08859126887069031	2.354210775226854e-90	4.998324363538969e-90	0.08001573830501921	0.09715368648979388	-0.08858860654274407	2.3833557470583815e-90	5.060203284625014e-90	-0.09715102842951673	-0.08001307209723783
AIP	0.08855223889608564	2.8194579535376336e-90	5.973427867664478e-90	0.07997665146395826	0.09711471906738375	-0.08854932518890009	2.8576633460247866e-90	6.054371495815226e-90	-0.09711181002885813	-0.07997373351257536
SLC25A5	0.0884904359601151	3.750697038757288e-90	7.937983150809076e-90	0.07991475853539508	0.09705301512746943	-0.08848982104741299	3.7613587455941493e-90	7.960547609723068e-90	-0.0970524011994049	-0.07991414272763751
POM121C	0.08837102744140521	6.506355904667286e-90	1.3755509312192994e-89	0.07979517633065564	0.09693379769110182	-0.08836926632160352	6.559392645873209e-90	1.3867637729118836e-89	-0.0969320393876766	-0.07979341265105883
MRPL27	0.0883173999900198	8.330470041179892e-90	1.7574831310506102e-89	0.07974147095561765	0.09688025597657825	-0.08831592344590121	8.38733081532341e-90	1.7694790749627448e-89	-0.09687878179238281	-0.07973999226670309
NOP10	0.08830006669858034	9.022912646257808e-90	1.9015622015295697e-89	0.07972411248859379	0.09686295038613209	-0.08829760367726319	9.12585889779354e-90	1.9232579342030643e-89	-0.09686049130064299	-0.07972164589030536
CCND1	0.08815731465731505	1.7405065169681818e-89	3.664224246248804e-89	0.07958115330620931	0.09672042628543523	-0.08815187347359744	1.7846048313660286e-89	3.75706280287585e-89	-0.09671499378302742	-0.07957570423401238
RNF24	0.08735731663632014	6.776607313547831e-88	1.41326534172009e-87	0.07878000097197402	0.09592169916974604	-0.08735435587313198	6.868639934889235e-88	1.4324587976828436e-87	-0.09591874308964689	-0.07877703595729302
B3GNT2	0.08725431417955203	1.083187579699968e-87	2.254292569614918e-87	0.07867685069854494	0.09581885954490844	-0.08725026236187822	1.1033449453235484e-87	2.2962433825672186e-87	-0.09581481412883255	-0.07867279306994725
BAG5	0.08667493660880428	1.4993371409618025e-86	3.1042176831507298e-86	0.07809664509727346	0.09524039447934583	-0.0866725643231236	1.5155005784264086e-86	3.137682356990494e-86	-0.09523802591806409	-0.07809426943313255
NPPC	0.08659876800943522	2.115212393782751e-86	4.370273540873453e-86	0.07802036807202281	0.09516434541336632	-0.08659399612290691	2.161288433506991e-86	4.465471970055766e-86	-0.09515958101215713	-0.07801558939606462
COMMD9	0.08608265547591872	2.1603999347637088e-85	4.4452673554808823e-85	0.07750352349896567	0.09464904019483142	-0.0860808908080386	2.1775803838023383e-85	4.480618073667363e-85	-0.09464727827941025	-0.07750175633604017
SEC24D	0.08576036719015533	9.154097026197828e-85	1.8796913811494513e-84	0.07718078042728957	0.09432725371141183	-0.08575734822150256	9.278510929294382e-85	1.9052383838386822e-84	-0.0943242394348258	-0.0771777572070245
PAK3	0.08558668405723265	1.9886756376972754e-84	4.070983905214484e-84	0.07700685295303768	0.09415384026056936	-0.08557190661571555	2.1242247826252253e-84	4.344017960378784e-84	-0.09413908574035186	-0.07699205474638893
TMSB15A	0.08557697414090602	2.076734198309601e-84	4.246900201042129e-84	0.07699712939199564	0.09414414540572458	-0.08557564244166514	2.0891107382731928e-84	4.276582882851981e-84	-0.09414281577201473	-0.07699579582153146
AC012146.1	0.08508046222116063	1.890996660896748e-83	3.8591768589729546e-83	0.07649992193171858	0.0936484014817894	-0.08507741022323413	1.9167700506786212e-83	3.9117756136298395e-83	-0.09364535419150087	-0.07649686567158598
ZKSCAN7	0.08496883092722714	3.1016578834712105e-83	6.3170221659291454e-83	0.07638813484626318	0.09353694227216262	-0.08496734293356052	3.1221698111994362e-83	6.358797986149565e-83	-0.09353545657085001	-0.07638664477742428
SS18L1	0.08437274748139674	4.3080519166193665e-82	8.747313536282978e-82	0.07579122316353404	0.09294177407867528	-0.08437176602830349	4.326688611795156e-82	8.785154541716053e-82	-0.09294079412749802	-0.07579024035181817
ASH2L	0.08423925457223334	7.745830715191473e-82	1.5711624168745381e-81	0.07565754561363111	0.09280848530104756	-0.08423701371723975	7.822425742660508e-82	1.5866989336025373e-81	-0.09280624787005069	-0.07565530166183107
CBLL1	0.08389280758329047	3.535049504499134e-81	7.14873509504375e-81	0.07531062087557208	0.09246256665090198	-0.08389094531042013	3.56395468091194e-81	7.20718843460453e-81	-0.09246070721244655	-0.07530875604024834
NEK6	0.08388400663265587	3.673743486776814e-81	7.421704013690533e-81	0.07530180781551894	0.09245377909495618	-0.08388530460696889	3.6529526245253966e-81	7.379702271768478e-81	-0.09245507509388903	-0.07530310757565863
CACNB1	0.08380559738489059	5.175263148989792e-81	1.0444527041351751e-80	0.0752232907419548	0.09237548912394956	-0.08380424159090123	5.2060045501257305e-81	1.0506568214179073e-80	-0.09237413539147267	-0.07522193308445847
CDC23	0.08356897795027261	1.4527462172633317e-80	2.9259742543068112e-80	0.07498634656128361	0.09213922899430213	-0.08356738273871087	1.462875614910426e-80	2.9463758608467797e-80	-0.09213763620178345	-0.07498474916367806
SCAND1	0.0835419278987563	1.6343768235979737e-80	3.288484554523086e-80	0.07495925944691463	0.09211221995663967	-0.08354090931982082	1.641641818011015e-80	3.303102249519145e-80	-0.09211120292184849	-0.07495823947261221
MED23	0.08348584938047394	2.086246353242927e-80	4.189249705307082e-80	0.07490310413253132	0.09205622642560739	-0.0834839398284451	2.103653586887681e-80	4.2242039897343e-80	-0.0920543197665591	-0.07490119196644611
MRPL55	0.0830300778088177	1.5076551480826437e-79	3.0213530021696267e-79	0.07444671042863027	0.09160114356750064	-0.08302928520765167	1.512835070169556e-79	3.0317336075542207e-79	-0.09160035216091078	-0.07444591674868851
ZNF850	0.08299180029755172	1.7791890664015703e-79	3.5619400728760164e-79	0.07440838083189096	0.09156292373417492	-0.08299045847776133	1.789545122176877e-79	3.582672917271025e-79	-0.09156158393582907	-0.07440703718670219
NDUFA9	0.0828714547602419	2.9931051860267417e-79	5.986210372053483e-79	0.07428787170164984	0.09144275937337346	-0.08286908166719552	3.023939930049518e-79	6.047879860099036e-79	-0.0914403898504361	-0.07428549538523571
DRG1	0.0828626244829926	3.109454198270578e-79	6.212695700840316e-79	0.07427902943074532	0.0914339423800055	-0.08286046763838768	3.138551784783202e-79	6.270832736829575e-79	-0.09143178877985868	-0.07427686965682813
LCP1	0.08280477804554272	3.991512523799888e-79	7.967090865868039e-79	0.07422110445720392	0.09137618293095778	-0.08280234473900921	4.033647078275905e-79	8.051191773005799e-79	-0.09137375328232158	-0.07421866784832441
TTC3	0.08261081178247837	9.209480203987898e-79	1.8363868801571087e-78	0.07402687527562689	0.09118250792985867	-0.08260797035041657	9.322829991240769e-79	1.85898903115469e-78	-0.09117967075970473	-0.07402402999688412
PSRC1	0.08249195304997417	1.5357061152727096e-78	3.0591755284316924e-78	0.07390785575359635	0.09106382735656929	-0.08249496096502054	1.5159755113626783e-78	3.0198715365790406e-78	-0.0910668307660077	-0.07391086773466937
HSD17B7	0.08239092995581354	2.3702974616528177e-78	4.712320997321705e-78	0.0738066961898215	0.09096295549608029	-0.08238900640751734	2.3899545945399215e-78	4.751400784373601e-78	-0.09096103482566936	-0.073804770044765
PPP4R3B	0.08235535218986946	2.761405706991429e-78	5.484420470688042e-78	0.07377107040480894	0.09092743094890968	-0.08235237817980723	2.7968767540305274e-78	5.554869422106311e-78	-0.09092446138651332	-0.07376809238173786
TOMM22	0.08194846436773127	1.5762514471401826e-77	3.1182026649657424e-77	0.07336363496705689	0.09052115021583183	-0.08194602509715801	1.5927558483645423e-77	3.15085232119593e-77	-0.09051871457612028	-0.07336119242219868
TIPRL	0.0818057343056757	2.897969997410479e-77	5.727213433617547e-77	0.07322071348868835	0.09037863243535015	-0.08180312856361088	2.9303385401892905e-77	5.791182885749586e-77	-0.09037603056552639	-0.07321810425532159
RSRC2	0.08146897258275476	1.2140578620232019e-76	2.3922322404398068e-76	0.07288350152966722	0.0900423701845783	-0.0814651326678342	1.2340092142442541e-76	2.4315452497423728e-76	-0.09003853595360199	-0.07287965649226263
MFSD9	0.08100853696445637	8.524352297334603e-76	1.6763721332024785e-75	0.0724224535051817	0.08958261430356088	-0.08100643054409469	8.6004758971356e-76	1.6913423593187023e-75	-0.08958051098449353	-0.07242034429159021
NUP188	0.08096076261757963	1.04281518963552e-75	2.04875282836055e-75	0.07237461582576236	0.08953491027631652	-0.08095918493121175	1.049778200119172e-75	2.0624326132007307e-75	-0.08953333491149304	-0.07237303604859255
BCR	0.08038580131198102	1.168744471926554e-74	2.287171177938462e-74	0.07179889541556732	0.08896079217745184	-0.08038380933877157	1.1785350119197113e-74	2.306330747396695e-74	-0.08895880311565654	-0.07179690082235991
ZNF592	0.08036229319856884	1.2896426197103316e-74	2.521295444203972e-74	0.07177535638683497	0.08893731841850303	-0.0803598322743218	1.302998357871132e-74	2.5474063692495253e-74	-0.08893486109006916	-0.07177289222680042
TAX1BP3	0.07986517087933963	1.026908447188008e-73	2.001770852218339e-73	0.0712775825460918	0.08844092035708924	-0.07986258459431846	1.0380176319684897e-73	2.023426183174444e-73	-0.08843833782889024	-0.07127499288270628
PSMD10	0.07952028660498726	4.298653276389403e-73	8.363138670018293e-73	0.07093224878434588	0.0880965360421544	-0.07951817634391337	4.336393519761188e-73	8.436563268017875e-73	-0.08809442883389704	-0.07093013577930729
PHF6	0.07917940713499523	1.7588940372846514e-72	3.4186473027884384e-72	0.07059092706938487	0.08775614871139215	-0.0791778147903124	1.7704832979298085e-72	3.441172590728491e-72	-0.08775455866093133	-0.0705893326635696
ELOA	0.07868909750114235	1.3204675005459304e-71	2.5565682488788585e-71	0.07009998485193937	0.08726654344180078	-0.07868783617277085	1.3273114330798485e-71	2.5698188442978674e-71	-0.0872652839200724	-0.07009872190160338
TMEM199	0.07859774025082533	1.9197568635224775e-71	3.7132627921131095e-71	0.0700085101949443	0.08717531697461448	-0.07859584378583052	1.934718987397587e-71	3.742203070401522e-71	-0.08717342322299361	-0.07000661129426063
ESCO1	0.07809271081691989	1.5073658919054253e-70	2.8959959498663312e-70	0.06950283433492907	0.08667100792338474	-0.07809057483270625	1.5205178631741825e-70	2.921263906194395e-70	-0.08666887497663922	-0.06950069562607902
KCNQ1	0.07800216560582621	2.178008272267805e-70	4.1804381425485694e-70	0.0694121736946986	0.08658059140276653	-0.0779975192140422	2.2195085318525654e-70	4.260093151348494e-70	-0.0865759516110136	-0.06940752138341395
AC007389.1	0.07746890125959109	1.8864260132648306e-69	3.613842937288947e-69	0.06887823240934855	0.08604808210964567	-0.07746800266883942	1.8932771297150597e-69	3.626967681446474e-69	-0.08604718478707864	-0.06887733268205691
SEPHS1	0.07744404527799513	2.0853689480282531e-69	3.9911367426378053e-69	0.06885334499499399	0.08602326120226152	-0.07744452061342147	2.0813750017364615e-69	3.9834928262898786e-69	-0.08602373586704315	-0.06885382093142701
ADPRHL1	0.07675047005648561	3.376843756013271e-68	6.444358313002425e-68	0.06815889699336321	0.08533066038831182	-0.07674880068125789	3.399448499214748e-68	6.4874971359060074e-68	-0.08532899334839501	-0.06815722552747294
CA11	0.07655341373086683	7.414776995885411e-68	1.413684841922862e-67	0.06796159421500968	0.08513387939552476	-0.07655144617596779	7.47316001802972e-68	1.4248160186901278e-67	-0.08513191458637555	-0.06795962420273428
FAM171A2	0.07652679988186147	8.24449233933695e-68	1.570379493207038e-67	0.06793494713233182	0.08510730268085713	-0.07652557592892191	8.28480071392221e-68	1.5780572788423255e-67	-0.085106080435407	-0.06793372165129295
AGO3	0.07649357536905968	9.411296029594201e-68	1.7909221749941392e-67	0.06790168114808694	0.0850741245091253	-0.07649130510590171	9.496783899995805e-68	1.8071900856319327e-67	-0.08507185741180301	-0.06789940805184237
TOMM20	0.07648528177500419	9.727364664653413e-68	1.8493088716071125e-67	0.06789337720479563	0.08506584247988704	-0.07648387629524057	9.781966170378518e-68	1.8596893860035205e-67	-0.08506443895984582	-0.06789196997130943
ANO8	0.07585911514810505	1.1656502378060961e-66	2.205582285347391e-66	0.06726643264797309	0.08444054557290996	-0.07585812624746344	1.170212047416842e-66	2.2142139023970522e-66	-0.0844395580404655	-0.06726544252411876
NUP88	0.07579079258379728	1.5265559589683483e-66	2.8857390528702236e-66	0.06719802561242412	0.08437231749688831	-0.07578906592227817	1.536992852600117e-66	2.9054685304350035e-66	-0.08437059322225357	-0.0671962968171775
AC068722.1	0.0755786213439101	3.522236185443292e-66	6.652004127371657e-66	0.06698559256760903	0.08416043917122198	-0.07557599111271607	3.5588801116799924e-66	6.721208898356927e-66	-0.08415781256633904	-0.06698295909577678
KIAA0319	0.0755195445028102	4.4436382292944537e-66	8.37632088462668e-66	0.06692644296835247	0.08410144375087522	-0.07551577861000565	4.509923994349827e-66	8.501270488878091e-66	-0.08409768304625127	-0.06692267243957829
URGCP	0.07502746197009724	3.0567836563298576e-65	5.74043879122978e-65	0.06643375674095973	0.08361003707737907	-0.07502664237060487	3.0665853599469097e-65	5.758845746379174e-65	-0.08360921860009767	-0.0664329361394653
BTF3L4	0.07487996202041713	5.4354389404774884e-65	1.0197821651927745e-64	0.06628607665229964	0.08346273890090891	-0.0748769941987652	5.498688707225366e-65	1.0316489131754908e-64	-0.08345977513525268	-0.06628310520996568
NFIA	0.07479525215800993	7.5608257081412205e-65	1.4158849640713896e-64	0.06620126350549942	0.08337814474818646	-0.07479408852834428	7.595161713492222e-65	1.4223149276202662e-64	-0.08337698270712286	-0.06620009845791693
TSEN34	0.07472839810413548	9.807880278726989e-65	1.8349635694531318e-64	0.06613432802600216	0.08331138192646537	-0.07472866861986265	9.797563756324752e-65	1.8330334436529003e-64	-0.08331165207318943	-0.06613459887105103
QRICH2	0.07464504495493805	1.3562115503068636e-64	2.5349748603866608e-64	0.06605087346426494	0.08322814241693755	-0.07464454483340813	1.3588498757068594e-64	2.5399063097324475e-64	-0.08322764297688776	-0.06605037273461944
NME7	0.07430004020154934	5.166867318181578e-64	9.621726849500145e-64	0.06570545023575095	0.08288360675258581	-0.07429486115459202	5.2714104898239085e-64	9.816406871180462e-64	-0.08287843473173712	-0.0657002649225373
YIPF4	0.0738976939766704	2.43921280240968e-63	4.525441191854694e-63	0.06530261858497072	0.08248180498979454	-0.0738955206599873	2.4596905975519463e-63	4.563433390634408e-63	-0.08247963460650444	-0.06530044265381407
SSNA1	0.07314846712646814	4.290917944866122e-62	7.92413286217197e-62	0.06455249526695447	0.08173358456981089	-0.07314768005107392	4.303796193916097e-62	7.947915408893992e-62	-0.08173279854660018	-0.06455170725491352
NDUFAF1	0.07286417046603824	1.2639744275943069e-61	2.323482403666005e-61	0.06426786098113312	0.08144966727001768	-0.07286249942018894	1.272010373575618e-61	2.3382543631904744e-61	-0.08144799844986447	-0.06426618795491575
LIG4	0.07220385135185983	1.5289552165329735e-60	2.805422415656832e-60	0.06360676308125678	0.08079022389783853	-0.07220051687646475	1.5482346267974866e-60	2.8407974803623604e-60	-0.08078689382568466	-0.06360342469230156
LYPLA2	0.07166971408850104	1.129549149220323e-59	2.064989303876276e-59	0.06307200137229076	0.08025678952942064	-0.07166725758221236	1.1399464055342425e-59	2.083997085071741e-59	-0.08025433624439518	-0.06306954200557108
SMIM22	0.07164205769626077	1.252269680764403e-59	2.2872505584737956e-59	0.06304431278213196	0.0802291693975235	-0.07162486916596524	1.33514341038283e-59	2.438618101155854e-59	-0.08021200339649488	-0.06302710424740325
WDR12	0.07119820226747574	6.519184355234901e-59	1.1863847780227299e-58	0.06259994242203715	0.07978589410430227	-0.07119670578137337	6.555433153172303e-59	1.19298146554546e-58	-0.07978439956841792	-0.06259844420557824
TMEM132A	0.07112123721263444	8.669192134064979e-59	1.5762167516481778e-58	0.06252288842431819	0.07970902930011264	-0.07111833844236216	8.762704802177787e-59	1.5932190549414158e-58	-0.07970613430363113	-0.06251998630615238
OCIAD2	0.07101489201759974	1.2846812652808625e-58	2.333662607231358e-58	0.06241642050259363	0.07960282245671835	-0.07100899878428374	1.3129671665487107e-58	2.3850448075362593e-58	-0.07959693688460542	-0.062410520473969014
KIAA1143	0.07079125621806545	2.932047959468796e-58	5.3068741347851506e-58	0.06219252725671097	0.07937947696395066	-0.07078861266409267	2.960741951722081e-58	5.358808962392907e-58	-0.07937683683647952	-0.06218988066469196
SEMA3F	0.07071639933068095	3.862558059633071e-58	6.978424678650535e-58	0.062117584388465374	0.07930471705739708	-0.07071662217384773	3.8593917145967514e-58	6.972704091412379e-58	-0.07930493961200281	-0.06211780748744665
SMDT1	0.07055036711145075	7.110878270878546e-58	1.2835520344546112e-57	0.06195136181013296	0.07913889959641496	-0.07054862133436442	7.156601166019528e-58	1.2918052646244633e-57	-0.07913715607491982	-0.06194961403401411
MSH6	0.07037868231597749	1.3345539248957448e-57	2.406769927674923e-57	0.061779480676416754	0.07896743637083138	-0.07037602355862758	1.3476124219472202e-57	2.4303199674431383e-57	-0.07896478104077709	-0.061776818882529984
ATP6V0D1	0.07018114205517588	2.7485002320584797e-57	4.952252670375639e-57	0.061581715140175915	0.07877015041925979	-0.07017965086848006	2.763509146407637e-57	4.9792957592930393e-57	-0.07876866114972828	-0.06158022225549462
TRAPPC1	0.06944272065169892	4.018862228495173e-56	7.182953044674125e-56	0.060842457618513784	0.07803267368626751	-0.06944046358722354	4.0517729511236906e-56	7.241774711570493e-56	-0.07803041949486768	-0.06084019801281681
MAP2K2	0.06939770684744863	4.72847232996346e-56	8.443700589220463e-56	0.060797393150017975	0.07798771716465695	-0.06939821254493937	4.7198453463226755e-56	8.42829526129049e-56	-0.07798822221881276	-0.060797899416490095
GEMIN5	0.06939232336975229	4.821291388261155e-56	8.601768756933372e-56	0.06079200361542022	0.07798234053540491	-0.06939153749884246	4.834991900597435e-56	8.626212133090874e-56	-0.07798155566417754	-0.06079121686037618
SOS2	0.06934920027537533	5.633347372151585e-56	1.0041617419165034e-55	0.06074883202174216	0.07793927228086406	-0.0693480184916542	5.6574222568910555e-56	1.0084531652212219e-55	-0.07793809199957132	-0.06074764890935593
ARHGEF40	0.06929237147236803	6.914986401042388e-56	1.2315202851366676e-55	0.060691939354160944	0.07788251569833878	-0.06929208545889479	6.9221211733698485e-56	1.232790948062306e-55	-0.07788223004820291	-0.06069165301940526
ZNF583	0.06913026183474051	1.2397672116872545e-55	2.204030598555119e-55	0.060529647843745	0.07772061177063301	-0.06912838854598066	1.2481494510305674e-55	2.2189323573876754e-55	-0.07771874085634516	-0.060527772455977215
MCOLN1	0.0688254085665132	3.7028150193417465e-55	6.565274856988913e-55	0.060224453788499395	0.0774161441204505	-0.06882466724051232	3.712658394925679e-55	6.582727650577446e-55	-0.07741540373022215	-0.0602237116357507
PCDHB9	0.06863207736014336	7.392560124659206e-55	1.3095766385578752e-54	0.06003090729580229	0.07722305663422253	-0.06862909090780073	7.471821225108525e-55	1.3236175775214394e-54	-0.07722007394165284	-0.06002791752293147
YKT6	0.0686258058118856	7.559986208581024e-55	1.338050656386022e-54	0.060024628774615445	0.07721679298130824	-0.06862305242666926	7.634678755003976e-55	1.3512705761068986e-54	-0.07721404306215442	-0.060021872328303034
MTHFD2	0.06855523677859253	9.725241616187787e-55	1.7197597906609702e-54	0.0599539813270893	0.07714631274165233	-0.06855205801618752	9.836140046895149e-55	1.7393704769045357e-54	-0.07714313797691098	-0.05995079903456518
PSMA1	0.06854533176829553	1.007496981134161e-54	1.7800300020038182e-54	0.0599440653175324	0.07713642018748415	-0.06854372596601101	1.0132835945805635e-54	1.790253700672374e-54	-0.07713481640443041	-0.059942457732205544
ACAD9	0.06836487334207526	1.9159888057054986e-54	3.379168969498234e-54	0.05976340679405871	0.07695618840212425	-0.0683640934415976	1.9213115034451686e-54	3.388556443465906e-54	-0.07695540947991855	-0.059762626030028874
NAA20	0.06815848504789426	3.987923276132037e-54	7.020991683331052e-54	0.059556790341610544	0.07675005862628083	-0.06815686399346313	4.010914864178334e-54	7.061469831299885e-54	-0.07674843959944697	-0.05955516749805228
CNEP1R1	0.06802992096186303	6.288806140044975e-54	1.1062104028223352e-53	0.05942808450302217	0.07662165520611726	-0.06802890500402936	6.311461927998747e-54	1.1101955897974929e-53	-0.07662064051678587	-0.05942706742614974
CEP72	0.06777490364071455	1.548293499476611e-53	2.7186892001345236e-53	0.05917278685042078	0.07636695573548775	-0.06777346844555233	1.5561490881595164e-53	2.732483034520661e-53	-0.07636552232596248	-0.05917135008078386
MIEF1	0.06743926609689849	5.0418394108222105e-53	8.845332299688089e-53	0.058836782067296735	0.07603173481719369	-0.06743771210489799	5.069405328996972e-53	8.89369355964381e-53	-0.07603018274963981	-0.05883522637952219
ZNF668	0.06711851079000508	1.5495377446337824e-52	2.7137263478700217e-52	0.05851567762600142	0.07571137584747625	-0.06711725021633792	1.5563737034501333e-52	2.72569825472878e-52	-0.07571011682792125	-0.058514415683742
PLBD2	0.06687345685672355	3.6405055225390515e-52	6.358961611421924e-52	0.058270358156949024	0.07546662351659206	-0.066872156101988	3.6570182460595506e-52	6.387804796610569e-52	-0.07546532436000981	-0.05826905599551266
CSK	0.06599921333147672	7.472888485629722e-51	1.3018969487159795e-50	0.057395175783462954	0.07459344753847219	-0.06599771316336163	7.511480004738164e-51	1.3086202098846976e-50	-0.0745919491909004	-0.05739367401568587
CHD4	0.06584890479018092	1.2513289771275555e-50	2.176224308047923e-50	0.05724470715838516	0.0744433212127016	-0.06584642318292981	1.262012143813826e-50	2.1948037283718716e-50	-0.07444084261057593	-0.05724222291141683
TRIM52-AS1	0.06583901002781772	1.2944690986871956e-50	2.249294697979488e-50	0.05723480187147182	0.07443343843186075	-0.06583729586572425	1.3020917202713359e-50	2.2625399135905056e-50	-0.07443172634526672	-0.057233085886284375
CDCA3	0.0656001632482836	2.929172280835572e-50	5.085368543117313e-50	0.05699570155685097	0.0741948803585884	-0.06560332757186366	2.8977091814883308e-50	5.030745106750575e-50	-0.0741980408637191	-0.056998869232898736
CDKN2AIPNL	0.06543648897943412	5.117189031729014e-50	8.876303610978343e-50	0.056831854118228234	0.07403140336315936	-0.06543640137270763	5.118715380314026e-50	8.8789512234415e-50	-0.07403131586189986	-0.05683176641893665
ZNF33B	0.06540962676325741	5.607090291362627e-50	9.709247257770784e-50	0.056804963525710135	0.07400457347936389	-0.06540586356597353	5.679351821722047e-50	9.834375448869344e-50	-0.07400081481061323	-0.056801196354108255
ZNF852	0.06507046134361619	1.7728224340016272e-49	3.0618694887765584e-49	0.05646544089706752	0.07366581522176484	-0.06506830472300852	1.7858120463896504e-49	3.084304052486443e-49	-0.07366366118379546	-0.05646328201147497
SIVA1	0.06495825958977508	2.591053765245361e-49	4.467334078009244e-49	0.05635312141045328	0.07355374772749838	-0.06495757115603576	2.5970886430336767e-49	4.477739039713236e-49	-0.07355306011686244	-0.05635243225501598
LIPA	0.06485854368892524	3.628341005987697e-49	6.244993125624264e-49	0.05625330106097916	0.07345415096358006	-0.06485752488017488	3.6408350276090305e-49	6.266497465764253e-49	-0.0734531333711805	-0.05625228118595309
ZNF8	0.06451413673310197	1.1562276725967962e-48	1.983237860371863e-48	0.055908534675122065	0.07311015417390487	-0.06451315705131819	1.1600355263944064e-48	1.9897693420144193e-48	-0.07310917565594069	-0.055907553973849736
ATRN	0.06448822898375345	1.2612400819838333e-48	2.161508281034847e-48	0.05588259997091856	0.07308427719627411	-0.06448789504634095	1.2626538274675627e-48	2.1639311524722582e-48	-0.07308394365541748	-0.05588226568614779
ATPAF1	0.06443793037699765	1.4929754847346757e-48	2.5564648711210203e-48	0.0558322490658107	0.0730340382982302	-0.0644379125983515	1.4930644644326936e-48	2.5566172336176263e-48	-0.0730340205406811	-0.05583223126868681
SF1	0.06422879932014798	3.006195117571799e-48	5.1431909624838304e-48	0.05562290103271558	0.07282515502991119	-0.06422589492239697	3.035509757606239e-48	5.1933443243904857e-48	-0.07282225406812069	-0.05561999362694067
AC004816.1	0.06416609338641506	3.7065091315134716e-48	6.335913045322174e-48	0.055560130188199434	0.07276252324621886	-0.06416520220660298	3.7175514619787364e-48	6.354788823895276e-48	-0.07276163311974214	-0.05555923808636238
ACOT11	0.06402348855699432	5.963016684006386e-48	1.01844862237513e-47	0.05541737799298723	0.072620086795201	-0.06402016499671564	6.029388453205679e-48	1.0297845351333354e-47	-0.07261676715498214	-0.0554140510023844
PKIG	0.06390457957485429	8.857312950880761e-48	1.5089119166747465e-47	0.055298346401002924	0.07250131794485962	-0.06390109323925242	8.9605626865158e-48	1.5265013094575469e-47	-0.07249783571415377	-0.05529485647424976
RNF123	0.06378779689282948	1.3054306121203165e-47	2.220120088639994e-47	0.05518144353971222	0.07238467265151913	-0.06378741483617385	1.3070866508349922e-47	2.2229364810118915e-47	-0.07238429104394711	-0.05518106109027518
VASH2	0.06368992547402154	1.8058828684487861e-47	3.068619997364122e-47	0.055083471584661085	0.07228691619215663	-0.06368988485123295	1.8061259407177351e-47	3.06903303435469e-47	-0.07228687561704915	-0.055083430920178054
SLFN12	0.06352516359049558	3.115004949718808e-47	5.288633191373189e-47	0.0549185408274649	0.0721223474643096	-0.06352348286858762	3.1323540072795757e-47	5.318088297588414e-47	-0.0721206687103543	-0.05491685838531093
HSD17B10	0.06351516080153809	3.219684805348225e-47	5.46172146793592e-47	0.054908527801211464	0.0721123563868725	-0.06351449486674438	3.226776868708856e-47	5.473752109769052e-47	-0.072111691231711	-0.05490786118493216
LINC00641	0.063268653148456	7.258581502098431e-47	1.229226333970945e-46	0.05466176840828706	0.07186613680605727	-0.06326697102495896	7.298878017338413e-47	1.2360504686432537e-46	-0.07186445664471357	-0.0546600845705744
CCNB1	0.06272671248331348	4.287114750312187e-46	7.217364899515466e-46	0.05411927799583617	0.07132482577619334	-0.0627309393915532	4.228388568969781e-46	7.1184992743599e-46	-0.07132904779314066	-0.05412350917221191
ZC4H2	0.06267867505924148	5.014337756748433e-46	8.42745841470325e-46	0.05407119208751758	0.07127684391840634	-0.06267817771542529	5.022475586444232e-46	8.441135439402072e-46	-0.07127634714967408	-0.054070694241940304
PIK3CD	0.06220736055682376	2.3179146011476524e-45	3.8826040220228686e-45	0.05359940400400126	0.07080607248866708	-0.0622049911405548	2.335754976096456e-45	3.9124873971464925e-45	-0.07080370579288364	-0.05359703221662975
MAPT	0.061920631482853275	5.849648214268232e-45	9.765689840180689e-45	0.05331238870216673	0.07051967192454221	-0.06192111032967858	5.840632642450363e-45	9.750638802087417e-45	-0.0705201502239273	-0.05331286802581615
ASAP2	0.06169186794803505	1.2205457737912756e-44	2.0342429563187929e-44	0.0530833978237556	0.07029116947078448	-0.06169419252279647	1.2114742756323068e-44	2.0191237927205115e-44	-0.07029349139711599	-0.05308572470410998
SLC9B1	0.06119704174670394	5.935244186913298e-44	9.842859348114924e-44	0.05258808296473373	0.06979690491273215	-0.06119662174380643	5.943185168456638e-44	9.856028471735718e-44	-0.06979648538475762	-0.052587662548868305
ZBED3	0.06106286852282621	9.093593879382488e-44	1.5043166053569044e-43	0.0524537779702401	0.06966288325199058	-0.06106156017524072	9.131464124395873e-44	1.510581327443486e-43	-0.06966157638079648	-0.05245246833926852
POGZ	0.060846484318236194	1.8059740023276064e-43	2.9826160236624383e-43	0.05223718191231585	0.06944674282265352	-0.06084499796774009	1.8144902718790763e-43	2.9966808784130075e-43	-0.06944525814386572	-0.05223569410939303
MTHFD2L	0.06074277059166782	2.507018487828679e-43	4.130178727889092e-43	0.052133366930842424	0.06934314565218512	-0.060742071932367254	2.512559119964715e-43	4.139306622676632e-43	-0.06934244777742647	-0.05213266759007721
MAP3K2	0.06062053735034872	3.6874609725892924e-43	6.0649029154429156e-43	0.0520110145930498	0.06922104954152432	-0.060618158651726234	3.715224400596716e-43	6.110566448349861e-43	-0.0692186735089532	-0.052008633579335106
ZBTB49	0.06046850135214005	5.9522780531610316e-43	9.773855588113352e-43	0.05185883082109505	0.06906918374945008	-0.06046750334982874	5.970992971623382e-43	9.80458616030112e-43	-0.06906818686309749	-0.051857831850080964
RARRES1	0.060429000557470816	6.739492974232236e-43	1.1048349138085632e-42	0.051819291698457996	0.06902972711115984	-0.06042757037260568	6.769859992057034e-43	1.1098131134519729e-42	-0.06902829852453717	-0.051817860126378276
SRSF1	0.06037846108664426	7.899412016907301e-43	1.292866123880082e-42	0.05176870322810022	0.06897924409717471	-0.06037686063031572	7.939220256430925e-43	1.299381384031248e-42	-0.06897764542797102	-0.0517671012208031
PPP2CA	0.06035884941725784	8.401210270353506e-43	1.373869218373427e-42	0.05174907255651272	0.06895965432381032	-0.060356514832976986	8.463018005206359e-43	1.3839767792651444e-42	-0.06895732234560262	-0.051746735710642214
POLR2C	0.060177461074452994	1.4835907990661394e-42	2.4221890596998193e-42	0.051567508777694844	0.06877846818295458	-0.06017603120067228	1.4902462877951846e-42	2.43305516374724e-42	-0.06877703990086607	-0.05156607752322329
DPY19L1	0.05978697924568198	5.017191408192204e-42	8.177981105447764e-42	0.05117665121240204	0.06838841971679686	-0.059783011494974	5.079485830239079e-42	8.279520505687169e-42	-0.06838445635606315	-0.05117267965731005
NDUFA2	0.05976588061296972	5.3573951028547085e-42	8.725399190317115e-42	0.051155532352890616	0.06836734442478705	-0.059765635884906396	5.361472893005493e-42	8.732040542354224e-42	-0.06836709996741307	-0.05115528739025702
IDH3B	0.05954679494756523	1.0573721396002246e-41	1.7207032377546372e-41	0.050936237109979396	0.06814850067269262	-0.05954585154832234	1.0604665975170134e-41	1.725738970735579e-41	-0.06814755831335666	-0.05093529281007552
C12orf29	0.059224823186087995	2.8589200793176513e-41	4.648650535475855e-41	0.050613958856858696	0.06782688292870692	-0.059223848824971316	2.867515135624144e-41	4.662626236787226e-41	-0.06782590963621583	-0.05061298357094899
SLC35A4	0.059026652868005694	5.259142054290507e-41	8.544503743770115e-41	0.05041560078786246	0.06762892961594467	-0.05902545730154345	5.278484281117496e-41	8.575928970134031e-41	-0.06762773535662563	-0.050414404090755906
TMEM222	0.05902187687633426	5.336833646366984e-41	8.663690984361987e-41	0.05041082027969512	0.06762415884583882	-0.05902096041639083	5.351871805956038e-41	8.688103581097465e-41	-0.06762324338781105	-0.05040990295313125
AC138627.1	0.058332053839404555	4.382845804560829e-40	7.08052634016289e-40	0.04972034904445044	0.06693508585696395	-0.058331313087193595	4.39270877197899e-40	7.096460051662342e-40	-0.06693434590576561	-0.04971960760060952
MADCAM1	0.05814732733140553	7.67042947119238e-40	1.2361691331494568e-39	0.04953545035385697	0.0667505588099531	-0.058146041021220396	7.700333115406213e-40	1.2409884150533784e-39	-0.06674927388661583	-0.04953416284677846
FAM83F	0.05809080379907938	9.099965228151278e-40	1.4653728225686438e-39	0.049478874254189696	0.0666940961921013	-0.05808916920258371	9.145027610661133e-40	1.4726292448729683e-39	-0.06669246335636345	-0.04947723813832833
PFAS	0.05808144852785011	9.360887524995645e-40	1.506176592919653e-39	0.049469510287813274	0.0666847509975783	-0.05808086368749186	9.377443815097733e-40	1.5088405173125876e-39	-0.06668416678711045	-0.04946892490393229
XPNPEP3	0.05797059797111926	1.3080984261014118e-39	2.103052131995839e-39	0.04935855681758062	0.06657401972478162	-0.057969792033677	1.311281640365248e-39	2.1081698398155115e-39	-0.06657321465381558	-0.04935775013268548
ZFP37	0.05736455443854675	8.058567352800408e-39	1.2914370757692963e-38	0.04875195439278777	0.06596862459629896	-0.05736228200204025	8.113402718616574e-39	1.300224794650092e-38	-0.06596635457914478	-0.04874967987260057
TIMM22	0.05723627975487891	1.1812076495757185e-38	1.8899322393211496e-38	0.04862356222913199	0.06584048634105383	-0.057234746113874066	1.1866141080571237e-38	1.8985825728913978e-38	-0.06583895432945866	-0.04862202718526842
HMGXB4	0.057195608449405674	1.3332241790052805e-38	2.1314535235895774e-38	0.04858285373439351	0.06579985823289158	-0.0571942671641685	1.3385557478944506e-38	2.1399772148592338e-38	-0.06579851837175799	-0.048581511223191494
RTL8C	0.057160603510516876	1.4795348488932994e-38	2.3615879471561044e-38	0.048547816810396105	0.06576489045017804	-0.057157595776426796	1.49282716216241e-38	2.3828047281123864e-38	-0.06576188590767709	-0.048544806329034074
EYA3	0.05698240486881317	2.5113523502414437e-38	3.998968710575547e-38	0.04836945567160859	0.06558688063073045	-0.056982576656293076	2.510073732268692e-38	3.9969326946953697e-38	-0.06558705223644522	-0.048369627615474815
RBM48	0.05670182924427594	5.757747992770621e-38	9.153812389142482e-38	0.04808862530700341	0.06530660119880083	-0.056700055308854365	5.787956889807482e-38	9.201839252476123e-38	-0.0653048291317336	-0.048086849765323285
STRN4	0.05647649889098711	1.117794561372698e-37	1.7728700418282286e-37	0.047863091357833114	0.06508150773483193	-0.0564753652108217	1.1215241620593956e-37	1.7787853482306038e-37	-0.06508037524428809	-0.0478619566555583
TTLL1	0.05645821843885123	1.1794658992413738e-37	1.8692011081479775e-37	0.047844794427020707	0.06506324646249337	-0.05645691046439656	1.1840059911541041e-37	1.8763961824946183e-37	-0.06506193986014076	-0.047843485273731015
GLE1	0.05599562422100388	4.564453658821812e-37	7.210827265121346e-37	0.04738178513352112	0.0646011356788556	-0.05599467418076316	4.577104461477786e-37	7.230812735351953e-37	-0.064600186627657	-0.047380834244638875
SEC24B	0.05582954418038921	7.399630191501677e-37	1.1680552788479364e-36	0.047215556975936414	0.0644352282998422	-0.055828875216756106	7.4140227002960545e-37	1.1703271823671752e-36	-0.06443456003072102	-0.047214887416658934
USP4	0.055494999603251986	1.9497545826026142e-36	3.068063859327481e-36	0.04688071548674682	0.06410103008059999	-0.05549320835285345	1.9598647247713826e-36	3.083972816320036e-36	-0.06409924067950838	-0.046878922651803955
RUVBL2	0.05515573120174796	5.177483967037222e-36	8.127918315600035e-36	0.04654114795782934	0.06376211095621276	-0.05515556296235135	5.179984328800997e-36	8.131843530299839e-36	-0.06376194288952629	-0.046540979570592694
TSEN15	0.05513961219768439	5.4225753809636e-36	8.506000597589961e-36	0.046525014791445704	0.06374600849727691	-0.055139333230691104	5.426917052137538e-36	8.512811062176531e-36	-0.06374572981658597	-0.046524735579388764
SPDYE5	0.05505111375409822	6.988509082447149e-36	1.0953775991296472e-35	0.04643643867230308	0.06365760081184509	-0.0550502789685281	7.005239497271849e-36	1.097999921202484e-35	-0.06365676688173275	-0.04643560315468215
UBL7	0.05480321569987321	1.4193024597135567e-35	2.222869944735406e-35	0.046188323757842285	0.06340995626632193	-0.05480222649730299	1.4233115765452533e-35	2.2291489061006317e-35	-0.06340896807321961	-0.046187333692050817
POLR3F	0.05473900252315759	1.70431846524022e-35	2.6629976019378437e-35	0.04612405458102225	0.06334580858327622	-0.054737727169338474	1.7105205588867572e-35	2.672688373260558e-35	-0.06334453452952285	-0.04612277811569351
ZNF774	0.054572024839628565	2.740202290529269e-35	4.274886568688407e-35	0.0459569316106526	0.06317900087426635	-0.054570513895224645	2.7519840271972867e-35	4.293266813100291e-35	-0.0631774914657291	-0.045955419353781626
WDR18	0.05426811969873181	6.479215655748473e-35	1.0100102347230667e-34	0.04565276328030387	0.06287540385873967	-0.05426720174160179	6.496032430116855e-35	1.012631711631622e-34	-0.06287448682990104	-0.04565184453061993
TPBG	0.054101416035271424	1.0366949168664126e-34	1.6135329445391636e-34	0.0454859159257783	0.06270886853733151	-0.05409685612068704	1.0500882561648265e-34	1.6343786088168507e-34	-0.06270431322074235	-0.04548135208750633
USHBP1	0.05406531064790557	1.1475712709326457e-34	1.7833275383568698e-34	0.045449779480518065	0.06267279954705296	-0.054064296816580426	1.150849062676692e-34	1.7884212318208113e-34	-0.06267178673742546	-0.04544876477741954
FAM160B1	0.05406334795747535	1.1539252198248932e-34	1.791809347554182e-34	0.04544781510242551	0.06267083883452564	-0.05406222099131561	1.1575894058076812e-34	1.79749907734112e-34	-0.06266971300403694	-0.04544668716724936
ITFG2-AS1	0.05404565212248508	1.2128144716949506e-34	1.8803325142557373e-34	0.04543010405429262	0.0626531608295276	-0.05404358753383258	1.219876743837915e-34	1.8912817733921162e-34	-0.06265109832076415	-0.045428037691062205
RANGRF	0.05404337460634539	1.2206074180013296e-34	1.8909487498084116e-34	0.04542782458056143	0.06265088560777826	-0.05404191502587783	1.2256277796032095e-34	1.898726227115739e-34	-0.06264942749765821	-0.045426363745589095
COA7	0.05392829474929398	1.686461628427468e-34	2.6106217158319937e-34	0.04531264592581676	0.06253592156674331	-0.05392685361194428	1.693295686648e-34	2.6212007533250775e-34	-0.06253448187830166	-0.045311203552682394
GRASP	0.05383788373847713	2.173058564819858e-34	3.3586685700461483e-34	0.04522215745653343	0.06244560138506833	-0.053834890388606206	2.1913580278010164e-34	3.3869521295224365e-34	-0.06244261103997966	-0.0452191615445666
FBXL15	0.05330877676107701	9.49925213801342e-34	1.4659339719156511e-33	0.04469260000834351	0.06191702313474212	-0.05330665203571082	9.555408293482943e-34	1.4746000452905776e-33	-0.06191490052284145	-0.044690473483791154
ARL2BP	0.053234438735236034	1.1673210111150861e-33	1.800032399560657e-33	0.04461819908058104	0.06184275900668128	-0.0532330840130034	1.1717101655981927e-33	1.806800563759742e-33	-0.06184140563026358	-0.044616843212922384
TSFM	0.05257968586761716	7.081595720152618e-33	1.0886388501387577e-32	0.043962896315097075	0.061188652897346756	-0.05257959120200567	7.083430428499459e-33	1.0889208960029914e-32	-0.061188558324710374	-0.04396280157051624
TPST2	0.05255512336292342	7.573821590969705e-33	1.163413454834056e-32	0.04393831332574282	0.06116411451134512	-0.05255310240785066	7.615802361927174e-33	1.1698621139673077e-32	-0.06116209554024807	-0.043936290685696676
EAF1	0.052534903651193135	8.00440311590865e-33	1.2286113761947277e-32	0.04391807675898905	0.06114391464617339	-0.052533255527797425	8.040553325014581e-33	1.2341601419822842e-32	-0.06114226814017427	-0.04391642726203981
SLTM	0.052096578335646786	2.6402656244639565e-32	4.046384098795336e-32	0.043479387796385736	0.060706017833250074	-0.052094511061184165	2.6551064995309117e-32	4.069128734913275e-32	-0.060703952571883345	-0.043477318814726926
HAX1	0.05196823619634077	3.737621262534796e-32	5.719389843205503e-32	0.04335093980974879	0.06057780053275576	-0.051967222544399796	3.747882881419765e-32	5.735092396969802e-32	-0.06057678786566643	-0.04334992532295478
STX18	0.05195371595332962	3.887315296456018e-32	5.943907181125409e-32	0.043336407609428355	0.06056329439574109	-0.051952431652629145	3.9008386803780246e-32	5.964585138192698e-32	-0.06056201134252656	-0.04333512225129158
CCDC130	0.051848123356379325	5.170459756037259e-32	7.899862117703987e-32	0.043230728167460014	0.06045780426956255	-0.051846476734229416	5.193486036266172e-32	7.935043600101104e-32	-0.06045615924382977	-0.043229080192566716
NEMP2	0.051773985323813165	6.314762589355286e-32	9.640858915046239e-32	0.043156529275027306	0.06038373806823141	-0.05177318403737459	6.328412678441201e-32	9.661698745711757e-32	-0.06038293755762945	-0.04315572733133245
SLC5A11	0.05150301105735821	1.3081661162687096e-31	1.9956767601353313e-31	0.04288533337466148	0.06011302553816734	-0.05150232694209235	1.3105674331503253e-31	1.999340096339169e-31	-0.0601123420820915	-0.04288464870145463
PPM1F	0.05132216962943582	2.122464672470712e-31	3.2330002627124324e-31	0.04270434474040035	0.05993235808185722	-0.05132129992234658	2.1274016318285035e-31	3.240520383592542e-31	-0.059931489210073595	-0.042703474326729364
TRNP1	0.05105089139453732	4.372695253723975e-31	6.6303188077694845e-31	0.04243284674352363	0.05966133976204447	-0.05104983026151094	4.38504298779995e-31	6.649041679757317e-31	-0.05966027964321055	-0.04243178475337446
APBA3	0.05092753210882418	6.06663400657255e-31	9.191869706928106e-31	0.04230938794567152	0.05953809824854443	-0.050927073524810636	6.0740138332427e-31	9.20305126248894e-31	-0.05953764010185542	-0.04230892899221594
RBM42	0.05089049394454251	6.692305196401811e-31	1.0132180463893733e-30	0.04227231995461563	0.059501095393691424	-0.050890421374946315	6.693591891585238e-31	1.013412852624563e-30	-0.05950102289325445	-0.04227224732660255
WEE1	0.05085543898252002	7.343326255228137e-31	1.1109419448151492e-30	0.0422372367847427	0.059466073828663576	-0.050852637043911804	7.397997382599668e-31	1.1192129171860313e-30	-0.05946327455855801	-0.04223443259240189
RAD1	0.05080412300575887	8.41128124133133e-31	1.2705862902313186e-30	0.04218587955362711	0.059414806702600555	-0.050802828716423026	8.440121768945019e-31	1.2749428653995495e-30	-0.059413513644787606	-0.04218458422436456
FTSJ1	0.05053396804095516	1.7152771939339693e-30	2.587145088889848e-30	0.04191550815466914	0.05914490816517096	-0.050532849665511706	1.7203311352097035e-30	2.594767926409809e-30	-0.05914379084865745	-0.04191438888586477
SHPRH	0.050314737923984935	3.049768753515205e-30	4.5930252311975975e-30	0.04169610332965818	0.058925885213072265	-0.0503141654984157	3.0543450051219466e-30	4.599917176388474e-30	-0.0589253133273402	-0.04169553044900173
ACE	0.050246246641225574	3.648624605394958e-30	5.4866535419473046e-30	0.041627557635492196	0.058857458482239375	-0.05024539718833778	3.656740966942015e-30	5.498858596905286e-30	-0.05885660982943918	-0.041626707508284434
PDZD4	0.04986134727841611	9.947954937242147e-30	1.4948091566103902e-29	0.04124235400681913	0.058472920375726135	-0.04985942619404281	9.997689368914992e-30	1.5022823995364376e-29	-0.058471001088022174	-0.04124043141024001
FBXO31	0.04981597544697684	1.119087103479334e-29	1.679050417823457e-29	0.0411969464774175	0.058427590960702415	-0.04981481666913764	1.1224554878650205e-29	1.6841042578619964e-29	-0.058426433265695896	-0.04119578678833333
GCN1	0.04980339191301698	1.1562087625403255e-29	1.733446420600188e-29	0.04118435304920434	0.058415019184324235	-0.04980335990281593	1.1563047343211188e-29	1.7335903063285139e-29	-0.05841498720402885	-0.04118432101383762
ZNF136	0.049277760314701394	4.486054383200146e-29	6.690610564056892e-29	0.040658310600583954	0.05788987627639854	-0.0492762772086932	4.5031580749510295e-29	6.716119425728605e-29	-0.05788839454252139	-0.040656826342093215
COMMD5	0.048913922474701374	1.1371556525166726e-28	1.6921959114831438e-28	0.040294191171820884	0.05752637391256866	-0.048912508024585834	1.1412598436374869e-28	1.69830333874626e-28	-0.05752496076218884	-0.04029277563147277
C1orf122	0.04887226021369341	1.2644063353487858e-28	1.8801581194777485e-28	0.04025249681279494	0.05748474992047631	-0.04887126016679365	1.2676283866104324e-28	1.8849492737701597e-28	-0.057483750791802735	-0.04025149599579408
FAM114A2	0.04880176963784262	1.51265837930085e-28	2.245966413215813e-28	0.04018195199697648	0.057414324025633116	-0.04880082690268251	1.5162866757197067e-28	2.2513536387820442e-28	-0.05741338215493064	-0.04018100853699782
R3HCC1	0.04878487405057653	1.579009923381177e-28	2.3427446934438825e-28	0.04016504342192934	0.057397443928748924	-0.04878430180295248	1.5813070719697587e-28	2.346152925771155e-28	-0.057396872205692465	-0.04016447073450013
THOC7	0.04875915466501099	1.6855960278062565e-28	2.4990304341086085e-28	0.040139304275131675	0.057371748114035115	-0.04875683733891956	1.695542953176171e-28	2.5137775436266438e-28	-0.0573694329111257	-0.04013698516910777
B4GALNT4	0.048437969250671044	3.7999241133705694e-28	5.612886430384888e-28	0.03981787304465388	0.057050856093044895	-0.04843778110519749	3.8017279952465145e-28	5.615550953096771e-28	-0.05705066811891512	-0.03981768475570785
BLOC1S2	0.0482996370332292	5.384020908921209e-28	7.94689433051101e-28	0.03967943550564691	0.056912649689706295	-0.04829857247836479	5.398457305369608e-28	7.968202664752189e-28	-0.0569115861017819	-0.03967837014154889
LMF2	0.04788856406567729	1.5075815524668105e-27	2.2219330176371563e-27	0.039268051513629026	0.056501948647852566	-0.0478887628329177	1.5068343283336881e-27	2.220831729305362e-27	-0.056502147235959144	-0.03926825043055377
TUBG2	0.04752242748417119	3.74443523579896e-27	5.514632158761355e-27	0.03890164036784055	0.05613614088055161	-0.047522254392146884	3.746039917113798e-27	5.51699545966686e-27	-0.05613596794342818	-0.03890146714656351
ZBTB40	0.04745926131696516	4.3777071382040226e-27	6.4378046150059155e-27	0.03883842706706955	0.056073031206727256	-0.04745854455502438	4.385470767452694e-27	6.449221716842196e-27	-0.05607231508543574	-0.038837709770688615
NOC4L	0.04729814680345998	6.515235078542311e-27	9.553130613698403e-27	0.03867719264498755	0.05591206047614225	-0.047296983840173584	6.533929564234229e-27	9.580541883041391e-27	-0.055910898549087706	-0.03867602881780406
FAM104B	0.046934768759388394	1.5895270004770017e-26	2.3221723893016824e-26	0.038313545806800284	0.055549005076463716	-0.04693277061122538	1.5973115773699125e-26	2.333545036332962e-26	-0.05554700869616478	-0.03831154618690122
IQCH-AS1	0.04655297033889107	4.027705773796356e-26	5.871291215446582e-26	0.03793146742648903	0.055167543201813586	-0.04655247158436318	4.03258088671416e-26	5.878397794043964e-26	-0.05516704488528078	-0.03793096830789004
TADA3	0.04606815254557845	1.2974831793817535e-25	1.8872482609189142e-25	0.03744629776560216	0.05468314913927278	-0.046067682606636635	1.298947620228904e-25	1.8893783566965876e-25	-0.05468267960909047	-0.03744582748756332
DNAJB6	0.04603547208048384	1.4033264776395926e-25	2.0397187174994079e-25	0.03741359372814409	0.0546504970910262	-0.04603327709245215	1.410734559591067e-25	2.0504862784753884e-25	-0.05464830401095578	-0.03741139715753318
ZNF10	0.04585898122584456	2.141266548948663e-25	3.110045822728632e-25	0.03723697589015175	0.05447415938313905	-0.045856737516265775	2.1527778586432305e-25	3.1267652267875533e-25	-0.054471917617039525	-0.03723473056971447
CPNE1	0.04585491648373782	2.162165699666728e-25	3.1381214799226827e-25	0.037232908229850606	0.05447009816180827	-0.04585408329424247	2.166474499330877e-25	3.1443751804512005e-25	-0.0544692656939652	-0.03723207444222001
AC010148.1	0.045502680996157965	5.0006132161094e-25	7.242017691686315e-25	0.03688042094748843	0.054118166689063135	-0.04550067523226061	5.024453636848385e-25	7.276544007021557e-25	-0.05411616265021388	-0.036878413755918486
NBPF1	0.04545218631564591	5.63632994975913e-25	8.156772720346065e-25	0.03682989034679167	0.054067715415150826	-0.04545193818074485	5.63964371401313e-25	8.161568327081231e-25	-0.054067467493444654	-0.036829642035484805
PRDM11	0.045176389003288235	1.0810936590814304e-24	1.5634037007685182e-24	0.03655389761976247	0.05379215440940423	-0.045175744665341966	1.082735020973118e-24	1.5657773260638005e-24	-0.05379151062199835	-0.036553252826814174
VPS4A	0.04463074996851051	3.8768704913618455e-24	5.594329713364857e-24	0.03600787585073877	0.05324697901877138	-0.04462995639084686	3.884034566052639e-24	5.604667483481442e-24	-0.05324618611169139	-0.03600708172017554
PPDPF	0.044272544202339344	8.891304008137043e-24	1.278404602176426e-23	0.03564942162321437	0.052889074836849494	-0.04427049736616243	8.933406184113981e-24	1.2844581141788614e-23	-0.052887029717605	-0.0356473733736711
FBXL19	0.04408189693936595	1.3792943491282375e-23	1.9774829378182615e-23	0.03545864302676367	0.05269858718294039	-0.04408180297035974	1.3795922551676428e-23	1.9779100432511007e-23	-0.05269849329245002	-0.03545854899317888
LTB4R	0.04389006868366725	2.141463217287444e-23	3.067998878635307e-23	0.035266683258375266	0.052506918892123146	-0.043889106645840274	2.1461827599963877e-23	3.074760401140957e-23	-0.05250595765493606	-0.03526572056260262
ALDH5A1	0.04364315104861441	3.7620274430439326e-23	5.378166466109982e-23	0.03501959727937135	0.05226020622626144	-0.04364145629998716	3.776564115724592e-23	5.398947985310354e-23	-0.05225851288083008	-0.03501790137893815
AC116049.2	0.04348415194028438	5.398586307294196e-23	7.701264347067328e-23	0.03486049032635129	0.0521013385481866	-0.04348333195437886	5.408633212885353e-23	7.715596594700932e-23	-0.05210051923895917	-0.03485966978540509
C8orf76	0.04344297495261447	5.926667754286069e-23	8.448564154363605e-23	0.034819285480736234	0.052060195526722856	-0.04344153472187269	5.946035758585108e-23	8.476173568902505e-23	-0.05205875648347378	-0.03481784427614912
SAMM50	0.04333876581991176	7.502649105646975e-23	1.0687534338528454e-22	0.0347150059772093	0.051956072223690225	-0.04333857117526817	7.505950250080634e-23	1.0692236823476686e-22	-0.05195587773918632	-0.03471481120130088
GGA1	0.043297617374412324	8.233482788861933e-23	1.1720260197668232e-22	0.03467382979651033	0.05191495761764967	-0.043296872704061254	8.247338075378415e-23	1.1739983025449702e-22	-0.05191421355942787	-0.0346730846245004
CREB1	0.04298121478235388	1.6777615561700616e-22	2.3831840286506556e-22	0.03435721491838142	0.05159881425130822	-0.042979752976301	1.6832682757238538e-22	2.3910060734713833e-22	-0.05159735363889119	-0.034355752135566714
RAC3	0.04262859865125374	3.6866214942147353e-22	5.225544286626131e-22	0.03400436424380993	0.05124648498029228	-0.042630786259719	3.668731972721746e-22	5.200187062681426e-22	-0.0512486708157086	-0.03400655330074046
TRIOBP	0.04261401403319477	3.8081157490274074e-22	5.390114294447852e-22	0.03398976997105883	0.051231912180904546	-0.042616161839693446	3.7899781868567366e-22	5.364441878070399e-22	-0.05123405824715482	-0.033991919199126586
PCDHB16	0.04260241639637319	3.907548567958031e-22	5.526942811821826e-22	0.03397816465948538	0.051220323939629143	-0.042599809841352254	3.9302471807274326e-22	5.559048346149127e-22	-0.05121771949592661	-0.03397555637989324
HIRA	0.042361048432649664	6.67108054579439e-22	9.422430149427106e-22	0.033736637498068656	0.05097915098762784	-0.04235981047933872	6.689354905179667e-22	9.448241391496705e-22	-0.05097791403192259	-0.033735398730844475
HMGN1	0.04234884592714648	6.8533883051611975e-22	9.67309570241524e-22	0.033724426970979625	0.05096695831436948	-0.04234740378565265	6.875257287466699e-22	9.70396229705956e-22	-0.05096551733472039	-0.03372298388163243
SIGMAR1	0.04229737548557842	7.6781798147834985e-22	1.0829590711965442e-21	0.033672922722516735	0.05091552931715847	-0.04229649907904313	7.693042260577589e-22	1.0850553258924669e-21	-0.05091465361591604	-0.03367204574073538
DDX51	0.04226916663575405	8.171119342557115e-22	1.1516729164985364e-21	0.03364469536394444	0.050887343161906115	-0.04226885449775132	8.176745369246192e-22	1.1524658730438607e-21	-0.050887031274947724	-0.033644383021214745
YIF1A	0.04200509449100623	1.4601408189451788e-21	2.055089118853172e-21	0.03338045062012793	0.05062348280253431	-0.0420035392297612	1.4651259673890275e-21	2.062105513566541e-21	-0.05062192878504209	-0.03337889434592687
DPH5	0.04197655223087214	1.5543589637191754e-21	2.186158880055099e-21	0.0333518897768153	0.0505949633611914	-0.04197642777593305	1.5547826839333979e-21	2.186754829723485e-21	-0.05059483900572	-0.03335176524087744
ZNF358	0.041756877052618484	2.511619910931788e-21	3.530035011850721e-21	0.0331320720447556	0.050375463337110765	-0.0417555038392187	2.519145671945216e-21	3.540612328805644e-21	-0.050374091216000116	-0.03313069794286079
SLC25A25	0.04166642487351382	3.058101897559685e-21	4.289062969929432e-21	0.03304156141104146	0.05028508303647861	-0.04166551358261308	3.0641668032664696e-21	4.297569149041332e-21	-0.050284172469023454	-0.03304064953193991
MFN2	0.041598564137345716	3.543856972948777e-21	4.9633851161747584e-21	0.032973656912836075	0.05021727613365134	-0.041598264708279646	3.5461610821378675e-21	4.966612159856958e-21	-0.05021697694194372	-0.03297335729085061
PAQR3	0.041422712247946074	5.1869108710663164e-21	7.254420798694149e-21	0.03279769199057452	0.05004156337632726	-0.04142185394859786	5.196543180485133e-21	7.267892560119068e-21	-0.050040705754747596	-0.03279683314084584
MAPK8IP2	0.040667646408095	2.6146111679011478e-20	3.638985619904172e-20	0.0320421468915692	0.0492870888723643	-0.04066622487283536	2.622513332462557e-20	3.649983761256168e-20	-0.04928566844111423	-0.03204072446332252
ATMIN	0.04047975163099396	3.892671400943722e-20	5.4102451715687585e-20	0.03185413438470268	0.04909933971806527	-0.04047906933020922	3.8982882312786695e-20	5.418051746044016e-20	-0.049098657944969426	-0.031853451657519134
SMURF1	0.040286616304622436	5.849110813872813e-20	8.118127430774202e-20	0.03166087868118132	0.0489063534411743	-0.04028318143070524	5.891521082189636e-20	8.176989704635165e-20	-0.04890292121224793	-0.03165744167221727
TMEM69	0.04026688878476417	6.096862235024662e-20	8.456119604749879e-20	0.031641138901881805	0.048886641109525564	-0.04026641841829165	6.102894285716064e-20	8.464485833170685e-20	-0.04888617110510604	-0.03164066824318756
FAM136A	0.04020742048836088	6.908193858390745e-20	9.574766262495835e-20	0.03158163369030228	0.04882721855710898	-0.04020681984383843	6.91691016669625e-20	9.58684707788808e-20	-0.048826618374300856	-0.03158103267323932
CCNT1	0.04013910297000066	7.972589648999204e-20	1.1034726157784366e-19	0.03151327383904879	0.04875895351438695	-0.040137409798774316	8.000930770274315e-20	1.1073952623217045e-19	-0.048757261642686366	-0.0315115796196751
KRR1	0.03998377702266268	1.103340088072077e-19	1.523950397889609e-19	0.03135785194442712	0.04860374657538792	-0.03998173123261846	1.1080627813482838e-19	1.5304734549009446e-19	-0.04860170235001888	-0.03135580489344944
AGAP4	0.03996185685578981	1.1549950479793692e-19	1.5941960634635874e-19	0.03133591827071036	0.048581843169889144	-0.039961344367288675	1.156230888470964e-19	1.595901847440944e-19	-0.04858133107316593	-0.03133540546652169
MMP24	0.03995375849721824	1.1746774008884772e-19	1.6202446908806583e-19	0.031327814924165955	0.048573751001673965	-0.03995242162185404	1.177958281912586e-19	1.62477004401736e-19	-0.0485724151481037	-0.03132647722549728
VBP1	0.03980601728835008	1.5978688186513056e-19	2.202438068437361e-19	0.031179982916994666	0.048426122527026876	-0.03980483522830855	1.6017998964705324e-19	2.2078565078849513e-19	-0.04842494136743989	-0.031178800132008425
NUP54	0.0395913468572985	2.4936259238875735e-19	3.4253103350104033e-19	0.030965181227074402	0.04821161522948233	-0.03959034661346573	2.498788671490161e-19	3.4324020212776934e-19	-0.04821061574389913	-0.030964180373513832
ZNF484	0.039548271067840306	2.7257964699826536e-19	3.741656101554775e-19	0.030922079195180946	0.0481685720786244	-0.03954585796782195	2.739416395197838e-19	3.760351949482275e-19	-0.048166160806069114	-0.03091966462601381
R3HDM2	0.03946584422200747	3.2311678199768243e-19	4.432328971161625e-19	0.030839602223072724	0.04808620759850815	-0.039465066779743714	3.2363500786729745e-19	4.439437693652914e-19	-0.04808543074391391	-0.030838824308581866
HPF1	0.039319028164435575	4.370721134309358e-19	5.991392918861355e-19	0.03069269717314354	0.04793950233438829	-0.039317971645048015	4.380215294577185e-19	6.004407531976949e-19	-0.047938446610945984	-0.030691640014698762
DNAJC17	0.039189670991390514	5.698338910452939e-19	7.80060083566453e-19	0.03056326189926023	0.04781024247139019	-0.03918815188846173	5.71608734609226e-19	7.824897119907268e-19	-0.04780872450950442	-0.030561741880874817
WDCP	0.03892310546702693	9.816501921647407e-19	1.342886719787607e-18	0.03029653634535792	0.04754387656271143	-0.03892219280696403	9.83473735698967e-19	1.3453813073857278e-18	-0.047542964583981405	-0.030295623139500436
SAMD4B	0.038568074537049614	2.014200596975993e-18	2.746013083811851e-18	0.029941294184445865	0.047189109591155826	-0.038565996720164454	2.022652641811632e-18	2.7575359806566213e-18	-0.047187033312684486	-0.029939215137747114
RSPO4	0.03851124572611331	2.258431463698498e-18	3.0747875611960488e-18	0.02988443176469797	0.04713232282937794	-0.038511289215754106	2.2582338120527943e-18	3.07451846433328e-18	-0.04713236628686089	-0.029884475280037386
MRPL37	0.03848699444000291	2.3713517109568556e-18	3.2263288584447015e-18	0.029860166153267205	0.047108089470479085	-0.038487021119061555	2.371224473927779e-18	3.2261557468405156e-18	-0.04710811612982142	-0.029860192848079684
NUS1	0.03842587685553281	2.6812555512155523e-18	3.645486813345414e-18	0.029799012511528254	0.04704701702077853	-0.03842453520400881	2.688488881831628e-18	3.655321389302009e-18	-0.04704567635932877	-0.0297976700692005
CUTC	0.03835728921830596	3.0768144592730916e-18	4.17761637375844e-18	0.029730384486863704	0.046978479958134034	-0.03835626476368101	3.083139412189884e-18	4.186204225648179e-18	-0.04697745625829765	-0.029729359429610996
DUBR	0.037363032627196424	2.201393264608362e-17	2.9808981240465293e-17	0.02873555156857437	0.04598494738656251	-0.037359489029768184	2.2166861553814293e-17	3.001606168424413e-17	-0.045981406339082875	-0.02873200594764268
KEAP1	0.037052420458631725	4.028827909497701e-17	5.451729241539514e-17	0.02842476285538018	0.04567455790949061	-0.03705163147480375	4.034992357574669e-17	5.460070849221474e-17	-0.045673769489199996	-0.02842397342523626
ZNF543	0.037038009505544	4.142901681666736e-17	5.602301124633855e-17	0.028410343751936233	0.04566015724783578	-0.03703655794058886	4.1545670449545177e-17	5.618075787632884e-17	-0.04565870671930206	-0.028408891366223238
USP47	0.03687067216242575	5.724940376323139e-17	7.731182142232463e-17	0.028242912031281313	0.045492939144547204	-0.03686972504385372	5.73540683831793e-17	7.745316459578568e-17	-0.04549199269948977	-0.0282419643799163
PLEKHA4	0.03675610572964636	7.138089298091064e-17	9.6265533352543e-17	0.028128281262714785	0.04537845406989669	-0.036756016891105595	7.139308661268732e-17	9.628197789978059e-17	-0.04537836529435579	-0.028128192374374004
CAPNS1	0.0367221725686954	7.619107566467368e-17	1.0261424331942582e-16	0.02809432908985847	0.04534454496274121	-0.03672131336747339	7.631693162845588e-17	1.0278374630095067e-16	-0.04534368637031301	-0.028093469407505813
MARCKS	0.03667750266313266	8.301348469198859e-17	1.1172743565543552e-16	0.028049634187211552	0.045299906691507956	-0.03667188052058336	8.391374350466152e-17	1.1293908950829275e-16	-0.045294288528007494	-0.028044008900979987
ZNF548	0.03647979106372658	1.2118909380824418e-16	1.6277917234149655e-16	0.027851812363506877	0.04510233469401961	-0.036478379945164875	1.2151591989870668e-16	1.632181597027625e-16	-0.045100924569408396	-0.02785040046067492
IFT20	0.03643135657040826	1.329181894389464e-16	1.7841367709925691e-16	0.027803350970995344	0.04505393429688566	-0.03642813403094632	1.3373712173144191e-16	1.7951291507576097e-16	-0.045050714024542214	-0.0278001266432621
YY1AP1	0.03633251962852969	1.6043344122917027e-16	2.1520246979097286e-16	0.02770445926360648	0.044955166807159844	-0.03633160654772329	1.6071216481495153e-16	2.155763444868565e-16	-0.04495425436718427	-0.027703545677649693
TARBP2	0.03617123608404735	2.1785422559365137e-16	2.9163885621640074e-16	0.02754308671462925	0.04479399623372873	-0.03616992970883517	2.1839358172072652e-16	2.9236088583765266e-16	-0.04479269077173439	-0.027541779620328583
ATP23	0.03614660003084224	2.2825024381369077e-16	3.053514967407234e-16	0.027518437105585405	0.04476937739732685	-0.03614657511710869	2.282610006292331e-16	3.053658871294088e-16	-0.044769352500998866	-0.027518412178148547
SCFD1	0.035940610095170356	3.3663684879313773e-16	4.491485641002505e-16	0.02731233423585815	0.04456353100697489	-0.03593828360273356	3.3811324304656336e-16	4.511184029974161e-16	-0.04456120613158672	-0.02731000647211042
BNIP2	0.03585179029368946	3.9777183709448834e-16	5.3036244945931775e-16	0.02722346596523655	0.04447477287417907	-0.035849623915523494	3.9939212645536725e-16	5.32522835273823e-16	-0.044472607998455524	-0.02722129840657759
EMD	0.03562242035196923	6.10912651551568e-16	8.140075303818362e-16	0.02699397148676275	0.04424556155713581	-0.03562335530447764	6.098484307224316e-16	8.125895146201621e-16	-0.0442464958649047	-0.026994906945058846
NR2C1	0.035396336092697114	9.300658759068172e-16	1.2376126093237755e-15	0.026767765364793653	0.04401963276182243	-0.0353950769809265	9.3223866809893e-16	1.2405038830325084e-15	-0.044018374513394146	-0.026766505576817885
ZBTB18	0.0353815155305742	9.559603703309804e-16	1.2712238967167292e-15	0.026752936845034898	0.04400482236006455	-0.03537975891221134	9.590762257465778e-16	1.275367321471513e-15	-0.04400306694571541	-0.02675117928373893
YME1L1	0.03529597462464199	1.1199018384688223e-15	1.4872534375415967e-15	0.0266673500836518	0.04391934002336987	-0.03529353985122469	1.1249524121818161e-15	1.4939607067487599e-15	-0.043916906915176086	-0.026664914006890236
MGST3	0.0350250844078298	1.844148268276403e-15	2.4441991627255175e-15	0.026396315486795965	0.04364863445003569	-0.03502196148036905	1.8547423509303796e-15	2.4582403590859905e-15	-0.04364551364383315	-0.02639319090226293
MED20	0.034908243760117856	2.2841522728207672e-15	3.0233650202789773e-15	0.026279412956529778	0.04353187305205518	-0.034907505052578815	2.2872393914899123e-15	3.0274512130905524e-15	-0.04353113484481129	-0.026278673858498306
DYRK1B	0.034837243805174035	2.600442054506008e-15	3.4397381673359892e-15	0.02620837551301403	0.04346092113931488	-0.034835355802721873	2.609416189737525e-15	3.451608716584028e-15	-0.04345903441319445	-0.026206486514870245
RCE1	0.03479462946234428	2.810594843190248e-15	3.715260863437208e-15	0.026165738711304058	0.04341833558975578	-0.034793363809540505	2.8170855902377455e-15	3.723840833096822e-15	-0.043417070791637556	-0.026164472391948
SLC25A39	0.03449922794655797	4.804566899864081e-15	6.342662574077996e-15	0.025870182374239405	0.04312313280662861	-0.03449924423160226	4.804425476270803e-15	6.342475876265086e-15	-0.04312314908075857	-0.025870198667777185
PWP1	0.03439032648121366	5.848042941713701e-15	7.715096229173747e-15	0.025761224213723264	0.04301430422531988	-0.03438905344618303	5.861473389980948e-15	7.732814498655605e-15	-0.04301303204107798	-0.025759950517150455
INTS1	0.034344960860588386	6.345858627783906e-15	8.366326470380892e-15	0.025715835035803648	0.04296896890597155	-0.03434495603162364	6.34591377681317e-15	8.366399178395742e-15	-0.04296896408023034	-0.025715830204333226
MKKS	0.03424683426899831	7.569689199779651e-15	9.966674390756618e-15	0.02561765761110239	0.04287090773505545	-0.03424668550427371	7.571710441085418e-15	9.969335669631888e-15	-0.04287075906938565	-0.025617508769438673
MEA1	0.03423103806182336	7.787302577929736e-15	1.0246450760433863e-14	0.025601853236477685	0.04285512204363225	-0.034229972590637876	7.802200494339294e-15	1.0266053282025387e-14	-0.042854057281590544	-0.025600787214544216
ZNF385B	0.03385065213317214	1.535078940567967e-14	2.013218282712088e-14	0.02522127193141133	0.042474988042780375	-0.03384942942921791	1.538413099795341e-14	2.0175909505512667e-14	-0.04247376614459116	-0.02522004860347666
EHMT1	0.03369535799601843	2.0208813109433845e-14	2.6451326059468382e-14	0.025065898750076022	0.04231979603840902	-0.033695276830956425	2.0211710927203185e-14	2.6455119014663855e-14	-0.042319714926618276	-0.02506581754381029
RNF6	0.03368433317475068	2.060619605469167e-14	2.6953820869446267e-14	0.025054868333061524	0.04230877845204841	-0.03368191785279941	2.06942759351621e-14	2.706903327032322e-14	-0.0423063647148432	-0.025052451785472565
MRPL10	0.03367709319089189	2.0871327732757138e-14	2.7282781350009328e-14	0.025047624675627097	0.04230154321820144	-0.0336766258363802	2.0888557307312823e-14	2.7305303669689966e-14	-0.04230107617028083	-0.02504715708401036
MTA2	0.033372317477024696	3.5663757624580125e-14	4.6528059523261745e-14	0.024742695140197613	0.04199696664118488	-0.03337205089534387	3.5680400358862144e-14	4.654977215768056e-14	-0.04199670023298371	-0.0247424284246748
CARS	0.033342385116770304	3.758095381928027e-14	4.8997332228527085e-14	0.02471274775955412	0.04196705375193426	-0.03334137728244262	3.7647239945112725e-14	4.9083754817617634e-14	-0.04196604657293386	-0.024711739419753565
KLC2	0.033211829325576175	4.7198059762178536e-14	6.149584333834338e-14	0.024582126635127138	0.041836582706503894	-0.03321135873722768	4.7236765547650096e-14	6.15462743291858e-14	-0.04183611242308947	-0.024581655811817964
AC092279.1	0.032920890067110235	7.817893203646196e-14	1.0179548442247651e-13	0.02429104284366656	0.0415458312430348	-0.03291992592104942	7.830922358551983e-14	1.0196513487697894e-13	-0.04154486771688096	-0.024290078221069236
MRPL50	0.03271945362373007	1.1059527828497052e-13	1.439105768184392e-13	0.024089507187840496	0.04134452396670144	-0.032718038535571384	1.1086429675855763e-13	1.442606333878434e-13	-0.04134310978346251	-0.024088091405196913
TOE1	0.03255609480292645	1.4630133217186836e-13	1.9024880646536848e-13	0.02392606842384908	0.04118126938222764	-0.03255511717077206	1.4654590973168706e-13	1.9044302759153616e-13	-0.04118029237249646	-0.023925090314657813
ZMYM1	0.03255413558454279	1.467918806711323e-13	1.9076267793519468e-13	0.023924108249478885	0.041179311411191216	-0.032555688591234866	1.4640290679060865e-13	1.9038089309571996e-13	-0.04118086342915842	-0.023925662013943964
RANBP6	0.03243736375952681	1.79140770074437e-13	2.3265035074602207e-13	0.023807279566325956	0.04106261380997078	-0.03243504455269733	1.7984949114651973e-13	2.335707677227529e-13	-0.04106029607491787	-0.023804959232623504
ATP6V0E2	0.0323774485845174	1.9836107327086492e-13	2.574446116429136e-13	0.023747335309125598	0.041002736627558815	-0.03237771089052881	1.9827266549009786e-13	2.5732987085022435e-13	-0.04100299876737531	-0.023747597742322317
CHST10	0.03227134864186355	2.374885708491537e-13	3.0782705229961595e-13	0.02364118401892981	0.040896703811569686	-0.032270597844985566	2.3779082797697164e-13	3.0821883081914665e-13	-0.04089595348900906	-0.02364043285939372
FRS2	0.031686374950448105	6.342406276947876e-13	8.199620267547352e-13	0.023055930721018417	0.04031209672941259	-0.03168490567548552	6.357934753788727e-13	8.21969586785873e-13	-0.040310628367825195	-0.02305446075121727
ARHGAP1	0.0314682288415726	9.107749673813033e-13	1.1759521851275704e-12	0.022837681856650447	0.04009408582325457	-0.03146764697920868	9.116515348792777e-13	1.1770839701475503e-12	-0.04009350432041942	-0.022837099721306233
UBP1	0.03145942872550714	9.241210087415067e-13	1.1924142048277506e-12	0.022828877612642094	0.040085291144096424	-0.031458152564182794	9.260722706068965e-13	1.1949319620734149e-12	-0.04008401577110196	-0.022827600852809396
AC025048.2	0.03139783609116675	1.02305612145424e-12	1.3192213042607868e-12	0.02276725612401152	0.04002373652564174	-0.03139757368654817	1.0234990890520622e-12	1.3197925068369596e-12	-0.04002347428284311	-0.022766993596604577
EXOC4	0.031299082481868586	1.2037744024366545e-12	1.5512556732431115e-12	0.022668456388490077	0.03992504373189347	-0.03129411989620556	1.2136390081078948e-12	1.5639677939534727e-12	-0.03992008419790393	-0.02266349148933169
RNF144A	0.031054659424286722	1.796692658394103e-12	2.3123457636989744e-12	0.02242391988981377	0.03968077047383385	-0.03105060688042466	1.8086162809397448e-12	2.3276914812609327e-12	-0.03967672040496453	-0.022419865473797145
CNIH1	0.031039089336543903	1.8429292447971726e-12	2.3703270029545627e-12	0.022408342610704096	0.03966520989359656	-0.03103747763111485	1.8477814721441453e-12	2.376567809831698e-12	-0.03966359917207831	-0.022406730161114916
ROGDI	0.0310003783147996	1.9630025471800325e-12	2.523139520796957e-12	0.022369613727635726	0.03962652249168908	-0.0309991173556344	1.9670401425401938e-12	2.528329232056804e-12	-0.039625262301473174	-0.022368352187097686
UBE2F	0.030989523227069025	1.9980285045059764e-12	2.5665106030905286e-12	0.022358753636001573	0.03961567402263347	-0.030988022227259132	2.0029197504448353e-12	2.572793513737746e-12	-0.039614173937868466	-0.02235725194443142
TAF10	0.030869496385366662	2.42860467500378e-12	3.1175926508392553e-12	0.022238671600928895	0.03949572022936407	-0.030868559922500944	2.4322983619452994e-12	3.1223342258604614e-12	-0.039494784335452914	-0.022237734708417382
TUSC3	0.030557801780877837	4.017652264484738e-12	5.13766274230785e-12	0.02192683482925086	0.03918421416127059	-0.030552417774873285	4.052562814542925e-12	5.18230538944108e-12	-0.03917883339718731	-0.021921448382299393
SMIM26	0.030361369644547782	5.503585830815932e-12	7.033336525004386e-12	0.021730313960831006	0.03898789998059751	-0.03035969038166624	5.518365676362786e-12	7.0522245065339116e-12	-0.03898622172322678	-0.021728633942270176
FAM98B	0.03024861373598962	6.587414390694316e-12	8.413045198843316e-12	0.02161750741962459	0.03887521148006389	-0.030247297848010488	6.601223203969728e-12	8.430680975695693e-12	-0.038873896377456946	-0.021616190942047888
RNF139-AS1	0.030209764015666767	7.007266803883977e-12	8.943544101957853e-12	0.021578640304875246	0.03883638493415443	-0.03020828100501818	7.0238029146687404e-12	8.964649540100499e-12	-0.03883490280762674	-0.021577156630746056
IK	0.030095406170091595	8.401236206717685e-12	1.0709032768282582e-11	0.021464231408579098	0.03872209515347792	-0.03008999801546855	8.473491077368842e-12	1.0801135853879978e-11	-0.03871669021215701	-0.021458820845288724
PUS1	0.030057545224622062	8.920035703670418e-12	1.1363102807223462e-11	0.021426353611337087	0.03868425669281579	-0.030057123979321407	8.925980927386328e-12	1.1370676340619526e-11	-0.038683835697544564	-0.021425932178681027
SLC30A9	0.030035257980974308	9.239974681151672e-12	1.17631759148971e-11	0.021404056459302327	0.03866198267351831	-0.030034954440981285	9.244408757853617e-12	1.1768820824765903e-11	-0.03866167931357448	-0.02140375278442179
RAPGEF6	0.029362070498200298	2.6471723483878318e-11	3.355098033444654e-11	0.0207305737395473	0.03798919059283532	-0.029361669201389856	2.6488156555038684e-11	3.3571808054548397e-11	-0.037988789529397174	-0.020730172269078025
ALG9	0.029314952266154107	2.8471039147817358e-11	3.606211418342921e-11	0.020683435136387995	0.037942099743181246	-0.02931440047385539	2.8495306828425254e-11	3.6092852220931295e-11	-0.037941548271325315	-0.020682883105754536
UBIAD1	0.029308669242629794	2.8748565104076582e-11	3.6390588739337444e-11	0.02067714939935887	0.037935820368091525	-0.029307565459141528	2.879759274311114e-11	3.645264904191283e-11	-0.03793471722547938	-0.020676045139240363
SF3B4	0.02876515124585918	6.603393829551541e-11	8.342885444790323e-11	0.020133399251324315	0.037392615403332094	-0.028763829201854434	6.616643568781161e-11	8.359625481719724e-11	-0.03739129411452518	-0.020132076648864034
HYAL2	0.0285730953702605	8.827340031598042e-11	1.114563135302783e-10	0.01994126256440486	0.037200668920656446	-0.028571899748558564	8.843254142988161e-11	1.1165724928015355e-10	-0.0371994739779736	-0.01994006644161827
ZNF500	0.02853419237265447	9.359798643267604e-11	1.1810471474154705e-10	0.01990234327524356	0.03716178800423387	-0.028534017079683123	9.362267498389779e-11	1.181358674875682e-10	-0.03716161281069899	-0.019902167908923313
TRIM35	0.028529186565055008	9.430552326936202e-11	1.1892247574951073e-10	0.019897335373242755	0.03715678503601367	-0.02852809437157568	9.446059086579336e-11	1.1911802126833968e-10	-0.0371556934619876	-0.019896242722853466
TKT	0.028504709282456988	9.784121128911843e-11	1.2330335386152292e-10	0.019872847855726312	0.03713232163111911	-0.028504316101679226	9.789904984917177e-11	1.2337624429637273e-10	-0.03713192867317575	-0.019872454510628655
RMI2	0.028457831109614973	1.0497804783820418e-10	1.322141660430783e-10	0.019825950110178337	0.03708547000758065	-0.028457245417781114	1.0507035736370745e-10	1.323304248913192e-10	-0.03708488464721158	-0.019825364174045037
RHOA	0.02844559171216556	1.06923654170195e-10	1.345798038643109e-10	0.019813705608754825	0.03707323753563074	-0.02844276453795498	1.0737805587144349e-10	1.351517380383178e-10	-0.03707041196077133	-0.019810877255947153
PSMD13	0.02835179513587269	1.2305046199540196e-10	1.5478045534012823e-10	0.019719870004132018	0.036979493947047415	-0.028351084252701858	1.2318133337343035e-10	1.5494507342569854e-10	-0.036978783464890044	-0.019719158825746555
MED9	0.028237132001529677	1.4601678006187477e-10	1.8343816590687784e-10	0.019605159365556447	0.036864895382108444	-0.028236623803228545	1.4612735252774494e-10	1.8357707603988057e-10	-0.03686438746948017	-0.01960465095721772
FAM184A	0.02755475208645798	3.9876901217387976e-10	4.978389665092131e-10	0.018922501445151292	0.03618289503695012	-0.027552380341221754	4.001474891126897e-10	4.995599115014852e-10	-0.03618052459696813	-0.01892012874768863
ABCA7	0.02725857471848184	6.122378837986802e-10	7.629132508394769e-10	0.018626205917654983	0.03588687991475682	-0.02725786173516945	6.128668233405622e-10	7.636969761253111e-10	-0.035886167320189476	-0.01862549265172834
BOD1	0.027254567187261436	6.157812180183809e-10	7.668508319033385e-10	0.018622196798032578	0.03588287456847771	-0.027254231797853416	6.160786645258483e-10	7.672212509661872e-10	-0.03588253936191437	-0.018621861275704126
FRA10AC1	0.02721678747515453	6.501834307714118e-10	8.091890862120868e-10	0.01858440212541999	0.035845115440578064	-0.02721658310373022	6.503745364292342e-10	8.09426927727734e-10	-0.03584491118043816	-0.018584197673133098
NR2F2	0.026942197946438137	9.631492032142802e-10	1.197946770167015e-09	0.018309704602411183	0.03557067478123856	-0.02693921708304633	9.672463810683283e-10	1.2030427625227963e-09	-0.03556769552678854	-0.018306722573815538
HDAC7	0.026401155001315648	2.065944229536808e-09	2.5632062401201088e-09	0.017768452682285076	0.03502992135545952	-0.02640210800171883	2.0631958334116886e-09	2.5597963193693405e-09	-0.03503087385034139	-0.01776940604633155
DVL3	0.026259348675853715	2.517238750311007e-09	3.115394492959167e-09	0.017626592421702655	0.03488819007678601	-0.026259771305110365	2.5157607266212246e-09	3.113565255719337e-09	-0.03488861248289435	-0.017627015211187227
CLK2	0.02621025566300029	2.694806756236487e-09	3.333094318165105e-09	0.01757748081762995	0.034839122964071385	-0.026209906553325116	2.6961121449064335e-09	3.3347088990803137e-09	-0.034838774038428014	-0.017577131575898283
PEX26	0.02614459526881538	2.951471449988701e-09	3.648295982680718e-09	0.017511795623376444	0.03477349714549842	-0.026143539962318604	2.955785022098621e-09	3.653627963039086e-09	-0.03477244239409992	-0.017510739918896633
PAK2	0.026101462683704932	3.1328684926610304e-09	3.870127847635615e-09	0.017468646787550744	0.03473038723275309	-0.026100403048424665	3.1374587473822236e-09	3.875798329070073e-09	-0.03472932815405914	-0.017467586753444946
MT1G	0.026045229315821466	3.385730535012512e-09	4.179914240756187e-09	0.01741239228136454	0.034674183375353475	-0.02604291095506674	3.3965709717428497e-09	4.1932974959788265e-09	-0.03467186623007049	-0.017410073050303683
C8orf33	0.026041196848612957	3.4046076914911545e-09	4.200626392956391e-09	0.017408358300438884	0.03467015302222994	-0.026039596193882027	3.412129196937902e-09	4.209906473705e-09	-0.03466855320658986	-0.017406757044928285
RBM12B	0.025910319138197822	4.0761014360468946e-09	5.0229222871804e-09	0.01727743161342525	0.03453934377415037	-0.025909588378290566	4.0801904994164385e-09	5.02796118227534e-09	-0.03453861339567475	-0.017276700580886716
MARS	0.025766290528178696	4.964156274181396e-09	6.113492948499256e-09	0.01713334944769502	0.03439539016401106	-0.02576561100528898	4.9687624062809545e-09	6.119165524976545e-09	-0.03439471099412	-0.017132669672980758
SPRED3	0.02551083444897623	7.023523676744717e-09	8.617820462263457e-09	0.0168777992614137	0.03414006622747289	-0.02550947325271332	7.036461016010272e-09	8.633694498172113e-09	-0.034138705732314416	-0.016876437566722757
ATP6V1C2	0.025310387769702857	9.200525678601228e-09	1.1261353339781186e-08	0.016677279529617336	0.0339397224468453	-0.025307813580564442	9.23236117705538e-09	1.130031967815836e-08	-0.03393714957464806	-0.016674704406835477
DMAP1	0.0251299917699016	1.1710908691642396e-08	1.4307768713063404e-08	0.016496818378447953	0.033759418459806	-0.025129559636748337	1.171765572830515e-08	1.4316011885528589e-08	-0.03375898654639212	-0.01649638608990184
ZNF77	0.025078727719386303	1.2538229377646187e-08	1.5309193379299375e-08	0.016445535916164294	0.03370818045453201	-0.025078063477380782	1.2549313255568158e-08	1.532272680777553e-08	-0.03370751654970395	-0.01644487143589065
THG1L	0.025046535427712877	1.3086497961966453e-08	1.596888097860458e-08	0.016413332085667882	0.03367600449530461	-0.0250453921066084	1.3106392151720913e-08	1.5993156988067007e-08	-0.033674861753924035	-0.016412188355087218
LYRM2	0.02494690073726798	1.4935071030622564e-08	1.8213501256856785e-08	0.016313661796232864	0.033576420240192896	-0.024944933833852025	1.4974003645433153e-08	1.8260980055406285e-08	-0.03357445433070372	-0.016311694191778848
FAM3C	0.024733409838736668	1.978956530145617e-08	2.408954997134044e-08	0.01610009519613431	0.03336303683434943	-0.024731624179968565	1.9836013514165073e-08	2.4146090705009218e-08	-0.033361252071343	-0.01609830890751283
RTL5	0.024708492050367476	2.044737245202241e-08	2.4875148968397092e-08	0.01607516862352323	0.03333813154081819	-0.024707007489340238	2.048722644183414e-08	2.4923633140917444e-08	-0.03333664772387465	-0.016073683539483966
HAUS3	0.024657996227529264	2.184614269213895e-08	2.653490875637454e-08	0.016024655032353365	0.03328766100586545	-0.024657944017781316	2.1847635919084866e-08	2.6546337690261078e-08	-0.033287608822240924	-0.0160246028042568
AKR1E2	0.02465780902093851	2.1851497360874434e-08	2.653490875637454e-08	0.016024467759970868	0.0332874738929443	-0.024657006109276746	2.1874477490315157e-08	2.6562814195889688e-08	-0.0332866713830159	-0.01602366456614128
PAQR4	0.024109320576303026	4.446748690038821e-08	5.3932670588706134e-08	0.01547578915557417	0.032739257289486345	-0.024108984452641265	4.448664633859269e-08	5.3955908233587256e-08	-0.032738921330821666	-0.015475452916973192
CFAP57	0.024080814859862982	4.6121105202193835e-08	5.5904369942053134e-08	0.015447273698396656	0.03271076555906069	-0.024076547643824584	4.6373720833656655e-08	5.621057070746261e-08	-0.032706500435477626	-0.01544300502540902
POLR2H	0.024034461304623316	4.8938133031437314e-08	5.928302002596888e-08	0.015400904333589718	0.03266443471673148	-0.024033296007240804	4.901105755493872e-08	5.9371359848502385e-08	-0.03266326998985843	-0.015399738639243769
EARS2	0.02381457074647841	6.473675134191787e-08	7.832637790915653e-08	0.0151809392844213	0.03244465139810365	-0.023814603866150842	6.473403527727809e-08	7.832309168454699e-08	-0.03244468450168663	-0.015180972415250567
AL157392.3	0.02328599182447604	1.25579367960595e-07	1.5166590333405192e-07	0.014652184717627094	0.03191632684681353	-0.023285340363045182	1.2568087894911882e-07	1.5178850114627878e-07	-0.03191567569591306	-0.014651533042697356
ELMOD3	0.023239226631416504	1.3307160475083532e-07	1.6061750724301185e-07	0.014605404217174496	0.031869583926582006	-0.023239726216015413	1.3298932742519166e-07	1.6051819846130556e-07	-0.03187008327344358	-0.01460590396509995
GTF2H3	0.023189840497629365	1.4145273587412086e-07	1.7063056197119526e-07	0.014556001959129834	0.03182022127291236	-0.023190105089027857	1.4140650141100326e-07	1.7057479060434653e-07	-0.03182048573862584	-0.014556266636803419
ZKSCAN8	0.023122149429572768	1.537740262969378e-07	1.8538158685586233e-07	0.01448828885885449	0.031752562319460824	-0.023121771495110317	1.5384564920750654e-07	1.8546793153406453e-07	-0.031752184564079404	-0.014487910801603507
TRIAP1	0.022943343674007303	1.9152055622758459e-07	2.3046998342669625e-07	0.01430942528611326	0.03157384101412	-0.02294262735264981	1.9168843527362757e-07	2.3067200393938336e-07	-0.031573125029972254	-0.014308708734243144
ELF4	0.022693627023300154	2.595328250035673e-07	3.1175114114542617e-07	0.014059628813751703	0.03132424138136446	-0.022692043575822777	2.6003082581923026e-07	3.123493403233997e-07	-0.03132265867246074	-0.014058044863565588
GRPEL2	0.022666973831287095	2.680394329846418e-07	3.217760299935676e-07	0.014032967165727278	0.031297600615537734	-0.022666856840053543	2.680773588371141e-07	3.218215592282282e-07	-0.031297483678820515	-0.014032850137404063
XRN1	0.022635668735120053	2.783748460474772e-07	3.3398301865324194e-07	0.014001652153360794	0.03126631009869638	-0.02263454036724884	2.787544736527133e-07	3.3443848068711854e-07	-0.03126518225600977	-0.01400052342838412
THAP5	0.022596911296598677	2.917046608162882e-07	3.4976578035526164e-07	0.013962882461501324	0.031227570686748533	-0.022596367385071942	2.918960437431975e-07	3.4999525628680756e-07	-0.031227027028017412	-0.013962338378199239
VPS52	0.022433739346143875	3.5490058965354156e-07	4.2503064629166653e-07	0.013799659208221592	0.03106447434523928	-0.022433431823698315	3.550313294434874e-07	4.251872208904041e-07	-0.031064166964856397	-0.013799351589522448
CYP46A1	0.022376525639623737	3.8004157067291943e-07	4.548672300094787e-07	0.013742427622120653	0.03100728704098988	-0.022377013429650226	3.7982013317167635e-07	4.546021941013481e-07	-0.03100777460615592	-0.013742915564344963
KCNIP4	0.02225025486912205	4.417550798294126e-07	5.284151672600629e-07	0.013616117591550169	0.03088107434038337	-0.022248133444845584	4.4287026758585675e-07	5.297491239065273e-07	-0.030878953889364888	-0.013613995510034739
MAPK8IP1	0.022242637551825713	4.457719874559183e-07	5.329013597799382e-07	0.013608497914692683	0.03087346051736606	-0.02224081123968307	4.467402965389776e-07	5.340589319055321e-07	-0.030871635042855623	-0.013606671036975602
HYOU1	0.02205224968036087	5.584204379385479e-07	6.663728376354988e-07	0.013418051393906689	0.03068315965683095	-0.022049944243755483	5.599398184317167e-07	6.677874996204134e-07	-0.030680855270020232	-0.013415745250946194
ALDH18A1	0.02205114698901749	5.591466617376548e-07	6.66841576312051e-07	0.01341694836470189	0.030682057467616267	-0.022051695363727464	5.587853927527653e-07	6.668083445737056e-07	-0.030682605592617398	-0.013417496907429655
LRRC47	0.02201631307350235	5.825624740863429e-07	6.943533660147115e-07	0.013382103786993355	0.030647239403494807	-0.02201578498406723	5.829246351457444e-07	6.947850240116143e-07	-0.030646711554208946	-0.013381575536078523
MAF1	0.021849274496917356	7.086202985418021e-07	8.430937519831077e-07	0.013215014373524696	0.03048027654782294	-0.021849226540083196	7.086600095244058e-07	8.431409988392692e-07	-0.03048022861265912	-0.013214966402164489
TMEM53	0.02173201683507429	8.124012871881253e-07	9.654204244659838e-07	0.013097721313285578	0.030363071752781485	-0.02173019014705343	8.141284560418561e-07	9.674729127057113e-07	-0.03036124588646382	-0.013095894075693636
BPNT1	0.02149058090018114	1.0741135013785165e-06	1.2734007129561547e-06	0.012856213240688403	0.030121743924238973	-0.02148950478971158	1.0754442678653713e-06	1.2749783851397407e-06	-0.030120668293360575	-0.012855136810947005
LRWD1	0.021330902439581183	1.2899344318175265e-06	1.5274534420574617e-06	0.01269648762382774	0.029962136409096785	-0.021329016634636374	1.2927169447690337e-06	1.5307483064168545e-06	-0.02996025143938909	-0.012694601264599505
MRPS18A	0.02125645911983383	1.404270392581635e-06	1.6618584527593316e-06	0.012622022470071322	0.029887726014230745	-0.02125565109163159	1.405563339010612e-06	1.663388566876464e-06	-0.029886918342879366	-0.012621214205402171
GAR1	0.021131892063170798	1.6177062834643073e-06	1.9133131679057446e-06	0.012497419092461234	0.029763213837263325	-0.02113223135787966	1.6170846476542468e-06	1.912577939271729e-06	-0.029763552982855147	-0.01249775848573658
PSMC2	0.02099465872004054	1.888897905057674e-06	2.2327398404937045e-06	0.01236014604562603	0.029626040644025742	-0.020994107608359232	1.8900703439964216e-06	2.23412570212343e-06	-0.029625489773243342	-0.01235959477515582
XPNPEP1	0.020906901268442375	2.0846708305249114e-06	2.4612406499703794e-06	0.012272363375064554	0.029538321486426204	-0.02090662413618347	2.085318889447559e-06	2.462005772665359e-06	-0.029538044474886643	-0.012272086163376631
MUS81	0.02069096805390025	2.652850799622004e-06	3.1283617920070802e-06	0.012056368674173147	0.029322481930864737	-0.020691170577637766	2.6522540551653903e-06	3.127658083921451e-06	-0.02932268436713662	-0.012056571255201185
PPIE	0.020523125922184516	3.1943328627723073e-06	3.7624650916046025e-06	0.011888479306484975	0.029154712043094128	-0.020521948077576707	3.1984834654530313e-06	3.7673539051272456e-06	-0.029153534703745206	-0.01188730113211541
MRPL45	0.0204807991309592	3.346778972731001e-06	3.939704499977635e-06	0.01184614068005597	0.029112403393718917	-0.020481470451253724	3.3443075545789364e-06	3.936795237879854e-06	-0.02911307442651762	-0.011846812187820053
MARCH10	0.020341157330755096	3.9007672531817585e-06	4.58374530338632e-06	0.011706460053480132	0.028972821226597313	-0.02033584681594597	3.923481195480892e-06	4.610436187404104e-06	-0.028967512972963152	-0.01170114806877291
AC079447.1	0.020066674943197523	5.256336636828163e-06	6.169409198155121e-06	0.011431902330302123	0.028698455073730613	-0.020064616366322688	5.268033341517287e-06	6.183137724785549e-06	-0.028696397363684782	-0.011429843193340339
GOLGA7	0.02005126491006931	5.344502622872444e-06	6.269211287826913e-06	0.011416488106269558	0.028683051527709065	-0.020050508337586447	5.348867489559486e-06	6.274331366052183e-06	-0.028682295273612237	-0.011415731328135328
AC090518.1	0.02003924490313926	5.414254213620499e-06	6.34730857399824e-06	0.011404464833233742	0.028671036577952506	-0.02003828377096714	5.419869094897554e-06	6.353891084287871e-06	-0.028670075850049517	-0.011403503440008242
CAP1	0.019943657965600353	6.000813416554264e-06	7.030830013537509e-06	0.011308852011453279	0.028575489767890466	-0.01994100075132286	6.017957699905149e-06	7.050917047340538e-06	-0.028572833666860416	-0.011306194079877322
IRX3	0.01989506110820448	6.321874200496578e-06	7.394004912861495e-06	0.011260242054928359	0.02852691325101534	-0.01989326921800984	6.3340212229806955e-06	7.408211956702568e-06	-0.028525122110048273	-0.01125844968251556
UBTF	0.01986618775722898	6.520344753707723e-06	7.621677093755375e-06	0.011231360940559954	0.028498051965855264	-0.019865907713329647	6.52229860640284e-06	7.623960965988123e-06	-0.02849777203891233	-0.011231080821433672
SHKBP1	0.019558427326670416	9.041679123470061e-06	1.0550384041388636e-05	0.01092351865534398	0.0281904192503003	-0.01955638709045215	9.061153924293601e-06	1.0573108429747493e-05	-0.02818837985528729	-0.010921477881948013
C12orf76	0.01931979907398803	1.161268148833688e-05	1.3526711110468118e-05	0.010684828061583286	0.02795188889858254	-0.01931851824758237	1.162820192156272e-05	1.3544789658197693e-05	-0.027950608595003514	-0.01068354690321975
GFER	0.019291602371034413	1.1958972056361374e-05	1.3921969797859574e-05	0.01065662405731348	0.027923703698824468	-0.019291330457441965	1.1962358985639826e-05	1.3925912672456141e-05	-0.02792343189609574	-0.010656352073378016
FOXP4	0.019237400351051488	1.2652511810252869e-05	1.4712223035177755e-05	0.01060240804073014	0.027869523752678385	-0.01923558942680576	1.2676333338474784e-05	1.4739922486598586e-05	-0.02786771356505813	-0.01060059664972546
ZSCAN9	0.01893595165305156	1.7265884162333173e-05	2.0064943826069928e-05	0.010300882425902593	0.027568196894595973	-0.018933942158727807	1.730144129971541e-05	2.010626531053505e-05	-0.027566188207208506	-0.010298872424110622
NBPF12	0.018543524331695645	2.5705519859330654e-05	2.9838096180302558e-05	0.009908357326591266	0.027175925834587313	-0.01854220378970428	2.5739637483143715e-05	2.9877698761629385e-05	-0.027174605813936693	-0.009907036460063696
POLR3C	0.018511133056120073	2.6554922152882148e-05	3.0788315539573505e-05	0.009875958099236356	0.027143547338173524	-0.01850974950107448	2.6591791260403824e-05	3.083106233090298e-05	-0.027142164328571357	-0.009874574204943662
PHB	0.01833101666609793	3.178657858388691e-05	3.683265189326409e-05	0.009695797822905751	0.026963501678137	-0.018331740455060346	3.176371850798415e-05	3.6806162813423116e-05	-0.026964225183995202	-0.0096965217871013
GORAB	0.01801326489194184	4.3483859805930585e-05	5.0241316933484206e-05	0.009377969993720899	0.02664587331649452	-0.01801212235273805	4.353248985510381e-05	5.029750416534235e-05	-0.026644731217899686	-0.00937682718419428
MRM3	0.017968181899757803	4.544236466883036e-05	5.24738622041921e-05	0.009332876352093686	0.026600807693021346	-0.017968059585775475	4.544779030182628e-05	5.2480127369314415e-05	-0.026600685426114077	-0.009332754009266288
ZPR1	0.017965794633411653	4.554837068455331e-05	5.2565921159322915e-05	0.009330488522809858	0.026598421345417185	-0.01796464685058456	4.5599421157188905e-05	5.262483688077196e-05	-0.026597274004280504	-0.009329340469360884
SLC6A16	0.01792316411051012	4.748131368148267e-05	5.470197428742244e-05	0.009287847963850543	0.026555807212351453	-0.01792294658954474	4.749137301409289e-05	5.471356338029135e-05	-0.02655558977493426	-0.009287630391757009
USP33	0.017905093319139788	4.832392752515592e-05	5.5640676482620513e-05	0.00926977292774048	0.026537743359053335	-0.017903309702972596	4.8407859184330845e-05	5.573731627441663e-05	-0.02653596042737934	-0.009267988892916619
ZNF48	0.017838498154703543	5.1553165573574226e-05	5.932470146556297e-05	0.00920316216914462	0.026471173714392678	-0.01783783232941432	5.158646127512725e-05	5.9363016427073935e-05	-0.026470508143866207	-0.00920249618833033
WDR77	0.01776416043893283	5.539909974094697e-05	6.367712613901951e-05	0.009128807136710182	0.026396864394966836	-0.017764085364739196	5.5403117714208055e-05	6.368174449908971e-05	-0.026396789349402653	-0.009128732045076596
C9orf72	0.01740974760035143	7.77777690156067e-05	8.919468923808108e-05	0.008774313052020958	0.026042585627234206	-0.017408200479788742	7.789199830176558e-05	8.932568612587796e-05	-0.02604103908717797	-0.008772765581552312
RMDN2	0.017375521354191393	8.034219090390829e-05	9.208274029101236e-05	0.008740079074713846	0.02600837221369993	-0.017374775495717393	8.039895470045938e-05	9.214779908362106e-05	-0.026007626634649395	-0.008739333047988029
NOP58	0.01712737432123564	0.00010147030020008743	0.00011603236157814457	0.008491876594821843	0.02576031761494938	-0.017126035676187427	0.00010159734767133645	0.000116177641705359	-0.025758979465660463	-0.008490537653547103
HSDL1	0.017118373005749952	0.00010232748701012205	0.00011694569944013949	0.008482873288045976	0.02575131963245237	-0.01711809403422386	0.00010235416208252621	0.00011697618523717281	-0.02575104076420093	-0.008482594254827577
FGFR1OP	0.01706450126405685	0.00010760220243121719	0.00012290371494142456	0.008428989657995609	0.025697467809039278	-0.017065315092684153	0.0001075206439557769	0.00012281055848746648	-0.02569828133713822	-0.008429803665844655
NMB	0.017034043527977126	0.00011069685948110404	0.0001263662779464658	0.008398525222727401	0.025667021312085248	-0.017031479628948246	0.00011096116029582698	0.00012666799120528195	-0.025664458358422876	-0.008395960760499631
TUFM	0.0166994353729995	0.00015070180146564002	0.00017183785799958952	0.008063844525980988	0.02533253557547278	-0.016698749780205593	0.00015079624353670802	0.00017194554565189057	-0.025331850231522676	-0.008063158786539272
SMAD5	0.01622602722007677	0.00023100158514592715	0.0002630997552914888	0.007590337044904055	0.02485929731963965	-0.016223047950538923	0.0002316153150122491	0.0002637987642508532	-0.02485631910705248	-0.007587357162532944
ZDHHC12	0.016113918279744677	0.0002551798707521348	0.00029047224900641413	0.007478205149558387	0.02474722804640319	-0.016113878413339378	0.00025518887600011343	0.00029048249971555317	-0.024747188194065083	-0.007478165275028819
SYBU	0.015973032071393813	0.00028893308239693103	0.00032851970710282095	0.007337290401816466	0.02460639137961027	-0.015972739100484298	0.00028900743977436453	0.00032860425215959586	-0.024606098511364683	-0.007336997371917033
TSPAN31	0.015956678993865797	0.0002931111047284738	0.00033308080082781116	0.007320934033852845	0.024590044030319717	-0.015955684588918793	0.00029336698012606596	0.00033337156832507494	-0.024589049973548917	-0.00731993942896866
CLN5	0.015792724884323033	0.00033824452712137554	0.00038415051348253897	0.007156947190180893	0.024426147096242815	-0.015790887179764422	0.0003387854231810948	0.00038476481905859715	-0.02442431002991397	-0.007155109121349121
SLC4A2	0.015749716495850163	0.0003511175113676738	0.0003985442807805605	0.00711393029180457	0.024383153629179925	-0.01574962056159957	0.00035114673123057906	0.00039857744748079347	-0.02438305772817724	-0.007113834338607566
EPB41L2	0.015715125206323927	0.00036180210419678243	0.0004104391425941945	0.007079332181024826	0.02434857431764755	-0.01571224512086482	0.0003627052828505674	0.0004114637355083011	-0.02434569522854967	-0.007076451528557651
RPL4	0.01568368047535147	0.0003717778468958461	0.000421516833215245	0.00704788126722673	0.024317140457178487	-0.015682624289836647	0.0003721173401605695	0.00042190174621379765	-0.024316084636492676	-0.00704682487433582
TAF13	0.015358028758686169	0.0004913466343207168	0.0005551939370855557	0.006722166523927427	0.023991600315052198	-0.015356424253334045	0.0004920158914713134	0.0005559501598545914	-0.023989996354901587	-0.006720561712575839
GIN1	0.015345989937663763	0.0004963889419404557	0.0005605747509208986	0.006710125408034847	0.023979565583666186	-0.015345819305744371	0.0004964607544826927	0.0005606558492181736	-0.023979395009693164	-0.006709954743607172
MRFAP1	0.015319268448102587	0.0005077537870943677	0.000572762309187104	0.006683398833704762	0.023952853162562387	-0.015318408782736085	0.0005081234049464052	0.0005731792497985394	-0.023951993788735366	-0.006682539004959422
SMARCD3	0.015271979520091293	0.0005284626101050585	0.000595786482643809	0.006636100937432728	0.023905580252755566	-0.015272677076274107	0.0005281514978251579	0.0005954357359922862	-0.023906277572935355	-0.00663679862562504
CCDC174	0.015225042544725436	0.0005497933741971433	0.0006194854920531193	0.006589155098763182	0.02385865913819744	-0.015223893042943913	0.0005503256950955492	0.0006200852902485061	-0.023857510024375077	-0.006588005380394023
ATP6V1E1	0.01496107072457505	0.0006854624099736882	0.0007706154131238766	0.006325134140773278	0.02359477581014803	-0.014959678287534722	0.000686254187842983	0.0007715055512568668	-0.023593383836708913	-0.006323741447725825
NTPCR	0.014863818604854398	0.0007428520938736327	0.0008341966242264265	0.006227864221263029	0.023497555989293675	-0.014864847345202997	0.0007422223379451414	0.0008334894305953301	-0.023498584388836948	-0.006228893149043953
ANKRD16	0.014777726832818786	0.0007973478497040692	0.0008948909648754985	0.006141756828454085	0.023411492673344636	-0.014779115236857977	0.0007964403071978633	0.0008938723986508006	-0.023412880619487084	-0.006143145483393837
MUTYH	0.014685778284222397	0.0008596323708505237	0.0009631735247624916	0.006049791737843621	0.023319574375363212	-0.014686173422804736	0.000859355315373577	0.0009628630984577893	-0.023319969384259225	-0.006050186947200868
JMJD8	0.014544184722636893	0.0009644211316877751	0.001078770840814066	0.0059081729885403	0.023178027111884044	-0.014544355692973675	0.0009642877589051213	0.001078621654256288	-0.023178198026525872	-0.005908343989081666
THYN1	0.01431754573050824	0.0011570402224804009	0.0012913395340183045	0.005681494401183985	0.022951461505459753	-0.014316521229025115	0.0011579864888834484	0.001292395634914563	-0.02295043733369665	-0.005680469722729191
DGAT2	0.014314638868504934	0.0011597269692157142	0.001293616251216636	0.005678587037098648	0.022948555578937983	-0.014313255962408459	0.0011610071809022642	0.0012950442620214882	-0.02294717311783485	-0.005677203892193685
PSKH1	0.01427421048699821	0.0011976966394746274	0.0013344809353477744	0.005638151687814982	0.02290814019290166	-0.014273884731796244	0.0011980071944373077	0.001334826957590315	-0.02290781454229722	-0.005637825876584241
UBR4	0.014084268434384841	0.0013919438989615871	0.001549186309361811	0.005448177276975264	0.02271825881831592	-0.014082408849965759	0.0013939816466508562	0.0015514542533676752	-0.02271639982487213	-0.005446317378841717
ANGEL2	0.013922272315922147	0.0015801416125498591	0.0017576658649052937	0.005286154053658227	0.022556313958211872	-0.01392234273598112	0.0015800549420251673	0.0017575694572026332	-0.022556384356087165	-0.005286224485401227
FBXL6	0.01383269552435192	0.00169400243167114	0.0018832711858489607	0.0051965624689710235	0.022466765315734216	-0.013833272949202516	0.0016932449023693416	0.0018824290187541318	-0.02246734255957538	-0.0051971399887362005
FBXO41	0.013489429549114603	0.002203740921320446	0.002444526812335492	0.004853241088848236	0.022123605927544587	-0.013489852882065773	0.0022030337757976822	0.0024437424024378062	-0.022124029130300198	-0.004853664488873655
RPA3	0.013436182138095438	0.0022943635691234643	0.002543640320535991	0.004799985265825449	0.022070374868033368	-0.013435445916729415	0.002295640140356573	0.0025450555879784624	-0.022069638872407142	-0.0047992489284948365
KNOP1	0.013435255139945718	0.0022959710439286146	0.002544012237040016	0.004799058121662804	0.02206944815411779	-0.01343368742528001	0.002298691910265548	0.002547027047385649	-0.022067880920107558	-0.0047974901600977005
CTNNBL1	0.013343319856249699	0.0024606138652890712	0.002724932298216026	0.0047071084308516215	0.021977540985713393	-0.013344282925497778	0.0024588345481847762	0.0027229618473807045	-0.021978503761195745	-0.0047080716502647295
HJURP	0.013127216913903823	0.0028910109554304616	0.003198020968396528	0.004490972198248527	0.021761503556440395	-0.013131617248039584	0.002881601640393261	0.003187612434063342	-0.02176590256462733	-0.004495373202199767
COPE	0.012886059822840214	0.003451645851377839	0.003813973316439601	0.004249778910023121	0.02152041862179167	-0.012885950298027755	0.003451921533724088	0.003814277937816672	-0.021520309129521905	-0.0042496693689995065
ACOT8	0.012853802495962643	0.0035337116837601077	0.0039024977181227032	0.004217516817582781	0.021488170870460715	-0.012853185719741315	0.0035352979760662146	0.0039042495594325947	-0.02148755427715358	-0.004216899950416674
RAB30	0.012547360842821905	0.004406573176018605	0.004861084584686822	0.003911030788682909	0.02118181928807827	-0.012540896305769031	0.00442692808236913	0.004883538976689608	-0.021175356633648897	-0.0039045653329764134
AMZ1	0.012520879832847236	0.004490495533469287	0.004950932230947394	0.003884546020160075	0.021155345985413295	-0.012518651986688537	0.0044976215351153395	0.004958788903104012	-0.021153118787118032	-0.003882317858347426
TRAF7	0.012407620795203772	0.004866012562539544	0.0053619973140931615	0.00377127104396689	0.02104211977522502	-0.012408011131042061	0.004864671003098925	0.005360519011679256	-0.02104250999830715	-0.0037716614343551802
DUSP11	0.012358410579369476	0.005037850286862304	0.005548293267469497	0.0037220539720195997	0.020992923753652953	-0.012358265014437191	0.005038366623603055	0.005548861920267682	-0.020992778230645586	-0.003721908386868842
CHMP7	0.012016188473197244	0.006392612024679163	0.007036446917643548	0.003379785343683259	0.02065079920199681	-0.012016423638428066	0.006391578099171576	0.007035308859847635	-0.020651034300885288	-0.003380020540188014
OAS3	0.011770189996519215	0.007560293896132953	0.008312582623565644	0.003133754675666434	0.020404869600868302	-0.01177100762089646	0.007556115250904794	0.008307988181313682	-0.020405686998054808	-0.003134572405306154
DKC1	0.011489194542975182	0.009125226569745468	0.010016714127053203	0.0028527237303321747	0.020123951542984242	-0.011488897505761164	0.009127023508098651	0.010018686617012789	-0.020123654586862962	-0.0028524266563219767
IKZF5	0.011448605726760533	0.009373717269870588	0.010278198760823013	0.0028121299002103963	0.020083373793612583	-0.011448010900881286	0.00937740333013217	0.010282240493565974	-0.020082779129705547	-0.0028115350010643617
EFCAB10	0.01137765020739152	0.009822649013472294	0.010764546864079226	0.002741165684129725	0.02001243755246247	-0.0113744750664878	0.009843178456364997	0.010787044883687669	-0.0200092632721947	-0.0027379901560960185
LINC00205	0.011205155957508244	0.010994857231825616	0.012035968507745612	0.002568650655139664	0.01983998980574939	-0.011204646689714716	0.010998494581953537	0.01203995028128466	-0.019839480674490016	-0.002568141326759519
MINPP1	0.01112301051234203	0.011595571280600268	0.012679684287151742	0.002486495495217437	0.019757866325792666	-0.011123560814378488	0.011591452010277397	0.012675179890953962	-0.01975841648106925	-0.0024870458619463
HIP1R	0.010838207559852259	0.01390991112105333	0.015168932520232638	0.0022016597639144403	0.019473138625655407	-0.010837303636304788	0.013917863149453504	0.015177604306928575	-0.019472234938718358	-0.002200755738562707
SMAP1	0.010540907530813163	0.01675189865253158	0.01822839896902239	0.0019043270127147942	0.019175915656882658	-0.01054047829478978	0.01675634563865545	0.01823323790930952	-0.019175486531014037	-0.0019038977305517566
SFPQ	0.010408849173470933	0.018169908410203474	0.01976063992409296	0.0017722546102487248	0.019043891039574407	-0.010408519769101305	0.018173573010772215	0.019764625351573917	-0.019043561718988897	-0.0017719251712218654
RFK	0.010366714322749836	0.018643940496552793	0.02026515271364434	0.001730115341660093	0.019001766890659577	-0.010365865597863929	0.018653599091211427	0.020275651186099378	-0.01900091838102584	-0.0017292665280999493
SH3BP5L	0.010026059947586444	0.0228901597054545	0.024840108199082476	0.0013894263750937415	0.01866119791226409	-0.010025897382371097	0.022892371698720704	0.024842508625849923	-0.018661035387322965	-0.001389263793849483
RTN4IP1	0.009881907164076307	0.02492600760933047	0.027034715411421335	0.001245259557439034	0.01851708066223283	-0.009881189352921016	0.02493652531631681	0.027046122902729727	-0.018516363027119245	-0.0012445416772987861
NUDCD2	0.00982507673500386	0.02577069479745844	0.027922767844328983	0.0011884236942475525	0.0184602641431733	-0.009826069677038403	0.02575572654633147	0.027919486771091025	-0.0184612568426506	-0.0011894167307481595
ZNF25	0.009824942778501091	0.025772714720315653	0.027922767844328983	0.0011882897250017946	0.018460130219392308	-0.009824486404815532	0.02577959738228403	0.0279302246828646	-0.018459673957183575	-0.0011878333079047348
LIAS	0.009820264943315084	0.02584333746825218	0.027984122867625534	0.0011836114450180183	0.018455453526674447	-0.009820746462712327	0.025836060100678057	0.027976242664513328	-0.018455934928487606	-0.0011840930101836766
TPM3	0.009703875639928089	0.027655178312143328	0.029929846658163773	0.0010672111963311278	0.018339092527398584	-0.00970148319791426	0.027693542603266383	0.029971366453751494	-0.018336700664736742	-0.0010648185317858425
ZADH2	0.009471010647381062	0.031611010681215794	0.03417406560131437	0.0008343250076034893	0.01810628346189037	-0.009470410705706317	0.03162179849034688	0.0341857280976723	-0.018105683663093917	-0.0008337250125298857
DYNLL2	0.009363677250549875	0.033591944173291526	0.03629599586525287	0.0007269821563358859	0.017998975527986804	-0.009363906122517982	0.033587609693554704	0.03629131247277656	-0.01799920434587078	-0.000727211048252375
JARID2	0.009151406045066705	0.03782354475997826	0.040846160647924686	0.0005146928390346619	0.017786754094291715	-0.009150138018019758	0.03785012619940466	0.04087486630605254	-0.017785486362224538	-0.0005134247061336261
SLX4IP	0.009010344743489797	0.04087965434811817	0.044098872004442465	0.000373619932089468	0.017645725437394635	-0.009008767027845359	0.040914985507787965	0.04413698544529446	-0.01764414808492516	-0.0003720420885874704
ZNF470	0.008747390091369378	0.04713643291811363	0.05073889442208141	0.00011064456390965377	0.01738283072148074	-0.008747646090398286	0.04712997039606374	0.050731937993610046	-0.017383086662739515	-0.00011090058252572666
PDAP1	0.008670978005331608	0.04909900238586701	0.05282302569754385	3.422668198511171e-05	0.017306435828428512	-0.008671034003629346	0.04909753939262642	0.0528214517403189	-0.01730649181416336	-3.428268449340759e-05
FAM76A	0.007930789615336883	0.07190005629399827	0.07714598314806681	-0.0007060126304525578	0.016566408764548134	-0.007929706528368635	0.07193889381890677	0.07718765431213172	-0.01656532590670957	0.0007070957849984336
AC013652.1	0.007882072248348766	0.07366404123637188	0.07899629087010389	-0.0007547330170444232	0.016517701683800415	-0.007879481094715812	0.07375884562333429	0.07909795777301265	-0.016515111076118673	0.0007573243301340796
PRAG1	0.007861542190298713	0.0744179283538326	0.07976198108663729	-0.0007752643353101141	0.016497175948215176	-0.007861115413584582	0.07443366671697886	0.07977884964306416	-0.016496749261278768	0.0007756911381442233
TARS2	0.007577895294186658	0.08549349075172337	0.09158381440998754	-0.0010589278975195733	0.01621358802707434	-0.007577771771041776	0.08549858937517842	0.09158927624550446	-0.016213464529309347	0.0010590514276194673
MED31	0.007544441279428806	0.0868833671999537	0.09302287708774486	-0.0010923837862854542	0.016180140876373855	-0.007542543953939544	0.08696273664914723	0.0930580381478301	-0.01617824393959658	0.0010942812174786563
ZNF669	0.007543234725516737	0.08693383332754383	0.0930271089647339	-0.0010935904074243442	0.016178934569660082	-0.007542924137911472	0.08694682800028022	0.0930580381478301	-0.016178624045683813	0.0010939010123308737
PIAS2	0.006970257976302626	0.11370266886342593	0.12134756548924859	-0.0016665962400141151	0.01560607237101385	-0.006970039815535228	0.11371397571574869	0.12135963256750126	-0.015605854252781819	0.0016668144107748674
PML	0.006959198485933723	0.1142769770905351	0.1218954422299041	-0.0016776562359526975	0.01559501503590712	-0.0069584770430988745	0.11431452007769745	0.12193548808287728	-0.015594293733592926	0.0016783777116939171
ACTR3	0.006914108470167777	0.11664211909668543	0.12428568896823168	-0.0017227482910791867	0.015549933785376535	-0.006911498382166504	0.11678019658767512	0.12443281469118286	-0.015547324203686088	0.001725358496055815
SRRM1	0.0064106651629150255	0.1457315966241588	0.15470445501503058	-0.002226211983066665	0.015046585960067554	-0.006409021556919267	0.14583491945661287	0.15481413955054446	-0.015044942658626307	0.0022278556484424507
GATC	0.006339383402368042	0.15026432920216193	0.15943164902086146	-0.002297496275997585	0.01497531736492256	-0.006338439416272857	0.15032506942020982	0.1594960948755542	-0.0149743735525884	0.002298440295040285
ALG10B	0.00629085142453283	0.15341141043034254	0.1626844225136188	-0.0023460299277734916	0.014926794300503745	-0.006291138606026556	0.15339264171518247	0.16266451931620624	-0.014927081429373157	0.002345742736494118
RNF152	0.00607665057490273	0.16790249652447664	0.17795707103813105	-0.0025602376794141004	0.014712632305207925	-0.006074686708695541	0.16803995360817425	0.17810275952111737	-0.014710668791564874	0.002562201605234496
EXOSC4	0.006072255006037959	0.16821027307195258	0.1781888485931701	-0.0025646333816141463	0.01470823752536773	-0.00607261706076991	0.1681849061026045	0.1781619768036065	-0.014708599515121821	0.002564271315912234
LSM14B	0.005885305225379191	0.1816957967805939	0.19216900770025794	-0.0027515885242325386	0.014521320994161209	-0.005885763026194396	0.18166182150223087	0.19213307403726163	-0.014521778714292678	0.0027511307110244516
UTP15	0.00583921195075608	0.18514074891900456	0.195709036912267	-0.0027976830280890086	0.014475235824581538	-0.005839322134030126	0.1851324567485787	0.19570027140441723	-0.014475345988524704	0.0027975728419203146
LGALSL	0.00579430330154989	0.1885434032601283	0.19920063735882546	-0.002842592839637341	0.014430335036825722	-0.005794762544178549	0.18850837534310072	0.19916362952255753	-0.014430794199238263	0.002842133585298712
COQ10A	0.005791793484238862	0.18873491993442904	0.19929769792442348	-0.00284510272088043	0.014427825657841262	-0.005790147711057411	0.18886058183053844	0.19943039264048412	-0.014426180172026501	0.00284674853592525
RBM45	0.005719632138789537	0.1943028541457038	0.2047448410386763	-0.002917265857939343	0.01435567686846886	-0.005719732399462838	0.1942950353450772	0.20473660204960717	-0.014355777111759184	0.0029171655948391907
SYCE2	0.0056588056331951285	0.19908905727449022	0.2095674287099897	-0.002978093803854407	0.014294860876840055	-0.005658003162923157	0.19915277129743414	0.20963449610256227	-0.014294058544849405	0.0029788962927010357
PRKDC	0.005504895897451298	0.21158323376506127	0.22248499870143143	-0.0031320068985867095	0.014140977459275693	-0.005503769879032855	0.21167668465947953	0.22258326462616146	-0.014139851631896164	0.0031331329400719854
STAM	0.00538567426505907	0.22164397289172222	0.2327667848678936	-0.0032512308516608945	0.014021775932305212	-0.005386103371692035	0.22160715771036532	0.23270454653436928	-0.01402220496701421	0.003250801737115534
NACC1	0.005292971373306007	0.2297004184805309	0.24090237910910425	-0.0033439353782124463	0.013929088504237476	-0.005292789466490846	0.22971642942764614	0.24091917087325238	-0.013928906627620127	0.0033441172880895615
TIGD7	0.005243884037767583	0.2340497880092911	0.24533520755690894	-0.003393023519280535	0.013880009296813024	-0.0052434363291965	0.2340897238352061	0.24537706900965	-0.013879561662184153	0.0033934712350070246
DIRAS2	0.0051970055111225325	0.23825762118425198	0.24961510862677	-0.0034399027763515285	0.013833138493690573	-0.005194906174874337	0.23844729970950995	0.24981382892562592	-0.01383103950243295	0.003442002144421909
ANKRD13A	0.005041792648101769	0.25256968923875145	0.2644708787840329	-0.00359511778685572	0.013677950932079509	-0.0050407949865838185	0.252663580303525	0.2645691940351047	-0.01367695343184568	0.0035961154608309723
ZNF585A	0.005033193355122612	0.2533797771879701	0.2651803005630247	-0.0036037171866453595	0.013669353028716202	-0.00503282745796168	0.2534142862559079	0.26521641680367125	-0.013668987190654654	0.0036040830883227104
TMEM184C	0.0050068199939207955	0.25587553059323187	0.2675138975819058	-0.003630090867460077	0.013642983921393419	-0.005006960687843258	0.2558621713465892	0.2674983495521058	-0.013643124592654592	0.003629950171864455
THOP1	0.004858185940054805	0.2702601325846299	0.28196153634285853	-0.0037787264979171975	0.01349437361677394	-0.004859755537468936	0.27010538865792444	0.28180009249653043	-0.01349594296538578	0.003777156885847777
TEX261	0.004818465440678459	0.274196349428263	0.28591902964365273	-0.0038184473539972547	0.013454659399468723	-0.0048183239713980785	0.2742104383695403	0.2859337209275707	-0.013454517952513992	0.003818588824499372
DHRS12	0.0045044006637307375	0.3066964724517469	0.3188113019248929	-0.004132513991665843	0.013140643334579644	-0.00450400291633227	0.30673918711575987	0.31885570386253625	-0.013140245647792528	0.004132911740340517
ST3GAL5	0.0044372027417333764	0.31396887013064245	0.3262014235123558	-0.004199712090502774	0.013073455613879511	-0.004435658182009777	0.3141373506842621	0.3263764682433892	-0.01307191128771823	0.004201256653374011
AKR7A2	0.004410575069138575	0.3168817385361984	0.3290568416782953	-0.0042263398115929855	0.013046831962050434	-0.004409508412650906	0.316998790869774	0.32917839134971344	-0.013045765466372296	0.00422740646976815
C19orf44	0.004371644029734036	0.32117230564410726	0.33333918593057316	-0.004265270899856142	0.01300790677917492	-0.004371642161491156	0.32117251244836675	0.33333940056914035	-0.013007904911212457	0.004265272768100737
DBNDD1	0.004171875586804756	0.343782516125425	0.3566208673500259	-0.004465039181639928	0.012808167976330217	-0.00417017187234961	0.34397961630762974	0.3568253281199479	-0.012806464511694916	0.0044667428917560745
THAP1	0.004062849333104066	0.3565408299797529	0.36966389837195734	-0.004574065056612128	0.012699157608377398	-0.004062321800475508	0.3566032786624972	0.3697286455806088	-0.012698630152114303	0.004574592586909015
ZNF337	0.003992516242452125	0.3649275162761225	0.3779673912751139	-0.004644397793990296	0.012628834656726344	-0.0039924426262504704	0.3649363585091213	0.37797654946568754	-0.012628761051092218	0.00464447140977742
FAM149B1	0.003928527121064501	0.37266386404229956	0.3857803975593163	-0.004708386519732633	0.012564854685591549	-0.003927998526929345	0.37272819181948735	0.385846989461167	-0.01256432616674928	0.004708915110304933
MEN1	0.003891012578445092	0.37724629992653946	0.39012026879683503	-0.0047459007975108195	0.012527345474557675	-0.003891572794913898	0.3771776144867365	0.39004923938649066	-0.012527905611587007	0.0047453405851757766
MRPS12	0.0038765690964334522	0.3790198068642895	0.3915493872564974	-0.00476034417107422	0.012512904038780559	-0.0038771701982439296	0.3789458957609758	0.39147303281092544	-0.012513505055503693	0.004759743073848954
ING4	0.0038477210939683393	0.38257736040322465	0.39481667740270865	-0.004789191946148909	0.012484060112480414	-0.0038481007172346524	0.3825304125342366	0.39476822758951147	-0.012484439682200043	0.004788812325968266
NFYB	0.003686232884433147	0.4028676773617218	0.4151135263902337	-0.004950678617300706	0.012322594455483376	-0.0036873554626105274	0.40272444068801794	0.41496593579393914	-0.012323716878442328	0.00494955605137218
ZNF585B	0.0036761397910737184	0.4041568881043035	0.41622748517436	-0.004960771599553065	0.012312502756714343	-0.003675438351380648	0.4042465760344055	0.41631985173471214	-0.012311801413875736	0.004961473031459131
RHOH	0.003418587852220034	0.4378824752108684	0.45049637367373296	-0.005218320107852334	0.012054985809265397	-0.003419461841197028	0.4377653582628964	0.450375882986519	-0.01205585968143809	0.005217446132454293
PSME3	0.0033344030550617764	0.44924765794289845	0.46171393416536327	-0.005302503535206376	0.011970812201153692	-0.0033339521057348023	0.4493089845147674	0.46177696250233036	-0.011970361311433053	0.005302954476866136
MOGS	0.0032307460787457834	0.4634687528904633	0.47567659634643283	-0.005406158656709462	0.011867168833801884	-0.003230893931365756	0.4634482913941764	0.47557546577134574	-0.011867316667142672	0.005406010806867308
YTHDF3	0.0031451266025644934	0.4754019169506838	0.487591709693009	-0.00549177646087014	0.01178156045852637	-0.0031433394228417328	0.4756527870953623	0.4878490124054998	-0.011779773509169622	0.005493563604342778
UNG	0.00310039958219472	0.48170211703399524	0.49380022248487465	-0.005536502557435215	0.01173683918684827	-0.0030991458458284973	0.4818793690544505	0.4939819262475146	-0.011735585611124946	0.005537756267408515
ZNF268	0.003085091527405503	0.48386878049476323	0.4957671931298804	-0.005551810288110082	0.011721533091642486	-0.0030848325169869186	0.48390548559985	0.4958048008195185	-0.011721274114344996	0.005552069293009868
C16orf58	0.003030165912168364	0.4916861407182319	0.5035188333008007	-0.005606734707100725	0.01166661447411874	-0.0030305762186077336	0.49162749307509057	0.503458774270446	-0.011667024728476808	0.005606324409790766
NIPSNAP1	0.0030083877515270814	0.4948044104661643	0.50645282545155	-0.005628512378999437	0.011644839073665264	-0.0030084662410526483	0.4947931531279113	0.5064413030991928	-0.01164491755325769	0.0056284338912500325
SCYL2	0.00296632528750621	0.500856850383162	0.5123855246886567	-0.005670573875867821	0.011602781917498216	-0.0029649644854325024	0.5010533116248259	0.5125865080560879	-0.011601421286633575	0.005671934646141923
CENPC	0.0028691080634945126	0.5149943711553568	0.5263100369497771	-0.005767788747595008	0.011505576844381032	-0.0028685338985164318	0.5150784787972802	0.526395992639019	-0.011505002750681274	0.005768362898195554
SREK1	0.0026414975943204657	0.5488866336946323	0.5600884017292167	-0.00599539307091691	0.011277994185112218	-0.0026405199198878647	0.5490345542749762	0.5602393410969144	-0.011277016628203945	0.005996370717020539
NAPA	0.002475103021549835	0.5743411533019267	0.5854649880753585	-0.006161782584538975	0.011111619376618491	-0.0024765034679976325	0.574124605800751	0.5852442464839459	-0.01111301965871723	0.006160382182666729
TRMT44	0.0024214383572610902	0.5826681652044803	0.5933484370717722	-0.0062154455151849355	0.011057960984615173	-0.0024214359785188055	0.5826685355534723	0.5933488142092386	-0.011057958606149814	0.006215447893849272
KCNJ14	0.0022451687987321577	0.610408138721229	0.6209645358303448	-0.006391709029260114	0.010881711678335671	-0.0022444262690977474	0.6105262235555653	0.6210846628235659	-0.010880969232878153	0.006392451532297293
ANKFN1	0.0021630903998070754	0.6235219104926059	0.6336604781428922	-0.006473784430499795	0.010799642526579724	-0.0021571676570453853	0.6244728952307265	0.6346269260474863	-0.010793720446588913	0.0064797069524483025
KRI1	0.0020665750739268652	0.6390961035484686	0.6491580533757934	-0.006570296082556755	0.010703137925518384	-0.002066990525746752	0.6390287154275256	0.6490896042940839	-0.010703553331517885	0.006569880646895716
ZNF282	0.0020528596276660686	0.6413224794882162	0.6510888116631637	-0.006584010993686392	0.010689423990267155	-0.0020531634169091446	0.6412731314976845	0.6507084033462044	-0.010689727746077422	0.0065837072163313515
CBWD6	0.0020131988172726128	0.6477785831015258	0.6569762506100667	-0.006623670238363613	0.010649767530962822	-0.0020133533083313065	0.6477533827182902	0.6569506924120591	-0.010649922005125392	0.0066235157534565775
RUNDC1	0.0020019568180112165	0.6496134452911103	0.6585032390178512	-0.006634911788874848	0.010638526760091528	-0.002001097293520227	0.6497538202034974	0.6586455349249847	-0.010637667329429185	0.006635771278966113
NT5C	0.00170607710776964	0.6986408334921639	0.7074843883464951	-0.006930778903588361	0.01034267859528257	-0.001706549718323553	0.6985614419298707	0.7074039918277171	-0.010343151156654413	0.006930306314359131
TMEM99	0.0015097826724812503	0.7318909995974026	0.7404056647419348	-0.007127064148288693	0.010146404253763579	-0.001509164389797573	0.7319965685110372	0.74051246182199	-0.010145786033319308	0.007127682400972645
CNIH4	0.00138308249912996	0.7536278434450845	0.7616249049470283	-0.007253758036050916	0.010019716696727764	-0.001384712777798035	0.7533468646237695	0.7613409445414547	-0.010021346814819792	0.007252127840021838
KANK2	0.0013037641825414787	0.7673371103874816	0.7746967293159834	-0.007333072276533673	0.00994040613723398	-0.0013034543005076376	0.7673908161517913	0.7747509501784868	-0.009940096285292584	0.007333382142429815
HMGN4	0.0012722943401173156	0.772796822253605	0.779421908475648	-0.007364540471636753	0.009908939342357863	-0.0012721370488686316	0.7728241392705923	0.7794494596778541	-0.009908782066298345	0.007364697754608903
CCDC149	0.001079684080298934	0.8064487738935221	0.8129523930378247	-0.0075571402763267665	0.009716347362245286	-0.0010787991628561154	0.8066042649579628	0.8131091380624624	-0.009715462527306998	0.007558025144256366
PRDX4	0.0009930329721177264	0.8217098319656508	0.8275023484044822	-0.007643786471991022	0.009629704268727396	-0.0009906148822671236	0.8221367058145796	0.827932231434622	-0.009627286400674387	0.007646204422892627
AKT1	0.000831206847234617	0.8503878582503613	0.8548196633174349	-0.007805603075187424	0.00946789276445699	-0.0008334459701968603	0.8499896058756286	0.854690403092638	-0.009470131688205612	0.007803364087058982
CACFD1	0.0006420882899966414	0.884152392973666	0.8881490637605886	-0.007994709931687256	0.009278790720471584	-0.0006408943708082538	0.8843662878158524	0.8883639254805147	-0.009277596903570317	0.007995903775045722
SNRNP48	0.0006233547446649884	0.8875095371179179	0.8910738324477088	-0.008013442284349182	0.009260058777268938	-0.0006231580650495322	0.8875447938952393	0.8911092308185133	-0.009259862114441748	0.008013638951410893
GUSB	0.00031446166349350486	0.9431112923709623	0.945001294960884	-0.008322314825866317	0.008951191239254645	-0.00031414597301348716	0.9431683066558643	0.9450584235028701	-0.00895087557403688	0.008322630494511676
CBWD3	0.00024460358288032336	0.9557343685177687	0.9571701237033237	-0.00839216803280596	0.008881338706885412	-0.00024402481645035816	0.9558390000795995	0.9572749124482719	-0.00888075998606997	0.008392746758506014
EPHB3	0.00013592213929478154	0.9753935957414754	0.9763699657071826	-0.008500841726616902	0.008772665727385836	-0.00013541590741787617	0.9754852115640521	0.9764616732372894	-0.0087721595344568	0.008501347921918449
ELK1	4.8748769898644926e-05	0.9911736404795719	0.9911736404795719	-0.008588008732472367	0.008685498999585215	-4.883310847205112e-05	0.9911583709224382	0.9911583709224382	-0.008685583331796436	0.008587924400118997
ZNF740	-6.402421638664055e-05	0.9884080685815022	0.9889025198414229	-0.008700773291746872	0.008572734410556587	6.393215668935646e-05	0.988424735318515	0.988919194915973	-0.008572826463488545	0.008700681239018375
HCCS	-0.00036503005951746037	0.9339825082448036	0.9363233165361439	-0.009001755566461673	0.008271749905171903	0.0003653551066057598	0.9339238563800657	0.9362645176742512	-0.008271424880279706	0.00900208058725328
LYRM9	-0.00044212670079976955	0.9200818445136012	0.9228503957007033	-0.009078845919420006	0.008194658477379338	0.00044175166495714685	0.9201494085626807	0.9229181630518362	-0.008195033488109483	0.009078470914415361
ZFPL1	-0.0005948632497621434	0.8926192054230071	0.8957543456327216	-0.009231569707394006	0.008041931953723014	0.0005951393007858718	0.89256967665516	0.8957046429053286	-0.008041655920453906	0.009231845734989166
ERF	-0.0008303202205759774	0.8505455650008477	0.8548196633174349	-0.009467006216657137	0.007806489648431921	0.0008290471977880901	0.8507720115589423	0.855047247797932	-0.0078077625945037815	0.009465733307071327
TM9SF1	-0.0009064914505898722	0.8370192319597821	0.8420716619313704	-0.00954317062228907	0.0077303229577703305	0.0009068218453098588	0.8369606629089832	0.8420127393450535	-0.007729992582521616	0.009543500987189842
CRBN	-0.0009563588702115206	0.8281896386255182	0.833608091218438	-0.009593033519878096	0.007680458455669191	0.0009557199692127443	0.8283026286482212	0.83372182048135	-0.0076810973195603465	0.009592394677087186
ZNF667-AS1	-0.0010564066942453198	0.8105414299014773	0.8166664281123196	-0.009693072141937749	0.007580416355454122	0.0010565541467813385	0.8105154881978758	0.8166402903756934	-0.0075802689112263915	0.009693219580784122
FBXO8	-0.0012851902539198746	0.7705581293354841	0.7775561345464017	-0.009921834009385164	0.007351645234952647	0.0012849768286340927	0.7705951638473894	0.777593505395953	-0.0073518586490556054	0.009921620604756685
KIF9	-0.001307175282533723	0.7667460053423132	0.774490914487185	-0.009943816905866867	0.007329661354071368	0.0013101294569314048	0.7662341899793426	0.7739739292720632	-0.007326707333260633	0.009946770793129242
ADCY10	-0.0014811999494487192	0.7367766424111233	0.7449713270082137	-0.01011782440110731	0.007155645477554379	0.0014810418930612866	0.7368036887907589	0.7449986742070362	-0.007155803526195346	0.010117666360553218
WDR11	-0.001544234971642221	0.7260165007430486	0.7348345149221139	-0.010180853074350764	0.007092613510354356	0.0015440141555255768	0.726054101499821	0.7348725723682399	-0.007092834315888934	0.01018063228059472
SETD6	-0.0017943439193369927	0.6838713392663045	0.6928787631877452	-0.010430936154471004	0.006842516007785003	0.0017949121165118204	0.6837766473821828	0.6927828240954234	-0.0068419478353810665	0.01043150429164989
AK9	-0.002048416268049671	0.6420444466508215	0.6514910671241212	-0.010684981119472057	0.006588454179240805	0.002053947275316464	0.641145807657302	0.6507084033462044	-0.006582923388591016	0.010690511518211692
SNAPIN	-0.0022347749424282584	0.6120619995654714	0.622330452023865	-0.010871318999465281	0.006402102512392251	0.0022361613435235806	0.6118412821478388	0.6221060316704005	-0.006400716161180893	0.010872705243614597
UBXN11	-0.002323581920812158	0.5979956036546594	0.608646924839348	-0.010960115857510284	0.006313298662312802	0.002325111830082222	0.5977545677657226	0.6084015956903028	-0.006311768805741504	0.010961645591240184
FBXO21	-0.00247284426726865	0.5746905002240346	0.5855226696118538	-0.011109360887341505	0.0061640412668536905	0.002474499576420996	0.5744344744175371	0.5852618180514897	-0.006162386010449996	0.011111016002296371
IKZF4	-0.002502788422421518	0.5700674202227138	0.5814048140976174	-0.011139301522192353	0.006134098058595593	0.0025032827650766365	0.5699912476440954	0.5813271266130499	-0.006133603731442633	0.0111397958066015
MPDU1	-0.002751549647376194	0.5323627510493552	0.5435045952520215	-0.011388032903508687	0.005885344101183291	0.002751001885695193	0.5324443674317302	0.5435879197873713	-0.005885891848035735	0.011387485208716215
TRAPPC4	-0.002835254287600522	0.5199656683775729	0.5311191709678987	-0.011471727261453096	0.005801641666033838	0.002834416289807549	0.5200890382634814	0.5312451871945674	-0.005802479642350752	0.011470889367199456
ATXN3	-0.0028949682794609174	0.5112135980862359	0.5227132904767239	-0.011531433844090283	0.005741929173284274	0.0028950966971964327	0.5111948596039732	0.5226941304744102	-0.005741800758706294	0.011531562245825553
ENO4	-0.0032301818402411288	0.4635468431395988	0.47567659634643283	-0.011866604668867423	0.005406722884609875	0.003232048232525218	0.4632885636168297	0.47557546577134574	-0.005404856527381586	0.011868470817774502
STK19	-0.003327769376023989	0.4501502796717891	0.46240398528175564	-0.01196417939859928	0.005309137101101573	0.0033279543452479363	0.45012509763194986	0.46237811775238813	-0.005308952135042723	0.011964364343394231
PPM1N	-0.0034099019958082053	0.4390473832422592	0.4514626048763591	-0.012046301112958234	0.005227005828596973	0.003409860260187793	0.43905298492984846	0.4514683649664251	-0.005227047563562358	0.01204625938290899
FAM110A	-0.003583520764688103	0.41610215167527853	0.42830895694830523	-0.0122198964456053	0.00505338952420344	0.003582567529387418	0.41622616595902384	0.42843660932478006	-0.005054342747394682	0.012218943340400041
CTDP1	-0.003730549995619103	0.39723619664180543	0.4095218522080468	-0.012366905422430225	0.004906361973141328	0.003732251865737925	0.397020886787395	0.4092998832859742	-0.0049046601202808755	0.012368607055921065
FAM160A2	-0.003839651906210166	0.3835761090392986	0.39564322747735803	-0.01247599206230994	0.004797261067729934	0.0038392112770238135	0.38363069301986064	0.39569952864348695	-0.004797701693270206	0.012475551495210763
SLC27A5	-0.0038570886157492643	0.3814199142297071	0.393825414795774	-0.012493426312225065	0.004779824499782298	0.003856782027746735	0.38145776203618	0.39386449358407843	-0.004780131085340598	0.012493119767515224
ANKS6	-0.0038822220997362334	0.37832506766363894	0.39103366166784387	-0.012518556241641126	0.004754691210645955	0.003882086111103524	0.3783417710977913	0.3910509261992675	-0.004754827198253754	0.012518420272270332
ARCN1	-0.003906690781920347	0.37532698341787996	0.38833624771637865	-0.012543021452795134	0.004730222707675806	0.003907451460482472	0.3752340152895489	0.3882400572059482	-0.004729462034519303	0.012543782023284695
TMEM183A	-0.004032837948542926	0.360104494528111	0.373165279303742	-0.01266915056061422	0.004604076300881805	0.004032494071102692	0.3601454569850706	0.37320772744566905	-0.00460442017662439	0.012668806732775886
PHKG1	-0.004506146459026035	0.30650903559594267	0.3187821483057126	-0.013142388863806923	0.004130768190736695	0.004507366568653322	0.3063780839131717	0.31864595310782284	-0.004129548077140739	0.013143608787452098
DUSP28	-0.004511811359226904	0.3059013478985667	0.31831565858331606	-0.013148052900285895	0.004125103271892047	0.004511926076646237	0.3058890501375905	0.3183028617456717	-0.004124988554089441	0.013148167600208647
IPO13	-0.00464517100203202	0.29182628649753384	0.30382747162679213	-0.0132813920497773	0.0039917430300517925	0.004644395071942317	0.29190690042968437	0.3039114007596922	-0.0039925189645154315	0.013280616239812748
ZNF184	-0.00469700444392879	0.2864750064056413	0.29841146500587634	-0.0133332174435636	0.003939909272415947	0.0046982362014869735	0.28634865125319975	0.29827984505541644	-0.00393867750679006	0.01333444900930399
UBXN8	-0.004759732755720039	0.280088094438828	0.29191046840940904	-0.01339593595355842	0.0038771805164514975	0.004760222413964902	0.28003862167864446	0.29185890742954085	-0.0038766908544720464	0.013396425535022998
RNF114	-0.0049171478558576	0.2644888794050769	0.27608442526625987	-0.013553326157099886	0.0037197640023605948	0.00491755764574884	0.2644490682987175	0.2760428687878053	-0.003719354208229878	0.013553735881620744
SMAD4	-0.004970581186691617	0.2593326468029886	0.2708434953556017	-0.0136067509396931	0.0036663300942615137	0.0049706039972377625	0.25933046059214715	0.2708412121066811	-0.0036663072834584036	0.013606773746579495
FN3KRP	-0.004990223796833937	0.2574547830688053	0.2690227618273828	-0.013626390395024576	0.003646687259513079	0.004989807501562313	0.25749448343186565	0.2690642460103089	-0.0036471035596140193	0.013625974166683487
POLR3GL	-0.005006804065824805	0.2558770430370929	0.2675138975819058	-0.013642967995862915	0.0036301067957454657	0.005008577681153223	0.2557086684989822	0.2674776867144166	-0.003628333159300332	0.013644741325494111
NPRL2	-0.0053649946579423504	0.22342337559175074	0.23444215696930823	-0.014001099787595962	0.0032719108363232093	0.005364514866870512	0.22346478075769505	0.23448560415288044	-0.0032723906360668615	0.014000620076768363
C17orf80	-0.00538490057588368	0.22171036258666865	0.2327667848678936	-0.01402100237280237	0.0032520045550944758	0.005385591425942821	0.22165108057398675	0.23270454653436928	-0.0032513136923042656	0.014021693107073538
MMP10	-0.005422424745571968	0.2185068308175354	0.22964459360749911	-0.014058520241423428	0.0032144796819682363	0.005423037944904895	0.21845475807596904	0.2295898666063784	-0.0032138664709381233	0.014059133337585846
IPP	-0.005551619053015566	0.2077318238137955	0.2185500513559132	-0.014187692668541557	0.003085282766574056	0.0055510652271234355	0.20777717614366076	0.2185977655377809	-0.003085836604261225	0.014187138937060471
MAGED2	-0.005666006475876743	0.1985179958158354	0.2090763515701268	-0.014302060478178029	0.002970892793998199	0.005666301923731173	0.19849459098397193	0.20905170193151335	-0.0029705973392655295	0.014302355875081474
TMED1	-0.005721121642424629	0.1941867193845359	0.20473033145443956	-0.014357166113839213	0.0029157763182323317	0.005722231404029074	0.19410022576481045	0.20463914155488713	-0.0029146665297274214	0.014358275682997407
HCFC1R1	-0.005757904442868148	0.19133495211879858	0.2018301182687749	-0.014393942524364534	0.0028789926148452935	0.005757803735471467	0.19134271766007505	0.20183830976801165	-0.0028790933247460457	0.014393841834494669
HSPA2	-0.0057813039066309585	0.189536901107889	0.200038945760305	-0.014417337911006233	0.002855592564509405	0.005781256775364858	0.18954051018940632	0.20004275481731537	-0.00285563969696649	0.014417290787961784
ZBTB2	-0.005917102086117742	0.17934721241325802	0.18978540996111962	-0.014553112242352898	0.00271979079413097	0.0059172271390299635	0.17933802050589698	0.18977568307502327	-0.002719665737765176	0.014553237273157237
TNFAIP1	-0.005957079367894607	0.17642652593290853	0.18679356901313768	-0.014593082442859348	0.0026798123945452	0.005961330567061134	0.17611803662440573	0.18646695248745973	-0.0026755610748864078	0.014597332887377372
C15orf65	-0.006418210447680074	0.14525799257562483	0.1542835821302441	-0.01505412984611874	0.0022186664251074833	0.0064204913029468355	0.14511505962533475	0.1541317680566487	-0.0022163854870636034	0.015056410278376408
SLC25A14	-0.0065247381236713965	0.1386966048850233	0.1473927788363691	-0.015160637669519696	0.0021121347870773285	0.006525884318749059	0.13862726946579002	0.14731909613792776	-0.00211098854830371	0.015161783649925797
RAB14	-0.0066049656220102575	0.13390766682135782	0.14237923107002426	-0.01524085008722005	0.0020319041754552087	0.006606114838535367	0.13384000899141496	0.14230729292016475	-0.00203075491352618	0.015241999086915474
ZNF558	-0.006700638294724645	0.12836513791183674	0.1365586573530178	-0.015336504630702623	0.0019362276447363494	0.0067003236078003875	0.1283830715461176	0.13657773568735918	-0.0019365423446095673	0.01533619000366821
COG1	-0.00672584219323807	0.12693511089222506	0.1351092186186536	-0.015361703726966254	0.001911022703559692	0.006727273766198983	0.12685425946188117	0.1350231606832157	-0.0019095910710465	0.015363135026831749
LINC02482	-0.006832338613709574	0.12102915922341169	0.12889154336891553	-0.015468179734931147	0.001804521756276515	0.006831296180502111	0.12108590890624464	0.12895197966586225	-0.0018055642347439003	0.015467137502479352
NDUFB5	-0.0069271900779628165	0.11595201375073337	0.12361621935046202	-0.015563012853799001	0.0017096660952374602	0.006927853229578816	0.11591711558267623	0.12357901448046507	-0.0017090029137326235	0.015563675876606783
R3HDM4	-0.007183572190342788	0.10306415875388139	0.11005249199560213	-0.015819344601331085	0.0014532718611847705	0.007184212342124618	0.10303346732099256	0.11001971950986926	-0.0014526316777155577	0.015819984625937974
OLMALINC	-0.007462239397267866	0.09037606800894996	0.09655562821469012	-0.01609795577821462	0.0011745901910641637	0.007463335362266853	0.090328769079364	0.09650509517026068	-0.0011734941665347185	0.016099051520206697
HSD17B11	-0.007503946682521999	0.08859009111776717	0.09469811984796063	-0.01613965456224725	0.0011328806257295786	0.007503665735352722	0.08860202589022291	0.09471087748821262	-0.0011331615883583871	0.016139373672444095
UBE2G1	-0.007511111958793115	0.08828614434986677	0.09442368379664895	-0.016146818374992062	0.0011257149547177461	0.007510496850663443	0.08831220384119977	0.09445155491037407	-0.0011263300967690123	0.016146203392534614
REXO4	-0.008106653658658841	0.0658179732702207	0.07065804967280805	-0.016742235334715964	0.0005301373455508625	0.008106852864241648	0.0658113322362631	0.07065092027510801	-0.0005299381269314814	0.016742434497549166
VPS8	-0.008453168153003256	0.05507294096610942	0.05915460898615405	-0.01708867443075909	0.00018359913774228056	0.008453333948391456	0.05506817292858325	0.05914948757098093	-0.00018343333051150365	0.017088840189575488
DHX40	-0.00847847565617712	0.05434910580373916	0.0584084962963344	-0.017113976346010584	0.0001582898213856926	0.008480573360509915	0.05428946596634665	0.058344401898276894	-0.00015619196626408033	0.017116073586671766
HEXIM2	-0.00859656225410618	0.05107575721041319	0.05492016904345504	-0.017232036724096702	4.019461675111891e-05	0.008595573176198013	0.05110247301561859	0.05494889571571891	-4.118376774836977e-05	0.01723104786680251
TCTA	-0.008785886604135075	0.046172949351450145	0.04972853995848158	-0.017421318534203086	-0.00014914403486215448	0.008785434445003855	0.04618416892509946	0.0497406235057614	0.00014869184083708583	0.017420866477406375
NOB1	-0.008879124428891055	0.04390792909030921	0.04731457876110906	-0.017514535181568966	-0.0002423891303888211	0.008879008005959565	0.04391069776466242	0.04731756224640347	0.0002422726982849158	0.017514418785174575
EAPP	-0.008924776335471611	0.04283357395678595	0.046181750896804256	-0.017560176664348053	-0.0002880446517172547	0.008926126690860837	0.04280213661719929	0.04614785619105045	0.0002893951145767642	0.01756152671085962
ZNF658	-0.00901336359191815	0.0408121227063234	0.04404978165820119	-0.017648743590793308	-0.00037663902528417407	0.009012767437972125	0.040825451173982966	0.04406416748406149	0.0003760428229898819	0.017648147574112313
RBM22	-0.009637743755256733	0.028732677608247454	0.031079153713626236	-0.018272976620781665	-0.0010010731968572004	0.009637855794709518	0.02873082198672403	0.03107714655135103	0.0010011852466056779	0.018273088633228584
ILVBL	-0.01018279309669127	0.020842046323153958	0.022629800568028182	-0.018817892019683095	-0.0015461751904921742	0.010180384913170448	0.020872265304031926	0.0226626116221845	0.0015437667630504915	0.01881548443924117
BDH2	-0.010202426896332318	0.02059709207249538	0.022375982696898836	-0.018837520898715633	-0.0015658109825462084	0.010204593408800122	0.0205702167313224	0.022346786237178055	0.001567977715276936	0.018839686867805884
TBC1D15	-0.01057706374797388	0.0163810114106155	0.017834525215694612	-0.01921206258385928	-0.0019404871278248079	0.010577072824500836	0.016380919217483903	0.01783442484211639	0.0019404962053331252	0.019212071658051222
BEX1	-0.010646388169725853	0.015690017852528756	0.017091522715172936	-0.019281369129866766	-0.0020098190865099554	0.010667829842595558	0.015481553302906815	0.016864437149135963	0.0020312631073248068	0.019302805257061545
RSAD1	-0.010675109175858665	0.015411337003952297	0.016797097551991606	-0.01931008270579262	-0.002038543239508784	0.010674219554530387	0.015419903211498949	0.016806434017982506	0.0020376535204937444	0.01930919331482571
SMOC1	-0.01100432816658563	0.01251489302541238	0.013655093317416673	-0.019639215509218388	-0.0023677993196448027	0.011020160267666137	0.012388638247413977	0.013517335785503522	0.002383633251541852	0.019655043418397355
GTF2H1	-0.011099271881377082	0.011774507194248319	0.012854265495904278	-0.019734134020697215	-0.002462754078567386	0.0110993492986466	0.011773919683894537	0.01285362410905517	0.0024628315049058554	0.0197342114173524
MAD2L1BP	-0.01110218496953621	0.011752418027713736	0.0128371578675191	-0.01973704633310049	-0.0024656675080480276	0.011101799066947624	0.011755342110021895	0.01284035184054822	0.002465281560235477	0.01973666053328625
SLC29A2	-0.01110741105355582	0.011712882134992697	0.01280096408195923	-0.019742271025045836	-0.0024708942047663397	0.011106957740681673	0.01171630681719845	0.012804706904042023	0.0024704408387277417	0.019741817832939514
ARL14EP	-0.011151892041751134	0.011381125781150978	0.012451997572375249	-0.01978674014573192	-0.0025153804269499214	0.011151264884355128	0.011385744777234615	0.01245705117859367	0.0025147531955199785	0.0197861131558987
HMCES	-0.01131486318327565	0.010235771628137526	0.011211140885145153	-0.019949667514732296	-0.002678371037020748	0.011314545054789201	0.01023790362920265	0.01121347604512886	0.0026780528700836434	0.019949349472138923
PAAF1	-0.011455097301490408	0.009333573753278153	0.010239795670080256	-0.02008986360027726	-0.0028186222749276807	0.011454351070352389	0.009338180587379306	0.010244849794162706	0.0028178759517910375	0.020089117572422058
NR1H2	-0.011600660192552032	0.008472793635092535	0.00930564924227626	-0.020235386654293218	-0.002964203295595946	0.01160013884157758	0.008475745510539569	0.009308891280109356	0.0029636818790348945	0.020234865446652775
GPN1	-0.011740692024977455	0.0077124421490536044	0.008475211152806158	-0.020375379818115495	-0.00310425291422637	0.01174053246484297	0.00771327255585093	0.008476123687748274	0.0031040933336324845	0.020375220302234872
CFAP45	-0.01194865023855283	0.0066958532311841516	0.0073661751718197485	-0.02058327998101129	-0.0033122381668692527	0.011954091956930698	0.006670949847425109	0.007338778710038623	0.0033176806028201323	0.02058872017033016
PRKAB2	-0.012735633538310956	0.0038497326911141796	0.004249153080699977	-0.021370036837652363	-0.004099330555706821	0.012735722093579415	0.0038494865475833667	0.004248881399098639	0.004099419123852649	0.021370125366838574
TRIM62	-0.012985360102178309	0.0032097868287199716	0.0035486863777998584	-0.02161968931118576	-0.004349093972427166	0.012986115010468707	0.003208008826202519	0.003546720648095654	0.00434984899375506	0.0216204439938731
SPOUT1	-0.013312552717729013	0.0025180814332972936	0.0027870298099582666	-0.021946783223687816	-0.004676336503448146	0.013311652012835207	0.0025197821376517194	0.0027889121612083225	0.004675435658606693	0.021945882793043714
NDUFV3	-0.013502762413948105	0.0021815689965656105	0.0024212752459107775	-0.022136934690384948	-0.004866576067671126	0.01350210953367631	0.002182649926699674	0.002422474946392535	0.004865923083810527	0.022136282011049967
CLK3	-0.013573676609863004	0.002067040233195741	0.0022954361279241987	-0.022207827017240608	-0.00493750155898332	0.013573680387052596	0.0020670342826299526	0.0022954295198555834	0.004937505336776867	0.02220783079326305
MSL3	-0.013814884421777082	0.0017175226555589491	0.0019083585061766101	-0.022448959793703684	-0.005178748441514245	0.01381485862579991	0.0017175569368334592	0.0019083965964816212	0.005178722641304916	0.02244893400580489
WDR59	-0.01412655986691161	0.001346335771700347	0.0014992603248333485	-0.022760536794520413	-0.005490475860256559	0.01412703130442789	0.001345835222296459	0.001498702920151959	0.00549094737765899	0.02276100808186028
NFKBIL1	-0.014294712875487515	0.0011782998962927436	0.001313600776246091	-0.022928635994543072	-0.005658657606333828	0.014294376751253696	0.0011786155401722546	0.0013139526646290464	0.005658321424168753	0.022928299978355146
TFAM	-0.014332618564297647	0.0011432007573421177	0.001276606094184386	-0.022966529486195094	-0.005696569840740299	0.014332201745848643	0.0011435814026331788	0.0012770311587193511	0.0056961529501796246	0.022966112802003356
SKIV2L	-0.014433961011676153	0.0010540519024575187	0.0011777116228575627	-0.023067839202135038	-0.005797929909960825	0.014434223920395754	0.0010538292321599502	0.0011774628292289945	0.005798192864626859	0.023068102025710146
TBC1D17	-0.014461038462537644	0.0010313458995939212	0.0011529859134644172	-0.02309490787754122	-0.005825012099202376	0.01446103102765541	0.00103135207156592	0.0011529928133772163	0.005825004663017347	0.023094900445070274
KRT86	-0.014556459129117268	0.0009548892426074292	0.0010687064830525229	-0.0231902975185956	-0.005920449564770142	0.014558829403328546	0.0009530586496352523	0.0010666576940517654	0.00592282025827519	0.02319266702012373
TBC1D2	-0.014660942501489693	0.0008772133746996755	0.0009823218081743286	-0.023294746738440553	-0.006024951512084585	0.014660943852003606	0.0008772124096865622	0.0009823207275325445	0.006024952862839811	0.023294748088511806
PIK3C2B	-0.014693165676919065	0.0008544663007059657	0.0009579218617779884	-0.023326959343037242	-0.00605718045417309	0.014692759202086058	0.0008547498020670403	0.0009582396884159645	0.00605677390648562	0.023326553001660203
NAT10	-0.014694425204990457	0.0008535883794755143	0.0009574743460185243	-0.023328218457555602	-0.006058440208013958	0.014693838807842637	0.0008539970082145804	0.0009579327069148407	0.006057853705751475	0.02332763225294864
CNPY4	-0.014916319754885669	0.0007113385736172214	0.0007992568242890127	-0.023550039723199585	-0.006280374960138071	0.01491698758157566	0.0007109458363794356	0.0007988155464937479	0.006281042909107126	0.02355070732804593
NMRAL1	-0.014967398067986618	0.0006818751931605569	0.0007670137155911776	-0.023601101046497566	-0.006331462647923361	0.014967100665792973	0.000682043410446622	0.0007672029363854015	0.006331165191015376	0.023600803743356998
ZNF267	-0.015157142943007545	0.0005820732771728971	0.0006551190514044987	-0.023790782413605396	-0.006521242742647335	0.015158154038673837	0.0005815799178218348	0.0006545637792029655	0.00652225402765558	0.023791793169191337
SNX11	-0.015174490849050325	0.0005736622178510423	0.0006460160110935161	-0.023808124482262112	-0.006538593899779175	0.015174205369833849	0.0005737997106415409	0.0006461708453170506	0.006538308367020305	0.023807839099148406
PYURF	-0.01532556095631191	0.0005050559105954757	0.0005700405311461351	-0.023959143536396346	-0.006689692538189945	0.015325587527305116	0.000505044546822658	0.0005700277052174469	0.0066897191142360445	0.023959170098375407
MRPL36	-0.015362542713383073	0.0004894683638663816	0.0005533842440546995	-0.023996112735695335	-0.006726681339731198	0.015360128278097436	0.0004904721833472981	0.000554519144541886	0.0067242664438107915	0.02399369912099195
MED12	-0.01536402813241988	0.0004888517420615543	0.000552999708214428	-0.02399759764984008	-0.00672816704221172	0.015363475567910269	0.0004890810359891021	0.0005532590904854097	0.0067276143722587636	0.023997045273150896
ECI1	-0.015539052817640061	0.00042106067137535034	0.00047658253692739146	-0.024172562577694966	-0.006903225392084398	0.015537427106526941	0.0004216478108392681	0.00047724709772412917	0.006901599365842779	0.024170937424069713
HPS4	-0.01553934424471525	0.000420955500725656	0.00047658253692739146	-0.024172853904829338	-0.006903516875654754	0.015539147996382867	0.0004210263204269153	0.0004768134999172314	0.006903320589278104	0.02417265772379772
APPL1	-0.01567559011647506	0.000374385760859741	0.00042423315678157626	-0.024309052892393383	-0.00703978932034552	0.01567517804309486	0.00037451904863201754	0.00042438419108443916	0.007039377166112345	0.024308640961296854
KATNAL2	-0.01606303750758851	0.00026691880340382637	0.000303661892382055	-0.02469636520561454	-0.007427314030892351	0.01606378827249627	0.0002667419703329835	0.0003034607171023703	0.007428064948141592	0.02469711570626313
LINC00467	-0.016399213914582385	0.00019783665408047696	0.000225454876444988	-0.025032422309606152	-0.00776355962736389	0.016402502051693284	0.00019725257569824347	0.00022478926005497832	0.007766848450859923	0.0250357092701803
TIMM10B	-0.016802884585656926	0.00013707234830691518	0.00015638602202728487	-0.025435947147053183	-0.008167315959424954	0.016802648538798245	0.000137102081776379	0.00015641994498160754	0.008167079861653156	0.025435711186292932
PDHA1	-0.017211808514594057	9.375309461822601e-05	0.00010726898697737529	-0.025844720476086182	-0.008576329535054217	0.017210562808251676	9.386280972245956e-05	0.00010739451913324893	0.00857508355123305	0.025843475232900683
MSANTD2	-0.017223973125965356	9.268804811732514e-05	0.00010611110259567845	-0.025856880563214914	-0.008588496857479675	0.017223467375512395	9.273209941805532e-05	0.00010616153339216407	0.008587990994262192	0.025856375000910745
AGPAT2	-0.017228072786306153	9.233169285340699e-05	0.00010576368024445245	-0.025860978698241097	-0.00859259743206334	0.017226315966650044	9.248424236958175e-05	0.0001059384219582838	0.008590840220592914	0.0258592225322607
CRK	-0.017609300936501666	6.430101493635262e-05	7.378200222186186e-05	-0.026242063741101607	-0.008973911867063334	0.017609235329730633	6.430505828742453e-05	7.378664175263858e-05	0.008973846245227214	0.02624199815917424
ALG1	-0.01768929438710854	5.954603553213365e-05	6.836513838362072e-05	-0.026322026844883564	-0.009053923741660794	0.01768904237622902	5.956047869802475e-05	6.838172066363346e-05	0.009053671672564816	0.026321774929781966
DCP1B	-0.01770052616194166	5.8905680970387866e-05	6.766878916759088e-05	-0.026333254349914355	-0.009065158112234909	0.017700309865228907	5.891795082681469e-05	6.768288435016046e-05	0.009064941765513899	0.02633303813544819
KLHL21	-0.017777243770056725	5.470307955197387e-05	6.291325997926839e-05	-0.02640994273529274	-0.009141893508617736	0.017776069877469974	5.4765189555219714e-05	6.29846918403907e-05	0.009140719343078038	0.026408769290622473
RING1	-0.017943297438362312	4.6558937585847384e-05	5.367024505573185e-05	-0.026575932803604697	-0.009307986027567881	0.017943525402360848	4.6548591716512176e-05	5.365831898157023e-05	0.009308214045229387	0.02657616067996383
FAAP20	-0.017952173080227368	4.615773324870464e-05	5.323844665363857e-05	-0.026584805032619726	-0.009316863759431767	0.017950601534649543	4.6228531918828704e-05	5.332010601941027e-05	0.009315291843693818	0.0265832340914296
NRAS	-0.018041550041990775	4.229625575933506e-05	4.8897405502121454e-05	-0.02667414755146959	-0.009406261843179825	0.018041776116421923	4.228688875173783e-05	4.8886576591604424e-05	0.00940648797121297	0.026674373538604305
PHF13	-0.018162892189607392	3.754187810128524e-05	4.3426116947698366e-05	-0.026795442717136988	-0.009527632887865354	0.01816221848305545	3.7566815909938684e-05	4.345496345857569e-05	0.009526959020170922	0.026794769272136365
ZNF260	-0.018190495638653128	3.653352026914674e-05	4.22841669781791e-05	-0.02682303544303095	-0.009555242946067572	0.018191083547929136	3.651232613479324e-05	4.225963673008477e-05	0.009555830996251237	0.02682362312377792
ZNF280D	-0.018216765905499047	3.5597786923769784e-05	4.12249993326807e-05	-0.026849295492411582	-0.009581519515091383	0.018217250101481886	3.558075560750395e-05	4.120527574696462e-05	0.009582003827343677	0.026849779499961115
UBL4A	-0.018534075381871795	2.595059395953863e-05	3.010509740085688e-05	-0.027166480614479828	-0.009898906055258524	0.018532828680279143	2.598309467282038e-05	3.0142801244571207e-05	0.009897659047479447	0.027165234404873676
SLC6A8	-0.018637657241274565	2.338128129574245e-05	2.715595969308066e-05	-0.027270021503590737	-0.010002513447895543	0.018635917070119818	2.3422372934281547e-05	2.7203685173381587e-05	0.010000772846252223	0.027268282022265052
SEPSECS	-0.019242112528535867	1.2590726195081822e-05	1.4648896096662968e-05	-0.02787423401313588	-0.010607121433026235	0.01924088043261391	1.2606853463599265e-05	1.4667659643512814e-05	0.010605889019429666	0.02787300241849712
VSTM5	-0.019362804741995334	1.110288879699726e-05	1.294042983333014e-05	-0.027994876995461427	-0.010727844892030637	0.01936267549164	1.1104388431707381e-05	1.2942177659332613e-05	0.01072771560807953	0.027994747797962658
TCFL5	-0.019499153850441472	9.624087125088671e-06	1.1223425218762298e-05	-0.028131170183704028	-0.010864229602200036	0.019498327576944977	9.632453744949207e-06	1.1233182209853302e-05	0.010863403111990095	0.02813034425004968
TRAF2	-0.019633115419531073	8.355658707156324e-06	9.755585180567803e-06	-0.028265076499213792	-0.010998226462491672	0.019631376156796578	8.371052510265088e-06	9.773558097215514e-06	0.010996486739573997	0.02826333795583792
CLIP1	-0.019682142165987945	7.932699143156227e-06	9.267171896210546e-06	-0.02831408294673731	-0.011047266202205362	0.01968267092453721	7.928251031669396e-06	9.261975504286678e-06	0.011047795101114663	0.028314611486134296
OGFR	-0.019897197418603532	6.307421517398391e-06	7.381417808541124e-06	-0.028529048668104958	-0.011262378940305507	0.01989668075511773	6.310913976189284e-06	7.385504945803725e-06	0.011261862137754876	0.02852853222067193
DNAJB12	-0.01991074286983196	6.216516150723098e-06	7.279292916537586e-06	-0.028542588453398094	-0.01127592803906506	0.019909850400452334	6.22246685074277e-06	7.286260949347506e-06	0.01127503532926292	0.028541696357427523
DUS4L	-0.02024320886829155	4.340702899328928e-06	5.0977133286305665e-06	-0.02887491439148937	-0.01160848455825177	0.02024242093479051	4.344427578605552e-06	5.102087584974224e-06	0.011607696407961438	0.028874126792182587
NRG4	-0.020400078370248226	3.65706220600808e-06	4.299896773672051e-06	-0.029031717145313583	-0.01176539743443698	0.020403455465692433	3.6435457529629794e-06	4.284004412654885e-06	0.011768775468320065	0.029035092799129122
SLC35B2	-0.020435909580978174	3.5160702199068794e-06	4.1365531998904464e-06	-0.029067533050228654	-0.011801238612114791	0.02043575266951594	3.5166761328472205e-06	4.137266038643789e-06	0.011801081656957093	0.02906737620584172
PARP11	-0.02052722623892601	3.179924027203137e-06	3.747700680262978e-06	-0.029158810600739816	-0.011892580771381226	0.020526873806934055	3.1811600480309595e-06	3.74915739308304e-06	0.011892228240691225	0.02915845831995774
LAMTOR3	-0.020863111447635332	2.1895071506832844e-06	2.5834892633431085e-06	-0.029494550724102973	-0.012228561020099284	0.02086306337546051	2.1896249742290796e-06	2.583628288175905e-06	0.012228512934182756	0.02949450267283224
SLC25A28	-0.020927187965894007	2.037753236125524e-06	2.4072690326349957e-06	-0.029558599343352573	-0.01229265589050141	0.020926316310114296	2.0397481146809535e-06	2.409625652310636e-06	0.012291783984594885	0.02955772806756858
TMEM129	-0.0214688375246953	1.1013123250470648e-06	1.3048724230415461e-06	-0.03010001023526495	-0.012834463418030916	0.021467121844090557	1.1034864573928395e-06	1.3074484092332222e-06	0.012832747229054078	0.030098295318635743
SYS1	-0.02154518705375079	1.008626832557922e-06	1.196473110982114e-06	-0.030176325715188735	-0.012910835621662935	0.021544806415715642	1.0090697232525867e-06	1.196998485471633e-06	0.012910454870334574	0.03017594524715399
DNAJC14	-0.02161151326135193	9.342442971688184e-07	1.1088953082122472e-06	-0.030242622262018317	-0.012977181608846434	0.021611156190152452	9.346302257506163e-07	1.1093533836802567e-06	0.012976824430958817	0.03024226535070273
PUS7L	-0.02170337709503352	8.398912844192557e-07	9.974955871962658e-07	-0.030334444889191556	-0.013069072963426591	0.02170283729254996	8.404179207254429e-07	9.981210459922125e-07	0.013068532998801083	0.030333905329267687
ZNF616	-0.021788663080278905	7.605589628771887e-07	9.043507287481435e-07	-0.030419692488088654	-0.013154384629506152	0.021788253853604854	7.609217954093536e-07	9.047821586318117e-07	0.013153975279307945	0.030419283445903136
G6PD	-0.021962900844266768	6.203125745430201e-07	7.384673506464525e-07	-0.03059385143914969	-0.013328675249721094	0.02196226357214569	6.207769069193077e-07	7.390201272848901e-07	0.013328037783323166	0.03059321445624064
FDX1	-0.022007382731346146	5.887161375575881e-07	7.012699673110042e-07	-0.03063831312177399	-0.013373170714756613	0.022008311611933874	5.880731622809505e-07	7.005040646586665e-07	0.013374099879246707	0.030639241580083753
KIF7	-0.022209909171861695	4.634354426269753e-07	5.533557523904182e-07	-0.03084074713943922	-0.013575759408105813	0.0222063389426612	4.6540263412747083e-07	5.557046377641442e-07	0.013572188075345833	0.030837178545642094
EBAG9	-0.022231694224094576	4.516045545893494e-07	5.3955143917485e-07	-0.030862522207895954	-0.013597551198881395	0.022231313357636916	4.5180886834588314e-07	5.397955416318795e-07	0.01359717021454385	0.03086214151605428
GSN	-0.022512787601116538	3.22791215857066e-07	3.8680792792937805e-07	-0.031143486029037146	-0.013878732259260966	0.02251901460714485	3.203845808060765e-07	3.8392400336258413e-07	0.013884961223181606	0.03114971014959735
DNAJC22	-0.022780730475514765	2.3351316631065873e-07	2.8066486335415717e-07	-0.03141130413889814	-0.014146759986093948	0.02278092547034489	2.3345784705033578e-07	2.8059837385857667e-07	0.014146955043127055	0.03141149904247987
CDH7	-0.022836484952055185	2.1820099837696942e-07	2.624185187937095e-07	-0.03146703249823458	-0.014202532274973959	0.02283773811022615	2.1786823953785657e-07	2.6201832776651424e-07	0.01420378583411896	0.031468285068769045
CAD	-0.022993355870739658	1.8014441013966174e-07	2.16910788849683e-07	-0.03162382964561152	-0.014359453598722519	0.02299270977886977	1.8028712136989936e-07	2.1708262657423162e-07	0.014358807298381068	0.03162318385844887
TSR3	-0.02304170741049467	1.697686851228385e-07	2.045405844853476e-07	-0.03167215836156125	-0.014407820760324257	0.023040457147946735	1.7002954933653434e-07	2.0485487871871608e-07	0.014406570093321469	0.03167090868969408
IFT27	-0.023496134067406135	9.665877762442666e-08	1.1680819048269083e-07	-0.03212636853947786	-0.014862396211780739	0.02349646234604085	9.661909469903145e-08	1.167602352858386e-07	0.014862724599194934	0.03212669666043928
MAPKAPK5-AS1	-0.02362008972085874	8.274403058473612e-08	1.000532413358357e-07	-0.0322502645243678	-0.014986393072006613	0.023621289440046135	8.261933348449044e-08	9.990245886879135e-08	0.014987593191316064	0.03225146366475015
C3orf33	-0.02393168097253826	5.579189779400399e-08	6.754467045278934e-08	-0.03256170461398165	-0.0152980890792055	0.023930059543258983	5.590714327226421e-08	6.768419282356442e-08	0.015296467100466154	0.0325600839756431
ZNF771	-0.024480759122875576	2.7529638173143966e-08	3.3409755064495104e-08	-0.03311051231171575	-0.015847355910792716	0.024478623256390497	2.7606194675460125e-08	3.350266344109239e-08	0.01584521930025889	0.033108377507350205
PCGF2	-0.024663337639994305	2.1693897801319303e-08	2.6375559636862374e-08	-0.03329299974547742	-0.016029998322255712	0.024662380274340714	2.1721109379898027e-08	2.6408643622976325e-08	0.016029040620064227	0.03329204285892768
C20orf96	-0.024761512991158027	1.9072311453753674e-08	2.3230586423573296e-08	-0.033391125881795894	-0.016128208268607145	0.024762298531761977	1.9052629825478764e-08	2.320661367293394e-08	0.01612899408669293	0.03339191102794109
CBY1	-0.024875229471654037	1.6419193510141496e-08	2.001120476555941e-08	-0.03350478514879236	-0.016241965028924714	0.0248754993197388	1.6413345788863066e-08	2.000407774389161e-08	0.016242234972858906	0.03350505486084458
ZBTB33	-0.0252307031414177	1.0237239293558069e-08	1.2514962461562432e-08	-0.033860078531752845	-0.016597566053279743	0.025231396045969523	1.02277531229184e-08	1.2503365675939366e-08	0.016598259208209294	0.03386077108275197
DDRGK1	-0.025281502428141252	9.563958288621463e-09	1.1699031545714328e-08	-0.033910851876308226	-0.01664838371807789	0.025280805342313122	9.572899162370917e-09	1.1709968394337514e-08	0.016647686379757495	0.03391015514676914
FAIM	-0.02539996283660907	8.15682936063603e-09	9.989993093246821e-09	-0.03402925161639616	-0.016766887156211795	0.025400756723391413	8.148114924680138e-09	9.979320177195515e-09	0.016767681332184446	0.03403004509577981
NTN1	-0.025426742076477164	7.867820012318854e-09	9.641936289606438e-09	-0.034056017107962085	-0.016793676157006672	0.02542879897268511	7.846037854380036e-09	9.615242468602987e-09	0.016795733803457703	0.03405807294765988
HMOX2	-0.02547630110537202	7.359003483536361e-09	9.023915982264085e-09	-0.03410555066089578	-0.016843253282665227	0.025477369296775184	7.34839665485581e-09	9.010909448014481e-09	0.01684432186459196	0.034106618302725364
ARMT1	-0.025511954611317434	7.012894570891296e-09	8.610060860517245e-09	-0.034141185812833784	-0.01687891983394778	0.025511661346371266	7.015675819389861e-09	8.613475530251517e-09	0.016878626461608662	0.034140892698946476
DNAJC10	-0.025525755150004808	6.883219376646905e-09	8.456043460254184e-09	-0.03415497924127524	-0.016892725428041586	0.025529097945712467	6.852161740329689e-09	8.41788911588414e-09	0.01689606944877573	0.034158320314229496
SPICE1	-0.025573566158820643	6.451753910998668e-09	7.930859140748209e-09	-0.03420276559171473	-0.016940553976418592	0.02557398553541207	6.448088225140395e-09	7.926353073313331e-09	0.016940973507033927	0.03420318475183944
DHRS7B	-0.025729443290965538	5.220017824124264e-09	6.420686130534151e-09	-0.03435856205670509	-0.017096488566772556	0.02572841353042697	5.2273495303592465e-09	6.429704219384067e-09	0.017095458425273723	0.03435753283044864
IFT80	-0.025754055847504065	5.0477283673490415e-09	6.212588759814205e-09	-0.0343831618377902	-0.017121110234188983	0.025754770991746796	5.042805950653456e-09	6.206530400804254e-09	0.01712182564331458	0.0343838766106721
FLYWCH2	-0.02603369155713811	3.4400153440516847e-09	4.24169586196262e-09	-0.03466265166477603	-0.01740085019235818	0.026030870805230855	3.453415249302726e-09	4.258218556476851e-09	0.017398028382123325	0.03465983239116051
TRANK1	-0.026304226141827303	2.3649231510216767e-09	2.9286974006460393e-09	-0.03493304383023364	-0.0176714869189387	0.026305195160221766	2.3617353472937623e-09	2.9247496560913466e-09	0.01767245630546527	0.034934012336231085
CCDC28B	-0.02632880893748069	2.2853334690949965e-09	2.8318878179615817e-09	-0.03495761362199973	-0.017696079058664157	0.026328853456408768	2.285191728165609e-09	2.831712178643877e-09	0.01769612359452363	0.03495765811736858
ARFGAP2	-0.026352802009795433	2.210171795397035e-09	2.7404485993763608e-09	-0.034981593992322556	-0.01772008126096562	0.02635232155954555	2.2116529726942543e-09	2.7422851490319333e-09	0.01771960062779432	0.034981113796521725
PIGP	-0.02649794745175004	1.8042534343596242e-09	2.239917361092023e-09	-0.03512666238205182	-0.017865282146686742	0.026499099387173815	1.8013423983255303e-09	2.236303411949758e-09	0.01786643452359202	0.035127813704502235
WASHC2A	-0.02680261581516289	1.174385339091948e-09	1.4588637752695006e-09	-0.035431167825840396	-0.01817006807399414	0.02679985922605484	1.1789816275584786e-09	1.4645734503832031e-09	0.018167310413995018	0.035428412717984636
CD99L2	-0.026918600621601774	9.960525093188744e-10	1.2381013167419196e-09	-0.035547090189024216	-0.018286098057708804	0.026918722906944942	9.958792061076754e-10	1.237885899450187e-09	0.01828622039080607	0.03554721240840955
PPP1R16A	-0.02733470410540666	5.48584271718902e-10	6.840202889263116e-10	-0.03596296774262011	-0.018702365531509595	0.02733446125467548	5.487766722683841e-10	6.84260189860828e-10	0.018702122584196037	0.03596272502462028
AHCY	-0.027432064620090537	4.765243615080623e-10	5.945406880949e-10	-0.03606027496239186	-0.018799764848851184	0.027430012482037504	4.779432463148954e-10	5.963109748158396e-10	0.01879771189123614	0.03605822394936218
BRAF	-0.027712483669628054	3.167923277046845e-10	3.957430702119731e-10	-0.03634053959698595	-0.019080296573851623	0.027713308165769498	3.1641042087644667e-10	3.9526598485502396e-10	0.019081121403288704	0.036341363637111
GALNT2	-0.02773126705135098	3.082025175798519e-10	3.8525314697481486e-10	-0.03635931258699229	-0.0190990875515142	0.027735670260004	3.062220361200225e-10	3.827775451500281e-10	0.019103492541693096	0.03636371335873344
ETAA1	-0.027867980374013473	2.5217948392434186e-10	3.1542149333876405e-10	-0.03649595009092869	-0.019235856344330973	0.02786754555347418	2.5234081989234483e-10	3.1562328942131935e-10	0.019235421346855186	0.03649551551204435
CARM1	-0.02788940637909416	2.4435314603540233e-10	3.058237121844835e-10	-0.03651736418429546	-0.01925729107209597	0.027888613372977863	2.4463853512301906e-10	3.06180895022552e-10	0.01925649774299964	0.03651657161918939
UAP1	-0.02790358631149706	2.393045859245175e-10	2.9969265613590165e-10	-0.03653153622905651	-0.019271476781617117	0.027903453861273003	2.3935126817267916e-10	2.9975111856315486e-10	0.019271344277414757	0.03653140385252446
EDEM2	-0.027966307471139432	2.1816898544506462e-10	2.7339471860283783e-10	-0.03659422245818837	-0.019334223536490464	0.02796650144366368	2.1810653825240482e-10	2.7331646397544465e-10	0.01933441758827643	0.03659441632258061
KBTBD3	-0.028040413653074532	1.9553941990325596e-10	2.451904951764965e-10	-0.0366682872815904	-0.01940836004728434	0.028040683779448305	1.9546128272856594e-10	2.4509251752798236e-10	0.019408630284384252	0.03666855725703372
NAGK	-0.028095029233235067	1.8034613616156083e-10	2.2628122479493202e-10	-0.036722872320219674	-0.019462998040294974	0.028094213247971067	1.8056440740667943e-10	2.2655509084903316e-10	0.0194621817197919	0.03672205679164093
ZNF275	-0.02818615136420225	1.5752642633945878e-10	1.9777329107276684e-10	-0.03681394338025549	-0.019554157680246112	0.02818584567026045	1.5759804644034386e-10	1.9786320959239658e-10	0.019553851860230308	0.03681363785788458
C8orf37	-0.028246537456905935	1.4398506320151646e-10	1.809994509132828e-10	-0.036874295549603545	-0.01961456870899914	0.028247775190225796	1.4371976015526936e-10	1.8066594614113056e-10	0.019615806954092218	0.03687553258693839
LTBP2	-0.028798340380508908	6.279140518483815e-11	7.938230743974481e-11	-0.037425785569301415	-0.020166602415569952	0.02879685715905263	6.29329303513014e-11	7.95612267399512e-11	0.020165118566725013	0.03742430319596074
INPP5E	-0.02913102560599033	3.7789349752694955e-11	4.780436401352936e-11	-0.03775827960384175	-0.020499429324579557	0.029130225243790313	3.783579676094699e-11	4.786312050720682e-11	0.020498628619226668	0.03775747970389433
ERGIC2	-0.029423955944283566	2.405340879720773e-11	3.050527431478469e-11	-0.038051040016462874	-0.02079248599950753	0.029424279952007353	2.4041335009340262e-11	3.048996196492107e-11	0.020792810147792377	0.03805136383541339
CBX6	-0.029456563150230708	2.2867617487059592e-11	2.901981914601471e-11	-0.038083628215726424	-0.020825107360213733	0.029458512964909755	2.2798553387865642e-11	2.895054398459129e-11	0.02082705802188794	0.03808557689328044
MLH3	-0.029457365799913888	2.2839162183577986e-11	2.900211070930538e-11	-0.038084430397315086	-0.02082591035855819	0.029456276203709164	2.287779865097652e-11	2.9032739404792536e-11	0.020824820289048803	0.038083341436545536
CIPC	-0.029516504256180576	2.0835273072677237e-11	2.6474298694634354e-11	-0.03814353433423815	-0.020885074534489265	0.029517625833353597	2.0798982988071574e-11	2.642818677010365e-11	0.02088619660002697	0.038144655256159045
COMMD4	-0.029564268773635632	1.9343375139728097e-11	2.4594246840086583e-11	-0.03819127092729754	-0.02093285986914663	0.029561731135423888	1.9419936186311542e-11	2.4691590828113848e-11	0.020930321123964493	0.03818873477364638
HERPUD2	-0.02977193787500239	1.3984901888445966e-11	1.7792496041279854e-11	-0.03839881816207797	-0.021140619937365886	0.029772396380418155	1.3974856132745797e-11	1.777971518161043e-11	0.021141078644448974	0.03839927639760523
C2orf49	-0.030120263593492538	8.076821666780507e-12	1.0302068452526157e-11	-0.03874693780113232	-0.021489099909405333	0.030121639278160795	8.059230583554854e-12	1.0279630846370987e-11	0.021490476207443574	0.038748312667754845
NFE2L3	-0.030630243847487956	3.5756425353366506e-12	4.5753583305651325e-12	-0.039256612559019105	-0.021999309787650224	0.030630419318386785	3.574632057526577e-12	4.574065332727546e-12	0.021999485338330464	0.03925678792403222
MMGT1	-0.03070436733291794	3.1727896034101462e-12	4.0624706829835415e-12	-0.03933069126826218	-0.0220734670222021	0.030704048763337818	3.174421887455314e-12	4.064560675358917e-12	0.022073148307371032	0.03933037289132505
PPP1R21	-0.03080569101100688	2.6932877499721485e-12	3.4507210121360008e-12	-0.039431953585790665	-0.02217483698756309	0.030806723616998717	2.6887870209988355e-12	3.44495454324002e-12	0.022175870066189523	0.03943298556553505
PCGF1	-0.030836071374310155	2.563910518259873e-12	3.2870647669998373e-12	-0.03946231551653605	-0.02220523126398319	0.030835740621672176	2.5652856843966633e-12	3.2888278005085426e-12	0.02220490035978646	0.03946198496466008
ADAP2	-0.03085161852111103	2.5000796102973188e-12	3.2072862223185616e-12	-0.0394778532243163	-0.022220785536991174	0.03085103079969022	2.5024639849711175e-12	3.210345073728182e-12	0.02222019754610574	0.03947726585979018
LPP	-0.031248594718212203	1.3079151959643568e-12	1.68437243524064e-12	-0.039874586995156065	-0.02261794510793569	0.031247715014586126	1.309805939942478e-12	1.6868073920701586e-12	0.022617064994939505	0.03987370783175607
MOSPD2	-0.031661915662796386	6.605828637245879e-13	8.5346623220231e-13	-0.04028765264203145	-0.02303145987112294	0.031662223953054854	6.602442506062006e-13	8.530287475532307e-13	0.023031768307050123	0.0402879607407666
DDX42	-0.03174874357266568	5.716489191226853e-13	7.395199471186098e-13	-0.04037442654580288	-0.023118328872552715	0.031748283601382446	5.72087550890653e-13	7.400873879568603e-13	0.023117868683243364	0.040373966860960016
CCDC127	-0.03187717684123076	4.612490891780254e-13	5.970861995832044e-13	-0.04050277969158654	-0.023246823161491594	0.03187597741985141	4.621761502974065e-13	5.982862787021444e-13	0.023245623168932	0.040501581019780145
SEMA3B	-0.032115294141788465	3.0916433667502007e-13	4.0047193869821253e-13	-0.04074074769009268	-0.023485054349183198	0.032113775808770395	3.0995684515570184e-13	4.0149850408769667e-13	0.023483535286869337	0.0407392303121852
ZNF665	-0.0322938607642585	2.2859885450547725e-13	2.964965687489977e-13	-0.04091920170736963	-0.023663707019902593	0.03229309862307571	2.288943960155897e-13	2.9687989107080373e-13	0.02366294451028552	0.040918440047967006
WDR90	-0.03341753848384076	3.294833633166634e-14	4.301349390556964e-14	-0.04204215820240628	-0.024787938868789865	0.033417000739311205	3.297939975651243e-14	4.305404667952014e-14	0.024787400853857153	0.04204162080823564
HEMK1	-0.03345772268272757	3.070667335385807e-14	4.011322449883484e-14	-0.04208231620579583	-0.02482814328831939	0.033456464618804735	3.0774523730685036e-14	4.020185987026132e-14	0.024826884590916944	0.042081058962409205
MLLT1	-0.03382024489450753	1.6201443432695614e-14	2.121996520326865e-14	-0.04244460083490644	-0.02519084918274278	0.03381929935882543	1.6228625423870034e-14	2.1255567025370053e-14	0.025189903165021826	0.04244365592184087
DCAF4	-0.033834157862744525	1.5806617746563942e-14	2.07164059587994e-14	-0.042458504639945556	-0.025204769245667946	0.033833464400279054	1.5826070887147494e-14	2.0741901555894487e-14	0.025204075429503515	0.0424578116342794
AP3S2	-0.03391692144112709	1.3646206770810282e-14	1.790840783570903e-14	-0.04254121364049996	-0.02528757509712999	0.03391593461691421	1.3670168754076292e-14	1.7939854007974136e-14	0.025286587768180248	0.04254022746773731
C14orf119	-0.03395894407541429	1.2663280350891622e-14	1.6629389823889195e-14	-0.04258320851802586	-0.025329619240607035	0.033958707307701896	1.2668618337980129e-14	1.6636399655916124e-14	0.025329382351620116	0.04258297190678848
FRMPD3	-0.03403063459176424	1.1144730860129184e-14	1.464485001331036e-14	-0.04265485161106463	-0.02540134652204974	0.03402920744272572	1.1173135671981218e-14	1.468217565306336e-14	0.02539991864025872	0.04265342540695113
SP1	-0.03415376729067519	8.943752587271124e-15	1.176035843165171e-14	-0.04277790265064588	-0.025524542574535833	0.03415415289419108	8.937581705875259e-15	1.1752244189185088e-14	0.025524928376862075	0.04277828799802569
LARP7	-0.03428556238261942	7.061163570411292e-15	9.303245810818566e-15	-0.04290961004862013	-0.025656405767398128	0.03428541231128675	7.063067680610116e-15	9.305754519907927e-15	0.025656255618350096	0.04290946007731254
SBNO2	-0.03470029760692794	3.3370841244450472e-15	4.408301353295967e-15	-0.04332406736016335	-0.026071357252182473	0.03469988304233127	3.339599839300256e-15	4.411624622589506e-15	0.02607094246992961	0.04332365307484714
PUS10	-0.034908806756187336	2.2818022222162678e-15	3.022254598961944e-15	-0.043532435666825055	-0.02627997625021416	0.034907744860878435	2.2862367630326523e-15	3.0274512130905524e-15	0.026278913793563338	0.04353137449069999
CCDC120	-0.03507023038156128	1.6974929914624568e-15	2.2513169648043193e-15	-0.0436937497394215	-0.026441485434496575	0.03506897465278093	1.701412413271717e-15	2.256515136965142e-15	0.02644022903840731	0.043692494864597364
ZNF460	-0.035138224252331575	1.4980347036036185e-15	1.9881017964215244e-15	-0.04376169733044955	-0.026509515478703165	0.035138586986067456	1.4970351381522831e-15	1.9867752331151734e-15	0.026509878405631442	0.04376205981707831
EIF2D	-0.035308665480868466	1.0939360076666586e-15	1.4537355583610082e-15	-0.04393202219823621	-0.026680047735005295	0.035307327807202006	1.0966447186154343e-15	1.4573351742397799e-15	0.02667870934497043	0.04393068543975543
PTPMT1	-0.03548799964338156	7.845912463505335e-16	1.0447286902137596e-15	-0.04411123338754661	-0.02685947821695467	0.03548757589501947	7.852091994627096e-16	1.045551530576178e-15	0.026859054240344224	0.0441108099304118
TRIM47	-0.0359809212428904	3.1204133701265026e-16	4.1661059681261715e-16	-0.044603814121254505	-0.027352667426447378	0.0359820807272413	3.113607450286845e-16	4.157019292772824e-16	0.027353827545241082	0.04460497279885439
YWHAB	-0.03607078483077632	2.6340847880875944e-16	3.51915135349044e-16	-0.044693615114689125	-0.027442580254497768	0.03607252085628583	2.6254665501128397e-16	3.5076373415001196e-16	0.027444317232625682	0.04469534992959864
MORC3	-0.036100343472635035	2.4910779397629227e-16	3.3303181012873296e-16	-0.04472315313702935	-0.027472155123334317	0.03610250650919153	2.48091878119652e-16	3.316736338498021e-16	0.02747431934793857	0.044725314664102706
ZNF334	-0.03618993654645795	2.1027587692809422e-16	2.816823535540445e-16	-0.04481268362040676	-0.02756179747386115	0.0361899022675836	2.102895278267024e-16	2.817006400893535e-16	0.027561763176106688	0.0448126493655064
PLSCR2	-0.036212528041119296	2.0146664569873896e-16	2.7006252774629887e-16	-0.044835259310600346	-0.02758440141588203	0.03621436489538488	2.00766596131167e-16	2.691241235002239e-16	0.02758623928259715	0.0448370948794596
UBB	-0.036653034297533055	8.700233894643183e-17	1.169386276161718e-16	-0.04527545563931734	-0.02802515214384495	0.03665407614855807	8.682870650368398e-17	1.167052506769946e-16	0.028026194577051616	0.045276496753356474
COPS7A	-0.03667231621378242	8.38436343144586e-17	1.127688423866289e-16	-0.04529472391286594	-0.028044444837782113	0.03667147579183236	8.397892187009042e-17	1.1295080278425074e-16	0.028043603945941582	0.0452938840856806
CUL4B	-0.03673863760849303	7.381843607619968e-17	9.948576290592948e-17	-0.04536099833364376	-0.028110803352121794	0.036737939152555056	7.391758837663179e-17	9.961939134316953e-17	0.02811010450486662	0.04536030037280167
INTU	-0.03683101736434997	6.179693339343445e-17	8.339667124620033e-17	-0.045453312532532854	-0.02820323493902622	0.036830690519760324	6.183585761045711e-17	8.344920055392323e-17	0.02820290791079544	0.04545298592014691
SUB1	-0.03688470160578223	5.572091467477076e-17	7.529853334428481e-17	-0.04550695860947851	-0.028256949368590537	0.03688732456753207	5.543964585388814e-17	7.491844034309209e-17	0.02825957380658093	0.045509579705273015
BRK1	-0.03759265145144474	1.403726509450992e-17	1.9020684409905042e-17	-0.04621440051675083	-0.028965301975068133	0.03759247372479808	1.404216937521168e-17	1.9027329776709594e-17	0.028965124146223348	0.0462142229187044
MRPS35	-0.03776162224980522	1.0063140749854264e-17	1.3644936609971882e-17	-0.0463832488038855	-0.02913437018374852	0.03776072504650844	1.0080979915358443e-17	1.3669125308960599e-17	0.02913347246191762	0.046382352252401414
JAGN1	-0.03817716307409058	4.411177315576649e-18	5.985315217878764e-18	-0.04679848624732645	-0.0295501526636799	0.03817607000519509	4.420808756958287e-18	5.998383659373523e-18	0.029549058955199582	0.04679739398037454
ZNF667	-0.038380709965634356	2.935659261986075e-18	3.988667475524559e-18	-0.04700188344479282	-0.029753819016220408	0.03838004184485144	2.9395959451071884e-18	3.9940162297652015e-18	0.029753150502147854	0.04700121581653406
CGRRF1	-0.03852364757448692	2.20275404455622e-18	3.0010273086597002e-18	-0.0471447155060455	-0.02989684094281683	0.038523493338586214	2.203438084500986e-18	3.0019592431893545e-18	0.02989668661574324	0.04714456138422526
LIN7C	-0.038739850182836634	1.4237250448337385e-18	1.9423261184634907e-18	-0.0473607577967548	-0.030113171758582007	0.03873960422376822	1.4244340344343047e-18	1.9432933621204705e-18	0.03011292565320152	0.04736051202052717
ZNF320	-0.03879859719518622	1.2639923159820218e-18	1.7255867794976407e-18	-0.04741946110791438	-0.030171953747345614	0.038798169124237905	1.265089640678411e-18	1.7270848336906632e-18	0.030171525421319394	0.04741903335561824
DUSP18	-0.03883141086008486	1.1826160546902111e-18	1.6155957031287037e-18	-0.04745225033720506	-0.030204786974603375	0.03883494010109763	1.174178064215516e-18	1.6051648177929132e-18	0.030208318320734978	0.04745577694896379
NSUN3	-0.03883397413727248	1.176481639725409e-18	1.6083139299048653e-18	-0.04745481170479471	-0.030207351780711104	0.03883367039225824	1.1772069154643677e-18	1.608206168667169e-18	0.030207047854515886	0.04745450818607126
PGAP3	-0.03930836256330522	4.467505634697023e-19	6.119870732461676e-19	-0.04792884476746968	-0.030682025121593633	0.039307134821654155	4.478781707859282e-19	6.135317408026414e-19	0.030680796637546307	0.047927617950529064
HMGXB3	-0.03959571714840951	2.471192056187942e-19	3.396827568643219e-19	-0.0482159822074273	-0.030969554182426716	0.03959517882962437	2.473944584604945e-19	3.400611112859031e-19	0.03096901553545084	0.048215444296765386
AHCYL2	-0.03975240737060721	1.7861082594090037e-19	2.4568201642489736e-19	-0.04837255342331195	-0.03112634014516405	0.0397520037159985	1.7876056218329787e-19	2.4588798099490767e-19	0.031125936243369748	0.04837215007582339
F12	-0.03975788714544799	1.7659031516495286e-19	2.4306994516855174e-19	-0.048378029028593984	-0.031131823275928092	0.039756179370111666	1.7721757401203517e-19	2.4393334344395755e-19	0.031130114454660445	0.04837632255275888
FBXO44	-0.039772736942034564	1.7122770922195714e-19	2.358508391487013e-19	-0.04839286752337109	-0.031146682169435714	0.03977093442382379	1.7186995983138289e-19	2.3673548186140893e-19	0.03114487854680677	0.04839106637721481
HADHA	-0.039984119965395984	1.1025503560871958e-19	1.5239120332925995e-19	-0.04860408925582233	-0.031358195098542055	0.03998341296056335	1.104179065666234e-19	1.5261631868227144e-19	0.0313574876579309	0.04860338279173834
MRPL32	-0.040074075114624644	9.135683350332342e-20	1.263579993130338e-19	-0.04869397553300585	-0.0314482057641795	0.04007289713528456	9.158229460623709e-20	1.2666984039590194e-19	0.03144702705693767	0.04869279845646016
DNAJC25	-0.04017955013656555	7.324297696227208e-20	1.0144456642973972e-19	-0.04879936962264454	-0.031553746058921285	0.04017871119278003	7.33719981170336e-20	1.0162326609007424e-19	0.031552906595199805	0.04879853132334838
FAAP100	-0.040462160174838974	4.040075953413052e-20	5.611216601962572e-20	-0.04908176186451098	-0.031836531937469555	0.04046095486552292	4.050375247321919e-20	5.625521176835998e-20	0.03183532587527647	0.04908055748700539
RRAGC	-0.040664740372624374	2.6307907157298337e-20	3.658957880013677e-20	-0.049284185093776196	-0.032039239030608145	0.04066435272203448	2.6329564553901625e-20	3.661970035313161e-20	0.03203885113651799	0.04928379774423212
GUF1	-0.0407246452261246	2.3164324374888212e-20	3.226229021572174e-20	-0.04934404339456882	-0.03209918154418588	0.04072667746947459	2.306446267255061e-20	3.212320706483372e-20	0.03210121506622408	0.04934607405755469
HOOK2	-0.04095598357988797	1.41462935074081e-20	1.9716088512067037e-20	-0.04957520139155325	-0.032330665914727	0.04095582012165323	1.4151237434735946e-20	1.9722979003116302e-20	0.03233050235299355	0.049575038061080344
MMACHC	-0.041081738406883575	1.080728572865532e-20	1.5072922913047867e-20	-0.04970085778974731	-0.032456500504226084	0.04108045047653377	1.0837171056606311e-20	1.511460398410922e-20	0.03245521175559493	0.04969957086884863
CD81	-0.04132026919919888	6.470896081158271e-21	9.031257615015033e-21	-0.04993920113344454	-0.03269518334066733	0.04131907923354955	6.4875216754607055e-21	9.054461514948646e-21	0.03269399261406927	0.049938012105362174
MTAP	-0.04140392942455999	5.401793647610219e-21	7.544404535768462e-21	-0.050022795382166	-0.032778897125700805	0.041403331481716446	5.408777030381262e-21	7.554157863660981e-21	0.03277829879962204	0.05002219791130428
COPG1	-0.04140755998999115	5.3595832639093815e-21	7.490682409377192e-21	-0.05002642308170442	-0.03278253001817699	0.04140650122415104	5.371859083693903e-21	7.50783939020811e-21	0.03278147057368744	0.05002536515165552
SRCIN1	-0.041513099856520574	4.265429253976915e-21	5.969810012563912e-21	-0.050131879537864146	-0.03288813763108627	0.04151269110656724	4.269207808579829e-21	5.975098402491013e-21	0.032887728618383516	0.050131471111325196
FAM151B	-0.04165600154186029	3.1281867521055593e-21	4.384284165529866e-21	-0.05027466797872959	-0.033031131352413014	0.04165479405665404	3.1364076817131096e-21	4.395806141153622e-21	0.03302992308804541	0.050273461451888164
TNFRSF1A	-0.041688200288050425	2.9166603672117532e-21	4.093558410121759e-21	-0.05030684115992702	-0.033063350884983966	0.0416865740903666	2.926995874808965e-21	4.1080643856967924e-21	0.03306172363705414	0.050305216253832045
RIMKLB	-0.041722064813450296	2.709449395270219e-21	3.805406454031206e-21	-0.050340678778447626	-0.03309723729147486	0.041722360897103836	2.7077035070369234e-21	3.802954363815904e-21	0.033097533566526165	0.050340974626762215
FAM50A	-0.04225783192477201	8.377894500178609e-22	1.1799851408702267e-21	-0.05087601756605441	-0.033633353219763316	0.04225659726687266	8.400728264480788e-22	1.1832011640113786e-21	0.033632117752320854	0.05087478390090646
NR2C2AP	-0.04237165076267832	6.516581238331172e-22	9.210715531210137e-22	-0.050989744772677245	-0.03374724679986292	0.04237086650691308	6.527887286070825e-22	9.226695810700812e-22	0.033746462028328685	0.05098896114905169
SLC19A1	-0.04262762313905941	3.694626707647171e-22	5.23318230544925e-22	-0.05124551025872052	-0.03400338808573349	0.042625438801130094	3.7126141811848422e-22	5.258660313292978e-22	0.034001202301623804	0.051243327691070234
QARS	-0.04266900431313781	3.3697037107421185e-22	4.779721575520735e-22	-0.05128685788020867	-0.034044796672551676	0.04266699141963904	3.3848332650890917e-22	4.801181936296584e-22	0.03404278244493714	0.05128484661948327
RXRB	-0.04291459170792055	1.9477840629991064e-22	2.764775107166936e-22	-0.051532245540410006	-0.034290547364716255	0.04291315334538375	1.9540647366372897e-22	2.773690186852079e-22	0.03428910804273902	0.051530808350713234
MRPS33	-0.043026946262457746	1.5142081767388584e-22	2.15239257532176e-22	-0.05164450837081357	-0.0344029769743889	0.04302620854092369	1.51671692619578e-22	2.155958672630817e-22	0.0344022387593299	0.05164377125225175
MIF4GD	-0.04307297306551485	1.3655454682349331e-22	1.9424544356115694e-22	-0.05169049753557375	-0.034449034587315394	0.04307081082639234	1.372194142075138e-22	1.9519120086417327e-22	0.03444687089999221	0.05168833706543476
SOX9-AS1	-0.04355094193707483	4.6393607880175254e-23	6.622927606020735e-23	-0.05216807338882362	-0.0349273255716993	0.04355122758580655	4.6363522603011567e-23	6.618632777018068e-23	0.034927611414116565	0.052168358801497165
TCTN3	-0.043612533050811295	4.0334022272677696e-23	5.7620031818111e-23	-0.052229613571510194	-0.034988958480243665	0.0436110713218131	4.046831768294244e-23	5.78118824042035e-23	0.03498749575857814	0.05222815305200613
P3H4	-0.04367786467967988	3.4761677287292567e-23	4.9730582671377063e-23	-0.052294891104684105	-0.035054334513869946	0.04367583785911084	3.492250375087975e-23	4.996066344904113e-23	0.035052306314597326	0.05229286596346363
NME6	-0.04375507299884137	2.9152023599586234e-23	4.173518052911415e-23	-0.05237203539911507	-0.03513159540531675	0.043754022641755715	2.9221963623130926e-23	4.1835309410352073e-23	0.035130544332335825	0.05237098591372443
GIGYF1	-0.04408462256370075	1.370681082064724e-23	1.9665438767069214e-23	-0.05270131052981268	-0.03546137052430365	0.04408293483512829	1.3760081857772772e-23	1.9741867801682602e-23	0.0354596816358123	0.052699624211478495
NUDT14	-0.044204557676922746	1.0400659223042123e-23	1.4932748346076272e-23	-0.052821145301394555	-0.035581388190999354	0.04420324919562719	1.0432068532713436e-23	1.4977844268073848e-23	0.035580078807710795	0.05281983791615624
AL590705.1	-0.04426693277855381	9.007199424744257e-24	1.2941378483827957e-23	-0.05288346811988043	-0.03564380632484244	0.04426582001853261	9.030358916997703e-24	1.2974653616376011e-23	0.03564269279654531	0.0528823562931687
MOCS2	-0.04441396541209094	6.4119051164254224e-24	9.225762757446652e-24	-0.053030377244275555	-0.03579094066152911	0.044412895537922784	6.427807365679039e-24	9.248643691624518e-24	0.035789870045973886	0.05302930827016137
C3orf35	-0.04444711404447803	5.938041650816169e-24	8.550095969497724e-24	-0.05306349797989927	-0.03582411227461862	0.04444613763721844	5.9514905413179086e-24	8.569460822631978e-24	0.03582313519018093	0.05306252239462186
ZNF480	-0.044512829534949255	5.0988025280137566e-24	7.346977706071696e-24	-0.053129158110401864	-0.03588987337934506	0.044513064085675624	5.096028272156483e-24	7.342980219245653e-24	0.03589010809301088	0.05312939246340485
DRC3	-0.04458692945374492	4.292737998422292e-24	6.189961064776196e-24	-0.053203195516658676	-0.03596402482174829	0.044589273515524996	4.269413975105085e-24	6.15632873122579e-24	0.035966370514965	0.05320553759938409
CYP2U1	-0.04479315601198279	2.6552045277755853e-24	3.834230365018896e-24	-0.053409247598347455	-0.03617039527453255	0.04479217813253146	2.6612736147963314e-24	3.8429943895975906e-24	0.036169416711030654	0.05340827054795559
ATF7	-0.04489808965070829	2.0776550378520123e-24	3.00239167319655e-24	-0.05351409217704347	-0.03627540241299323	0.04489772515172535	2.0794280228287542e-24	3.004953790214963e-24	0.03627503765837101	0.0535137279877495
BCL10	-0.0455380028266329	4.598681677565577e-25	6.664756054442866e-25	-0.05415345812978569	-0.036915767930911336	0.04553890822758038	4.588811340499472e-25	6.650451218115176e-25	0.03691667397688541	0.05415436275147275
HEATR4	-0.04568639306042695	3.2318508242682763e-25	4.687238323811858e-25	-0.05430172045830433	-0.03706426407024344	0.045686485068348506	3.231142968408619e-25	4.686211701825408e-25	0.037064356143948825	0.05430181238680162
MARC1	-0.0461318255499372	1.113469172332601e-25	1.620770265404077e-25	-0.0547467667247278	-0.037510016750236665	0.04613054727769476	1.1168956003131506e-25	1.625757787937628e-25	0.037508737554224084	0.05474548956573974
ALG2	-0.04631051457853789	7.240790062014005e-26	1.054739994466716e-25	-0.054925299854672434	-0.03768883519025122	0.04630999028019181	7.249955953519202e-26	1.0560751571040352e-25	0.037688310511386464	0.054924776014560334
ALAD	-0.04660601189146082	3.5412457827242295e-26	5.1659311199478184e-26	-0.05522053814998152	-0.037984547721850816	0.04660494796042813	3.550405758946105e-26	5.179293594377979e-26	0.03798348301321983	0.055219475154237634
WDR45	-0.04691814808938661	1.6554414257174093e-26	2.416702811266291e-26	-0.055532399109524046	-0.038296912896945236	0.04691692824014118	1.6603844998042883e-26	2.423918977816479e-26	0.03829569214956224	0.05553118033920019
COQ2	-0.04695984852128033	1.4949594477200433e-26	2.185613227660882e-26	-0.055574062643147425	-0.03833864404706315	0.04695728840690488	1.5043513687426208e-26	2.1993441063488605e-26	0.038336082045937504	0.05557150479493158
NUDT22	-0.04713691719458579	9.686240528908111e-27	1.41715296692145e-26	-0.055750974304621184	-0.03851584349125881	0.047135766719497776	9.713642018078782e-27	1.4211619631424698e-26	0.03851469216475808	0.055749824851437896
HS2ST1	-0.04720459604367481	8.20222502504778e-27	1.2009114238722955e-26	-0.05581859299807261	-0.03858357246657219	0.047205644322587725	8.181109424462138e-27	1.1978198278861109e-26	0.038584621522514045	0.05581964034461234
ANKRD28	-0.04725672950592553	7.21485315178477e-27	1.0571213409208454e-26	-0.05587068006816312	-0.03863574459539212	0.04725765454342421	7.198442695817662e-27	1.0547168785080825e-26	0.03863667031940096	0.055871604282072565
SRSF8	-0.04735685615087115	5.637316057854435e-27	8.271923782618393e-27	-0.05597071748161241	-0.038735945634517356	0.04735544906373415	5.656916880640139e-27	8.300685077975259e-27	0.03873453750071236	0.05596931164965036
QDPR	-0.047409034571067835	4.956125849597222e-27	7.27771784081824e-27	-0.05602284933256739	-0.03878816289203893	0.047408601966820625	4.9614233342700204e-27	7.285496819779765e-27	0.03878772996560313	0.05602241711461256
PIP4K2C	-0.04745673357184785	4.40514736472432e-27	6.473398037802087e-27	-0.05607050572089528	-0.038835897437225875	0.047457371693203555	4.398204114570099e-27	6.463194878133871e-27	0.03883653603436445	0.05607114327191187
BAZ2B	-0.04748614024544494	4.0962002164441786e-27	6.028256389174656e-27	-0.05609988610414394	-0.03886532604373419	0.04748888583789346	4.068475910680108e-27	5.987455350522602e-27	0.03886807368474089	0.05610262924119834
UEVLD	-0.04812545847703301	8.337655551132315e-28	1.2297427066566835e-27	-0.056738629080606125	-0.03950512480634666	0.048125078842038496	8.345592776928596e-28	1.2309133889275214e-27	0.03950474488390952	0.05673824978929735
RSPH9	-0.04845669361939528	3.6245827671508564e-28	5.357845923356773e-28	-0.05706956340646186	-0.039836611694920636	0.048461314838602776	3.5825576869957295e-28	5.2957245927505246e-28	0.03984123643978003	0.057074180415447984
SWI5	-0.04854631822192715	2.890311550679478e-28	4.275608802780293e-28	-0.057159106289632826	-0.03992630474033811	0.0485441221534623	2.9064026293449885e-28	4.299412173587261e-28	0.03992410699315945	0.05715691222519064
FAM217B	-0.0485816287294092	2.643391706557863e-28	3.913237167369153e-28	-0.0571943845630822	-0.03996164225125233	0.04858223952844735	2.6393100349703794e-28	3.9071947223839817e-28	0.039962253517583944	0.05719499480434874
NPL	-0.048602356382093474	2.508316817825536e-28	3.7160249152970898e-28	-0.05721509328401945	-0.03998238576528937	0.04860104466786749	2.5166580732539825e-28	3.7283823307466406e-28	0.039981073047084446	0.05721378276807654
C22orf39	-0.048861174463223446	1.3005822898511313e-28	1.9325145465841474e-28	-0.05747367434779103	-0.04024140252654346	0.04885991286942448	1.304763754984921e-28	1.9387277191454993e-28	0.04024013996148	0.05747241391212211
CDK18	-0.04892724688265109	1.0992049027863552e-28	1.6369395424964335e-28	-0.057539686075049445	-0.0403075258516815	0.04892684853738827	1.100321040702281e-28	1.638601698737574e-28	0.04030712719928606	0.05753928809592044
MRPS34	-0.04926318055430665	4.6570290568058727e-29	6.940430785105622e-29	-0.05787531000317139	-0.04064371951229326	0.04926130357285403	4.6795047072375834e-29	6.973926538357053e-29	0.04064184107276754	0.05787343475777467
RABEP1	-0.04930464188418381	4.186983554642129e-29	6.249229186033028e-29	-0.057916732969176606	-0.04068521306561804	0.049301495229480054	4.2209429276012784e-29	6.29991481731534e-29	0.040682063964314334	0.057913589227089814
NUDT12	-0.049368596520142	3.552628063138517e-29	5.306389937473513e-29	-0.057980628370218695	-0.0407492174649574	0.049367226352055746	3.5651626029178867e-29	5.325112177621936e-29	0.04074784622999588	0.05797925947192457
KCTD18	-0.04951034866773215	2.4664709778399485e-29	3.686802657458817e-29	-0.058122248975174984	-0.040891080162657995	0.049508931264964945	2.4754995033479107e-29	3.7002982112823777e-29	0.040889661652762255	0.05812083288943958
SDHAF4	-0.0495518938058547	2.2158722191210042e-29	3.3146929231428635e-29	-0.05816375549471316	-0.04093265776698278	0.049550930172019864	2.2213880850170256e-29	3.322944031439081e-29	0.04093169337976063	0.05816279275696842
SLC22A17	-0.04959988331844495	1.9577058677929632e-29	2.930697406875693e-29	-0.05821170036124463	-0.040980684819003306	0.049597221833004156	1.9712076540716312e-29	2.950909661783879e-29	0.040978021250592626	0.05820904135290275
HSD17B12	-0.04965575098165271	1.6945467771411475e-29	2.538646857140296e-29	-0.05826751599907319	-0.04103659623443799	0.04965436228602055	1.700641543645881e-29	2.5477775934769753e-29	0.04103520645060791	0.058266128597282
PHF1	-0.04984335919299725	1.0423422188590692e-29	1.565078406695299e-29	-0.058454949110939014	-0.04122435176435092	0.04984119220622115	1.0482201615172034e-29	1.5739041464222273e-29	0.04122218307248257	0.0584527841501323
HSPG2	-0.05025597300725984	3.556955753793015e-30	5.3528303292596164e-30	-0.058867175686260646	-0.041637291723483384	0.05025434126942982	3.5721733671396274e-30	5.375731177034805e-30	0.04163565869006978	0.058865545485604034
KCTD3	-0.05035678344657244	2.731596793066318e-30	4.116950705450366e-30	-0.05896789106834992	-0.04173818229458396	0.050354897187464255	2.7451376055288765e-30	4.137358862892052e-30	0.04173629453452031	0.05896600658946207
ZSCAN18	-0.05054766584280927	1.6545595191937724e-30	2.4974483308585243e-30	-0.05915859299555812	-0.04192921690011446	0.05054727393428227	1.656266702581781e-30	2.5000252114441976e-30	0.0419288246784347	0.05915820145820342
ZNF737	-0.05084711266960796	7.506974712646289e-31	1.1348412264015555e-30	-0.059457755445145956	-0.04222890377497859	0.050846839869348404	7.512397238137951e-31	1.1356609581463267e-30	0.04222863075532612	0.059457482904661935
CCHCR1	-0.05107211127848803	4.1328936356320355e-31	6.271462269547853e-31	-0.059682539360722035	-0.04245408377177586	0.051070193173556606	4.154021988068986e-31	6.303523502380859e-31	0.04245216411681886	0.059680623089733646
ZC3H6	-0.05107685622656748	4.081084225464777e-31	6.197546280128743e-31	-0.05968727977177783	-0.0424588325545336	0.0510773232526515	4.0760198197183745e-31	6.189855458949696e-31	0.04245929995807057	0.059687746351279936
PYCR2	-0.051096956401966036	3.868669609846274e-31	5.8794370970308115e-31	-0.05970736072348694	-0.04247894897841284	0.051096503091560726	3.873336916193308e-31	5.8865302677709845e-31	0.04247849530148568	0.05970690784670185
AFAP1	-0.05117181269026999	3.16978297562004e-31	4.8209627005627985e-31	-0.05978214535837235	-0.042553865840141654	0.05117355755839273	3.15508455185402e-31	4.798607683428168e-31	0.04255561212136088	0.05978388855513172
SERINC3	-0.05131944761969289	2.137954399710593e-31	3.254116285708665e-31	-0.05992963868641076	-0.04270162051924105	0.0513199611525163	2.1350235523396276e-31	3.24965533080613e-31	0.04270213446925922	0.059930151726032256
ZNF672	-0.051499797871645214	1.319482792545631e-31	2.0114066959537055e-31	-0.06010981544849987	-0.04288211756845449	0.051497594804353654	1.3272979946087311e-31	2.0233201137328216e-31	0.04287991270456804	0.06010761450385747
RAP1A	-0.0520244986418036	3.2097306972903883e-32	4.9153609453145303e-32	-0.060634008286532454	-0.043407248621344846	0.052023268489447966	3.220439801402027e-32	4.931760798471711e-32	0.04340601745462971	0.06063277933056911
CCDC25	-0.05241389488863752	1.1139167271224757e-32	1.7084612379179073e-32	-0.061023024511783736	-0.043796967272087345	0.05241330794496646	1.1157016492551646e-32	1.711198848550866e-32	0.0437963798404778	0.06102243814289392
METTL7A	-0.05275037106971407	4.4356492451212826e-33	6.824075761725049e-33	-0.061359170210887735	-0.0441337241535965	0.05274743822126479	4.471506002842203e-33	6.87924000437262e-33	0.044130788850000775	0.061356240251475805
EIF3E	-0.05283562308316466	3.509400875123727e-33	5.403234603731682e-33	-0.06144433818098817	-0.04421904759823739	0.05283481001669635	3.517255493221642e-33	5.4153279341364776e-33	0.044218233849921004	0.06144352591665115
NIT2	-0.05288795780642595	3.0388227861091052e-33	4.682315541000162e-33	-0.06149662124940369	-0.04427142623412986	0.052887108162321096	3.045937510248084e-33	4.693278135975476e-33	0.04427057587673364	0.06149577244428253
COX7A2L	-0.05337259734455887	7.957051225857947e-34	1.2288882202097216e-33	-0.061980780199557	-0.04475647467055267	0.05337140015139767	7.983553534261087e-34	1.232981240812523e-33	0.0447552764622948	0.06197958419857197
SLC27A1	-0.053925941269042516	1.6976363478866522e-34	2.625887622407815e-34	-0.06253357045264368	-0.04531029042745921	0.05392412016347041	1.7063337171205492e-34	2.6393406297301616e-34	0.045308467760357324	0.06253175117791679
SPATA2	-0.054052358476134446	1.190153332635081e-34	1.8466304618077285e-34	-0.0626598604266161	-0.04543681617276947	0.05405217848873128	1.1907559910869147e-34	1.8475655408641035e-34	0.04543663603063774	0.06265968062055793
EMG1	-0.0540921991260781	1.0639441692414503e-34	1.654656561806299e-34	-0.06269966092164923	-0.04547669108604617	0.05409136499341247	1.0664450670503987e-34	1.658545982971071e-34	0.04547585623573723	0.06269882762997644
LINC00662	-0.05424898473323211	6.838879272222419e-35	1.065245992558009e-34	-0.06285628824061856	-0.04563361179690369	0.05424695611085359	6.87815355298535e-35	1.071363481773419e-34	0.04563158142372621	0.06285426166901147
FAM234A	-0.054641486749418884	2.2494033726496423e-35	3.511949059562283e-35	-0.06324839213389281	-0.0460264539004861	0.05464106744585703	2.2520865860599514e-35	3.5161383076658105e-35	0.04602603423219258	0.06324797325705703
TEP1	-0.05477425829325153	1.5414400365390148e-35	2.4103831689429474e-35	-0.06338102840335899	-0.04615934108873038	0.05477406281123601	1.5422990597938825e-35	2.411726442210919e-35	0.0461591454362253	0.06338083312073392
SNTB1	-0.05477862459687502	1.5223762333722334e-35	2.3824354199878457e-35	-0.06338539025320758	-0.0461637112005959	0.054776478648439646	1.531716244064222e-35	2.3970520251396272e-35	0.04616156338044668	0.06338324649375207
SERINC1	-0.05532457681479153	3.1868306396364037e-36	5.0068038328930146e-36	-0.06393078299069904	-0.046710142190432895	0.05532581475108195	3.17549456633702e-36	4.9889938198539206e-36	0.0467113812181879	0.06393201965253657
GSPT1	-0.05535479330876606	2.921284696149859e-36	4.593214931053237e-36	-0.06396096836930366	-0.046740385333281266	0.05535423273353938	2.9260049623491304e-36	4.6006367332533495e-36	0.04673982426352193	0.06396040837147147
SUCO	-0.05559282515676238	1.4696079640078563e-36	2.3143432504060728e-36	-0.0641987545538759	-0.046978627661253186	0.05559290787564894	1.4692563866925625e-36	2.313789585342618e-36	0.04697871045345438	0.06419883718722165
SUOX	-0.05562034905931997	1.3571195162312205e-36	2.138880246227298e-36	-0.06422624998705108	-0.04700617596507127	0.055618839592977636	1.3630605902329897e-36	2.1482436410291407e-36	0.047004665160174985	0.06422474208236574
ARNTL	-0.055788517801185995	8.335776092976001e-37	1.3147911818574135e-36	-0.06439424449957293	-0.04717449408121681	0.05578813870418317	8.344953508225876e-37	1.3162387236949331e-36	0.047174114646934565	0.06439386579587786
DVL2	-0.05613944356734995	3.0004712589100188e-37	4.743828077328093e-37	-0.06474480512211085	-0.04752573312930624	0.05613751970060198	3.0173786894282446e-37	4.770559192771929e-37	0.0475238075392579	0.06474288326296582
SDHD	-0.056387616990933635	1.4510844134488101e-37	2.296019641532927e-37	-0.06499271903529592	-0.047774129390615955	0.05638584358813978	1.4586533055863165e-37	2.3079957366872097e-37	0.04777235439168446	0.06499094749068506
CLN8	-0.05642915213691036	1.2845605572302073e-37	2.034141816674913e-37	-0.06503421064496452	-0.04781570193554124	0.056428620580810065	1.286566729131326e-37	2.037318652622844e-37	0.04781516990063032	0.06503367964621863
MELTF	-0.056598793717375084	7.800755502340634e-38	1.238215159101688e-37	-0.0652036741015914	-0.047985496573992904	0.056599219252339864	7.790986989404986e-38	1.2366646014928549e-37	0.04798592249351968	0.06520409918911996
LRRC14	-0.05669460251322237	5.88180420114544e-38	9.343612710318412e-38	-0.06529938207878629	-0.04808139203264856	0.05669325144061005	5.905290193291129e-38	9.380921673218633e-38	0.0480800397368344	0.06529803242899487
C11orf68	-0.05680076037454327	4.299294430578816e-38	6.840563930912993e-38	-0.06540542804634562	-0.04818764610334639	0.05679893234776905	4.322581530663968e-38	6.877615800579106e-38	0.04818581641820772	0.06540360194801441
PDCD10	-0.05701592371523813	2.2737389832092885e-38	3.623488419457034e-38	-0.06562036400184504	-0.048403005041502176	0.05701511069061115	2.2792289689868502e-38	3.632237400775857e-38	0.04840219127627572	0.06561955183792749
EIF3L	-0.05701781674359193	2.261007108253676e-38	3.606071942988319e-38	-0.06562225502609811	-0.04840489979429556	0.057015921894829916	2.2737512609024768e-38	3.626397545299006e-38	0.04840300321943571	0.06562036218336402
ERAP1	-0.057189791103633994	1.3565018166428724e-38	2.1669358093336622e-38	-0.06579404706343615	-0.04857703107166233	0.05719088666475333	1.3520873492524528e-38	2.1598839444927362e-38	0.04857812763406198	0.06579514146143527
NFU1	-0.05727265167571625	1.0599263419901737e-38	1.6972399391355864e-38	-0.0658768196068258	-0.04865996743217433	0.05727223065613078	1.0612567984434328e-38	1.6993703738085393e-38	0.048659546027203064	0.06587639903481878
FAM171A1	-0.057667885878916345	3.251474811509725e-39	5.214875399374057e-39	-0.06627163229510627	-0.04905556477067667	0.057666475479499144	3.26526172912583e-39	5.236987536689382e-39	0.0490541530706014	0.0662702234046614
PEX13	-0.05774806607993548	2.5558783797305765e-39	4.102533514816335e-39	-0.06635172665571158	-0.04913581896976071	0.05774588737986392	2.5726619476937464e-39	4.1294734312901224e-39	0.049133638257503616	0.06634955028960791
COA4	-0.05782554563004294	2.0248062089776042e-39	3.25270073731342e-39	-0.06642912315136901	-0.04921337013116212	0.05782402891694407	2.0340656773025073e-39	3.267575385224911e-39	0.049211852015228624	0.06642760806510908
MPC2	-0.05820537977543252	6.43453347074464e-40	1.0378279791523614e-39	-0.06680854863446704	-0.04959355684465431	0.05820362560388005	6.468801353418912e-40	1.0433550570030504e-39	0.04959180103911564	0.06680679635594092
GUCD1	-0.05824370653044121	5.729275909571063e-40	9.248225842729721e-40	-0.06684683401564706	-0.04963191931378467	0.0582417847897015	5.762733021761589e-40	9.302232480648247e-40	0.04962999578169909	0.0668449143500346
PLEKHA3	-0.05882174819633495	9.855800156586241e-41	1.593500429520815e-40	-0.06742424861182757	-0.05021050269936829	0.05882225516122804	9.840522672671967e-41	1.591030343196761e-40	0.050211010141907354	0.06742475502422712
CAMSAP3	-0.05885094844169825	9.013163744140286e-41	1.458440735297781e-40	-0.06745341702735405	-0.05023973046350781	0.058849607887189744	9.050230150111346e-41	1.4644385356167225e-40	0.050238388645316365	0.06745207793444405
RHOQ	-0.058921996071552143	7.250306799262717e-41	1.1741387529170391e-40	-0.06752438715005704	-0.05031084511138298	0.058921730496457984	7.256211186795057e-41	1.1750949290356366e-40	0.05031057928561377	0.0675241218648457
ZNF169	-0.058932000747228125	7.03132453844805e-41	1.1395987906722934e-40	-0.06753438090445811	-0.05032085923131316	0.058930413850867405	7.065614392456074e-41	1.1451563034774836e-40	0.05031927083683206	0.06753279574049577
MYD88	-0.05893340651287397	7.001086843490554e-41	1.1356183038914118e-40	-0.06753578513540785	-0.0503222663241181	0.0589323706896808	7.023354592626123e-41	1.1392302664438154e-40	0.05032122952301881	0.0675347504430422
C1GALT1	-0.059913540068350424	3.383245957298739e-42	5.5191614311561816e-42	-0.06851484036837477	-0.05130333352781289	0.05991613415531925	3.3560022189468316e-42	5.474718138575582e-42	0.05130593010788739	0.06851743157940127
IFFO2	-0.06026479942923567	1.1284696461316865e-42	1.8439046505419714e-42	-0.06886570924847404	-0.051654931533740484	0.06026544101271009	1.1262021893111416e-42	1.8401996557371594e-42	0.05165557373771088	0.06886635011677937
SH3BGRL2	-0.06041092659353088	7.133424575303629e-43	1.1684561138908481e-42	-0.069011673342418	-0.051801200206193054	0.06041148485925533	7.1209207878064584e-43	1.1664079914506892e-42	0.051801759013245026	0.06901223098444069
NPIPB4	-0.06044930522102568	6.322701629137204e-43	1.0373587578568011e-42	-0.06905000908029373	-0.051839616060434766	0.060449706054335514	6.314737260434046e-43	1.0360520525732643e-42	0.05184001728268191	0.0690504094655226
PLXNB1	-0.060500774379947136	5.377539393508726e-43	8.837369586702918e-43	-0.06910142068054037	-0.051891135183740014	0.06050167693396894	5.362285880325963e-43	8.812302186238231e-43	0.051892038614337235	0.06910232222481592
PLXNB2	-0.060694707632079445	2.918014426393256e-43	4.803315928219351e-43	-0.06929513664406219	-0.05208525711085851	0.06069444068129376	2.920474887186235e-43	4.8073660694423625e-43	0.05208498989991291	0.06929486999282193
RELA	-0.060745345423612464	2.486703832652234e-43	4.1000887595255296e-43	-0.06934571759271416	-0.052135944274322964	0.060744355522475466	2.494494407981888e-43	4.112933896095446e-43	0.0521349534076056	0.06934472880320326
HINT3	-0.06074762685498173	2.468840896169671e-43	4.073994878167774e-43	-0.0693479964620474	-0.052138227931135914	0.060745941908423244	2.482021156480991e-43	4.0957444826418994e-43	0.05213654134097177	0.06934631340768414
TRAF5	-0.060864712236992864	1.7047126551847987e-43	2.8177068680740475e-43	-0.06946495023725005	-0.05225542764607405	0.060865362792388494	1.7012049697736722e-43	2.8119090409482186e-43	0.05225607883739427	0.06946560006074522
CDKN2AIP	-0.0610841704523309	8.498536649756457e-44	1.4070424916815326e-43	-0.06968416113939861	-0.05247510079942833	0.061084488538984176	8.489951180216643e-44	1.4056210563272587e-43	0.05247541919822129	0.06968447886698895
CD27-AS1	-0.06110097505291724	8.056579923806915e-44	1.3349759608627863e-43	-0.06970094676820823	-0.052491921892831736	0.061099413516383996	8.096665462964183e-44	1.341618138022234e-43	0.05249035882352798	0.06969938699479762
HEATR5A	-0.06120205229000385	5.841320218125557e-44	9.6951372914947e-44	-0.06980190979006948	-0.05259309843488659	0.06120208796134781	5.840656878504776e-44	9.694036312870997e-44	0.052593134141307646	0.06980194542107446
EFCAB11	-0.061286561721441105	4.462547308702088e-44	7.412869283558286e-44	-0.06988632359233264	-0.052677691029645375	0.06128567371674725	4.47519872251911e-44	7.43388492112809e-44	0.05267680215044913	0.06988543659312733
LRRC27	-0.06144273479832396	2.7106625684393353e-44	4.50650468568468e-44	-0.07004231962280051	-0.05283401811713105	0.0614418407623429	2.7184193661781e-44	4.519400442523857e-44	0.0528331231982926	0.07004142660154496
RIOX2	-0.06156878627406759	1.8110259827313464e-44	3.013354380584603e-44	-0.07016822789289824	-0.05296019420667725	0.06156808752060218	1.815083467706139e-44	3.020105603504391e-44	0.05295949476167032	0.07016752993403391
SLC24A3	-0.06164772267251684	1.4062364194063104e-44	2.3417758857723734e-44	-0.07024707447308601	-0.05303920878118425	0.06164688257293496	1.4100300279511774e-44	2.348093302166823e-44	0.053038367849027386	0.07024623532998224
CHIC2	-0.06181097283447728	8.325197805201558e-45	1.3886902093747385e-44	-0.07041013853895506	-0.05320262096282074	0.06181007856552137	8.349170351277834e-45	1.3926889660179874e-44	0.05320172580508047	0.07040924529066783
B4GALT7	-0.061977850027637664	4.8646336838573766e-45	8.128042913713243e-45	-0.0705768250264022	-0.05336966425188228	0.061976204377067926	4.8905119999203155e-45	8.171281537043133e-45	0.053368016961014585	0.07057518125881121
FKBP11	-0.062058705912961996	3.747684180016261e-45	6.267030401364985e-45	-0.07065758833765867	-0.053450600787802845	0.062058073741259615	3.755340268151671e-45	6.279833224333897e-45	0.05344996798509513	0.07065695689018386
PRPF4	-0.062077050973095044	3.532150182869481e-45	5.911548423212521e-45	-0.07067591237835005	-0.053468964162160515	0.06207660109345906	3.537285245133043e-45	5.920142669678733e-45	0.05346851383333145	0.07067546301424751
CRELD1	-0.06242621516976197	1.1402066561732957e-45	1.911494813366799e-45	-0.07102467540251671	-0.053818478046109834	0.06242454626241272	1.1464027932488258e-45	1.9218823021774112e-45	0.053816807462336524	0.0710230084176603
RTN1	-0.062460220916198975	1.0209664749502568e-45	1.713030998238686e-45	-0.07105864196567563	-0.05385251796194778	0.062458701662682574	1.0260186584915608e-45	1.721507816261008e-45	0.05385099718143945	0.07105712446315164
MIRLET7BHG	-0.06258063066063375	6.901422593637751e-46	1.1589290669416878e-45	-0.07117891280711479	-0.05397304885643808	0.06257861371158491	6.9468858456913945e-46	1.1665635341211409e-45	0.05397102987597386	0.07117689818684901
KLHL12	-0.06269544059260533	4.7475541208514125e-46	7.985793306730718e-46	-0.07129359006311081	-0.054087974537825066	0.06269415809507793	4.767453278229877e-46	8.019265396517875e-46	0.05408669074604608	0.071292309048911
AC021231.1	-0.06284968832822996	2.8689513139188245e-46	4.833953351169038e-46	-0.07144765919004806	-0.05424237814238096	0.06284898167865034	2.8755871991985147e-46	4.845134286770876e-46	0.05424167077778609	0.07144695335965745
BASP1	-0.06286625543839436	2.717668621372878e-46	4.582915044473656e-46	-0.07146420709219373	-0.05425896201826064	0.06286760010214204	2.705743930752598e-46	4.562805954051599e-46	0.054260308043000124	0.07146555019672156
DRAM2	-0.0630893845693047	1.3083675222393507e-46	2.2082152274081868e-46	-0.07168707706455744	-0.05448231741579598	0.06308969082962655	1.3070531134495704e-46	2.205996815948642e-46	0.05448262398727652	0.07168738296857609
BHLHE40	-0.06315578997950125	1.052037273281466e-46	1.7770899886511254e-46	-0.0717534051808649	-0.054548790331466666	0.06315474704939612	1.055648140675441e-46	1.7831894268166232e-46	0.0545477463405647	0.07175236346528661
CHN1	-0.06319407247073543	9.276675578000289e-47	1.5683306133559237e-46	-0.0717916430778826	-0.05458711177404291	0.06319315797979624	9.304605494017527e-47	1.5730524926487789e-46	0.05458619635233971	0.0717907296525033
ZNF436	-0.06321164833120786	8.755805093067869e-47	1.481523704410807e-46	-0.07180919845625602	-0.05460470552594416	0.06320976374821823	8.810232816643496e-47	1.4907331331038065e-46	0.05460281902427871	0.07180731606972764
GLB1L	-0.06333525679809889	5.829082530845903e-47	9.879800899738818e-47	-0.07193266272506062	-0.05472843997160919	0.06333412078498418	5.850940563708988e-47	9.916848413066082e-47	0.05472730279949374	0.07193152803838575
ZFAND6	-0.06386177067486445	1.0211440528618812e-47	1.7381175367861806e-47	-0.07245855943459258	-0.05525549341963749	0.06386288905458476	1.0173570763572767e-47	1.7316716193315348e-47	0.05525661295057752	0.07245967649828666
TCEAL3	-0.06391774682927555	8.477927116635172e-48	1.4455118698440192e-47	-0.07251446969394577	-0.05531152722044523	0.06391656848556002	8.511209077548108e-48	1.4511865434864634e-47	0.05531034766266746	0.07251329273793168
TMEM80	-0.063997912989185	6.493104847135518e-48	1.1080383698183478e-47	-0.07259454138825497	-0.05539177603296018	0.06399695818679209	6.513777611435057e-48	1.111566145296085e-47	0.05539082024549633	0.07259358771162704
UFC1	-0.0645554224544603	1.0065788565343975e-48	1.7280323717328712e-48	-0.07315139083456705	-0.05594986337483201	0.06455767996873238	9.989762928680326e-49	1.714980760288468e-48	0.05595212324002217	0.07315364566533965
C1orf115	-0.06460231836043123	8.598558612845864e-49	1.4774155692175024e-48	-0.07319823097748705	-0.055996808135118474	0.06460130121505404	8.628001690164498e-49	1.482474517210395e-48	0.05599578992971545	0.07319721504198087
CCPG1	-0.06472425021278236	5.705469651830579e-49	9.811641705641581e-49	-0.07332001766545568	-0.05611886718936759	0.06472328266024305	5.724087368853541e-49	9.843658415913225e-49	0.05611789862644448	0.07331905126583256
HPS3	-0.06493532513302479	2.799815111829743e-49	4.823109581102055e-49	-0.07353084068718498	-0.05633016291549607	0.0649343894420424	2.8086788810522676e-49	4.838378778729143e-49	0.056329226243984586	0.073529906114559
RND1	-0.06504340577658305	1.942820917877938e-49	3.3525813940948022e-49	-0.07363879204903281	-0.056438356920826646	0.06504271702741843	1.947354013472075e-49	3.360403819623943e-49	0.05643766744861875	0.0736381041243599
TESC	-0.06533050217501568	7.338371764982952e-50	1.2685171590290322e-49	-0.07392554405617348	-0.05672575542546221	0.06533372836071402	7.258344957267046e-50	1.2546836572631022e-49	0.056728985014118355	0.0739287663637715
LIG3	-0.06537540002764548	6.2994950833383265e-50	1.0898780421000565e-49	-0.07397038792232138	-0.05677070065221394	0.06537252470289985	6.36139954264599e-50	1.1005881561671264e-49	0.056767822292514376	0.07396751605599146
TBK1	-0.06541910515230193	5.429114979008593e-50	9.409211402094617e-50	-0.07401404046128077	-0.056814451925980544	0.06541876218528475	5.435455696376287e-50	9.420200513650412e-50	0.05681410859668901	0.07401369790704729
TRIM32	-0.06590330002553582	1.0385071165022622e-50	1.8076712210657305e-50	-0.074497650550966	-0.057299160281408724	0.06590310800504036	1.0391910523489636e-50	1.808861709919867e-50	0.05729896805647409	0.07449745876318344
SRRM2	-0.06629677680583262	2.683865708177433e-51	4.6798007117304847e-51	-0.07489064913462547	-0.057693057326094	0.06629645954854696	2.68680415586676e-51	4.6849244217380297e-51	0.05769273972887335	0.07489033226398141
ANKRD33B	-0.06649047392444978	1.374642203040835e-51	2.3990265323574785e-51	-0.07508410987047977	-0.057886962312492164	0.06648924699677523	1.3804888461665e-51	2.409230098021815e-51	0.0578857340660864	0.07508288444215071
FAM118A	-0.06699532340286976	2.3815070379177494e-52	4.163473842513548e-52	-0.07558834020378237	-0.05839235662548737	0.06699270397801896	2.4033499033579535e-52	4.2016606702062124e-52	0.058389734362367024	0.07558572400272397
ZNF563	-0.06709031588223825	1.7098285988603767e-52	2.9918260697469406e-52	-0.07568321569356556	-0.05848745211387424	0.06708812865565841	1.7229322373892524e-52	3.014754571109803e-52	0.05848526251372886	0.07568103116245137
TINF2	-0.06739408542106053	5.907639629682668e-53	1.035519654633246e-52	-0.07598661007561548	-0.058791552105671795	0.0673927683737404	5.934984590008863e-53	1.0403128115703528e-52	0.05879023362216738	0.07598529465828899
SLU7	-0.06797193552045504	7.72089440272005e-54	1.3569234451177593e-53	-0.0765637421355593	-0.05937003522144367	0.0679721477835988	7.715100576838613e-54	1.3559051980384208e-53	0.05937024771817646	0.076563954133886
GLB1L2	-0.06820113063166024	3.4280349471979206e-54	6.040590215326733e-54	-0.07679265085313926	-0.05959948300883262	0.06820052118596075	3.435456617422379e-54	6.053668048321373e-54	0.0595988728900444	0.07679204217018125
EGR1	-0.06843362304730395	1.5001405081008718e-54	2.6480856277155723e-54	-0.07702485182961573	-0.05983223266440395	0.06843754928070171	1.479313529146347e-54	2.61132132241191e-54	0.05983616324999116	0.07702877313331018
SNX5	-0.0688658015838035	3.203984648081658e-55	5.6858645041378135e-55	-0.07745648613549075	-0.06026489186760516	0.0688631055390683	3.2350869817306496e-55	5.741059417445696e-55	0.060262192814325544	0.07745379349579304
SDF4	-0.06895371682930851	2.3376952665513716e-55	4.152211841121442e-55	-0.07754429027755243	-0.060352905287568356	0.06895085736458768	2.361801784968823e-55	4.195029813443736e-55	0.06035004262759525	0.07754143442859478
MED11	-0.06916077900050806	1.1108492774143558e-55	1.976600137747964e-55	-0.07775109024609322	-0.06056019921235129	0.06915909037956944	1.1176202626841024e-55	1.9886481542421748e-55	0.06055850869842946	0.07774940376644354
PTTG1IP	-0.06951031288572412	3.1475879218265667e-56	5.630747624018902e-56	-0.07810017983969629	-0.06091012599526394	0.06951081279744839	3.141901618053089e-56	5.620575345354363e-56	0.06091062647043381	0.07810067911447557
EMC6	-0.06961665925731365	2.141881468219213e-56	3.8350608204462183e-56	-0.07820639061675252	-0.061016592326193046	0.06961598667490454	2.147106455125233e-56	3.8444162132949564e-56	0.061015918984492074	0.0782057188925171
ZNF28	-0.06964595152663537	1.9261993215005211e-56	3.451970110215987e-56	-0.07823564550337861	-0.0610459176717434	0.06964529730897326	1.930771647832644e-56	3.460164243427677e-56	0.06104526271519005	0.07823499212078838
CYSTM1	-0.06969920911395461	1.5879811693030054e-56	2.848396716238575e-56	-0.07828883508564446	-0.06109923543447233	0.06970413971788529	1.559835091553763e-56	2.7979104781233416e-56	0.061104171611943287	0.078293759391173
ZNF391	-0.06987096950225055	8.510670990284851e-57	1.5279481131570647e-56	-0.07846037581850508	-0.061271190228122614	0.0698723533980154	8.467955207863949e-57	1.5202792114656998e-56	0.06127257569230973	0.07846175794241196
WDR41	-0.06989751322208677	7.727556389700718e-57	1.3885995309435252e-56	-0.0784868855475813	-0.06129776403675497	0.06989630083270118	7.761708165556703e-57	1.394736417889794e-56	0.061296550272792266	0.0784856747109948
STUB1	-0.07011963153058133	3.4404393600857827e-57	6.187840575693853e-57	-0.0787087189446767	-0.061520134606676886	0.07011704649407355	3.4730442315903884e-57	6.246482430917964e-57	0.06151754662941386	0.07870613722889021
TTC9	-0.07015287073483978	3.04738625391538e-57	5.485843841431827e-57	-0.07874191543980183	-0.06155341163438416	0.07015268532116595	3.04944965073734e-57	5.489558327159928e-57	0.06155322600967197	0.07874173026441929
SLC2A1	-0.07072343718348117	3.763796956112056e-58	6.806142777779486e-58	-0.07931174579642249	-0.06212463032083633	0.07072361422356972	3.761345288369089e-58	6.801709382222582e-58	0.06212480756418086	0.07931192260723925
UBE2Z	-0.0708437421869865	2.4163763480134895e-58	4.3774933840824085e-58	-0.07943189487706581	-0.062245073569011634	0.07084314379246513	2.4217130955825014e-58	4.387161405040763e-58	0.062244474486244476	0.07943129725871892
TMEM134	-0.07087618703755348	2.143895446381569e-58	3.887389748651984e-58	-0.07946429763434126	-0.06227755574542588	0.0708729960453037	2.16927739509363e-58	3.933413227730971e-58	0.06227436108132397	0.07946111078282483
PPME1	-0.07093394662066638	1.7323731064540367e-58	3.1440528247804657e-58	-0.07952198223642859	-0.06233538182254007	0.07093308069342835	1.7379195874732657e-58	3.1541190335267977e-58	0.06233451489800284	0.07952111743372504
LSMEM1	-0.07133566884152447	3.915310598140991e-59	7.131713293517287e-59	-0.07992318136748841	-0.06273756811117723	0.07133373714120413	3.943489800144404e-59	7.183041530317675e-59	0.06273563417268321	0.0799212521891273
HLTF	-0.07137870675427098	3.336980802590016e-59	6.08383008676393e-59	-0.07996616307478341	-0.06278065590674907	0.07137734686262054	3.3538807468758453e-59	6.114641288743565e-59	0.06277929443843429	0.07996480495957486
CCDC85C	-0.0715103686559127	2.0452428772154086e-59	3.7321950314149787e-59	-0.08009765283401653	-0.06291247060930955	0.07150790457054791	2.0640848022165807e-59	3.766578106234636e-59	0.06291000366148296	0.08009519197308416
TLE3	-0.07169806439004323	1.0161796067902155e-59	1.8594320343828279e-59	-0.08028510264714701	-0.06310038469334737	0.07169352388451256	1.0335428138999138e-59	1.8912036850867591e-59	0.06309583889856762	0.08028056809780487
VPS28	-0.07192134128447758	4.4112984003140917e-60	8.079301099476358e-60	-0.0805080862107718	-0.06332392212383828	0.07191866195903937	4.455762274608184e-60	8.160736766681655e-60	0.06332123966685033	0.08050541041040177
MAVS	-0.0721863284220253	1.6330148464702324e-60	2.993611084271737e-60	-0.08077272410523892	-0.06358921958750775	0.07218497634401168	1.6413313911905418e-60	3.0088568124482896e-60	0.06358786592299304	0.0807713738122859
EAF2	-0.07221828934338731	1.4481995383878287e-60	2.659686939187932e-60	-0.08080464282149862	-0.0636212180203831	0.07221747145901687	1.4526584687521487e-60	2.667875975669695e-60	0.06362039917586751	0.0808038260173821
SLC9A3-AS1	-0.07287276185041042	1.223450736606382e-61	2.2510593129832236e-61	-0.08145824721061005	-0.06427646254797754	0.07287214055462796	1.2263373251550713e-61	2.2563704234683925e-61	0.06427584051579512	0.0814576267424403
DNAJC19	-0.0729827000238146	8.060223338262957e-62	1.4843873551128834e-61	-0.08156803883332897	-0.06438653113238701	0.07297988466086996	8.146888952561422e-62	1.5003478733998934e-61	0.06438371242718932	0.08156522722594217
C11orf71	-0.07298336494160106	8.039889564011122e-62	1.482007292905276e-61	-0.08156870286412735	-0.06438719683954942	0.07298187367046395	8.085565379240259e-62	1.4904267980166376e-61	0.06438570379801822	0.08156721358230783
AFG3L2	-0.07305523692387152	6.118079975407193e-62	1.1287970434330615e-61	-0.08164047892555942	-0.06445915419178679	0.07305343876977516	6.1600564689182465e-62	1.1365417839332558e-61	0.06445735390074207	0.08163868317237792
LPIN3	-0.07317231776157924	3.918363530298999e-62	7.242816137336412e-62	-0.08175740331568832	-0.0645763742902248	0.07317062258473896	3.943744122477491e-62	7.289730355780944e-62	0.06457467709537952	0.08175571040568962
PPIC	-0.07361724223252146	7.159613932455422e-63	1.324627924598598e-62	-0.08220173110736712	-0.06502183013606865	0.07361703119624043	7.165406327167429e-63	1.3256995979958241e-62	0.06502161884693415	0.08220152035491156
C8orf82	-0.07371613553939982	4.899979006068242e-63	9.07403519642267e-63	-0.08230049132685369	-0.06512084201691545	0.07371239463771931	4.970823158372426e-63	9.205228071060047e-63	0.06511709662678007	0.08229675546262503
AC010210.1	-0.07377849114641666	3.8568579472187346e-63	7.148948929043067e-63	-0.0823627629310568	-0.06518327247586866	0.07377730860257076	3.87441403580152e-63	7.181490335127934e-63	0.06518208851186616	0.08236158198090704
ACBD5	-0.07392292455177071	2.2135588204188197e-63	4.1106013378251064e-63	-0.08250700150444441	-0.06532787951812861	0.07392068084332587	2.232753315353423e-63	4.1462457109627173e-63	0.06532563310955151	0.0825047608253771
TEX9	-0.07400282297656598	1.627385347134366e-63	3.0248798273872975e-63	-0.08258679199658037	-0.06540787415138181	0.07400633202883758	1.6055338667642228e-63	2.9842636928703023e-63	0.06541138743155715	0.0825902963060437
PLPPR2	-0.07407425052839185	1.2357511530862648e-63	2.2990719127186322e-63	-0.08265812296565654	-0.06547938780511993	0.07407279329019935	1.2427145739774104e-63	2.3120271143765777e-63	0.06547792880942616	0.08265666769878806
CDC37L1	-0.07439520187591654	3.5749524540149455e-64	6.663471489310243e-64	-0.08297863924439773	-0.06580072713119078	0.07439323597353513	3.602274787613409e-64	6.714398485765906e-64	0.06579875884692357	0.08297667601232005
COA6	-0.07443695258580599	3.041070356758389e-64	5.6736387252955014e-64	-0.0830203332281724	-0.06584252844200114	0.07443372902038085	3.0792956990482944e-64	5.744954662403534e-64	0.06583930096861261	0.08301711404363173
MARCH2	-0.07458262950387941	1.7283038549532695e-64	3.227458179184443e-64	-0.08316581198167777	-0.0659883821534761	0.07458036143992161	1.743590806925686e-64	3.256005241691291e-64	0.06598611133418313	0.08316354700577493
SMARCD2	-0.07483288399263281	6.5300108600584e-65	1.2239945379678352e-64	-0.08341572519476496	-0.06623894120824803	0.07483130204454289	6.5703796380834185e-65	1.2315613192283822e-64	0.06623735733148349	0.08341414540739128
FAM169A	-0.0751932229805675	1.5986582396155762e-65	3.004996691006722e-65	-0.08377557088676849	-0.06659972064162369	0.0751909172066229	1.6131538284001879e-65	3.0322440383462177e-65	0.0665974120421684	0.08377326827649194
FAM98C	-0.07524602226784896	1.3000377222681234e-65	2.4459787813134967e-65	-0.08382829770500196	-0.0666525846546776	0.07524409985265144	1.3098653797537477e-65	2.464469199912978e-65	0.06665065988197678	0.08382637792923608
ANKZF1	-0.07524607397059435	1.299774427756057e-65	2.4459787813134967e-65	-0.08382834933675977	-0.06665263642082817	0.07524612686414879	1.299505124080603e-65	2.4472789530708152e-65	0.06665268937924818	0.08382840215769165
PFKFB2	-0.075554230031851	3.8769972373800406e-66	7.315089127132151e-66	-0.08413608148299505	-0.06696117120825297	0.07555302129187069	3.8954756319979755e-66	7.349954022637689e-66	0.0669599609795115	0.08413487440901635
CAB39	-0.07607842500222052	4.895810101394417e-67	9.272367616277304e-67	-0.08465955158363915	-0.06748601419372133	0.07607636613591148	4.9359018011900466e-67	9.348298865890239e-67	0.06748395277291887	0.08465749557364685
YBEY	-0.07610495865145303	4.40726386778427e-67	8.355002592955963e-67	-0.08468604841553731	-0.06751258077056474	0.07610325112202374	4.437185876965349e-67	8.411726780976966e-67	0.06751087112176629	0.0846843432557925
ERVK13-1	-0.07616826346304864	3.429081652532243e-67	6.506796304615262e-67	-0.08474926533816458	-0.06757596419109833	0.07616650685582181	3.453054175163908e-67	6.552284962360357e-67	0.0675742054016637	0.08474751117064784
LDOC1	-0.07624953130346683	2.4838525304137634e-67	4.7176686237678324e-67	-0.08483042024945252	-0.06765733304776607	0.07624793730962061	2.4996214791198624e-67	4.747619143627469e-67	0.06765573707148018	0.0848288284717018
FAM122B	-0.07695117988039647	1.5124448456594476e-68	2.8891019019282667e-68	-0.08553108908651735	-0.06835985853017679	0.07694831652271227	1.5298980660815372e-68	2.9224413869752384e-68	0.06835699157661485	0.08552822974429901
METAP1D	-0.07706528609934561	9.570931273615516e-69	1.8300059796587984e-68	-0.08564503517213068	-0.06847410816212673	0.07706407068175852	9.61772850597005e-69	1.838953825233279e-68	0.06847289121576965	0.08564382146140773
FUCA2	-0.07754581677020743	1.3829564735657295e-69	2.651882020260268e-69	-0.08612488901751618	-0.06895524525469922	0.07754487348211984	1.3882346943921301e-69	2.662003249074075e-69	0.06895430077228303	0.08612394706194504
AP003059.1	-0.07826853897130522	7.36701453543224e-71	1.4167335645061999e-70	-0.08684658577233441	-0.06967888704442696	0.07826720504374807	7.407182544085084e-71	1.4244581815548238e-70	0.06967755141125892	0.0868452537457359
HNRNPC	-0.07841064661251465	4.1255146435617265e-71	7.94131788943547e-71	-0.08698849072255585	-0.06982117656630836	0.07841133886427631	4.1138678807636784e-71	7.918898711768391e-71	0.06982186970492439	0.08698918198609293
MAN1B1	-0.07846693636869355	3.277974861516576e-71	6.315943856486659e-71	-0.08704470009527268	-0.06987753846324027	0.07846498303586531	3.304247321225623e-71	6.366565166138002e-71	0.0698755826261091	0.08704274955277715
USF3	-0.07849940091999606	2.87059699559337e-71	5.536349075397049e-71	-0.08707711826138782	-0.06991004464593172	0.07849852810409756	2.8808591554574088e-71	5.556141090563952e-71	0.06990917071052646	0.08707624669280192
FUNDC2	-0.07852213146444346	2.615802811195627e-71	5.049812376825534e-71	-0.08709981631773481	-0.06993280435008001	0.0785206351060705	2.6318598049518406e-71	5.080810434269962e-71	0.06993130607184046	0.08709832209833683
SNX3	-0.07852944986875895	2.538666890820941e-71	4.9056365040018184e-71	-0.08710712426017439	-0.06994013214465619	0.07852743082727928	2.5597181904093146e-71	4.946315343786115e-71	0.06993811051244736	0.08710510810506657
ISCA2	-0.07874324838504991	1.0575644060665827e-71	2.0495434226096564e-71	-0.08732061673771105	-0.0701542053953942	0.07874021804070783	1.070790273042905e-71	2.0751749477575675e-71	0.07015117115148496	0.08731759073661564
CREBL2	-0.07876911339328721	9.511040295014518e-72	1.845012666346172e-71	-0.08734644466843583	-0.07018010369421646	0.07876782741587326	9.561353302439336e-72	1.8547727065837702e-71	0.07017881606136074	0.08734516053474407
SLC25A1	-0.07885965510410471	6.558529621982745e-72	1.2735008974723778e-71	-0.08743685649679343	-0.07027076203154257	0.0788565069889739	6.643886732358633e-72	1.2900750936618706e-71	0.07026760985895314	0.087433712900018
ADAMTS19	-0.07976476754376528	1.558950051285104e-73	3.0359299927655386e-73	-0.08834066278215821	-0.07117704814250561	0.07976393667529873	1.564341460516809e-73	3.046429329146658e-73	0.07117621619013885	0.08833983311918088
SPESP1	-0.0800857849956436	4.0959438086027075e-74	7.992085480200406e-74	-0.08866121358627495	-0.07149848526823963	0.08008405996628447	4.125528256862428e-74	8.0498112329023e-74	0.07149675797894148	0.08865949106925557
CNPY3	-0.08028480407759502	1.7835890542168894e-74	3.483572371517362e-74	-0.08885994247171555	-0.07169776542830536	0.08028362440168137	1.7924111188372474e-74	3.5008029664789986e-74	0.07169658420284417	0.08885876451793895
MINDY2	-0.08070321071630525	3.0850928857930977e-75	6.04327695552027e-75	-0.08927773679106557	-0.0721167231787704	0.08070260066611537	3.0930163797248326e-75	6.058798001419849e-75	0.0721161123228363	0.08927712763585337
ING1	-0.08076160717975593	2.413206966038047e-75	4.731778364780484e-75	-0.08933604755395054	-0.07217519680112607	0.08076077750894442	2.421646173567949e-75	4.748325830525389e-75	0.07217436603366204	0.08933521910114592
RNF32	-0.08091255194922697	1.2779088901237905e-75	2.5081626891536615e-75	-0.08948677052994315	-0.07232634128650073	0.08091277397486868	1.276713344714211e-75	2.505816181970974e-75	0.0723265636061963	0.08948699222905813
UHMK1	-0.08108865795281178	6.077476259695433e-76	1.1963535944282348e-75	-0.08966261727256601	-0.07250268079541086	0.0810873561397818	6.110994733396121e-76	1.2029517191724649e-75	0.07250137725429047	0.08966131737800931
NFE2L1	-0.0816342356685878	6.015214366618479e-77	1.186432813928694e-76	-0.09020738840275375	-0.07304898531993044	0.08163411366176258	6.018336962135084e-77	1.1870487104802926e-76	0.07304886314999401	0.09020726657687772
GOLGA5	-0.08169719560356649	4.601461637034511e-77	9.084820606188571e-77	-0.09027025492717945	-0.07311202946057226	0.08169541195351887	4.636533392717466e-77	9.15406395403251e-77	0.07311024342404042	0.09026847392438586
C5orf63	-0.08199763169918943	1.2776560238408682e-77	2.5300119283977587e-77	-0.09057024433970011	-0.07341286831883256	0.08199622353977834	1.285366654768221e-77	2.5452805044915267e-77	0.07341145826800809	0.09056883827754444
GATA6	-0.0822187817936584	4.959844033340452e-78	9.831207201864128e-78	-0.09079106463804623	-0.07363431588393547	0.08221709304010724	4.995860977871013e-78	9.902598568624408e-78	0.07363262485562189	0.09078937840608885
THUMPD1	-0.08235267272626282	2.7933435203015e-78	5.5423482545664685e-78	-0.09092475549247812	-0.07376838732563568	0.08235031512565638	2.821749362466899e-78	5.598709052513689e-78	0.07376602654387514	0.09092240141759385
ZNF525	-0.08240475462746116	2.2336843028312624e-78	4.445142891206493e-78	-0.09097675948229567	-0.07382053952644517	0.08240332391404441	2.2474501821536684e-78	4.472537675927699e-78	0.07381910688123906	0.09097533090976431
SLC12A8	-0.08311441716048004	1.046446951793391e-79	2.0991914780208445e-79	-0.09168535574445558	-0.07453116463313504	0.08311043477072137	1.0646553602309857e-79	2.135717874084224e-79	0.07452717681741135	0.09168137936247178
HLA-F-AS1	-0.08351757602959797	1.817175790879524e-80	3.652614655034219e-80	-0.0920879049995079	-0.07493487422267414	0.08351569354360654	1.832127943128889e-80	3.6826692324198775e-80	0.0749329891586438	0.09208602536652168
C19orf18	-0.08359590555487185	1.2919396832725233e-80	2.6047171033720227e-80	-0.09216611575817876	-0.07501331107354357	0.08359486708392931	1.2977987525833602e-80	2.6165297431116133e-80	0.07501227117901361	0.09216507886250232
SHISA5	-0.0840195108979037	2.0304125624133733e-81	4.110146887476464e-81	-0.09258907698027534	-0.0754374986726143	0.08401768101942345	2.0467498353456125e-81	4.1432182901733046e-81	0.07543566627224091	0.0925872498909015
CDKN1B	-0.08410950503800389	1.3687322370796596e-81	2.7735202372434846e-81	-0.09267893387981956	-0.07552761691192791	0.08410670660710948	1.3856288768640985e-81	2.8077586157327223e-81	0.07552481461996952	0.0926761397186192
TEX264	-0.08463602293529746	1.3507958829194665e-82	2.745520087234688e-82	-0.0932046460430799	-0.07605486367102132	0.0846333427246341	1.366864448499857e-82	2.778179773373693e-82	0.07605217973797504	0.09320196994606028
AP1G2	-0.08464818395737497	1.28022162968706e-82	2.604723559892289e-82	-0.09321678839860943	-0.07606704158437086	0.0846463713119111	1.2905029690056377e-82	2.625641849451959e-82	0.07606522642103788	0.09321497853562545
BORCS7	-0.08505082589757915	2.1566119411470057e-83	4.396762367272183e-83	-0.0936188108647796	-0.0764702442269468	0.08504893128608253	2.174805632614369e-83	4.433854500742852e-83	0.07646834697052173	0.09361691917472968
CCDC110	-0.0851592823632537	1.3328477405276828e-83	2.7228758744181467e-83	-0.09372709998998324	-0.07657885220434318	0.08515804008995946	1.3402193454346531e-83	2.7379353328593526e-83	0.07657760819446284	0.09372585963457443
ATP6V1E2	-0.08570246134271406	1.1858531636109018e-84	2.4300269746125035e-84	-0.09426943783357646	-0.07712279305857583	0.08570110406706363	1.1930672848320832e-84	2.44481000990181e-84	0.07712143387281564	0.09426808266606233
IMPDH1	-0.08573213779051356	1.0385519483396296e-84	2.1303629709530865e-84	-0.09429906817963635	-0.07715251127835553	0.08572919123771802	1.0523215365185981e-84	2.15860828003815e-84	0.07714956057736894	0.0942961262049275
UBXN6	-0.08585890358337603	5.890402858165021e-85	1.2107713994172705e-84	-0.09442563687360962	-0.07727945567588594	0.08585651603514745	5.953700558333932e-85	1.2237822319288657e-84	0.07727706476118859	0.0944232530401646
GCA	-0.08636750087164977	6.0023181456452206e-86	1.2363168168167292e-85	-0.09493344059654193	-0.0777887723412344	0.08636765917906954	5.998040128143022e-86	1.2354356597616934e-85	0.07778893087326662	0.09493359865626036
MORN2	-0.08647568814647359	3.68615858236119e-86	7.600326973940599e-86	-0.09504145849156302	-0.07789711321733278	0.08647778648582408	3.651442524069856e-86	7.528747472308982e-86	0.07789921453784995	0.09504355354372433
C12orf75	-0.08658978998781142	2.202731060134025e-86	4.546400536912332e-86	-0.09515538147460131	-0.07801137727681601	0.08659054385166329	2.195245452704925e-86	4.530950366780031e-86	0.07801213221318265	0.0951561341560013
FAM135B	-0.08667060758454033	1.5289634211454505e-86	3.1622821533515005e-86	-0.09523607225141348	-0.07809230990795843	0.08666980641595158	1.5345100166559213e-86	3.1737539124217606e-86	0.07809150759844485	0.09523527234058023
TRIQK	-0.08671356653066452	1.2590714803328299e-86	2.6094745706379894e-86	-0.09527896374003973	-0.07813533004715112	0.0867114033968792	1.271447856731129e-86	2.6351250916707338e-86	0.0781331638313161	0.09527680400373671
MGAT1	-0.08672141559091213	1.2151636062962846e-86	2.521086320116773e-86	-0.09528680047164259	-0.07814319029148051	0.08671984134957018	1.2238457762158545e-86	2.539099120779781e-86	0.07814161380692544	0.09528522870307188
BROX	-0.08703153852045502	2.9813749204797133e-87	6.191848225295355e-87	-0.09559643543643125	-0.07845375596696938	0.08703045707920384	2.996045128955545e-87	6.222315947986594e-87	0.0784526729789095	0.09559535569965998
GYG2	-0.08711238701155462	2.0652393597286984e-87	4.293636922512887e-87	-0.09567715644362669	-0.07853472015474106	0.08711243097750082	2.0648268766220875e-87	4.2927793692766895e-87	0.07853476418363464	0.09567720034021565
NEB	-0.0872835399996701	9.482727612891976e-88	1.9755682526858282e-87	-0.0958480391818268	-0.07870611844136002	0.08728801011089508	9.291707246648695e-88	1.9357723430518117e-87	0.07871059496599687	0.0958525022279987
DHRS1	-0.08739055448507892	5.824130633022954e-88	1.2158936603388213e-87	-0.09595488443527249	-0.07881328655886682	0.08738777130792465	5.898482344283758e-88	1.2314159382638325e-87	0.0788104993836178	0.09595210566191484
PDXDC1	-0.08762714328228687	1.9781656432029457e-88	4.134097477958089e-88	-0.09619109839213706	-0.07905021571124622	0.08762557441191748	1.992400880098699e-88	4.163847189338974e-88	0.07904864458071818	0.09618953201059036
RNF141	-0.08768660268414383	1.5072983131513904e-88	3.1533437513627417e-88	-0.09625046343759315	-0.07910976080339428	0.08768491283652592	1.5189928226136945e-88	3.177809252329905e-88	0.07910806851959686	0.09624877627244344
TP53RK	-0.08779642558052826	9.118416536874892e-89	1.9096160286648989e-88	-0.0963601118953232	-0.07921974213265677	0.08779430486495847	9.207402061424411e-89	1.928251740612442e-88	0.07921761835571993	0.09635799455018818
BEND3	-0.0878655009053129	6.64485930578379e-89	1.3930522653634778e-88	-0.09642907739692141	-0.07928891721395757	0.08786329657832133	6.712329363886555e-89	1.4071969316324017e-88	0.07928670970226702	0.09642687657586987
HEXA	-0.08804257537616736	2.9489908228553136e-89	6.1888579703154536e-89	-0.09660586996067021	-0.07946624778774124	0.08804091174339827	2.9716077824471238e-89	6.236322733362275e-89	0.07946458174633299	0.09660420897896167
SLC12A9	-0.08806507114666272	2.6595001729593883e-89	5.5871852373096396e-89	-0.09662832987863772	-0.07948877613274517	0.08806249293440617	2.6911846568852736e-89	5.653749279170743e-89	0.07948619418672026	0.09662575577583722
FA2H	-0.08808852972823494	2.3877763940278957e-89	5.021611764517131e-89	-0.09665175106391774	-0.07951226869233473	0.08808857263274227	2.3873057077778195e-89	5.0206218880711246e-89	0.07951231165899478	0.09665179390002054
ETHE1	-0.08834126995368813	7.462830465308948e-90	1.576099359093759e-89	-0.09690408778427406	-0.07976537559751487	0.08833857538182974	7.556075898649236e-90	1.5957921644454565e-89	0.07976267711049471	0.09690139752016187
CSRNP1	-0.08857775864098517	2.5058777769545105e-90	5.314693058228018e-90	-0.097140197915508	-0.08000220838800003	0.08857725542872481	2.511711374069884e-90	5.327065480529977e-90	0.08000170444251208	0.09713969550978105
TMEM170A	-0.08861564725431108	2.1033336877639707e-90	4.47042229067794e-90	-0.09717802578957581	-0.08004015222118986	0.08861381000723106	2.1212738786343096e-90	4.50855234566272e-90	0.08003831229588419	0.09717619148835838
ARMCX3	-0.08920052998689881	1.395442306368914e-91	2.9721880859827776e-91	-0.0977619677578534	-0.08062589053022776	0.08919893583251919	1.4058334764067494e-91	2.994320503528753e-91	0.08062429403584304	0.09776037617562958
EIF1B-AS1	-0.08938478075544776	5.9145611830829614e-92	1.2624463571148264e-91	-0.09794592094417182	-0.08081041205062917	0.08938353755514464	5.9489522242238944e-92	1.2697870275824747e-91	0.0808091670215052	0.09794467975371382
LINC01473	-0.08938819129958109	5.821229206546232e-92	1.2438523945611606e-91	-0.09794932597444268	-0.08081382761201114	0.08938732579418471	5.844774341371564e-92	1.248883406275975e-91	0.08081296083335143	0.09794846186833693
SMIM20	-0.08946784003045011	4.0143507772572355e-92	8.605253541816152e-92	-0.09802884587937295	-0.08089359357132755	0.08946649783138239	4.039581253307422e-92	8.659338163574324e-92	0.08089224939587711	0.09802750585211867
PRRT2	-0.08949842167418341	3.480215643906716e-92	7.476295690454813e-92	-0.09805937803051133	-0.08092422025485918	0.08949605278271044	3.518926779773931e-92	7.559456025293083e-92	0.0809218478739699	0.09805701297337105
ZCCHC9	-0.08959413208458035	2.2253523132676882e-92	4.785703899500404e-92	-0.0981549334413406	-0.08102007172953019	0.08959214045688937	2.2461676503281472e-92	4.8304680652218214e-92	0.08101807716483214	0.09815294504062728
TMEM179B	-0.0897959364138659	8.654121703340531e-93	1.8631047800517826e-92	-0.09835641043846458	-0.08122217401097506	0.08979439105243245	8.717010639304949e-93	1.8766438405392783e-92	0.08122062636522798	0.09835486758631622
NSMCE4A	-0.08993447596443652	4.519519544871738e-93	9.74034384670633e-93	-0.09849472486782504	-0.08136091851515077	0.08993099584481459	4.593934738117758e-93	9.900721418357236e-93	0.0813574332430166	0.09849125040730757
PPT1	-0.0902531383760885	1.0103433057244224e-93	2.1821669670073918e-93	-0.0988128682105538	-0.08168005361298027	0.09025144025786307	1.0184560075477256e-93	2.1996890011829926e-93	0.08167835297120109	0.09881117286302912
MOV10	-0.09029943116071176	8.123754328644821e-94	1.756487422409691e-93	-0.09885908544333577	-0.08172641521200373	0.09029794896829313	8.180691612465647e-94	1.7687981864790588e-93	0.08172493081572552	0.098857605670492
TPMT	-0.09124739363168513	9.107882070988327e-96	1.9821288511400057e-95	-0.09980549267765838	-0.08267579499160625	0.09124571993015852	9.180770678627796e-96	1.9979914425740578e-95	0.08267411877400077	0.09980382173566887
MED13L	-0.09151180477491629	2.580598470531689e-96	5.628349990254501e-96	-0.1000694672634236	-0.08294060423368434	0.0915104507927683	2.5973421377500815e-96	5.664868348418934e-96	0.08293924820989025	0.10006811551984394
ZNF584	-0.0915395246294742	2.2605210461870405e-96	4.935635472024106e-96	-0.10009714128119554	-0.08296836589350484	0.09153980967967269	2.2574443534514254e-96	4.928917802295688e-96	0.0829686513736664	0.10009742585997411
TMC7	-0.09159085007706248	1.7687810021491232e-96	3.866187982839614e-96	-0.10014838182348706	-0.08301976878187972	0.09158976893303176	1.777946897951374e-96	3.886222727762566e-96	0.08301868600612862	0.10014730246841057
SH3GLB2	-0.0918607631014329	4.857628181561141e-97	1.0652693380616537e-96	-0.10041784759628544	-0.0832900898066116	0.09185844354677586	4.91195807115336e-97	1.0771837875336315e-96	0.083287766740344	0.10041553189052706
AC002429.2	-0.09210426195613221	1.5088867276825083e-97	3.312594352760721e-97	-0.10066094189116913	-0.08353395781624831	0.09210561300598387	1.4991168270073893e-97	3.291145613627638e-97	0.08353531091721444	0.10066229069347647
PEX10	-0.09220124766094082	9.463055913067705e-98	2.0797925083665285e-97	-0.10075776617511516	-0.0836310908415008	0.09219777732806035	9.622445684124188e-98	2.1148232272800414e-97	0.08362761523440544	0.10075430162097598
PXDNL	-0.09269226633183779	8.848064733478567e-99	1.948912936889552e-98	-0.10124796511792174	-0.08412285786489947	0.09268990099567374	8.949925501970706e-99	1.9713492295089658e-98	0.08412048891376438	0.10124560374051153
SYDE2	-0.09290722353782158	3.122785377198702e-99	6.885965550603532e-99	-0.10146256215749438	-0.08433814399691585	0.0929103448918313	3.0758589844282025e-99	6.782489491572663e-99	0.0843412701330927	0.10146567827572947
DDAH2	-0.09331860101276408	4.22628239289829e-100	9.32954170617724e-100	-0.10187324813890854	-0.08475015318937928	0.09331441660619524	4.3133347573090844e-100	9.521710281035505e-100	0.08474596234242163	0.10186907078068083
ZNF160	-0.09349801177974161	1.761673912353963e-100	3.8975086556503605e-100	-0.1020523564171798	-0.0849298403798541	0.09349637294637816	1.775825602422707e-100	3.928817704475015e-100	0.08492819901896928	0.10205072034941902
ELOVL1	-0.09397270656610424	1.7251436182492185e-101	3.829397598777399e-101	-0.10252624818741186	-0.0854052692306026	0.09396939553500482	1.7534034009524995e-101	3.892127416098778e-101	0.08540195306583824	0.10252294277085534
PRRG2	-0.0941246022203821	8.181392597240746e-102	1.820109587817741e-101	-0.10267788606786599	-0.08555740059911394	0.09412236329693567	8.27192900832576e-102	1.8402511698166317e-101	0.08555515819836765	0.10267565094686097
RIC1	-0.094539577628056	1.0591374157000608e-102	2.3641460171876356e-102	-0.10309215521684045	-0.08597302200911608	0.09453742192224769	1.0704710234397319e-102	2.3894442487494013e-102	0.08597086293976375	0.10309000318755712
SLC26A11	-0.09458805034281403	8.336448367890074e-103	1.8628934900313016e-102	-0.10314054524094451	-0.08602157037701227	0.09458492429998995	8.466187647944823e-103	1.8918855079206307e-102	0.08601843945403163	0.10313742453212582
PLCH1	-0.09463216917685295	6.703496740648917e-103	1.4996637003688852e-102	-0.1031845887765164	-0.0860657581042939	0.09463397060964722	6.644075282822053e-103	1.486370309356164e-102	0.08606756235081037	0.10318638713405785
CHORDC1	-0.09498396884680313	1.1741486651239887e-103	2.635575005889986e-103	-0.10353578682324442	-0.08641810832868108	0.09498286221642882	1.1806128095140842e-103	2.6500848698408173e-103	0.08641699996310828	0.1035346820886954
APOOL	-0.09519779424780006	4.0594971775244185e-104	9.132727058547623e-104	-0.10374924551304712	-0.08663226940617652	0.09519627177367282	4.090347166169345e-104	9.202130857523836e-104	0.0866307445391758	0.10374772565275205
TDP2	-0.09547171088264493	1.0376487904724282e-104	2.3370468253883517e-104	-0.10402269122910617	-0.08690661720914127	0.09546936606522487	1.0498544215210504e-104	2.364536985407771e-104	0.08690426869526585	0.1040203504483932
SLC25A53	-0.09565269619665497	4.204030184808021e-105	9.500633186006827e-105	-0.1042033646830402	-0.08708788812223184	0.09565198741103688	4.2189461748477e-105	9.534341638073898e-105	0.08708717821702715	0.10420265711984815
RAB1B	-0.09635502045640396	1.241115429340717e-106	2.8239258915602204e-106	-0.10490447340694196	-0.08779132603707995	0.09635240219599922	1.2575830460937068e-106	2.861394871658036e-106	0.08778870360911512	0.10490185969382933
CA3	-0.09671398342518507	2.0299300883189663e-107	4.6239865337561874e-107	-0.10526281182478318	-0.08815086150122782	0.09671470443947447	2.0225471242244683e-107	4.607168847891727e-107	0.08815158366767872	0.10526353158236328
JMJD6	-0.09764454198284199	1.799406600845216e-109	4.127079359736734e-109	-0.10619174098909377	-0.08908291455787468	0.09764186648318361	1.8241431376616385e-109	4.1838145359211895e-109	0.08908023473980699	0.10618907019557865
SEMA4B	-0.09769042526400544	1.4236858507529982e-109	3.272841036213789e-109	-0.10623754354341237	-0.0891288719165654	0.09769205047838177	1.4119212026620793e-109	3.245795868188688e-109	0.08913049975548236	0.1062391658977285
TK2	-0.09780229113513662	8.039381792947215e-110	1.8523921181906027e-109	-0.10634921244620356	-0.08924091854541973	0.09780064009509655	8.107516633574398e-110	1.868091390224516e-109	0.0892392648359821	0.10634756431480726
UBE2A	-0.09799837627691152	2.9476614933109156e-110	6.823290493775267e-110	-0.10654495181000713	-0.08943732105287786	0.09799552748385246	2.990987840784793e-110	6.923582964779614e-110	0.08943446764425371	0.1065421080452726
TRIM14	-0.09813186398994035	1.4870577519448668e-110	3.446252032317188e-110	-0.10667820375085425	-0.08957102519795346	0.09812879862419967	1.5106230843139746e-110	3.500864621816859e-110	0.08956795485868055	0.10667514380274841
MVP	-0.0983728462796414	4.3136358712056585e-111	1.0031711328385253e-110	-0.1069187596291241	-0.08981239898875061	0.0983714080958458	4.345654435093171e-111	1.010617310486784e-110	0.08981095846549125	0.10691732399312222
ENG	-0.09837895385172345	4.180264012467324e-111	9.732861495849416e-111	-0.10692485638102817	-0.08981851649629258	0.09837722417226859	4.2176119183359586e-111	9.819818203343327e-111	0.08981678400302544	0.10692312976593958
IFT22	-0.09858614021371072	1.43876830928278e-111	3.357685669271365e-111	-0.10713167531087293	-0.09002604028019441	0.09858544606271338	1.4439244185637797e-111	3.369718596414889e-111	0.09002534499746774	0.107130982392144
SPA17	-0.09867612681244958	9.04679626602116e-112	2.116209652870447e-111	-0.10722150209361438	-0.09011617366186249	0.09867766987868014	8.975072605478133e-112	2.0994321884159378e-111	0.09011771924631047	0.10722304241814615
ACAA1	-0.0987256665083756	7.006262141962514e-112	1.640810806080214e-111	-0.10727095374761035	-0.09016579422501939	0.09872291567550948	7.106437414515464e-112	1.6642710572635746e-111	0.09016303890065532	0.10726820780463214
CMTM3	-0.09881238211847586	4.477515976192868e-112	1.0498278959420557e-111	-0.1073575151449801	-0.09025265148958682	0.0988114721371516	4.498612369118372e-112	1.0547742952211891e-111	0.09025174002108462	0.10735660678261498
PEA15	-0.09882660129437605	4.160405969710195e-112	9.766211196502805e-112	-0.10737170902151376	-0.0902668939056781	0.09882458050719514	4.204068020806e-112	9.868704274192488e-112	0.0902648698154566	0.10736969183001625
ESYT1	-0.09927070185468109	4.172644527528512e-113	9.817987123596499e-113	-0.10781501766579465	-0.09071172207780437	0.09926953787793424	4.1979281901600054e-113	9.87747809449413e-113	0.0907105561895407	0.10781385576908149
PRCP	-0.09959937104449536	7.556636821195352e-114	1.7864389648215964e-113	-0.10814309858792268	-0.09104093195643867	0.0995981539267198	7.604685126386486e-114	1.7977979022190275e-113	0.09103971283294988	0.10814188365203521
ARFIP2	-0.1001168664381236	5.067814228836161e-115	1.2023284054178319e-114	-0.10865966397189424	-0.09155928246549626	0.10011408091258969	5.142259498900247e-115	1.2199903911981607e-114	0.0915564923247134	0.10865688346467874
IARS2	-0.10020011338993556	3.276900629066833e-115	7.783611945526919e-115	-0.10874276088682858	-0.09164266740855541	0.10019853482350932	3.30411725306207e-115	7.848259508460974e-115	0.09164108622436035	0.10874118516658009
TRIP10	-0.10024697496210852	2.5632968563771455e-115	6.095830811836256e-115	-0.10878953794736675	-0.0916896067118816	0.10024557649949456	2.5821577228326785e-115	6.147994578173044e-115	0.09168820592903158	0.10878814200733194
ABRAXAS1	-0.10045657773616601	8.532673611805657e-116	2.0340103961396087e-115	-0.10899876225414652	-0.09189955762784352	0.1004550074304253	8.603355604964597e-116	2.0508595005875083e-115	0.09189798471105864	0.10899719478662748
TBCA	-0.1005011912627267	6.749520585005275e-116	1.6108641014332399e-115	-0.10904329512702061	-0.09194424535390607	0.10050151023965702	6.738214387906744e-116	1.6081657250374092e-115	0.09194456486147064	0.1090436135271713
H3F3B	-0.10067228050263825	2.744116184948659e-116	6.557027921024275e-116	-0.10921407474873267	-0.09211561946240485	0.10067446808743498	2.712691046280726e-116	6.481937983944387e-116	0.09211781069287635	0.10921625837141767
JAK2	-0.10090272221984443	8.144414744055694e-117	1.95075802252831e-116	-0.10944409864124076	-0.09234644567299168	0.10090227345411497	8.163726109952378e-117	1.9553834993897913e-116	0.09234599615760021	0.10944365069007853
SPRY1	-0.10104586265940078	3.824296304861784e-117	9.181983925238377e-117	-0.10958697908553626	-0.09248982540624844	0.10104808879454892	3.779565582081573e-117	9.07458723188853e-117	0.09249205526571934	0.1095892011744234
RHOBTB1	-0.10134940000070256	7.669706240113854e-118	1.845898012061096e-117	-0.10988996392443412	-0.092793871357267	0.10135092120441895	7.608103020872511e-118	1.8310717258417597e-117	0.09279539511394327	0.10989148235523964
KDF1	-0.10141956197419576	5.286706515024377e-118	1.2739051843432233e-117	-0.1099599979623986	-0.0928641511217814	0.10141838462219349	5.319830123101393e-118	1.282885575677806e-117	0.0928629717924853	0.10995882275791623
ANKRD27	-0.10165103335117129	1.5461793770772566e-118	3.7347327948726004e-118	-0.11019104666586638	-0.09309601170768897	0.10164793218303633	1.5718874592437017e-118	3.7968296116997627e-118	0.09309290531894396	0.11018795116665535
ACTR3C	-0.10187064391036064	4.803314327077264e-119	1.1616237792206202e-118	-0.11041025535648422	-0.09331599239013783	0.10187016596928022	4.815564240243309e-119	1.1645862733357459e-118	0.09331551364264688	0.11040977829089728
ACO1	-0.102243151863134	6.573116453668278e-120	1.5934827766468553e-119	-0.11078207975167591	-0.0936891300635017	0.10224074310624955	6.658357590100731e-120	1.6141472945698743e-119	0.09368671722692094	0.1107796754225744
TDRD1	-0.10234839949572637	3.7422984704445924e-120	9.083248714671342e-120	-0.11088713382021273	-0.09379455605145536	0.10234646853898433	3.7811941207935895e-120	9.177655632994149e-120	0.09379262182073658	0.11088520641646908
MFSD10	-0.10236953168927046	3.341862736556157e-120	8.13105288699795e-120	-0.11090822712590705	-0.09381572407928694	0.10236769095725436	3.374972545156283e-120	8.211612032010423e-120	0.0938138802255969	0.1109063897815456
AKT3	-0.10238499117332597	3.076280597670569e-120	7.493984403582385e-120	-0.11092365815626432	-0.09383120978320021	0.10238515089974766	3.0736495823078542e-120	7.487575109154334e-120	0.09383136978054545	0.11092381758868271
RPS6KA1	-0.10248636468793933	1.786766080262253e-120	4.35796604942013e-120	-0.11102484498751522	-0.0939327553336064	0.10248473699074052	1.8024292951038816e-120	4.396169012448492e-120	0.0939311248727203	0.11102322028918402
COPB1	-0.10263205403457763	8.17598987049889e-121	1.996578722954552e-120	-0.11117026573139464	-0.09407869223384223	0.10263070282778615	8.235530639759047e-121	2.0111185933477527e-120	0.09407733872940752	0.11116891701745948
EPS8L2	-0.10282975557387683	2.824936844345803e-121	6.90693604974524e-121	-0.11136760218999012	-0.09427673029309358	0.10282706290425885	2.866162822909808e-121	7.007733063349164e-121	0.09427403303557012	0.11136491449724721
GPC1	-0.1028516115885147	2.5114832874263836e-121	6.1480619031245626e-121	-0.1113894178034225	-0.09429862355175074	0.1028486483932826	2.551855388848612e-121	6.246892016765269e-121	0.09429565530656339	0.11138646008618809
FIS1	-0.10322051534621066	3.436429604644885e-122	8.422621580011973e-122	-0.11175763839480153	-0.09466815719282579	0.10321820838848488	3.4795193881493555e-122	8.528233794483715e-122	0.09466584628877013	0.11175533571657409
RCC1	-0.10332459475884713	1.9580434506417348e-122	4.810917569144312e-122	-0.11186152464061952	-0.09477241474175158	0.10332113948251516	1.9949695235547388e-122	4.901645021019014e-122	0.09476895354855826	0.11185807578012327
FAM3A	-0.10353389634579699	6.306751968749219e-123	1.5533871844209898e-122	-0.11207043720807891	-0.09498207512513673	0.10353072117579472	6.416193027470586e-123	1.58034311021443e-122	0.09497889450641385	0.1120672679452601
FBXO34	-0.10363359490324651	3.673499710507412e-123	9.070369655573857e-123	-0.11216995019494333	-0.09508194485817138	0.103634295122749	3.6595747790741234e-123	9.035987108824996e-123	0.0950826462805115	0.1121706491105101
MRPS27	-0.10374399001011736	2.0179041430404528e-123	4.9886381780975344e-123	-0.1122801396218004	-0.09519252970670787	0.10374352568623614	2.0229979681762154e-123	5.001231070892992e-123	0.09519206458432765	0.1122796761634528
H6PD	-0.10397176579744319	5.8503286032259755e-124	1.4498955646161029e-123	-0.11250749037066443	-0.09542069765083121	0.10396901922399499	5.9384269745424665e-124	1.471729113889087e-123	0.09541794634331308	0.1125047489277522
FKBP9	-0.10433522343754573	8.06575489530098e-125	2.006406690373378e-124	-0.1128702679338941	-0.09578478290914204	0.10433572143976379	8.043847335062589e-125	2.000957048523032e-124	0.09578528177287927	0.11287076500272368
SESN2	-0.10459395642608393	1.9596685734739678e-125	4.89305511479143e-125	-0.11312851541260452	-0.09604396407150385	0.10459166479726988	1.9844120137013695e-125	4.95483648864262e-125	0.09604166846807208	0.11312622808907016
LINC00882	-0.10496580098818416	2.5489306284428316e-126	6.380301948542757e-126	-0.11349966019266908	-0.09641645476825049	0.10496985047205729	2.4928342303526127e-126	6.239885432672372e-126	0.09642051130187922	0.11350370204262403
SIX3	-0.10504096672190127	1.6861760620631013e-126	4.226005168077948e-126	-0.1135746841810394	-0.09649175140445305	0.10504325276038438	1.6651103910060624e-126	4.173209000015194e-126	0.09649404142564681	0.11357696590705292
KLHL36	-0.10539493303394101	2.3991122573783144e-127	6.027920244669131e-127	-0.11392798168549575	-0.09684633547062073	0.10539306401241444	2.4239843935156712e-127	6.09041304903435e-127	0.09684446318151503	0.113926116201091
ERMARD	-0.10592665562209444	1.2659773043064277e-128	3.19288096924698e-128	-0.11445869554548554	-0.09737899011747106	0.10592404763150072	1.2844243115516985e-128	3.239405577683981e-128	0.09737637754337004	0.11445609251438185
ACYP2	-0.10600247631881952	8.312007774090551e-129	2.1016454548901519e-128	-0.11453437200643167	-0.09745494411951423	0.10600183594542603	8.34160721258367e-129	2.1091295101349355e-128	0.09745430261982155	0.11453373285165258
GOLGA2	-0.10640660173267398	8.780934936071234e-130	2.2286636893581812e-129	-0.11493772697104182	-0.09785978173230876	0.10640487073021587	8.866049099242188e-130	2.250266268843195e-129	0.09785804767323562	0.1149359992746709
PGM1	-0.10737395813263176	3.9029312328082354e-132	9.956457226551621e-132	-0.11590322771793926	-0.09882885441466183	0.1073723208293703	3.939041179283146e-132	1.0048574436946802e-131	0.09882721419280602	0.1159015935690888
UBE2D3	-0.10770384794747406	6.0849056050716175e-133	1.556241842729314e-132	-0.11623248102869663	-0.09915933322564953	0.10770316145663915	6.108521631074013e-133	1.5622817470777525e-132	0.09915864550717408	0.11623179586435396
MEX3D	-0.10792486930543362	1.7460629714282634e-133	4.477084542123752e-133	-0.11645307488958362	-0.0993807502569231	0.10792298170466379	1.764799080486287e-133	4.525125847400736e-133	0.09937885927338062	0.11645119094335261
WDR31	-0.10875150950913601	1.5998270444082853e-135	4.1392679027381246e-135	-0.11727810875662772	-0.10020887781540773	0.10875048567089085	1.609189100328942e-135	4.163490557125335e-135	0.10020785212767322	0.1172770869151963
KLHL5	-0.10910315315758606	2.149248148391848e-136	5.568000384434839e-136	-0.1176290655189331	-0.10056115775655752	0.10909977660105331	2.191146456109628e-136	5.676545223081938e-136	0.10055777508002367	0.11762569556815304
NDUFAF3	-0.10920867698102434	1.1751941141625466e-136	3.048493162548759e-136	-0.11773438280105433	-0.1006668729412119	0.10920616331692323	1.1922241369001496e-136	3.0926696158239936e-136	0.10066435471648703	0.11773187405916682
GLRX2	-0.10952899036875793	1.8736326853310694e-137	4.866578403457323e-137	-0.11805406806615029	-0.1009877683796587	0.10952574935400387	1.9088203075941026e-137	4.957974824919747e-137	0.10098452146666309	0.11805083341575526
FAM81A	-0.10985415494507618	2.888841139327143e-138	7.523023800331101e-138	-0.11837859319936152	-0.10131352563968238	0.10985501968316025	2.874491574523711e-138	7.48565514198883e-138	0.10131439195638284	0.11837945623449175
TSTD3	-0.10988367419498254	2.4371887846941633e-138	6.355120690206423e-138	-0.11840805430886699	-0.10134309878556902	0.10988182402499984	2.4633009534220713e-138	6.423209787280498e-138	0.10134124523711927	0.11840620778337517
PDE1A	-0.11002848278341913	1.0577755065781126e-138	2.7690458287385147e-138	-0.11855257746841726	-0.10148817198285398	0.11003017547367026	1.0474983124104205e-138	2.7421421790848705e-138	0.10148986776830705	0.11855426682010997
SAV1	-0.11033616639881993	1.788732026465084e-139	4.694834715131454e-139	-0.11885965341676842	-0.10179641903456249	0.11033342108266742	1.8173640540573385e-139	4.769984393851282e-139	0.10179366868388243	0.11885691352975222
TIMP2	-0.11041580221994073	1.1282649758044336e-139	2.9652167563848453e-139	-0.11893913169361962	-0.10187620095350923	0.11041598798647345	1.127052326428759e-139	2.962029767224071e-139	0.10187638706097288	0.11893931709252105
ZNF880	-0.11061402999221376	3.577632205873536e-140	9.42722583892895e-140	-0.11913696683576643	-0.1020747928663901	0.11061207990708141	3.6183229313059563e-140	9.53444777682729e-140	0.10207283919567381	0.1191350206164675
ERMAP	-0.11072811272514967	1.8454530651207534e-140	4.869269301110167e-140	-0.11925082329799781	-0.10218908547569512	0.1107257256955701	1.8712057062586798e-140	4.937218222318416e-140	0.10218669405242224	0.119248441005128
CLEC2D	-0.11086808532834307	8.183703556712661e-141	2.162140966106383e-140	-0.11939051797451485	-0.10232931589247067	0.11086666330600532	8.251634536714209e-141	2.180088384865049e-140	0.10232789124922345	0.11938909877741158
CFAP47	-0.11099876370612159	3.826762072737833e-141	1.0137118073477704e-140	-0.11952093657546861	-0.10246023527125042	0.11100581110172739	3.6729669092023794e-141	9.72971366676127e-141	0.10246729567228192	0.11952796995312956
NECTIN4	-0.11137885602508095	4.172234444077763e-142	1.1081631989582373e-141	-0.119900271633393	-0.10284103024936472	0.11137884315411838	4.1725481124213186e-142	1.1082465106032719e-141	0.1028410173545658	0.11990025878811546
RASA3	-0.11154073722403188	1.6196708238573066e-142	4.324888715239804e-142	-0.12006182955959667	-0.1030032114705097	0.11154126541011165	1.614674292248072e-142	4.3173109418397646e-142	0.10300374063624504	0.12006235669016323
LINC01607	-0.11154169851705423	1.6105886753017366e-142	4.3063868323575846e-142	-0.12006278893159267	-0.10300417454649832	0.11154045598423663	1.6223375895750299e-142	4.3320095849800535e-142	0.1030029297090856	0.12006154888182169
GTF2B	-0.11184710592516647	2.6916210304280992e-143	7.216142172729488e-143	-0.1203675852146825	-0.10331014922195984	0.11184724848321362	2.689371060878725e-143	7.2101100827847855e-143	0.10331029204517327	0.12036772748709365
RGS20	-0.11196992112961264	1.309028119227743e-143	3.5141694475912564e-143	-0.12049015421109538	-0.10343319300033678	0.11197247271671257	1.2895584702955115e-143	3.4619019336792256e-143	0.10343574933901911	0.12049270068026592
TMEM251	-0.11210192291458561	6.026593394157702e-144	1.6200519876768017e-143	-0.12062189108202209	-0.1035654407479077	0.11209833119557548	6.155220354910251e-144	1.654629127664046e-143	0.10356184233235294	0.12061830657519523
C2	-0.11247243805080878	6.796840471444614e-145	1.829566748706491e-144	-0.12099166102906787	-0.10393664788793235	0.11247006433606967	6.892697497131577e-145	1.8553694474109227e-144	0.10393426973228433	0.12098929209592724
SLK	-0.11257493001713144	3.711648529552344e-145	1.0004443475882329e-144	-0.12109394644356394	-0.10403933169637122	0.1125734277592269	3.744722973307198e-145	1.0093592919965494e-144	0.10403782662526069	0.12109244721446273
GMPR2	-0.11318813025968966	9.827878569341672e-147	2.6633817261088543e-146	-0.12170590712605253	-0.10465368351426471	0.1131860673729722	9.949017454366058e-147	2.6962106922401243e-146	0.10465161674257599	0.12170384842023489
ZNF630	-0.11329228798870059	5.29292263305249e-147	1.4363426412625482e-146	-0.12180985366093817	-0.10475803749615974	0.11329030668587847	5.355627909309517e-147	1.4533589984557712e-146	0.10475605245843449	0.1218078763772233
C5AR1	-0.1133061233062362	4.8750186902593654e-147	1.324733339744393e-146	-0.12182366091140717	-0.10477189889619301	0.11330591887978031	4.880947032783279e-147	1.3263443023867606e-146	0.1047716940843259	0.12182345689968573
TMEM200A	-0.11336155671809266	3.506034785188293e-147	9.540230707995354e-147	-0.12187898183500968	-0.10482743684500521	0.1133641048636704	3.453295536435965e-147	9.396722548125075e-147	0.10482998979718447	0.12188152480849071
PTGR2	-0.11348048342192306	1.7275762312619647e-147	4.713714137140422e-147	-0.12199766702826614	-0.10494658800176644	0.11347805258229912	1.7527634912097485e-147	4.782437902345835e-147	0.1049441525719137	0.12199524112751167
ALKBH7	-0.1135884746663613	9.078916425008235e-148	2.4805782581989715e-147	-0.12210543875832205	-0.10505478327265995	0.11358417761201092	9.314443750823895e-148	2.544929986563906e-147	0.1050504780960812	0.12210115044245391
CCS	-0.11374235581086561	3.625994691672832e-148	9.920642111279979e-148	-0.12225900676080899	-0.10520895549184928	0.11373897171795391	3.6999781201378175e-148	1.0123059152223851e-147	0.10520556499332757	0.12225562955877736
OXLD1	-0.11383498094351162	2.0855790990163983e-148	5.7139153397709544e-148	-0.12235144320838322	-0.10530175602781781	0.11383188097964805	2.1245596215331496e-148	5.820711291871643e-148	0.1052986501911787	0.12234834956179268
DNAH9	-0.11442743868063704	5.998729881514543e-150	1.6525426670838964e-149	-0.1229426905650829	-0.10589533921208123	0.114435748406701	5.706691382506812e-150	1.57209128994678e-149	0.10590366476674425	0.1229509832715411
WNK3	-0.11465624559485649	1.5158294429606083e-150	4.1815984633396095e-150	-0.12317102841289759	-0.10612458240112024	0.1146533201025124	1.5427533577141383e-150	4.255871331625209e-150	0.10612165132490511	0.12316810892365913
MT1M	-0.11495478335990877	2.507974014649993e-151	6.928105012845285e-151	-0.12346895280400275	-0.1064236907631	0.11495124189236633	2.5621466917798638e-151	7.077753292209569e-151	0.10642014251768131	0.12346541862173437
NUP210L	-0.11495522802387628	2.5012534545493454e-151	6.91909669308256e-151	-0.12346939655322156	-0.10642413627810786	0.11495380633783135	2.522803925197404e-151	6.97871071977152e-151	0.10642271187111653	0.12346797779181247
IBTK	-0.11548249425979394	1.0305636240852697e-152	2.8626767335701937e-152	-0.12399557571783815	-0.10695241405659374	0.1154812221755978	1.0385426682123597e-152	2.8848407450343327e-152	0.10695113952615097	0.12399430626207494
DNAJC16	-0.11648810134792399	2.255657505592053e-155	6.291931675291641e-155	-0.12499909626095222	-0.10795996372041117	0.11648676513007507	2.2741715968525666e-155	6.3435748866180385e-155	0.10795862490970716	0.12499776282719034
AC010967.1	-0.1168474216075759	2.495172115241495e-156	6.97950242025593e-156	-0.12535766674030255	-0.10831998234323216	0.11684558700341144	2.5234240237438155e-156	7.058528737744939e-156	0.1083181441677096	0.12535583596998565
HHLA3	-0.11782576651437049	6.001074341602073e-159	1.6856950397758634e-158	-0.12633395890310023	-0.10930024006577099	0.11782408118949554	6.064008117590584e-159	1.7033730667389282e-158	0.10929855143156672	0.12633227712851244
SS18L2	-0.11847835081429389	1.0442475054059872e-160	2.9374050784978544e-160	-0.12698516479991453	-0.10995410948868922	0.11847387141359207	1.0737782323145903e-160	3.020473227326555e-160	0.10994962124163228	0.12698069488569777
DDX5	-0.11863832852514151	3.85437539599281e-161	1.0857395481669889e-160	-0.12714480348308516	-0.11011440336695279	0.11863955659449986	3.8249776490301215e-161	1.0774584926845413e-160	0.11011563386508619	0.1271460289481921
HS1BP3	-0.11869382184862506	2.7268751251271446e-161	7.692172426310704e-161	-0.12720017910116038	-0.11017000646667555	0.11869221001272497	2.7544284843383956e-161	7.769896993902387e-161	0.1101683914415083	0.12719857068483012
CERS2	-0.11898000177788198	4.56529099721126e-162	1.291454313213935e-161	-0.12748575117995653	-0.11045675336074241	0.11897786705798984	4.626638460704437e-162	1.3088086168895155e-161	0.11045461440640136	0.12748362099946192
RAB21	-0.11950430326570881	1.707653877181305e-163	4.837546394281317e-163	-0.1280089353850602	-0.11098209724858488	0.11950240938313485	1.7280901873529472e-163	4.8954396242293126e-163	0.11098019959208123	0.12800704554685446
C5orf15	-0.119565628386257	1.161602812316437e-163	3.299627896999608e-163	-0.12807012951301797	-0.11104354460495769	0.11956292794106249	1.181485572141592e-163	3.3564931026749774e-163	0.11104083877575013	0.1280674348374313
PCK2	-0.11959466832189021	9.677948321207974e-164	2.753328114141671e-163	-0.12809910739574587	-0.11107264244695234	0.1195914710351055	9.87443725930105e-164	2.8092282387769703e-163	0.11106943878398164	0.12809591694167577
USO1	-0.12050410969927951	3.112139673007712e-166	8.891827637164891e-166	-0.1290065981191694	-0.11198390466711158	0.12050322259357282	3.129681334947847e-166	8.941946671279562e-166	0.11198301577829932	0.12900571292314797
SNHG9	-0.12053513228787593	2.556717929775104e-166	7.315358883476693e-166	-0.1290375539164683	-0.112014989620495	0.12053581805740139	2.5456299714374756e-166	7.283633680793922e-166	0.112015676768813	0.12903823820935217
AXDND1	-0.12071020674387821	8.422460473559408e-167	2.4133124566072802e-166	-0.12921225112842194	-0.11219041634169795	0.12070950427114885	8.46009807356829e-167	2.424096869217275e-166	0.11218971245447049	0.1292115501704097
PPIL6	-0.12099341119122954	1.3925598012588278e-167	4.001608624306977e-167	-0.1294948442198132	-0.11247419174566643	0.12099842299033978	1.3488526973051135e-167	3.8760134980032e-167	0.11247921366136868	0.12949984518747237
FAAH2	-0.12165406139887977	2.056266158821582e-169	5.934390068749155e-169	-0.13015406290773376	-0.11313617926456085	0.12165546617211895	2.0378655567555438e-169	5.881285878082378e-169	0.11313758688944835	0.13015546462905497
DDR1	-0.12169015125124734	1.6321966641670112e-169	4.7173313993266224e-169	-0.13019007434288526	-0.113172342389111	0.12168810661666776	1.653697595086937e-169	4.7794728181703387e-169	0.11317029360276598	0.13018803415155408
POMGNT1	-0.12217148177828485	7.447802211136537e-171	2.1587832496047937e-170	-0.13067035687510162	-0.11365465230521403	0.12217061592233318	7.489363404367188e-171	2.1708299722803445e-170	0.11365378468385463	0.13066949290794846
CDKN1C	-0.12217890406160332	7.100850893821784e-171	2.061204903866991e-170	-0.13067776296674719	-0.11366208972247901	0.12217687556841718	7.194036462826979e-171	2.0882544159149432e-170	0.11366005709312482	0.13067573889880268
LINC01970	-0.1222892623914396	3.4923217371096997e-171	1.0152098072993314e-170	-0.13078788043855608	-0.11377267318423273	0.12228664991152964	3.5515130930274667e-171	1.0324165968103103e-170	0.11377005537240323	0.13078527366282977
CD24	-0.12237923099213026	1.957250981491199e-171	5.697965011619211e-171	-0.13087765252682526	-0.11386282547776651	0.12238225101330984	1.9195615680785474e-171	5.588243284071462e-171	0.11386585166748894	0.13088066594915615
SH3D19	-0.12265439885523789	3.3215753484959677e-172	9.698030214586767e-172	-0.13115221849414305	-0.11413855603364617	0.122656312248354	3.280813065269557e-172	9.579016248962209e-172	0.11414047334406695	0.13115412769738347
MPG	-0.12272928917206566	2.048263923648916e-172	5.989075800143029e-172	-0.13122694477194563	-0.11421359972135416	0.12272503746667873	2.1052773366555936e-172	6.155781686127466e-172	0.11420933930612746	0.13122270238203854
MORF4L2	-0.12300155145432523	3.523431325152337e-173	1.0332643182264917e-172	-0.13149860987987316	-0.11448642039930731	0.12300048172672998	3.547910738754819e-173	1.0404430318929088e-172	0.11448534847524339	0.1314975425010932
HES4	-0.12329029450742486	5.424395243132859e-174	1.5930676191285927e-173	-0.13178671821558346	-0.11477575705269942	0.12328522467164443	5.605786051792164e-174	1.646339515944835e-173	0.11477067678184982	0.13178165953673907
EPOR	-0.12385129546036658	1.412077559003117e-175	4.1592858880798733e-175	-0.13234648186778541	-0.11533791544600014	0.12384909144332587	1.4325117934928946e-175	4.2194750912898216e-175	0.11533570687102714	0.13234428272235813
NANS	-0.12386745177252807	1.2709132369073852e-175	3.749006598546859e-175	-0.13236260246655013	-0.11535410517216886	0.12386491743577413	1.292086735129202e-175	3.8114652953663775e-175	0.11535156559367547	0.1323600737322242
C6orf118	-0.12393891168625426	7.97480870049824e-176	2.3559257608562006e-175	-0.13243390436481978	-0.11542571293142131	0.12394680087168047	7.574750479181754e-176	2.2377401711024382e-175	0.11543361844443986	0.13244177609992647
PPP2R3A	-0.12408221263684184	3.1295656098996615e-176	9.259069851774146e-176	-0.1325768881768089	-0.11556931062821381	0.12408009158633419	3.1732220996991794e-176	9.388231064198755e-176	0.11556718518286115	0.13257477182296507
APLF	-0.12412400601405416	2.381849775285339e-176	7.067803487493588e-176	-0.13261858899472034	-0.11561119061776402	0.12412226266980307	2.4091350288671863e-176	7.148768631653372e-176	0.11560944366001209	0.1326168495120343
PDE10A	-0.12430805414439315	7.1493700080751995e-177	2.124627045490401e-176	-0.13280222915801654	-0.1157956205284397	0.12431525967895574	6.820082777125816e-177	2.026770513261758e-176	0.11580284102174641	0.13280941870869492
CRACR2B	-0.12436789317163517	4.832455322902745e-177	1.4382307508639121e-176	-0.13286193541850377	-0.11585558380924141	0.12436397821481393	4.957916448553234e-177	1.4755703715932241e-176	0.11585166072125808	0.1328580291498066
LINC00963	-0.12490704824684325	1.405123052011378e-178	4.2069552455430474e-178	-0.13339989147312367	-0.11639586121837364	0.12490580497081279	1.4166589995046116e-178	4.241494010492849e-178	0.11639461534847931	0.13339865096775705
C1GALT1C1	-0.12501705004293678	6.813789747851429e-179	2.0461831074628915e-178	-0.1335096480228236	-0.11650609261875432	0.12501554459477343	6.881647562230605e-179	2.06656082949868e-178	0.11650458402688754	0.13350814593242724
CORO1B	-0.12539951320363552	5.4736419226338854e-180	1.6462080970327474e-179	-0.13389125686963566	-0.11688935571814169	0.12539580715035814	5.609248396841365e-180	1.6869919990500347e-179	0.11688564190132737	0.1338875591067101
GSTO2	-0.12561787589045587	1.292632200149168e-180	3.899342986875318e-180	-0.1341091306669719	-0.11710817625694826	0.12561466310228095	1.3203995678337644e-180	3.983105785320556e-180	0.1171049567263704	0.13410592507781835
CTSA	-0.12578113748741515	4.3862952301637363e-181	1.3251647221038478e-180	-0.13427202620326484	-0.117271780712502	0.12577906368222644	4.446968230214166e-181	1.343494933599446e-180	0.11726970254930877	0.13426995705078257
APMAP	-0.12617433249050575	3.228930201643294e-182	9.799484678735339e-182	-0.13466433771192704	-0.11766580334307562	0.12617280177110865	3.261945844562021e-182	9.899683898519031e-182	0.1176642693965065	0.13466281043715972
RHOD	-0.12686511154272376	3.2328160424647134e-184	9.841144725919979e-184	-0.13535355816402497	-0.11835804288867954	0.1268593496921749	3.3597411622172206e-184	1.0227522563827156e-183	0.11835226882182473	0.13534780934787552
SFTPD	-0.1269878011741321	1.4231940252516096e-184	4.3456306114552965e-184	-0.13547597011254786	-0.11848099278384261	0.1269868632402939	1.4321530502676188e-184	4.372986413030897e-184	0.11848005285935878	0.135475034302514
OSR2	-0.1280256566686877	1.3327741114400186e-187	4.088264145521529e-187	-0.13651146626570432	-0.11952106033659278	0.12802207945772504	1.3653346554981537e-187	4.1881431150250113e-187	0.11951747546919765	0.1365078972186086
SHMT1	-0.12810627563506485	7.734493516066657e-188	2.376188484198666e-187	-0.1365919011860398	-0.11960185191343968	0.12810149603293222	7.988164941021535e-188	2.454121333647169e-187	0.11959706207472602	0.13658713249844043
ASB3	-0.12834284629549522	1.563359357040134e-188	4.8103364832004125e-188	-0.13682793113047803	-0.11983892973728802	0.12833528898693952	1.6453616972434284e-188	5.062651376133626e-188	0.11983135621227436	0.13682039111012628
TNS1	-0.1284093546244169	9.967946071493657e-189	3.0717861545435e-188	-0.1368942872716232	-0.11990558082233545	0.12840951681576243	9.95700915688638e-189	3.0684157648340156e-188	0.11990574336190865	0.1368944490917411
MXI1	-0.12852518087945977	4.549526418873665e-189	1.40417482064002e-188	-0.13700984830529464	-0.12002165587446	0.12852373839186754	4.59420581486343e-189	1.4179647576738982e-188	0.12002021028694625	0.13700840912216075
HSPD1	-0.1286740898825699	1.657912211924797e-189	5.140813060231928e-189	-0.137158415994151	-0.12017088507863201	0.12867234135305586	1.6776928993542911e-189	5.202148525129585e-189	0.12016913278700145	0.1371566714746554
C9orf116	-0.1287916739835821	7.464606372748572e-190	2.318200736878438e-189	-0.13727573031098692	-0.12028872229386124	0.1287938462150786	7.355320596783934e-190	2.284261054901843e-189	0.12029089920360689	0.13727789755629086
ERGIC3	-0.12911258277342913	8.423945170279569e-191	2.624281984510769e-190	-0.1375959015986568	-0.12061032309859394	0.1291127145332118	8.416392919870532e-191	2.6219292585266454e-190	0.12061045514287289	0.13759603305526935
DSG2	-0.12912773550637405	7.59829076619792e-191	2.3707615495157313e-190	-0.13761101946425158	-0.12062550855135537	0.12912604132763217	7.686437213023338e-191	2.398264341036923e-190	0.12062381071411758	0.13760932918411317
PFKFB3	-0.12940541008458226	1.1449583832092595e-191	3.5835943136440043e-191	-0.13788805439668675	-0.12090378342637834	0.12940368859480225	1.1584866745967558e-191	3.625936383714416e-191	0.12090205821084195	0.13788633687658608
MYO1F	-0.12974950888432535	1.0906620851253601e-192	3.4243707539257773e-192	-0.1382313586955824	-0.12124862797750005	0.12974690517916665	1.1102664823649734e-192	3.4859230215540766e-192	0.12124601862173202	0.13822876100985584
FAM53C	-0.13004692239878665	1.4218309909380383e-193	4.471166638169931e-193	-0.13852808386016602	-0.12154668771748661	0.13004577563241396	1.4330581350890276e-193	4.50647212292147e-193	0.12154553845645494	0.1385269397508555
GGCX	-0.13034117281278226	1.885105565371547e-194	5.946705253538003e-194	-0.1388216517466652	-0.12184157899276632	0.13033897739204522	1.913773401464975e-194	6.037140067712855e-194	0.1218393787849671	0.13881946142382717
HMG20B	-0.1304928443073058	6.640688201477051e-195	2.0981637287447238e-194	-0.1389729708499914	-0.12199358140556497	0.13048665904235632	6.929509435552701e-195	2.1894184630498264e-194	0.12198738263774929	0.13896679996353573
ECI2	-0.13055956545503666	4.19476541980766e-195	1.327457411331538e-194	-0.13903953685342693	-0.12206044825238213	0.13055569591970378	4.308052927319341e-195	1.3633078883921965e-194	0.12205657026503074	0.13903567631787925
ARL6IP1	-0.13060759306995173	3.013232227729842e-195	9.550656823232463e-195	-0.13908745274401513	-0.1221085807930393	0.13060245483871705	3.121808850613721e-195	9.894798258680574e-195	0.12210343133442135	0.139082326467497
GPR37	-0.13064660656343235	2.3029406843380468e-195	7.310922807422371e-195	-0.13912637545305803	-0.12214767954857203	0.13064600236976093	2.3125498848465746e-195	7.341428205862141e-195	0.12214707403426424	0.1391257726655456
TRAM1	-0.13193743083470613	3.012231809724478e-199	9.623743801036671e-199	-0.14041418120057894	-0.12344133972726123	0.13193534654334108	3.0562653074468455e-199	9.764425902386087e-199	0.12343925083348538	0.14041210180633681
DNAJB2	-0.1323870441618205	1.3088085738281787e-200	4.215164488979642e-200	-0.1408627363959322	-0.12389194762425201	0.13238358332501224	1.3408448554521124e-200	4.318340919330475e-200	0.12388847911849833	0.14085928371723688
PARP12	-0.13283943932376402	5.515029315515277e-202	1.7790417146823475e-201	-0.1413140633672447	-0.12434534704585039	0.13283844574424064	5.553589632595096e-202	1.7914805266435793e-201	0.1243443512568203	0.14131307213761074
MKX	-0.13284264468096954	5.3924447479450735e-202	1.7423084807576976e-201	-0.14131726114342638	-0.12434855953119607	0.1328415332279131	5.434639406706521e-202	1.755941649985952e-201	0.12434744560644698	0.14131615231909922
DCDC1	-0.13293562858470123	2.808600921973113e-202	9.104054852425002e-202	-0.14141002505297884	-0.12444175029197915	0.1329403781861426	2.7165254396437934e-202	8.805592997224613e-202	0.124446510463665	0.1414147634131612
AC106795.3	-0.13320350930607808	4.2773447236591527e-203	1.3887482869023224e-202	-0.14167727115312578	-0.1247102277931087	0.13320585285875047	4.2074249482097686e-203	1.3660470611070678e-202	0.12471257657219272	0.14167960914836836
DMGDH	-0.13346597015512912	6.741019554724942e-204	2.1957718419299484e-203	-0.14193910902290868	-0.12497327455387243	0.13346370445479458	6.849514940297469e-204	2.2311123584030843e-203	0.12497100379053044	0.14193684870553308
ABCG1	-0.13357459064150187	3.13433562036364e-204	1.0226217358445808e-203	-0.14204747133989037	-0.12508213787148478	0.13357493122032196	3.1268154589228757e-204	1.0201681758312809e-203	0.1250824792120222	0.14204781110890266
DBT	-0.13421314266099746	3.429791045592224e-206	1.1226811933198771e-205	-0.14268450154154316	-0.1257221215683177	0.13421055644209035	3.493246343169811e-206	1.1434521581570578e-205	0.12571952953667712	0.14268192150035167
TM2D2	-0.13456789476110845	2.764765743879785e-207	9.064805717638639e-207	-0.1430384051523525	-0.12607767210068402	0.13456312327172315	2.8601424535242483e-207	9.377516241063109e-207	0.12607288985774712	0.14303364508969604
ABCC3	-0.13469795015097813	1.0964123857270716e-207	3.606619689891683e-207	-0.14316814893559376	-0.12620802074960258	0.13469732302292603	1.101315706500161e-207	3.622749034540003e-207	0.12620739220674976	0.14316752331080967
GRAMD1C	-0.13491226255127106	2.3832515274130156e-208	7.852558574672209e-208	-0.14338194721825911	-0.12642281703782574	0.13491330399624363	2.365627218519823e-208	7.794488364150982e-208	0.1264238608361815	0.1433829861629616
PBDC1	-0.13510817596078334	5.892544384563711e-209	1.947948556880566e-208	-0.14357738995613997	-0.12661917348938204	0.13510657327298092	5.960341399719456e-209	1.970360793295688e-208	0.12661756717453423	0.1435757911213905
MYH11	-0.13538024917072877	8.433172843357327e-210	2.792441338860042e-209	-0.1438488084287855	-0.1268918630739549	0.1353803351209535	8.427989680515062e-210	2.790725059773199e-209	0.1268919492191003	0.14384889417197186
MIR2052HG	-0.13551636293102307	3.183668512925537e-210	1.0576971803739327e-209	-0.14398459415661505	-0.1270282856778638	0.135510225286669	3.3267043367623635e-210	1.1052173876286923e-209	0.1270221341002137	0.1439784713107726
AMOTL1	-0.13559003702950514	1.878240725582844e-210	6.250385110092659e-210	-0.144058090568427	-0.127102127077632	0.13558550991174356	1.9401594968082167e-210	6.45643759337177e-210	0.12709758967684676	0.14405357437183
BZW1	-0.13559297106753704	1.8391692432970618e-210	6.13056414432354e-210	-0.1440610175282324	-0.1271050677803108	0.13559197863961509	1.852293313741791e-210	6.174311045805971e-210	0.12710407309807903	0.14406002749451194
CHST15	-0.13583667328880877	3.203278984947075e-211	1.0695422320357514e-210	-0.14430413131228162	-0.12734932409038568	0.13583455594403568	3.252336910946458e-211	1.0859221739387174e-210	0.12734720192711985	0.14430201908439771
ROPN1L	-0.13605669029600898	6.593409737550115e-212	2.205153758377965e-211	-0.14452361619396342	-0.12756984221918094	0.13606218177693338	6.338127332311939e-212	2.1197750275290768e-211	0.12757534621850586	0.14452909438272496
NDUFAF2	-0.13660578255694125	1.2611962709733886e-213	4.2251131355892414e-213	-0.1450713768050635	-0.1281201887797785	0.13660244497784238	1.2919604104501332e-213	4.328175579397431e-213	0.12811684356081132	0.14506804733588363
SLC39A1	-0.13663823714637563	9.976823134607458e-214	3.347927226378342e-213	-0.145103752523721	-0.1281527176692913	0.13663436200833637	1.0260004919344619e-213	3.442954670921013e-213	0.12814883365872531	0.1450998868039515
FAM111A	-0.13695376809450271	1.018687298740845e-214	3.4241589873641852e-214	-0.14541851572720482	-0.12846897193140408	0.13695065229010386	1.0419288312656188e-214	3.502281785766786e-214	0.12846584897598914	0.14541540751250615
GLDC	-0.13718551188269626	1.8997788168722125e-215	6.396561672970412e-215	-0.1456496945488563	-0.1287012480615216	0.13718171845898938	1.95277414397004e-215	6.574997117744243e-215	0.12869744591639332	0.1456459103805515
TMEM205	-0.13731371519034635	7.493233342218793e-216	2.5272287832103855e-215	-0.14577758491345685	-0.1288297462667427	0.13730988342692782	7.704613037028509e-216	2.59852041721029e-215	0.12882590568524246	0.1457737625074373
IMPAD1	-0.13744889286322085	2.806899334718326e-216	9.498813315459649e-216	-0.14591243231254095	-0.12896523518842817	0.13744704179792386	2.8449152349506505e-216	9.627462724029275e-216	0.12896337985888398	0.14591058577199592
ZNF813	-0.13812261208600754	2.071528310815337e-218	7.046014662637201e-218	-0.14658450077647367	-0.1296405103840241	0.1381189333280138	2.1279516139797373e-218	7.237930659795025e-218	0.12963682310847552	0.1465808310534498
BEND7	-0.13825947110426567	7.618564392116905e-219	2.600192625295872e-218	-0.1467210235056944	-0.12977768644337379	0.13825802752660257	7.69941452653778e-219	2.627786527828594e-218	0.12977623951989306	0.1467195834768626
CBLC	-0.13869071705638922	3.236370418888376e-220	1.1083460338658823e-219	-0.1471512076950142	-0.13020993352274557	0.1386869888243859	3.3261140827751537e-220	1.1390801653339569e-219	0.13020619662192562	0.14714748865593869
IRF9	-0.1387299612486178	2.4265976134820955e-220	8.324520114861392e-220	-0.14719035510594586	-0.13024926897946654	0.13872740441638454	2.472559888642485e-220	8.48219515829326e-220	0.13024670620036854	0.14718780458000158
RPP25L	-0.13901604761025846	2.9661707340126587e-221	1.0210570512952354e-220	-0.14747573514040088	-0.13053602145710344	0.13901232040988049	3.048604170523326e-221	1.04943344940562e-220	0.13053228556928817	0.14747201715127564
PRR15L	-0.13911130572738017	1.471710549493514e-221	5.08362884108295e-221	-0.14757075775931466	-0.1306315016855806	0.13911276575111414	1.455980485200842e-221	5.029293558552131e-221	0.13063296511484523	0.14757221417234612
BCL9L	-0.13912407445939956	1.339696525541755e-221	4.635628116061437e-221	-0.147583494912459	-0.13064430020214024	0.13912203439177068	1.3599654850928917e-221	4.705762924196857e-221	0.13064225537562862	0.14758145989039342
ARHGEF5	-0.13916430697210871	9.962657431850402e-222	3.453260808267037e-221	-0.14762362790614114	-0.1306846265803079	0.13916162243542454	1.0161537032592156e-221	3.5221965450926023e-221	0.13068193577952536	0.14762095001078648
CTSB	-0.13937385337838357	2.1270731225913834e-222	7.424338996828564e-222	-0.1478326555286419	-0.1308946623276576	0.13937242741411524	2.149559097898944e-222	7.502824076436105e-222	0.1308932330308487	0.14783123309725327
ACOT9	-0.1394388544715754	1.316890719795035e-222	4.6045130062763466e-222	-0.14789749554204315	-0.13095981536865578	0.13943649490934648	1.340017408446727e-222	4.6853755540095355e-222	0.13095745028938768	0.1478951418283384
RETSAT	-0.13950295629523682	8.205366116332563e-223	2.874033665965872e-222	-0.14796143844318935	-0.13102406710970277	0.13949970065229853	8.40494676294794e-223	2.9439393215229215e-222	0.1310208038509509	0.14795819087341033
COL5A1	-0.13961510545358868	3.5843608548415635e-223	1.2576704753830048e-222	-0.14807330938902974	-0.13113647872690204	0.13961394886251374	3.6151199341118855e-223	1.2684631347761003e-222	0.13113531942798382	0.14807215566825715
SAXO1	-0.13973694910013815	1.4564275440229895e-223	5.119253230309278e-223	-0.14819485052826534	-0.13125860776709172	0.13973558170564224	1.4712289527025668e-223	5.171279271362274e-223	0.13125723716832804	0.14819348653008568
AL592295.4	-0.1399531862743532	2.939517961058416e-224	1.0350415355839493e-223	-0.14841055021056798	-0.13147535206597916	0.1399509498127286	2.988616304873709e-224	1.0523296848146862e-223	0.13147311035520218	0.14840831931214304
ZNF615	-0.14026160162297036	2.985633170117757e-225	1.0549940530451438e-224	-0.14871819755138901	-0.13178449212025928	0.14025826599881283	3.0604901953785913e-225	1.0814452987203504e-224	0.1317811486493261	0.14871487024227165
GNS	-0.1404185386165905	9.305599860008197e-226	3.294017649560424e-225	-0.1488747431162139	-0.13194179851298876	0.14041631448694714	9.460710742248644e-226	3.348924156548193e-225	0.13193956914519497	0.14887252453690666
B3GALT4	-0.14074419920164713	8.245856994531801e-227	2.9292564811835884e-226	-0.14919959009345837	-0.13226822700184826	0.14074179234870196	8.395062985819869e-227	2.9822603857264193e-226	0.13226581446682872	0.1491971892603223
C12orf56	-0.1420819177846771	3.68061889878568e-231	1.3121636002800996e-230	-0.15053394746676801	-0.13360911919636603	0.14208114953897402	3.7019593914111963e-231	1.3197716190414245e-230	0.13360834911916947	0.15053318116023012
JPT2	-0.14282484284550329	1.3526409059354757e-233	4.830860378340985e-233	-0.15127499252145302	-0.13435382017557462	0.14282304193075102	1.371199692342065e-233	4.897141758364517e-233	0.1343520149442729	0.15127319617548277
SUGCT	-0.14340868423094752	1.6158825163335955e-235	5.8020916205874165e-235	-0.15185734980430873	-0.13493906391381313	0.1434053201873129	1.6577243329703986e-235	5.9523315366980196e-235	0.1349356917730159	0.15185399432874674
TLL2	-0.1445412708006206	2.8501183620682028e-239	1.0270696800245774e-238	-0.1529870406556951	-0.13607438774129868	0.14453838312349976	2.913886664266285e-239	1.0500492483842467e-238	0.13607149305690389	0.15298416038965337
OCRL	-0.14459978554093592	1.8200818133983548e-239	6.570692467142075e-239	-0.153045405189939	-0.13613304450537056	0.144595423394813	1.8819739403919802e-239	6.794129748707509e-239	0.13612867176963903	0.15304105424338313
CTH	-0.14471279901303152	7.65031216958914e-240	2.766839844336036e-239	-0.1531581283921134	-0.13624633244558434	0.14470934989989753	7.855460344949101e-240	2.841034482802568e-239	0.1362428749525485	0.15315468814111974
VWA1	-0.14479943523399677	3.934698706933207e-240	1.4282027974349207e-239	-0.15324454194309833	-0.1363331792239748	0.14479526000638046	4.062862641303342e-240	1.4747232817797974e-239	0.13632899384605718	0.15324037744949692
SGSM1	-0.14549940677641435	1.7994576388651104e-242	6.543482323145856e-242	-0.1539427097010817	-0.13703485672397994	0.14549958799917406	1.7969430699895322e-242	6.534338436325571e-242	0.13703503838951228	0.15394289045574966
PGRMC2	-0.14587782219351828	9.666401416651431e-244	3.521457710984128e-243	-0.1543201464535207	-0.1374141979455985	0.14587585146554474	9.814929121204036e-244	3.582090920147458e-243	0.1374122223897495	0.15431818082866156
FMO5	-0.14595790511013115	5.200894291712651e-244	1.9016066880119382e-243	-0.15440002194236901	-0.1374944771057368	0.1459567245315156	5.248648620910934e-244	1.9190671374445825e-243	0.13749329363330087	0.15439884442244528
MAT2B	-0.14617151247287374	9.938147987027453e-245	3.6470267842302575e-244	-0.15461307548760184	-0.13770860845806004	0.1461691435285484	1.0122385339907243e-244	3.714636821984309e-244	0.13770623369825738	0.15461071268951826
PURA	-0.14641337932370832	1.520902323769303e-245	5.601850179629108e-245	-0.15485431430506114	-0.1379510695754197	0.14641186536126174	1.5388933112489157e-245	5.668115326883667e-245	0.13794955189001495	0.1548528042769121
CASZ1	-0.1464253387117404	1.3859758411527971e-245	5.1143019968737895e-245	-0.1548662426131351	-0.13796305837396747	0.14641983532668373	1.44651209522266e-245	5.3376830082016965e-245	0.1379575414546835	0.15486075353053544
KCNQ5	-0.1479436071809259	9.806096000545886e-251	3.665830280577901e-250	-0.15638054543080068	-0.1394850807083526	0.14794482991557867	9.712381807895191e-251	3.6307969375309124e-250	0.13948630648228044	0.1563817649557393
RGS11	-0.14842178015427515	2.2793187138839897e-252	8.536774209303332e-252	-0.15685746122407782	-0.13996444422352303	0.14841750531790915	2.357408604281228e-252	8.829245708918456e-252	0.13996015872622514	0.15685319764425107
SLC10A1	-0.1484588763777206	1.701498679550265e-252	6.384610429832138e-252	-0.1568944597521964	-0.14000163297382892	0.14845709541818722	1.725552890079379e-252	6.474870131629939e-252	0.1399998475716109	0.15689268348347732
AC007114.1	-0.14929644198296366	2.264955023552986e-255	8.563156988858168e-255	-0.15772981327134325	-0.14084129401930923	0.1492945144316773	2.2998392124614333e-255	8.695044281517706e-255	0.1408393616316679	0.15772789082475014
SERPINH1	-0.14930495432013066	2.1171158987432064e-255	8.019378404330327e-255	-0.1577383030647036	-0.14084982771526938	0.14930044103568227	2.1942584977890607e-255	8.311585218897957e-255	0.1408453031061238	0.15773380173325144
SELENBP1	-0.1495905140112335	2.1943351266942363e-256	8.32764753963657e-256	-0.15802310576606193	-0.14113610464859483	0.14958833584013276	2.2326443503882232e-256	8.473033587811093e-256	0.1411339210012155	0.15802093337438167
AC010624.1	-0.1498949373629117	1.948211234566925e-257	7.43592074262185e-257	-0.1583267205772584	-0.14144129417959334	0.14989250648830324	1.986290485547833e-257	7.581261395220737e-257	0.14143885718054225	0.1583242961653048
PCF11	-0.15084137692240987	1.0129165460706053e-260	3.880906306783928e-260	-0.15927063623363685	-0.1423901260226495	0.15083840984546082	1.0372976737424267e-260	3.974320589051443e-260	0.1423871514216494	0.15926767709317605
ST13	-0.15103887028664606	2.0774249792175115e-261	7.974759996996205e-261	-0.15946760099201582	-0.14258812054293948	0.1510352800810853	2.1381679128939697e-261	8.207938245274355e-261	0.14258452122089393	0.1594640204018991
AL162411.1	-0.15152144127808553	4.288211128430111e-263	1.6493119724731196e-262	-0.15994887752274436	-0.14307191894425442	0.15151846264096228	4.3923378584111516e-263	1.6893607147735196e-262	0.14306893271864043	0.15994590688788185
MT1E	-0.15180019989774138	4.53093576673392e-264	1.746025343635422e-263	-0.1602268865675395	-0.14335138842103406	0.15179844722282065	4.595480607436383e-264	1.77089811461903e-263	0.14334963127244052	0.1602251386096936
KDELR2	-0.1525840483251175	7.966993658310495e-267	3.093978119732231e-266	-0.16100862008140404	-0.14413724294718355	0.15258052265789243	8.198217122376774e-267	3.1837736397579704e-266	0.14413370823288532	0.1610051039505018
MEAF6	-0.15262460458793678	5.732533532225741e-267	2.234905860516858e-266	-0.16104906663113652	-0.1441779032953022	0.15262092768891347	5.906200157863614e-267	2.302612147315249e-266	0.1441742169585548	0.16104539968005271
HMGCL	-0.1526346476527841	5.283744119110044e-267	2.0639625465273606e-266	-0.16105908252304296	-0.14418797213949971	0.15263062297530394	5.4592159493484325e-267	2.1325062302142315e-266	0.14418393713094224	0.16105506873510872
ZNF649	-0.15476476806333114	1.437709082512063e-274	5.67143622292727e-274	-0.16318340037541368	-0.14632359984239363	0.15476043352934765	1.4899737316434548e-274	5.87760840884992e-274	0.14631925402185103	0.16317907772818382
GNG7	-0.15594202921396716	8.485738117011344e-279	3.3540466865657486e-278	-0.16435742111398405	-0.14750393848861765	0.15593809633356806	8.767468059280838e-279	3.4654023949726635e-278	0.1474999952872055	0.16435349909853242
SLC30A1	-0.15875076871120145	5.024844643591161e-289	2.001930136888909e-288	-0.16715833325818155	-0.15032011743268126	0.15874705280586945	5.185398713658177e-289	2.0658959018558473e-288	0.15031639159472715	0.16715462779792756
STAT5A	-0.1590468678450546	4.088623241721291e-290	1.6354492966885164e-289	-0.16745359932029202	-0.1506170088099245	0.15904598595848296	4.1193183651587876e-290	1.647727346063515e-289	0.15061612456151788	0.167452719917138
MIR34AHG	-0.1601749149675102	2.7597812321976502e-294	1.1128150129829235e-293	-0.16857845887741782	-0.15174808806872403	0.16017507778859233	2.7559440039182836e-294	1.1112677435154369e-293	0.1517482513290544	0.16857862123683037
AL627171.2	-0.16030515127219364	9.064149438327692e-295	3.662282601344522e-294	-0.16870832575906927	-0.1518786758634358	0.16030351430787748	9.191945974814608e-295	3.71391756558166e-294	0.1518770344793506	0.16870669343991035
SNX32	-0.16104740881103444	1.561049151625645e-297	6.332856598886999e-297	-0.16944847227053053	-0.15262294227036538	0.16104382426456235	1.609892941907408e-297	6.531005849522954e-297	0.1526193479996068	0.16944489794150702
CLTC	-0.1610899470303387	1.082942290630091e-297	4.402204433455654e-297	-0.16949088922134073	-0.15266559590589449	0.16108789672293813	1.1022012924549638e-297	4.4804930587600155e-297	0.1526635400348063	0.16948884475969636
NSMCE1	-0.16117434608017317	5.24057501370517e-298	2.134653773403328e-297	-0.16957504757315875	-0.1527502240431723	0.16117054269013506	5.4148723069526305e-298	2.2056506341965907e-297	0.1527464103267944	0.16957125503266143
GINM1	-0.16157645355096745	1.640973601632004e-299	6.711548472932532e-299	-0.16997600658948847	-0.15315342466559903	0.1615734007375172	1.6847568298307734e-299	6.89062098090296e-299	0.15315036354233982	0.16997296250562013
RNF103	-0.1618524546257102	1.5144851923180515e-300	6.206906525893654e-300	-0.1702512177711991	-0.1534301776877956	0.1618492159975044	1.5574670985012675e-300	6.396168782346068e-300	0.15342693022849127	0.1702479884192856
SLC31A1	-0.16189654587153576	1.0346048859350775e-300	4.257633275452994e-300	-0.17029518271002633	-0.15347438917982492	0.16189257398038268	1.0707410587408555e-300	4.406341805517924e-300	0.15347040645509805	0.1702912221984127
CCDC170	-0.16353392657596152	6.837593528895926e-307	2.8313016682798865e-306	-0.17192784917703877	-0.15511625924700495	0.16354195384482875	6.374443925036232e-307	2.639521294010862e-306	0.15512430863955037	0.17193585322074187
ARF6	-0.1636908853690754	1.7338162092790672e-307	7.20921500739737e-307	-0.17208435364284969	-0.15527365083155842	0.16368816264420052	1.7756003139914116e-307	7.382953488529778e-307	0.15527092059551673	0.17208163880268806
ADAM15	-0.16453199394887388	0.0	0.0	-0.1729230203607043	-0.15611708592880139	0.16452775447676107	0.0	0.0	0.15611283469948203	0.17291879322691261
LMNTD1	-0.1647728254291216	0.0	0.0	-0.17316315043102018	-0.15635858581198386	0.16477897826732038	0.0	0.0	0.15636475573993056	0.17316928533630999
PIR	-0.16482539705040145	0.0	0.0	-0.17321556880737662	-0.1564113034741558	0.16482174881728992	0.0	0.0	0.15640764510491784	0.1732119312103056
ACTN4	-0.16543542484162368	0.0	0.0	-0.17382381490741464	-0.1570230293926552	0.1654345030971711	0.0	0.0	0.15702210507748382	0.17382289585990338
GPR39	-0.16555649948657178	0.0	0.0	-0.1739445351718318	-0.15714444183942	0.16556284269780658	0.0	0.0	0.1571508027554106	0.17395085980979674
TMEM219	-0.16835606262919922	0.0	0.0	-0.1767358337981369	-0.15995188676412042	0.16835213244236968	0.0	0.0	0.15994794541709362	0.17673191530798557
SMAGP	-0.16902146866306172	0.0	0.0	-0.17739925567916998	-0.16061918615471513	0.16901666062654747	0.0	0.0	0.16061436440978843	0.1773944620068952
CPAMD8	-0.1694888255967783	0.0	0.0	-0.17786521446425269	-0.16108787750522763	0.16948514597890538	0.0	0.0	0.16108418736635854	0.17786154586902325
LGALS3BP	-0.16988850218358875	0.0	0.0	-0.17826369239588621	-0.16148869827099185	0.1698883345138564	0.0	0.0	0.1614885301206799	0.1782635252295819
SNHG5	-0.1706641513101616	0.0	0.0	-0.1790370074635843	-0.1622665758042363	0.1706596605571028	0.0	0.0	0.1622620721193966	0.1790325302537338
HADHB	-0.17075871773281293	0.0	0.0	-0.1791312886123772	-0.16236141462600434	0.17075387776004752	0.0	0.0	0.16235656070790289	0.1791264632438526
COL18A1	-0.1708826891621127	0.0	0.0	-0.17925488583024554	-0.16248574339072094	0.17087935107604252	0.0	0.0	0.16248239567945386	0.1792515578237493
INHBB	-0.17159157017378732	0.0	0.0	-0.17996162198742222	-0.1631966728033589	0.17158975723692285	0.0	0.0	0.16319485461666536	0.17995981454696486
MICU1	-0.17215443850850182	0.0	0.0	-0.1805227811022308	-0.16376117382654	0.172151682769349	0.0	0.0	0.16375841008054112	0.18052003374449446
AC114763.1	-0.17227295701408282	0.0	0.0	-0.18064093901725975	-0.16388003681430074	0.17226955363134866	0.0	0.0	0.1638766235360022	0.1806375459926285
NUCB1	-0.17257984320502576	0.0	0.0	-0.1809468903897166	-0.16418781612354394	0.1725764979597665	0.0	0.0	0.164184461133946	0.18094355534327494
ITGB4	-0.1734569996522595	0.0	0.0	-0.1818213659657326	-0.1650675343328802	0.17345334677179836	0.0	0.0	0.16506387075639034	0.18181772427707768
AP004608.1	-0.1738694093799836	0.0	0.0	-0.18223251066478094	-0.16548115312939143	0.1738675006560479	0.0	0.0	0.16547923880281928	0.18223060780241557
NPHP1	-0.17432268999180733	0.0	0.0	-0.1826843975066811	-0.16593576603601434	0.17432385091662408	0.0	0.0	0.16593693037762997	0.18268555485729243
NPTN	-0.1746410749953422	0.0	0.0	-0.1830018014118383	-0.1662550889768667	0.17464116659547713	0.0	0.0	0.16625518084710153	0.18300189272945805
TMEM229B	-0.1749362066178583	0.0	0.0	-0.18329602203423415	-0.16655109160487994	0.17493153936440525	0.0	0.0	0.16654641056546116	0.1832913691991214
LRP2	-0.17539741384913313	0.0	0.0	-0.18375580263114183	-0.16701366299755896	0.17539750646306423	0.0	0.0	0.16701375588579476	0.18375589495822664
MACF1	-0.17602087612987546	0.0	0.0	-0.1843773305665869	-0.16763897522542884	0.1760225412414794	0.0	0.0	0.1676406452868087	0.18437899050309045
RASSF2	-0.17619659374504687	0.0	0.0	-0.18455250179549956	-0.16781521545099562	0.1761929541145247	0.0	0.0	0.16781156499023586	0.1845488734876339
DOCK8	-0.17623223543571276	0.0	0.0	-0.18458803259512163	-0.1678509632107208	0.17622976791581135	0.0	0.0	0.1678484883468124	0.18458557275305298
NID1	-0.17651858024754113	0.0	0.0	-0.1848734857173405	-0.16813816097968223	0.17651507051036405	0.0	0.0	0.16813464077917115	0.18486998691816423
TMEM87B	-0.1769466217337883	0.0	0.0	-0.18530019163589717	-0.16856748015868314	0.1769442363224212	0.0	0.0	0.1685650876181158	0.18529781367617842
TSPAN13	-0.17725113926978142	0.0	0.0	-0.18560375710379254	-0.16887290860701235	0.17725294176963918	0.0	0.0	0.1688747165035317	0.18560555396342335
SLC44A3	-0.17791135820687812	0.0	0.0	-0.1862619064038861	-0.169535108002612	0.17790864603552783	0.0	0.0	0.16953238768009066	0.18625920274990926
CHMP4B	-0.1780668590533321	0.0	0.0	-0.18641691869994736	-0.16969107640540676	0.17806493755926842	0.0	0.0	0.16968914913127897	0.18641500324534377
TRIM36	-0.17972017540955046	0.0	0.0	-0.1880650149823064	-0.171349389861477	0.17971805439596567	0.0	0.0	0.171347262406805	0.18806290069557785
MECOM	-0.18056753335668682	0.0	0.0	-0.1889096793216033	-0.17219932730795556	0.18056834604701893	0.0	0.0	0.1722001424782338	0.1889104894226049
FANK1	-0.18114790646113524	0.0	0.0	-0.18948820039528194	-0.1727814743548149	0.18115046723796574	0.0	0.0	0.17278404297175334	0.1894907529875766
FYB2	-0.18211686484523368	0.0	0.0	-0.19045405382853245	-0.1737534074396084	0.18211568362651678	0.0	0.0	0.17375222258463285	0.19045287640476397
RSAD2	-0.18213637557858894	0.0	0.0	-0.1904735018755071	-0.17377297823822493	0.18213652187917223	0.0	0.0	0.1737731249892305	0.1904736477060139
FKBP14	-0.1829182243293885	0.0	0.0	-0.1912528332252188	-0.1745572394057912	0.1829145017433999	0.0	0.0	0.1745535053085222	0.1912491226501316
STYK1	-0.18360904312748372	0.0	0.0	-0.1919414189765766	-0.17525019857280144	0.18360734043247293	0.0	0.0	0.17524849059213676	0.19193972179555097
BCOR	-0.18739375077041992	0.0	0.0	-0.19571374710352266	-0.1790467793883233	0.18739086054309442	0.0	0.0	0.17904387999908666	0.19571086642387173
TMEM220	-0.1878957888475353	0.0	0.0	-0.196214124552509	-0.17955041110700085	0.18788993831295997	0.0	0.0	0.17954454197562353	0.19620829339512433
EBLN3P	-0.1883993791784819	0.0	0.0	-0.19671604476850668	-0.18005560440179846	0.18839656521866902	0.0	0.0	0.18005278147272208	0.19671324015306524
SFT2D1	-0.18871516767953336	0.0	0.0	-0.1970307837598443	-0.1803724003256524	0.18870961921518098	0.0	0.0	0.18036683414575003	0.1970252537503717
TRIM56	-0.18965579020124188	0.0	0.0	-0.19796827000599426	-0.18131603386078135	0.18965506066013987	0.0	0.0	0.1813153019784048	0.1979675429032612
SPATA13	-0.1908027103357149	0.0	0.0	-0.19911134544036732	-0.18246664616397648	0.19079912690729972	0.0	0.0	0.18246305116422	0.1991077740595122
CHSY1	-0.192184771955469	0.0	0.0	-0.20048874408367018	-0.18385318725541122	0.19218148423096265	0.0	0.0	0.1838498888355474	0.20048546749066362
ZFYVE21	-0.19247728985297807	0.0	0.0	-0.20078027083744812	-0.1841466574993131	0.19247213732029197	0.0	0.0	0.18414148817874795	0.20077513577590617
ADGRG2	-0.1926501553105853	0.0	0.0	-0.20095254988055905	-0.1843200864507919	0.19264561649547235	0.0	0.0	0.18431553283375834	0.2009480264691127
ZC3H12A	-0.19293187656577304	0.0	0.0	-0.20123331434734146	-0.18460272715136575	0.19292717788708535	0.0	0.0	0.18459801312644095	0.20122863163760282
CASP7	-0.19358194807980963	0.0	0.0	-0.20188117286800386	-0.1852549255421311	0.19357778163541858	0.0	0.0	0.18525074544278422	0.20187702063027532
MLEC	-0.19429874819989643	0.0	0.0	-0.20259552441602072	-0.18597407936282398	0.1942950573420961	0.0	0.0	0.1859703763627972	0.2025918461887186
NR5A2	-0.19560103041485788	0.0	0.0	-0.20389333547221053	-0.18728066060298387	0.1955955453877017	0.0	0.0	0.18727515740720596	0.2038878693380569
TNFRSF19	-0.1964742908364571	0.0	0.0	-0.20476358138231113	-0.18815682027610448	0.1964777472300302	0.0	0.0	0.18816028817131408	0.20476702581831094
HYDIN	-0.19648641267710526	0.0	0.0	-0.20477566128591884	-0.1881689824547968	0.1964904553121711	0.0	0.0	0.18817303854317158	0.204779689934416
TMBIM1	-0.19726850681437857	0.0	0.0	-0.20555504433255295	-0.18895368457108508	0.19726418287218356	0.0	0.0	0.18894934618103643	0.20555073540798544
GHR	-0.19738413064967353	0.0	0.0	-0.2056702664716961	-0.18906969486778952	0.19738014005114113	0.0	0.0	0.18906569092720313	0.20566628974098458
CTSV	-0.19758602864303554	0.0	0.0	-0.20587146248752983	-0.18927226824200935	0.1975879478838391	0.0	0.0	0.18927419390637382	0.20587337505197928
CAPS	-0.198016388537966	0.0	0.0	-0.20630032372968435	-0.18970407012109586	0.19802464218659932	0.0	0.0	0.1897123514562184	0.20630854860533102
PSD4	-0.1981706626885001	0.0	0.0	-0.20645405987263135	-0.18985886197280577	0.19816674607553972	0.0	0.0	0.18985493221166885	0.20645015692332153
SLC35F2	-0.1985863025512795	0.0	0.0	-0.20686824821949698	-0.19027589866371447	0.1985805838920851	0.0	0.0	0.19027016076564843	0.2068625495513982
MACC1	-0.19884949026113097	0.0	0.0	-0.20713051527857695	-0.1905399724113078	0.19885050865820464	0.0	0.0	0.19054099423921406	0.20713153011090787
TPD52L1	-0.19961192559492955	0.0	0.0	-0.20789027683668324	-0.19130498131905838	0.19960852078879904	0.0	0.0	0.19130156499768877	0.20788688399303198
ETF1	-0.2000131513410332	0.0	0.0	-0.2082900915174881	-0.1917075654417471	0.20001090441290073	0.0	0.0	0.19170531089870693	0.20828785249924833
FZD4	-0.2000172821988153	0.0	0.0	-0.20829420783312705	-0.19171171029936038	0.20001143083943812	0.0	0.0	0.19170583910931197	0.20828837707260675
MYO5C	-0.20026531418311164	0.0	0.0	-0.20854136611599977	-0.19196058342827016	0.20026257754543447	0.0	0.0	0.19195783750407522	0.20853863912399281
NBPF14	-0.20029670610649855	0.0	0.0	-0.20857264738486664	-0.19199208188644248	0.20029147465671387	0.0	0.0	0.1919868326814961	0.2085674343767833
TUBB4B	-0.20102558574783297	0.0	0.0	-0.20929895301124124	-0.1927234399375851	0.20102260252454057	0.0	0.0	0.1927204465516378	0.20929598034171037
PCYOX1	-0.20212516801992195	0.0	0.0	-0.2103946348708784	-0.19382677857391345	0.20212099457466876	0.0	0.0	0.1938225908317574	0.21039047626884777
CREB3L1	-0.2021413166510772	0.0	0.0	-0.2104107260651972	-0.19384298252801835	0.20213760357196678	0.0	0.0	0.19383925672801783	0.21040702619302187
IKZF3	-0.20308019613966286	0.0	0.0	-0.2113462584798179	-0.1947850862706776	0.20307637429562786	0.0	0.0	0.1947812512708274	0.21134245029122983
MALL	-0.20357797925010718	0.0	0.0	-0.2118422608664058	-0.19528458505223295	0.2035748040729407	0.0	0.0	0.19528139891779087	0.2118390970613198
MERTK	-0.2038335443972155	0.0	0.0	-0.21209691012411735	-0.19554103270776155	0.20382783116817815	0.0	0.0	0.19553529973761313	0.21209121738230183
GNG5	-0.2043248279014546	0.0	0.0	-0.21258642982407194	-0.19603401588013022	0.20432015921466695	0.0	0.0	0.19602933102160428	0.21258177791830352
DDI2	-0.2044319655770264	0.0	0.0	-0.2126931823035714	-0.19614152477100752	0.20442781929608453	0.0	0.0	0.19613736412014254	0.21268905093357612
MYH14	-0.20450206219494074	0.0	0.0	-0.2127630267937819	-0.19621186437061144	0.20450197369380915	0.0	0.0	0.19621177556264732	0.2127629386110297
DECR1	-0.2046429728519685	0.0	0.0	-0.21290343035951556	-0.19635326373601922	0.20463593053676388	0.0	0.0	0.19634619698837016	0.21289641339539503
MITF	-0.20506478355354793	0.0	0.0	-0.21332372106351244	-0.1967765394283746	0.20506253471941555	0.0	0.0	0.19677428277562442	0.2133214803411736
TMEM217	-0.20549602825164603	0.0	0.0	-0.2137534086083675	-0.19720928507641733	0.20549174845654913	0.0	0.0	0.19720499036960085	0.21374914428259978
MTCH1	-0.20557313951974557	0.0	0.0	-0.21383024110369805	-0.19728666507112447	0.20556935252300107	0.0	0.0	0.19728286487458802	0.21382646780009504
FZD5	-0.20715165813455286	0.0	0.0	-0.21540303060581106	-0.19887070738808735	0.20714606925011678	0.0	0.0	0.19886509887016915	0.21539746208131832
CYHR1	-0.20798371633149834	0.0	0.0	-0.21623205168184753	-0.19970569461703264	0.2079774212241321	0.0	0.0	0.1996993773043373	0.21622577959709605
PSAP	-0.20907870029852532	0.0	0.0	-0.2173230206896287	-0.20080455149538903	0.20907738553116903	0.0	0.0	0.20080323206527156	0.21732171075545886
NAALADL2-AS3	-0.20909086715065633	0.0	0.0	-0.217335142814062	-0.20081676149811867	0.20908665379762897	0.0	0.0	0.20081253320184686	0.21733094495042177
WWP1	-0.20970850497869578	0.0	0.0	-0.21795050674496716	-0.20143659319990184	0.2097045370971121	0.0	0.0	0.2014326112031042	0.21794655349246217
LPAR1	-0.21050946360682996	0.0	0.0	-0.2187485068020759	-0.20224040673063348	0.21051199258638242	0.0	0.0	0.2022429447420168	0.21875102642266175
NT5DC1	-0.21055219443584106	0.0	0.0	-0.21879107948282675	-0.20228329018062713	0.21054769334966889	0.0	0.0	0.20227877301650704	0.2187865950568065
TRHDE	-0.21073490615806678	0.0	0.0	-0.21897311462892102	-0.20246665484891305	0.21072868115992743	0.0	0.0	0.20246040759532666	0.21896691269120291
GLIS3	-0.21110737672226113	0.0	0.0	-0.2193442041694411	-0.2028404582847449	0.21111410738189743	0.0	0.0	0.20284721305195139	0.2193509098516258
LINC01376	-0.2125849992029983	0.0	0.0	-0.22081632453155284	-0.20432339211960018	0.212582439597467	0.0	0.0	0.20432082328071116	0.22081377448947193
CANT1	-0.21316701377649755	0.0	0.0	-0.22139616160272488	-0.20490750916987457	0.2131610376511986	0.0	0.0	0.20490151142645102	0.22139020786558467
IL1RAP	-0.21371555726358393	0.0	0.0	-0.22194264748720285	-0.20545803960782277	0.21371348929155595	0.0	0.0	0.20545596413530995	0.22194058728190405
PXDC1	-0.21418487139424403	0.0	0.0	-0.22241019710421106	-0.20592905785071808	0.21418096942938694	0.0	0.0	0.2059251417017847	0.22240630982544496
PPP1R10	-0.21419701978638778	0.0	0.0	-0.22242229977094907	-0.20594125040531203	0.21419231221165322	0.0	0.0	0.20593652571705925	0.222417609915384
PRSS8	-0.2144556376671615	0.0	0.0	-0.22267994363693747	-0.20620080903501264	0.2144492936563491	0.0	0.0	0.20619444193331513	0.2226736235328828
ACSL1	-0.21453754205492123	0.0	0.0	-0.22276153931428921	-0.2062830116005456	0.2145312673094379	0.0	0.0	0.20627671400735859	0.22275528822337556
RWDD2A	-0.21694566526821799	0.0	0.0	-0.22516053443890058	-0.20869995380360648	0.216940407985302	0.0	0.0	0.20869467715784493	0.22515529719241598
RAB13	-0.2170260670778857	0.0	0.0	-0.2252406297639613	-0.20878065179712088	0.21701880466183843	0.0	0.0	0.20877336262320295	0.22523339503616502
DUSP2	-0.21924825529079006	0.0	0.0	-0.22745430325061886	-0.2110110705369633	0.21924239723260625	0.0	0.0	0.2110051906689767	0.22744846775016495
AMPD3	-0.21944540925149497	0.0	0.0	-0.22765069768332508	-0.21120895885798022	0.2194424838158634	0.0	0.0	0.2112060225207325	0.2276477835227002
PAPPA	-0.22067769423506114	0.0	0.0	-0.22887822021071538	-0.21244584916366085	0.2206751983476143	0.0	0.0	0.21244334392186975	0.2288757339955718
GLI2	-0.22113077763201638	0.0	0.0	-0.22932954600282057	-0.2129006324661417	0.2211240490440096	0.0	0.0	0.2128938786073277	0.2293228435421971
CCDC186	-0.22123779404879282	0.0	0.0	-0.22943614676593618	-0.21300805091416683	0.22123392933404	0.0	0.0	0.21300417167728092	0.22943229706522722
OSMR	-0.22177180833912657	0.0	0.0	-0.2299680839958786	-0.21354407432266928	0.22176863401498007	0.0	0.0	0.21354088804114937	0.22996492203280516
LATS2	-0.221912803733148	0.0	0.0	-0.23010853016797242	-0.21368560100932432	0.2219078679657474	0.0	0.0	0.21368064663734931	0.230103613632723
CROT	-0.22228528411706763	0.0	0.0	-0.2304795579799901	-0.21405948661869728	0.22227860757579856	0.0	0.0	0.21405278486818793	0.23047290749638197
LINC01138	-0.22568282905632414	0.0	0.0	-0.2338637434397445	-0.21746996045126168	0.225679725094818	0.0	0.0	0.21746684458653057	0.23386065177378362
STXBP6	-0.2258109560880928	0.0	0.0	-0.23399136278486488	-0.21759857897696705	0.2258089108369783	0.0	0.0	0.2175965258780509	0.2339893256400051
HIVEP2	-0.22585473246036852	0.0	0.0	-0.23403496563436574	-0.21764252334031423	0.2258545480836871	0.0	0.0	0.21764233825602064	0.23403478198859398
PLD5	-0.22649192714689795	0.0	0.0	-0.2346696308541832	-0.2182821670197703	0.22649206624976453	0.0	0.0	0.21828230665803475	0.2346697694040931
PGM2	-0.2276276209123447	0.0	0.0	-0.2358007989783363	-0.21942224319958503	0.2276220429588965	0.0	0.0	0.2194166436671721	0.2357952433066699
CHDH	-0.22949260520760792	0.0	0.0	-0.23765830342738764	-0.22129447271106248	0.2294870398439654	0.0	0.0	0.22128888563682012	0.23765276047345246
TULP2	-0.2303721911485195	0.0	0.0	-0.23853434090979958	-0.22217749669908576	0.23036782468321354	0.0	0.0	0.22217311313332805	0.23852999209265918
PIEZO1	-0.23116930430493113	0.0	0.0	-0.2393282268487943	-0.22297773715182825	0.23116387664308452	0.0	0.0	0.22297228815842426	0.2393228211984385
TTC39B	-0.23217609472044817	0.0	0.0	-0.24033092555004693	-0.2239884932646514	0.23217682338369539	0.0	0.0	0.22398922480444525	0.2403316512456191
TMEM178A	-0.23229909520955128	0.0	0.0	-0.24045342495781027	-0.22411197945391026	0.2322965259912635	0.0	0.0	0.22410940008769226	0.24045086620870076
MCCC1	-0.2323622726057425	0.0	0.0	-0.24051634487995374	-0.22417540642505263	0.2323578886968744	0.0	0.0	0.22417100519582336	0.24051197883954198
NIPAL1	-0.23339769719538322	0.0	0.0	-0.24154753992092542	-0.22521493122224182	0.2333942264659565	0.0	0.0	0.22521144671785512	0.2415440833996348
EDN1	-0.23343392767243834	0.0	0.0	-0.24158362206881376	-0.22525130550674638	0.2334316211465073	0.0	0.0	0.22524898982498112	0.24158132498657306
PLCE1	-0.23385967644145536	0.0	0.0	-0.24200762611526963	-0.22567874588363082	0.23385680055458877	0.0	0.0	0.22567585855956956	0.24200476202425444
MAATS1	-0.23401004128693273	0.0	0.0	-0.242157374020551	-0.22582970891945728	0.23401140733737855	0.0	0.0	0.22583108040620692	0.24215873446437405
TGFB2	-0.23409900402453393	0.0	0.0	-0.2422459715652791	-0.22591902575889192	0.2340972619771315	0.0	0.0	0.22591727677623047	0.24224423667030187
SPINT1	-0.23422786951467045	0.0	0.0	-0.24237430782041308	-0.22604840442123153	0.23422576899148592	0.0	0.0	0.22604629553096403	0.24237221592610925
ICAM1	-0.23521448869061692	0.0	0.0	-0.24335686562355108	-0.22703896210558658	0.23521003236855723	0.0	0.0	0.22703448795619968	0.24335242768330742
RALGPS2	-0.2361990470325138	0.0	0.0	-0.2443373544172637	-0.22802746759219902	0.23619852940658895	0.0	0.0	0.22802694788665945	0.2443368389352527
SLC26A5	-0.23684235258906872	0.0	0.0	-0.24497799196238265	-0.22867336129301283	0.23684164758567372	0.0	0.0	0.2286726534493145	0.24497728988677003
NLGN4X	-0.23760952882623573	0.0	0.0	-0.24574197716549703	-0.22944363343307372	0.23760675395525324	0.0	0.0	0.2294408473458012	0.24573921385466796
CITED1	-0.23883491862949124	0.0	0.0	-0.24696224905941924	-0.23067398945505208	0.23883030378917017	0.0	0.0	0.2306693558629059	0.24695765354159172
NBPF19	-0.23886870677978891	0.0	0.0	-0.24699589572644443	-0.23070791491053794	0.23886311600753363	0.0	0.0	0.2307023014176449	0.24699032836613868
CTBS	-0.23904412965927535	0.0	0.0	-0.24717058373154638	-0.23088405097636178	0.2390392947109097	0.0	0.0	0.230879196364219	0.24716576904462859
ASAP3	-0.24026406275885334	0.0	0.0	-0.24838539172712215	-0.2321089585383931	0.2402583590914022	0.0	0.0	0.23210323155318874	0.2483797120809894
ALDH3A2	-0.24183686694628986	0.0	0.0	-0.24995155065316263	-0.2336882142444703	0.2418302829552092	0.0	0.0	0.23368160315676337	0.24994499456863048
DUXAP8	-0.24284834881952908	0.0	0.0	-0.2509587364765311	-0.23470386785288816	0.24283745755920078	0.0	0.0	0.23469293157816074	0.2509478915679936
NEFH	-0.24309916546507743	0.0	0.0	-0.25120848511565375	-0.23495572171298507	0.24308976217489503	0.0	0.0	0.2349462795171805	0.25119912188525545
CLCN3	-0.2440065484532449	0.0	0.0	-0.25211199534263146	-0.2358668661805639	0.24400266147942726	0.0	0.0	0.235862963063104	0.252108124988773
IFI35	-0.244344119321387	0.0	0.0	-0.25244812183290455	-0.2362058400726188	0.24433720292548808	0.0	0.0	0.23619889491067628	0.252441235050089
TMEM63A	-0.2444551276212865	0.0	0.0	-0.25255865472985267	-0.23631731018189503	0.24445188046097865	0.0	0.0	0.2363140495099248	0.25255542147880156
CHMP4C	-0.2454807037447128	0.0	0.0	-0.25357982872886004	-0.23734716297000852	0.24547921012715582	0.0	0.0	0.23734566311075456	0.2535783415355479
MOB1A	-0.24633702127829707	0.0	0.0	-0.254432456824983	-0.23820706536389152	0.2463327825665309	0.0	0.0	0.2382028088759273	0.2544282364066669
LINC00886	-0.2467457152462794	0.0	0.0	-0.2548393855016387	-0.23861747476870587	0.2467419560500325	0.0	0.0	0.23861369978051822	0.2548356425557297
SLC2A12	-0.24763394014209952	0.0	0.0	-0.2557237639603083	-0.23950943787893708	0.24763057573549194	0.0	0.0	0.23950605928689458	0.2557204141487308
SLC2A10	-0.2478684754913923	0.0	0.0	-0.2559572814001488	-0.23974496259067826	0.24786197448339684	0.0	0.0	0.23973843414598625	0.2559508086199705
EML5	-0.24908416967411692	0.0	0.0	-0.2571676842068898	-0.24096580037423268	0.24908059395866508	0.0	0.0	0.24096220949225974	0.25716412409212713
NCMAP	-0.2505061174037367	0.0	0.0	-0.2585834106482937	-0.2423937969637269	0.2505010257062244	0.0	0.0	0.24238868354380413	0.2585783412898145
RAB27A	-0.25058208541811944	0.0	0.0	-0.25865904531195943	-0.2424700891295217	0.2505768310267142	0.0	0.0	0.2424648123146826	0.2586538139802241
SNX7	-0.2515786617197758	0.0	0.0	-0.2596512394253811	-0.24347092705956755	0.2515790500536032	0.0	0.0	0.24347131705738026	0.25965162604828845
IFI6	-0.25234560968758124	0.0	0.0	-0.2604148033317292	-0.2442411664602841	0.25234121389035347	0.0	0.0	0.24423675176892023	0.2604104269591641
CTSO	-0.25362341911042546	0.0	0.0	-0.2616869521636677	-0.24552448244119834	0.2536195419367988	0.0	0.0	0.24552058851644537	0.2616830922079795
PDE9A	-0.2542050220196674	0.0	0.0	-0.26226596934135804	-0.24610860109562516	0.25419605815263224	0.0	0.0	0.24609959841042442	0.2622570453705592
CHL1	-0.2545671937018364	0.0	0.0	-0.2626265279223779	-0.24647234233639895	0.2545672457907763	0.0	0.0	0.2464723946512429	0.26262657977915344
RHOU	-0.2549905749076677	0.0	0.0	-0.26304802054838367	-0.24689756125841392	0.25498866666824926	0.0	0.0	0.24689564472915493	0.2630461208279637
FOS	-0.2565126337233761	0.0	0.0	-0.2645632645008289	-0.2484262524205815	0.256512833695215	0.0	0.0	0.2484264532664408	0.26456346357470273
RGMB	-0.2583872155845976	0.0	0.0	-0.2664293984882565	-0.25030905809748405	0.2583830951518278	0.0	0.0	0.2503049195213146	0.2664252966904891
PEX11A	-0.258724916417429	0.0	0.0	-0.26676557105052917	-0.2506482469236335	0.2587183562859515	0.0	0.0	0.250641657867709	0.26675904062566763
LUADT1	-0.2588614339842036	0.0	0.0	-0.2669014702494923	-0.25078536658340006	0.2588570594875743	0.0	0.0	0.2507809727885959	0.2668971155724726
RASSF3	-0.25919545904666863	0.0	0.0	-0.2672339809690191	-0.2511208661865175	0.25919168679312304	0.0	0.0	0.2511170772696739	0.2672302258281273
SPOCK1	-0.2603279836811813	0.0	0.0	-0.26836135691865554	-0.25225840474760913	0.26032485276435935	0.0	0.0	0.2522552599388106	0.26835824026594435
CNTD1	-0.2624806752325315	0.0	0.0	-0.2705042012366349	-0.254420688210113	0.26247604104119465	0.0	0.0	0.25441603328330414	0.2704995883292471
DNAH5	-0.26284184383346776	0.0	0.0	-0.27086370992644776	-0.25478347399180673	0.26284194429323066	0.0	0.0	0.2547835749017072	0.27086380992419173
FUCA1	-0.2633056177318339	0.0	0.0	-0.2713253490637002	-0.25524932782655324	0.2633002872680226	0.0	0.0	0.2552439734353923	0.27132004315708813
ARSD	-0.2633920677778836	0.0	0.0	-0.27141140077034576	-0.255336165997973	0.26338710846949	0.0	0.0	0.2553311844207977	0.2714064643166262
ADM	-0.26352012617597564	0.0	0.0	-0.27153886887291356	-0.2554647995647852	0.26351522663313753	0.0	0.0	0.2554598780106168	0.2715339919200896
TMEM254	-0.2635828419842402	0.0	0.0	-0.2716012954849719	-0.25552779716240825	0.2635768962374662	0.0	0.0	0.25552182469777335	0.27159537715822224
PDSS2	-0.2641765296583149	0.0	0.0	-0.2721922421937192	-0.256124155732248	0.26417127675249513	0.0	0.0	0.25611887916765713	0.27218701356627584
NIPAL3	-0.26516112599615915	0.0	0.0	-0.2731722794718415	-0.2571131951073512	0.2651521595681185	0.0	0.0	0.2571041881418138	0.27316335463684305
LINC01135	-0.26651453782448054	0.0	0.0	-0.27451939734271325	-0.2584727417860063	0.26650878890659796	0.0	0.0	0.2584669667416094	0.27451367522626535
DDX60	-0.2667667617429583	0.0	0.0	-0.2747704448361189	-0.2587261125263457	0.2667620026057604	0.0	0.0	0.2587213317398697	0.2747657079066325
ROCK1	-0.26748489341592846	0.0	0.0	-0.2754852210162888	-0.2594475154891295	0.2674828190993753	0.0	0.0	0.2594454317105699	0.27548315640478394
FAM110B	-0.2684066509536738	0.0	0.0	-0.27640265864889124	-0.2603734850343134	0.2684057659671	0.0	0.0	0.26037259599667134	0.27640177781688136
LINC01697	-0.27117139460429274	0.0	0.0	-0.2791543576525966	-0.2631509509277607	0.27116448363895695	0.0	0.0	0.2631440079951747	0.2791474794581119
ITPR1	-0.2734711276671724	0.0	0.0	-0.2814431402058687	-0.2654613677349326	0.27346604254871576	0.0	0.0	0.26545625889133256	0.2814380794009969
SLC25A33	-0.2741059591596908	0.0	0.0	-0.282074932881526	-0.26609916463242683	0.27410102162188815	0.0	0.0	0.26609420400350137	0.2820700190054415
MYOF	-0.275253550282931	0.0	0.0	-0.283217013165534	-0.26725213413859483	0.27525073568584874	0.0	0.0	0.2672493063223944	0.2832142121120375
MCF2L2	-0.2780583514609626	0.0	0.0	-0.28600825037143657	-0.27007017692367546	0.2780549016298851	0.0	0.0	0.2700667107217093	0.2860048173065497
LYN	-0.2791330334637941	0.0	0.0	-0.2870776994817394	-0.2711499688200227	0.27913340030852724	0.0	0.0	0.27115033741245825	0.28707806453683343
PTGR1	-0.2804225887470799	0.0	0.0	-0.28836094946100294	-0.27244568219670184	0.2804120176016408	0.0	0.0	0.27243506045260146	0.2883504301192918
PDE4D	-0.28203575117000673	0.0	0.0	-0.2899661841503678	-0.2740665887887095	0.28203641258660184	0.0	0.0	0.27406725338979576	0.28996684230734243
PPP2R5A	-0.2823613241363446	0.0	0.0	-0.29029015170774525	-0.2743937301960588	0.28235646510592305	0.0	0.0	0.27438884774380184	0.2902853166506922
HIST1H4H	-0.28373616896769727	0.0	0.0	-0.29165819710023333	-0.27577521865207066	0.2837308487856419	0.0	0.0	0.27576987269805886	0.29165290329215876
PCDH7	-0.28393140271344275	0.0	0.0	-0.29185246266916925	-0.27597139848722385	0.28392486534549066	0.0	0.0	0.2759648294289007	0.29184595773102423
UBE2H	-0.28500040287799255	0.0	0.0	-0.2929161500066797	-0.2770455907114005	0.2850007590289712	0.0	0.0	0.2770459485954932	0.2929165043843576
ITPR2	-0.2852057977273183	0.0	0.0	-0.2931205218196005	-0.2772519854265541	0.2852107160730197	0.0	0.0	0.27725692772385047	0.29312541565900074
GSDMD	-0.2864280139480425	0.0	0.0	-0.2943366354338479	-0.2784801665986155	0.28641986386273	0.0	0.0	0.27847197665122275	0.29432852612727267
SCCPDH	-0.28667871368105885	0.0	0.0	-0.29458608024106275	-0.2787320930690336	0.28667233055310987	0.0	0.0	0.2787256786932515	0.29457972907845875
ARRDC3	-0.28670592934362094	0.0	0.0	-0.294613159605546	-0.27875944197054586	0.2867011870082775	0.0	0.0	0.27875467641735807	0.2946084410210872
HES1	-0.28791670093165067	0.0	0.0	-0.2958178547096567	-0.2799761541404348	0.28791513689866416	0.0	0.0	0.2799745824171543	0.2958162985422745
ABCA1	-0.2902251962977694	0.0	0.0	-0.2981146948194292	-0.28229604669590097	0.2902204076539519	0.0	0.0	0.282291234314254	0.2981099304473352
SPTSSB	-0.2937741665254897	0.0	0.0	-0.3016455686321625	-0.28586271930268725	0.2937693699073968	0.0	0.0	0.28585789861097416	0.3016407966180238
CYBRD1	-0.29430850547704596	0.0	0.0	-0.30217716425625285	-0.28639974254087563	0.29430113979785283	0.0	0.0	0.2863923398259339	0.302169836426155
STEAP4	-0.294769867398945	0.0	0.0	-0.3026361535818837	-0.286863426142178	0.29476253568747046	0.0	0.0	0.2868560575068748	0.30262885960294184
SLC37A1	-0.29627401120109215	0.0	0.0	-0.3041325368481095	-0.2883751648702668	0.2962695530677686	0.0	0.0	0.28837068416815054	0.3041281017735451
HERC6	-0.29708226115363895	0.0	0.0	-0.3049366006679078	-0.28918751221285127	0.29707714188068735	0.0	0.0	0.2891823669521737	0.30493150794421237
RALGPS1	-0.29898990633581374	0.0	0.0	-0.30683432126859944	-0.29110487321415246	0.29898549934206275	0.0	0.0	0.2911004437021627	0.3068299372742449
TXNIP	-0.30293951116280315	0.0	0.0	-0.31076317991460983	-0.2950747951013269	0.30293524130053545	0.0	0.0	0.29507050312794386	0.31075893262509996
C2CD2	-0.30832899385319584	0.0	0.0	-0.3161239218636038	-0.3004924398057541	0.3083216555499671	0.0	0.0	0.30048506281339915	0.3161166230320764
SPECC1	-0.3110254256060936	0.0	0.0	-0.3188057874291335	-0.30320315120065144	0.3110194558706412	0.0	0.0	0.3031971497111144	0.3187998500799305
FAM189A1	-0.31432332519533346	0.0	0.0	-0.32208570233235273	-0.30651868776704083	0.3143185872969175	0.0	0.0	0.30651392439477104	0.32208099040513627
SPAG16	-0.3175836059227702	0.0	0.0	-0.3253280203661702	-0.30979659045316793	0.31758208254037495	0.0	0.0	0.30979505879359887	0.32532650541945585
FN1	-0.31767344099530476	0.0	0.0	-0.3254173579095915	-0.30988691370870314	0.3176710638868167	0.0	0.0	0.3098845236806888	0.32541499396790585
EPCAM	-0.31773402794056016	0.0	0.0	-0.32547760923112007	-0.3099478299757366	0.3177353252283834	0.0	0.0	0.30994913431569765	0.32547889933187957
RIPK2	-0.3180420714974723	0.0	0.0	-0.3257839453961976	-0.31025754889949625	0.31803596931793066	0.0	0.0	0.3102514135157817	0.3257778770549645
WNT2B	-0.31810468265207725	0.0	0.0	-0.32584620931742025	-0.31032050078157175	0.3180974827823416	0.0	0.0	0.3103132617269508	0.32583904938065006
ANKRD42	-0.3197229363639543	0.0	0.0	-0.32745546510516077	-0.31194758465306166	0.3197191826242898	0.0	0.0	0.3119438103779759	0.32745173228920216
GNPTAB	-0.3226000950873391	0.0	0.0	-0.33031651527718153	-0.3148405555056166	0.3225942995104286	0.0	0.0	0.3148347279327767	0.3303107522909003
BAIAP2	-0.3229018696037002	0.0	0.0	-0.33061659201116667	-0.31514399685186284	0.32289443216194696	0.0	0.0	0.31513651831086936	0.3306091964311829
MYLIP	-0.32364703623570357	0.0	0.0	-0.3313575596569567	-0.3158932861524167	0.32364266226567967	0.0	0.0	0.31588888795498454	0.3313532103618405
FAM160A1	-0.32437002291217415	0.0	0.0	-0.33207646324003465	-0.3166202820299624	0.32436663987962283	0.0	0.0	0.31661688021617107	0.3320730993341305
THBS1	-0.3249594100403412	0.0	0.0	-0.33266251515891104	-0.317212944241817	0.32495388003650716	0.0	0.0	0.3172073834809511	0.3326570164757762
BCAS1	-0.3278707764547767	0.0	0.0	-0.3355573195248328	-0.3201405771910741	0.3278684078690922	0.0	0.0	0.32013819531149545	0.33555496447245403
SMIM14	-0.3300634265988606	0.0	0.0	-0.3377374003870993	-0.3223455756964144	0.33005809523905844	0.0	0.0	0.32234021421038733	0.33773209968896467
SLC26A2	-0.3321650327254446	0.0	0.0	-0.33982688186139204	-0.32445909606086754	0.3321574856301629	0.0	0.0	0.3244515060426023	0.33981937844237037
CDS1	-0.33551079916598114	0.0	0.0	-0.3431531897507393	-0.3278239887846372	0.33550914077521693	0.0	0.0	0.3278223208652665	0.3431515410524463
CD9	-0.3393000129295176	0.0	0.0	-0.3469201344633224	-0.3316350993537944	0.33929128548362064	0.0	0.0	0.33162632118698065	0.34691145859071887
HSPB1	-0.3399577550888106	0.0	0.0	-0.347573986059338	-0.3322966679037837	0.3399535819825917	0.0	0.0	0.33229247049691085	0.3475698376605072
ERGIC1	-0.34014397240718636	0.0	0.0	-0.3477591005516947	-0.33248396990379503	0.3401346201479275	0.0	0.0	0.33247456315493434	0.3477498036930384
TMCO4	-0.347364666891436	0.0	0.0	-0.3549365744476137	-0.3397471896141731	0.3473579608689305	0.0	0.0	0.33974044367597994	0.35492990897912596
PABPC1	-0.3496440394416511	0.0	0.0	-0.35720211811662245	-0.34204017488947175	0.3496358486592276	0.0	0.0	0.3420319350284572	0.3571939771866289
ARFGEF3	-0.34968795963959254	0.0	0.0	-0.35724577097880583	-0.34208435827408995	0.349687493608592	0.0	0.0	0.3420838894502764	0.35724530778464053
ERO1B	-0.3497565302768178	0.0	0.0	-0.35731392417067454	-0.342153339880104	0.34975089637698276	0.0	0.0	0.34214767221116643	0.3573083245720143
LTBP1	-0.35182045853218685	0.0	0.0	-0.35936524994528624	-0.3442296763663229	0.35181685387861333	0.0	0.0	0.3442260499770316	0.35936166736552116
SLC12A2	-0.3541952825330213	0.0	0.0	-0.36172548290527523	-0.3466188695578995	0.3541897784556797	0.0	0.0	0.34661333206374023	0.3617200127568658
KIAA1324	-0.3545658842699929	0.0	0.0	-0.36209379893921406	-0.3469917225381995	0.35456083639371844	0.0	0.0	0.3469866439822031	0.3620887822117361
CNGA1	-0.36073696280016765	0.0	0.0	-0.3682264716300329	-0.35320063954246195	0.3607301311255465	0.0	0.0	0.35319376561178173	0.368219682832811
EPHX1	-0.3657279090311155	0.0	0.0	-0.37318587995476893	-0.3582226737991535	0.365720122920638	0.0	0.0	0.3582148388516392	0.37317814337684124
DLGAP1	-0.3746378023872857	0.0	0.0	-0.3820384119685766	-0.3671891457108685	0.3746416748405722	0.0	0.0	0.36719304305554357	0.38204225919599827
PPA2	-0.3760696468555772	0.0	0.0	-0.38346091165449553	-0.36863021163177623	0.37606087665197	0.0	0.0	0.3686213848369255	0.3834521987954422
LLGL2	-0.3775354456975908	0.0	0.0	-0.38491710778892113	-0.37010548764189743	0.37752989919488156	0.0	0.0	0.3700999052074679	0.3849115976916001
LITAF	-0.3839709447781146	0.0	0.0	-0.39131001192681636	-0.37658303912102753	0.38396499246202237	0.0	0.0	0.37657704757606675	0.39130409933486215
GCC2	-0.3867040867706098	0.0	0.0	-0.39402484966097523	-0.37933425924706193	0.38669916416545436	0.0	0.0	0.37932930396460685	0.39401996013806934
YBX3	-0.3880279415487409	0.0	0.0	-0.3953397924644408	-0.3806669173999528	0.38802303657709786	0.0	0.0	0.38066197975477445	0.39533492056758085
TSPAN5	-0.3907167122069673	0.0	0.0	-0.3980103705130609	-0.38337366197542205	0.39071076471033683	0.0	0.0	0.3833676745817152	0.3980044633944654
MYO1D	-0.3995368303884131	0.0	0.0	-0.40676994271594813	-0.3922536265903489	0.3995338539575636	0.0	0.0	0.3922506297347765	0.40676698694123137
AFDN	-0.4052166771305852	0.0	0.0	-0.4124100960158789	-0.39797273098011693	0.4052089315357856	0.0	0.0	0.39796493146633777	0.4124024049264208
PTPN13	-0.40651710553433873	0.0	0.0	-0.41370135883534737	-0.3992822268311363	0.4065119402161361	0.0	0.0	0.39927702543852583	0.4136962299801381
APLP2	-0.408190318369299	0.0	0.0	-0.4153627361343895	-0.40096714983826537	0.40818196515534444	0.0	0.0	0.40095873804200444	0.41535444212606015
DNAJB1	-0.4127178951708205	0.0	0.0	-0.41985804704300567	-0.40552665844938945	0.41270843964482806	0.0	0.0	0.4055171358631524	0.4198486592671051
UGDH	-0.4184886462435769	0.0	0.0	-0.42558716492811816	-0.41133862788266695	0.4184822044442822	0.0	0.0	0.41133213974779337	0.4255807699205447
MAGI1	-0.41932740543507074	0.0	0.0	-0.42641982551294244	-0.41218342642134376	0.41932542309204857	0.0	0.0	0.41218142979030564	0.4264178575976804
EGFR	-0.4201030925807408	0.0	0.0	-0.42718986194953684	-0.41296470970773635	0.4200981363908408	0.0	0.0	0.4129597177284001	0.4271849418970154
TESK2	-0.4229241759741263	0.0	0.0	-0.42999030769484264	-0.41580623420134116	0.4229117817623715	0.0	0.0	0.41579374987924617	0.42997800445037154
ARHGEF3	-0.42397469612417765	0.0	0.0	-0.4310331080168876	-0.4168644017573097	0.42397092865918856	0.0	0.0	0.41686060683210713	0.4310293682710907
CBR3	-0.4268098671830224	0.0	0.0	-0.43384735050188056	-0.41972030802871246	0.42680299971263336	0.0	0.0	0.4197133901630147	0.4338405338914662
RRBP1	-0.4294450262078464	0.0	0.0	-0.4364629342704632	-0.42237486534261937	0.42943660140809914	0.0	0.0	0.42236637833184393	0.4364545722432767
TGIF1	-0.4311254764982272	0.0	0.0	-0.43813083941099407	-0.4240677493230774	0.4311202335628677	0.0	0.0	0.4240624675184159	0.43812563569099394
NAMPT	-0.43113948168312916	0.0	0.0	-0.4381447398396112	-0.42408185833991074	0.43113237801484916	0.0	0.0	0.42407470200587877	0.43813768930592145
ZBTB20	-0.4333064768462981	0.0	0.0	-0.4402954859027072	-0.42626496049320317	0.43330608778119617	0.0	0.0	0.4262645685288695	0.4402950997621884
STEAP1	-0.4341643080776791	0.0	0.0	-0.4411468625719645	-0.42712919053345627	0.4341493872441829	0.0	0.0	0.42711415829134314	0.4411320541143967
GULP1	-0.43476045106128436	0.0	0.0	-0.44173851260700375	-0.42772978788873844	0.434749121959268	0.0	0.0	0.4277183740779702	0.44172726894556613
ATF3	-0.43736286656455686	0.0	0.0	-0.4443212434133948	-0.4303517213066469	0.43735956688640865	0.0	0.0	0.43034839680625886	0.44431796876727914
GATA2	-0.44601540709849585	0.0	0.0	-0.4529075045279697	-0.4390700058904216	0.44600184617609717	0.0	0.0	0.43905634090547857	0.45289404848395354
NUDT4	-0.4498702838373756	0.0	0.0	-0.45673244085576337	-0.4429545941125422	0.44986047429463943	0.0	0.0	0.4429447086331471	0.4567227078246685
AL121790.1	-0.4533845407368135	0.0	0.0	-0.4602191818381637	-0.4464961634421908	0.45337247616887216	0.0	0.0	0.4464840047405071	0.46020721209399096
PARP14	-0.45678371896899755	0.0	0.0	-0.46359154461266827	-0.4499219650766945	0.4567756216781099	0.0	0.0	0.449913804125394	0.4635835114340952
NPNT	-0.4870395448570197	0.0	0.0	-0.4935999996245413	-0.48042366461788705	0.4870362881834176	0.0	0.0	0.48042038061750564	0.4935967704178456
ANXA11	-0.4995644015646936	0.0	0.0	-0.5060178832099642	-0.4930549900288239	0.4995563271214292	0.0	0.0	0.4930468460638903	0.5060098785911469
ZNF217	-0.5123880520312332	0.0	0.0	-0.5187292373720624	-0.5059904930397698	0.5123766364167925	0.0	0.0	0.5059789765742977	0.5187179229704281
CLDN4	-0.5286397690937292	0.0	0.0	-0.5348346117033862	-0.5223880990481775	0.5286335409141744	0.0	0.0	0.5223818140735427	0.534828440469123
ARHGAP29	-0.5295596068637541	0.0	0.0	-0.535746031985607	-0.5233163323229572	0.529549780818066	0.0	0.0	0.5233064165151052	0.5357362959347957
ANTXR1	-0.5370830888330763	0.0	0.0	-0.5432001250397211	-0.5309090385232061	0.5370684970322384	0.0	0.0	0.5308943115024314	0.5431856687520111
YAP1	-0.5443444456826342	0.0	0.0	-0.55039359617455	-0.5382381479431384	0.5443342487074883	0.0	0.0	0.5382278551768377	0.5503834951595973
LIMCH1	-0.5618301717366768	0.0	0.0	-0.5677121654024617	-0.5558908162874346	0.561823689945954	0.0	0.0	0.5558842716201324	0.5677057465396513
PRKD1	-0.5805480312849884	0.0	0.0	-0.5862453215441369	-0.5747933201127317	0.580534067846105	0.0	0.0	0.5747792166406522	0.586231498115429
STEAP2	-0.59616638628791	0.0	0.0	-0.601704995836902	-0.5905704455815174	0.5961498667440922	0.0	0.0	0.5905537558458172	0.6016886463218633
