sample	Chromosome	Start	End	Value	value_label
927	chr1	1363753	1591640	3	imbalance
927	chr1	1642835	1664223	3	imbalance
927	chr1	11545342	11909376	3	imbalance
927	chr1	16514213	16649593	3	imbalance
927	chr1	16720901	16901655	3	imbalance
927	chr1	20059870	20187571	3	imbalance
927	chr1	30596074	30918657	3	imbalance
927	chr1	33632420	34224299	3	imbalance
927	chr1	34485496	34932139	3	imbalance
927	chr1	39529931	39609007	3	imbalance
927	chr1	53131970	53261234	3	imbalance
927	chr1	67616021	67660583	3	imbalance
927	chr1	72004270	72052612	3	imbalance
927	chr1	76052923	76107385	3	imbalance
927	chr1	76165043	76284374	3	imbalance
927	chr1	90075605	90097587	3	imbalance
927	chr1	94036262	94172931	3	imbalance
927	chr1	95592815	95677132	3	imbalance
927	chr1	97403024	97438118	3	imbalance
927	chr1	106637618	106660413	3	imbalance
927	chr1	109231527	109308642	0	hom_low
927	chr1	109814267	109874423	3	imbalance
927	chr1	114221433	114612153	3	imbalance
927	chr1	119371621	119401114	3	imbalance
927	chr1	152582576	152630992	3	imbalance
927	chr1	152951308	152986867	3	imbalance
927	chr1	161587944	161770350	3	imbalance
927	chr1	172126155	172193146	3	imbalance
927	chr1	179058450	179790914	3	imbalance
927	chr1	188457187	188470643	3	imbalance
927	chr1	198796603	198817174	3	imbalance
927	chr1	202158449	202320878	3	imbalance
927	chr1	204501627	204610397	3	imbalance
927	chr1	205852880	206299436	3	imbalance
927	chr1	207268446	207375674	3	imbalance
927	chr1	207905285	208022784	3	imbalance
927	chr1	219441387	219462810	3	imbalance
927	chr1	220872271	220903523	3	imbalance
927	chr1	224583230	224647818	3	imbalance
927	chr1	224690724	224748652	3	imbalance
927	chr1	225177795	225197261	3	imbalance
927	chr1	230164558	230278704	3	imbalance
927	chr1	231407936	231514760	3	imbalance
927	chr1	234765271	234783610	3	imbalance
927	chr1	235580912	235645088	3	imbalance
927	chr1	238253167	238262229	3	imbalance
927	chr1	243631605	243666113	3	imbalance
927	chr1	246499192	246525695	0	hom_low
927	chr1	248669567	248702008	3	imbalance
927	chr2	2603296	2634015	3	imbalance
927	chr2	3483118	3564173	3	imbalance
927	chr2	8660411	8830162	3	imbalance
927	chr2	10103276	10155844	3	imbalance
927	chr2	14752259	15018994	3	imbalance
927	chr2	20420621	20552018	3	imbalance
927	chr2	30630653	30677127	3	imbalance
927	chr2	31080994	31101250	3	imbalance
927	chr2	34081486	34094447	3	imbalance
927	chr2	37708114	37770596	3	imbalance
927	chr2	42831659	42882950	3	imbalance
927	chr2	44864007	45024078	3	imbalance
927	chr2	45826412	45869123	3	imbalance
927	chr2	46566478	46633362	3	imbalance
927	chr2	46796914	46973145	3	imbalance
927	chr2	56602517	56609422	3	imbalance
927	chr2	64319474	64427109	3	imbalance
927	chr2	72077848	72159025	3	imbalance
927	chr2	76449399	76515771	3	imbalance
927	chr2	83244121	83286780	3	imbalance
927	chr2	84795668	84951477	3	imbalance
927	chr2	87200157	87387259	3	imbalance
927	chr2	88765661	89537707	3	imbalance
927	chr2	90346866	90401571	0	hom_low
927	chr2	91576862	91730181	3	imbalance
927	chr2	91781091	91920235	3	imbalance
927	chr2	95800155	96009988	3	imbalance
927	chr2	96973189	97117681	3	imbalance
927	chr2	112201465	112341275	3	imbalance
927	chr2	120298136	120489692	3	imbalance
927	chr2	126763796	126799205	0	hom_low
927	chr2	128435119	128459537	3	imbalance
927	chr2	131538905	131582929	3	imbalance
927	chr2	131840877	132066925	3	imbalance
927	chr2	132206869	132363745	3	imbalance
927	chr2	134523393	134611184	3	imbalance
927	chr2	159083578	159854908	3	imbalance
927	chr2	159925742	160112923	3	imbalance
927	chr2	179084255	179104801	3	imbalance
927	chr2	179712455	179776900	3	imbalance
927	chr2	186937732	186985401	3	imbalance
927	chr2	204248380	204283552	3	imbalance
927	chr2	204667275	204775077	3	imbalance
927	chr2	206651187	206879640	3	imbalance
927	chr2	207066202	207223643	3	imbalance
927	chr2	207833501	208055182	3	imbalance
927	chr2	208884209	209005153	3	imbalance
927	chr2	209262392	209266227	3	imbalance
927	chr2	218247624	218450939	3	imbalance
927	chr2	223449211	223502327	3	imbalance
927	chr2	228117331	228124551	3	imbalance
927	chr2	231405496	231521380	3	imbalance
927	chr2	233653866	233721960	3	imbalance
927	chr2	238859659	238950816	3	imbalance
927	chr2	240553040	240648285	0	hom_low
927	chr2	240670562	240821104	0	hom_low
927	chr2	240821104	240867692	3	imbalance
927	chr3	587328	597079	3	imbalance
927	chr3	2910932	2963554	3	imbalance
927	chr3	9274607	9474958	3	imbalance
927	chr3	11590177	11597289	3	imbalance
927	chr3	12801028	13104248	3	imbalance
927	chr3	13479700	13715931	3	imbalance
927	chr3	16081581	16228478	3	imbalance
927	chr3	17176916	17872961	3	imbalance
927	chr3	20732212	20755542	3	imbalance
927	chr3	31661416	31716437	3	imbalance
927	chr3	34018982	34084498	3	imbalance
927	chr3	36844656	37291368	3	imbalance
927	chr3	37547489	37755766	3	imbalance
927	chr3	39957698	39971329	3	imbalance
927	chr3	41542288	41560076	3	imbalance
927	chr3	45747439	45784323	0	hom_low
927	chr3	48228117	48397518	3	imbalance
927	chr3	48691516	48714525	3	imbalance
927	chr3	52654436	52769728	3	imbalance
927	chr3	58705475	59070734	3	imbalance
927	chr3	60315444	60418289	3	imbalance
927	chr3	62050361	62130059	3	imbalance
927	chr3	68481015	68523773	3	imbalance
927	chr3	72002580	72046990	3	imbalance
927	chr3	72347567	72448662	3	imbalance
927	chr3	75509508	75557692	3	imbalance
927	chr3	75635676	75657179	3	imbalance
927	chr3	75682275	75697817	3	imbalance
927	chr3	75699231	75717008	3	imbalance
927	chr3	75753425	75818064	3	imbalance
927	chr3	84277950	84422575	3	imbalance
927	chr3	111535392	111739417	3	imbalance
927	chr3	119579524	119661759	3	imbalance
927	chr3	122602726	122652334	3	imbalance
927	chr3	125781847	125846700	3	imbalance
927	chr3	126304875	126425688	3	imbalance
927	chr3	132941034	132944442	3	imbalance
927	chr3	133690164	133817789	3	imbalance
927	chr3	137434844	137435893	3	imbalance
927	chr3	137833306	138469051	3	imbalance
927	chr3	139196445	139332178	3	imbalance
927	chr3	140299926	140474927	3	imbalance
927	chr3	146493269	146584235	3	imbalance
927	chr3	155513386	155582022	3	imbalance
927	chr3	155627533	155632819	3	imbalance
927	chr3	158618964	158704425	3	imbalance
927	chr3	166020273	166027672	3	imbalance
927	chr3	174070524	174119591	3	imbalance
927	chr3	174379630	174413186	3	imbalance
927	chr3	183954180	183961935	3	imbalance
927	chr3	187219385	187276102	3	imbalance
927	chr3	192834705	192876638	3	imbalance
927	chr3	193603185	193672436	3	imbalance
927	chr3	193684774	193702358	3	imbalance
927	chr3	196157023	196233753	3	imbalance
927	chr4	0	50710	3	imbalance
927	chr4	3915579	3980892	3	imbalance
927	chr4	4092837	4204822	3	imbalance
927	chr4	7936602	8093848	3	imbalance
927	chr4	9369508	9445862	3	imbalance
927	chr4	13593533	13675921	3	imbalance
927	chr4	27942506	27964976	3	imbalance
927	chr4	49091333	49102499	0	hom_low
927	chr4	49102882	49134373	0	hom_low
927	chr4	49156405	49246625	3	imbalance
927	chr4	49252390	49283198	3	imbalance
927	chr4	49636899	49655135	3	imbalance
927	chr4	56272778	56318847	3	imbalance
927	chr4	56596070	56740366	3	imbalance
927	chr4	57175572	57256063	3	imbalance
927	chr4	61132673	61166454	3	imbalance
927	chr4	61743649	61809937	3	imbalance
927	chr4	64326522	64353381	3	imbalance
927	chr4	64557607	64629191	3	imbalance
927	chr4	75294306	75297619	3	imbalance
927	chr4	76009877	76064273	3	imbalance
927	chr4	82427177	82530611	3	imbalance
927	chr4	95011226	95062788	3	imbalance
927	chr4	96741733	96787715	3	imbalance
927	chr4	98533581	98668532	3	imbalance
927	chr4	123557377	123559631	3	imbalance
927	chr4	131719040	131766289	0	hom_low
927	chr4	140998416	141006976	3	imbalance
927	chr4	148339961	148358491	3	imbalance
927	chr4	158455993	158471116	3	imbalance
927	chr4	176509375	176667069	3	imbalance
927	chr4	180224304	180398757	3	imbalance
927	chr4	183318538	183436271	3	imbalance
927	chr4	184122017	184129670	3	imbalance
927	chr4	189622861	189695712	3	imbalance
927	chr5	10727847	10802535	3	imbalance
927	chr5	10820107	10925154	3	imbalance
927	chr5	28901805	28940181	3	imbalance
927	chr5	34378924	34458669	3	imbalance
927	chr5	40337069	40427456	3	imbalance
927	chr5	52530843	52548008	3	imbalance
927	chr5	53627036	53707818	3	imbalance
927	chr5	56443005	56567402	3	imbalance
927	chr5	56975889	57124308	3	imbalance
927	chr5	58874615	58969725	3	imbalance
927	chr5	61559815	61682801	3	imbalance
927	chr5	68911258	68952194	3	imbalance
927	chr5	69024972	69061111	3	imbalance
927	chr5	80664792	80670010	3	imbalance
927	chr5	82696140	82888360	3	imbalance
927	chr5	99193727	99234629	0	hom_low
927	chr5	102322544	102335306	3	imbalance
927	chr5	115621734	115658925	3	imbalance
927	chr5	116566020	116582910	3	imbalance
927	chr5	130248160	130395518	3	imbalance
927	chr5	132018867	132105203	3	imbalance
927	chr5	132584931	132655886	3	imbalance
927	chr5	135301651	135400271	3	imbalance
927	chr5	138054539	138435358	3	imbalance
927	chr5	160452669	160562519	3	imbalance
927	chr5	165068094	165096193	3	imbalance
927	chr5	174300704	174345228	3	imbalance
927	chr5	174913845	174961825	3	imbalance
927	chr5	176889861	176992703	3	imbalance
927	chr5	179214975	179240580	3	imbalance
927	chr5	180449116	180524083	3	imbalance
927	chr5	180882683	180889002	3	imbalance
927	chr6	258689	370658	3	imbalance
927	chr6	3855340	4412504	3	imbalance
927	chr6	4519859	5267877	3	imbalance
927	chr6	5310753	5530294	3	imbalance
927	chr6	5619616	6063104	3	imbalance
927	chr6	6251002	6304497	3	imbalance
927	chr6	6409187	6513281	3	imbalance
927	chr6	6530336	7043031	3	imbalance
927	chr6	7289889	7414289	3	imbalance
927	chr6	7510253	7739747	3	imbalance
927	chr6	8062978	10279788	3	imbalance
927	chr6	11276539	11684460	3	imbalance
927	chr6	11882735	12366549	3	imbalance
927	chr6	15168852	15325124	3	imbalance
927	chr6	25431841	25506566	3	imbalance
927	chr6	31323977	31355422	3	imbalance
927	chr6	31366168	31374121	3	imbalance
927	chr6	32472430	32476273	3	imbalance
927	chr6	33125555	33147290	3	imbalance
927	chr6	39047221	39087287	0	hom_low
927	chr6	61160618	61164599	3	imbalance
927	chr6	79750897	79829189	3	imbalance
927	chr6	82028350	82041537	3	imbalance
927	chr6	96842188	96941051	3	imbalance
927	chr6	104059883	104090480	3	imbalance
927	chr6	106716557	106793400	3	imbalance
927	chr6	107394135	107423513	3	imbalance
927	chr6	108682115	108811328	3	imbalance
927	chr6	109634222	109659672	3	imbalance
927	chr6	132556982	132575830	3	imbalance
927	chr6	146788141	146814919	3	imbalance
927	chr6	155098693	155271676	3	imbalance
927	chr6	155499402	155579182	3	imbalance
927	chr6	157950187	157976044	3	imbalance
927	chr6	158778389	158934019	3	imbalance
927	chr6	164208334	164230743	3	imbalance
927	chr6	166546768	166568270	3	imbalance
927	chr6	167662107	167692623	3	imbalance
927	chr6	168796712	168838419	3	imbalance
927	chr7	1807089	2153463	3	imbalance
927	chr7	2982731	3164930	3	imbalance
927	chr7	6906069	6970994	3	imbalance
927	chr7	6978402	7080889	3	imbalance
927	chr7	11886759	11916125	3	imbalance
927	chr7	17744012	17797770	3	imbalance
927	chr7	19661429	19946094	3	imbalance
927	chr7	37381348	37435589	3	imbalance
927	chr7	48425733	48429439	3	imbalance
927	chr7	56827452	56937682	3	imbalance
927	chr7	61777687	62295352	3	imbalance
927	chr7	63545172	63703008	3	imbalance
927	chr7	74620998	75385064	3	imbalance
927	chr7	77122941	77218005	3	imbalance
927	chr7	83935855	84082307	3	imbalance
927	chr7	84105986	84182821	3	imbalance
927	chr7	86455385	86497602	3	imbalance
927	chr7	87236125	87306691	3	imbalance
927	chr7	91532117	91672126	3	imbalance
927	chr7	99202491	99646173	3	imbalance
927	chr7	100898868	100944847	3	imbalance
927	chr7	100944847	100971803	0	hom_low
927	chr7	106076024	106130205	3	imbalance
927	chr7	117257490	117287559	3	imbalance
927	chr7	128950576	129074740	3	imbalance
927	chr7	129832748	129864752	3	imbalance
927	chr7	136212402	136345669	3	imbalance
927	chr7	139450550	139659424	3	imbalance
927	chr7	140701393	140743480	3	imbalance
927	chr7	142380723	142428473	3	imbalance
927	chr7	144402394	144444796	3	imbalance
927	chr7	152156533	152437114	3	imbalance
927	chr7	152996474	153014592	3	imbalance
927	chr7	154631370	154733461	3	imbalance
927	chr7	159082781	159345973	0	hom_low
927	chr8	123218	613969	3	imbalance
927	chr8	661783	1004415	3	imbalance
927	chr8	1460457	1573947	3	imbalance
927	chr8	1619143	1682260	3	imbalance
927	chr8	1721936	1828606	3	imbalance
927	chr8	2124932	2220613	3	imbalance
927	chr8	2509530	3706639	3	imbalance
927	chr8	3719597	3920378	3	imbalance
927	chr8	4089549	4121489	3	imbalance
927	chr8	4137075	4429119	3	imbalance
927	chr8	4707685	4953193	3	imbalance
927	chr8	5026047	5097912	3	imbalance
927	chr8	5120508	5181106	3	imbalance
927	chr8	5271354	5427801	3	imbalance
927	chr8	5511562	5994755	3	imbalance
927	chr8	6240904	6267855	3	imbalance
927	chr8	6623660	6762421	3	imbalance
927	chr8	6952722	7112751	3	imbalance
927	chr8	8249194	8366547	3	imbalance
927	chr8	8511338	8560103	3	imbalance
927	chr8	8648079	8773190	3	imbalance
927	chr8	8918168	9041196	3	imbalance
927	chr8	10175315	10289604	3	imbalance
927	chr8	10434578	10477628	3	imbalance
927	chr8	10519135	10671467	3	imbalance
927	chr8	10882903	11226497	3	imbalance
927	chr8	11255894	11310262	3	imbalance
927	chr8	11379324	11597769	3	imbalance
927	chr8	11678976	12409330	3	imbalance
927	chr8	12459128	12654296	3	imbalance
927	chr8	12720774	13024006	3	imbalance
927	chr8	13155769	13517406	3	imbalance
927	chr8	13629863	13777565	3	imbalance
927	chr8	14042440	14288588	3	imbalance
927	chr8	14346745	14675743	3	imbalance
927	chr8	14781797	14996680	3	imbalance
927	chr8	15182664	15276657	3	imbalance
927	chr8	15382295	15819767	3	imbalance
927	chr8	15834829	16872716	3	imbalance
927	chr8	17020523	17314651	3	imbalance
927	chr8	17333645	17523026	3	imbalance
927	chr8	17540229	17615158	3	imbalance
927	chr8	17639531	17707584	3	imbalance
927	chr8	17951788	18090105	3	imbalance
927	chr8	18478012	18996136	3	imbalance
927	chr8	19139530	19285731	3	imbalance
927	chr8	19347290	20222970	3	imbalance
927	chr8	20555819	20738901	3	imbalance
927	chr8	20856091	21920669	3	imbalance
927	chr8	22403996	23029200	3	imbalance
927	chr8	23648053	24060240	3	imbalance
927	chr8	24122200	24159964	3	imbalance
927	chr8	24304140	25397872	3	imbalance
927	chr8	25459857	25614326	3	imbalance
927	chr8	25697195	26543695	3	imbalance
927	chr8	26559201	26598078	3	imbalance
927	chr8	26785322	26868094	3	imbalance
927	chr8	27092023	27233668	3	imbalance
927	chr8	27442470	27635129	3	imbalance
927	chr8	28100455	28244990	3	imbalance
927	chr8	28855277	29052396	3	imbalance
927	chr8	29492631	29877571	3	imbalance
927	chr8	30202342	30385477	3	imbalance
927	chr8	31672221	31869692	3	imbalance
927	chr8	32334962	32398938	3	imbalance
927	chr8	32491535	32597861	3	imbalance
927	chr8	33803435	33940051	3	imbalance
927	chr8	34215796	35386663	3	imbalance
927	chr8	40974359	41188561	3	imbalance
927	chr8	41348814	41917163	3	imbalance
927	chr8	42326434	42870325	3	imbalance
927	chr8	51814498	51864197	3	imbalance
927	chr8	55469324	55493100	3	imbalance
927	chr8	72788105	72839068	3	imbalance
927	chr8	88540328	88581372	3	imbalance
927	chr8	89499090	89533289	3	imbalance
927	chr8	97146045	97238679	3	imbalance
927	chr8	102003736	102266263	3	imbalance
927	chr8	102721249	102821260	3	imbalance
927	chr8	116631669	116715483	3	imbalance
927	chr8	127086319	127341941	3	imbalance
927	chr8	129906966	129984881	3	imbalance
927	chr8	130542467	130746431	3	imbalance
927	chr8	131699480	131879020	3	imbalance
927	chr8	132837263	132863490	3	imbalance
927	chr8	133112402	133182314	3	imbalance
927	chr8	133956694	134027038	3	imbalance
927	chr8	134881523	134964494	3	imbalance
927	chr8	136069213	136074120	3	imbalance
927	chr8	136649919	136893032	3	imbalance
927	chr8	138401555	138456558	3	imbalance
927	chr8	141696080	141819720	0	hom_low
927	chr8	144581143	144871514	3	imbalance
927	chr9	1837128	1867853	3	imbalance
927	chr9	9683857	9722531	3	imbalance
927	chr9	10311426	10314504	3	imbalance
927	chr9	40881750	40905140	3	imbalance
927	chr9	40905140	40937206	0	hom_low
927	chr9	40937206	41100429	3	imbalance
927	chr9	41281017	41341391	3	imbalance
927	chr9	41784882	42110586	3	imbalance
927	chr9	42239948	42274474	3	imbalance
927	chr9	62809324	63846975	3	imbalance
927	chr9	80953295	80990298	3	imbalance
927	chr9	86974772	86986992	3	imbalance
927	chr9	88186221	88221142	3	imbalance
927	chr9	93001919	93196111	0	hom_low
927	chr9	93266660	93286642	3	imbalance
927	chr9	101073580	101148191	3	imbalance
927	chr9	104787505	104854799	3	imbalance
927	chr9	105049437	105148502	3	imbalance
927	chr9	110358621	110376693	3	imbalance
927	chr9	113960158	114147845	3	imbalance
927	chr9	114219330	114564829	3	imbalance
927	chr9	114964581	115049318	3	imbalance
927	chr9	121464042	121551302	3	imbalance
927	chr9	124045897	124084664	3	imbalance
927	chr9	127214222	127292328	3	imbalance
927	chr9	133358046	133741612	0	hom_low
927	chr9	133741612	133768672	3	imbalance
927	chr9	135169832	135309888	0	hom_low
927	chr9	135411998	135483858	3	imbalance
927	chr10	0	88309	0	hom_low
927	chr10	4555164	4569179	3	imbalance
927	chr10	5154370	5171374	3	imbalance
927	chr10	7631400	7703673	3	imbalance
927	chr10	14704706	14937080	3	imbalance
927	chr10	14967877	15043409	3	imbalance
927	chr10	20268396	20322232	3	imbalance
927	chr10	32022632	32077376	3	imbalance
927	chr10	38482141	38595223	0	hom_low
927	chr10	38783291	38920250	0	hom_low
927	chr10	41754160	42297994	3	imbalance
927	chr10	46530598	46548044	3	imbalance
927	chr10	46548044	46588127	0	hom_low
927	chr10	50711571	50966601	3	imbalance
927	chr10	51071448	51415188	3	imbalance
927	chr10	51810863	51884913	3	imbalance
927	chr10	51990923	52016244	3	imbalance
927	chr10	52079370	52385107	3	imbalance
927	chr10	52795458	52800524	3	imbalance
927	chr10	52978258	53204798	3	imbalance
927	chr10	53336743	53486821	3	imbalance
927	chr10	53523845	53539347	3	imbalance
927	chr10	53609073	53642582	3	imbalance
927	chr10	53704953	53740790	3	imbalance
927	chr10	53778452	53845767	3	imbalance
927	chr10	54465985	54638481	3	imbalance
927	chr10	55028646	55137114	3	imbalance
927	chr10	55674518	55681944	3	imbalance
927	chr10	55702428	55737484	3	imbalance
927	chr10	55798990	56400364	3	imbalance
927	chr10	56494542	56546446	3	imbalance
927	chr10	56651367	56687021	3	imbalance
927	chr10	56720406	56756372	3	imbalance
927	chr10	56877434	56955752	3	imbalance
927	chr10	56982751	57046095	3	imbalance
927	chr10	57077743	57113920	3	imbalance
927	chr10	57170618	57205918	3	imbalance
927	chr10	57216694	57245698	3	imbalance
927	chr10	57458123	57633214	3	imbalance
927	chr10	57950902	58529819	3	imbalance
927	chr10	58560879	58665147	3	imbalance
927	chr10	59325564	59341146	3	imbalance
927	chr10	59490083	59801159	3	imbalance
927	chr10	59954889	60055134	3	imbalance
927	chr10	60742969	61053218	3	imbalance
927	chr10	61195914	61239226	3	imbalance
927	chr10	61581513	61783281	3	imbalance
927	chr10	62226862	62407768	3	imbalance
927	chr10	62544409	62834949	3	imbalance
927	chr10	63418702	63498286	3	imbalance
927	chr10	63625398	63901491	3	imbalance
927	chr10	64813427	65262600	3	imbalance
927	chr10	65278075	65582790	3	imbalance
927	chr10	65686784	65845353	3	imbalance
927	chr10	65865999	65905211	3	imbalance
927	chr10	66022858	66039680	3	imbalance
927	chr10	66092469	66421811	3	imbalance
927	chr10	66431745	66460435	3	imbalance
927	chr10	66506164	66537385	3	imbalance
927	chr10	66672484	66831868	3	imbalance
927	chr10	66988521	67756000	3	imbalance
927	chr10	68163495	68940248	3	imbalance
927	chr10	69302154	69510053	3	imbalance
927	chr10	69706440	70070421	3	imbalance
927	chr10	70198960	70878467	3	imbalance
927	chr10	70947376	71095254	3	imbalance
927	chr10	71124953	71217215	3	imbalance
927	chr10	71677361	71820470	3	imbalance
927	chr10	71931292	72088944	3	imbalance
927	chr10	73587369	73764123	3	imbalance
927	chr10	73934925	74728025	3	imbalance
927	chr10	74836361	75565398	3	imbalance
927	chr10	75733323	76513775	3	imbalance
927	chr10	76542577	77186110	3	imbalance
927	chr10	77234366	78171437	3	imbalance
927	chr10	79187343	79355976	3	imbalance
927	chr10	79374365	79448516	3	imbalance
927	chr10	79713732	80250732	3	imbalance
927	chr10	80553954	81053940	3	imbalance
927	chr10	81327948	84106805	3	imbalance
927	chr10	84140739	84367240	3	imbalance
927	chr10	84762197	85521382	3	imbalance
927	chr10	85868252	86013774	3	imbalance
927	chr10	86103453	86374725	0	hom_low
927	chr10	86522201	86649454	3	imbalance
927	chr10	86892181	87136175	3	imbalance
927	chr10	87239323	87752114	3	imbalance
927	chr10	88575033	89196033	3	imbalance
927	chr10	89446338	89703980	3	imbalance
927	chr10	89877969	90314191	3	imbalance
927	chr10	90401330	90583076	3	imbalance
927	chr10	90655664	90902299	3	imbalance
927	chr10	90998531	91747350	3	imbalance
927	chr10	92261537	92726284	3	imbalance
927	chr10	93058860	93162507	3	imbalance
927	chr10	93635620	93684615	3	imbalance
927	chr10	93702734	94015314	3	imbalance
927	chr10	94921306	94977737	3	imbalance
927	chr10	95230730	95469210	3	imbalance
927	chr10	95665769	96882220	3	imbalance
927	chr10	97223828	97308508	3	imbalance
927	chr10	97707281	97944125	0	hom_low
927	chr10	97944125	98116781	3	imbalance
927	chr10	98277313	98477594	3	imbalance
927	chr10	98571500	98750504	3	imbalance
927	chr10	99046959	99290178	3	imbalance
927	chr10	100404637	100773752	3	imbalance
927	chr10	100773752	100890320	0	hom_low
927	chr10	103396689	103613732	3	imbalance
927	chr10	104031485	104087693	3	imbalance
927	chr10	104939775	105204705	3	imbalance
927	chr10	105499018	105533777	3	imbalance
927	chr10	105912235	106067804	3	imbalance
927	chr10	106154588	106606481	3	imbalance
927	chr10	106641431	107044348	3	imbalance
927	chr10	107242296	108463748	3	imbalance
927	chr10	109434711	110199913	3	imbalance
927	chr10	110229606	110322440	3	imbalance
927	chr10	110448500	110872708	3	imbalance
927	chr10	111486593	111984246	3	imbalance
927	chr10	112644904	113064691	3	imbalance
927	chr10	113788749	113922518	3	imbalance
927	chr10	113997900	114224169	3	imbalance
927	chr10	114344055	114568155	3	imbalance
927	chr10	115143849	115486422	3	imbalance
927	chr10	115535253	115995745	3	imbalance
927	chr10	116801197	117006452	3	imbalance
927	chr10	117164468	117270210	0	hom_low
927	chr10	117420396	117574186	0	hom_low
927	chr10	117574186	118084817	3	imbalance
927	chr10	118305955	118452613	3	imbalance
927	chr10	118689698	118969557	3	imbalance
927	chr10	119792419	119860680	3	imbalance
927	chr10	119978041	120064516	3	imbalance
927	chr10	120227530	120521693	3	imbalance
927	chr10	121450829	121512202	3	imbalance
927	chr10	121630536	121704358	3	imbalance
927	chr10	121742734	121942139	3	imbalance
927	chr10	122367970	122567597	3	imbalance
927	chr10	122647533	123155364	3	imbalance
927	chr10	123378384	124523221	3	imbalance
927	chr10	124743833	124988978	3	imbalance
927	chr10	125228669	125999805	3	imbalance
927	chr10	126451690	127274554	3	imbalance
927	chr10	127447151	127578794	3	imbalance
927	chr10	127712590	127821235	3	imbalance
927	chr10	128096958	128311791	3	imbalance
927	chr10	128414929	128456085	3	imbalance
927	chr10	128849351	129324653	3	imbalance
927	chr10	129567003	129613466	3	imbalance
927	chr10	130322436	130520954	3	imbalance
927	chr10	130552178	130855192	3	imbalance
927	chr10	133044469	133459715	0	hom_low
927	chr10	133459715	133634233	3	imbalance
927	chr11	1010977	1041978	0	hom_low
927	chr11	1333567	1569872	3	imbalance
927	chr11	4531389	4546413	3	imbalance
927	chr11	4777578	4785623	3	imbalance
927	chr11	6072199	6088617	3	imbalance
927	chr11	6252747	6388933	3	imbalance
927	chr11	7777058	7794802	3	imbalance
927	chr11	10500854	10536135	3	imbalance
927	chr11	13822646	13899421	3	imbalance
927	chr11	14170377	14207414	3	imbalance
927	chr11	18697549	18785457	3	imbalance
927	chr11	19476699	19577146	3	imbalance
927	chr11	20703162	20707404	3	imbalance
927	chr11	24116726	24149451	3	imbalance
927	chr11	25124809	25146509	3	imbalance
927	chr11	25648247	25694231	3	imbalance
927	chr11	27496113	27633723	3	imbalance
927	chr11	36730317	36784567	3	imbalance
927	chr11	40611850	40617587	3	imbalance
927	chr11	45792128	45930905	3	imbalance
927	chr11	50744477	51187568	3	imbalance
927	chr11	54539458	54563066	3	imbalance
927	chr11	67574158	67625911	3	imbalance
927	chr11	67676407	67938122	3	imbalance
927	chr11	69635536	69909275	3	imbalance
927	chr11	70061140	70250564	3	imbalance
927	chr11	70588990	70888242	3	imbalance
927	chr11	77062032	77217484	0	hom_low
927	chr11	83867662	83890846	3	imbalance
927	chr11	90685778	90697147	3	imbalance
927	chr11	98146399	98152752	3	imbalance
927	chr11	98207396	98241924	3	imbalance
927	chr11	102642357	102677879	3	imbalance
927	chr11	103660463	103775487	3	imbalance
927	chr11	111831136	112153015	3	imbalance
927	chr11	116338844	116495565	3	imbalance
927	chr11	128809613	128844943	3	imbalance
927	chr11	134057078	134119703	3	imbalance
927	chr12	633327	734009	3	imbalance
927	chr12	851332	1487853	3	imbalance
927	chr12	4756712	4867957	3	imbalance
927	chr12	4960186	5064272	3	imbalance
927	chr12	11036061	11071365	3	imbalance
927	chr12	21364758	21402693	3	imbalance
927	chr12	22171471	22283517	3	imbalance
927	chr12	32243966	32284369	3	imbalance
927	chr12	38727647	38760108	3	imbalance
927	chr12	51543527	51628053	3	imbalance
927	chr12	51794693	52324402	3	imbalance
927	chr12	53080025	53434262	3	imbalance
927	chr12	53657523	53884540	3	imbalance
927	chr12	57839087	57908933	3	imbalance
927	chr12	61068245	61070854	3	imbalance
927	chr12	63713017	63749468	3	imbalance
927	chr12	72870700	73124157	3	imbalance
927	chr12	73218427	73713641	3	imbalance
927	chr12	74327351	75392638	3	imbalance
927	chr12	75434436	76130165	3	imbalance
927	chr12	76321302	76857004	3	imbalance
927	chr12	76967522	77206636	3	imbalance
927	chr12	77377887	77867558	3	imbalance
927	chr12	85747758	85757182	3	imbalance
927	chr12	87099430	87121640	3	imbalance
927	chr12	102279739	102317285	3	imbalance
927	chr12	114681554	114786897	3	imbalance
927	chr12	118645144	118786976	3	imbalance
927	chr12	119262963	120056907	3	imbalance
927	chr12	120882154	121209068	3	imbalance
927	chr12	125794943	125836264	3	imbalance
927	chr12	127411148	127586492	3	imbalance
927	chr12	129892087	129973989	3	imbalance
927	chr12	132306837	132424021	3	imbalance
927	chr13	17700000	19021405	3	imbalance
927	chr13	19776054	20099141	3	imbalance
927	chr13	20320595	21102222	3	imbalance
927	chr13	21530486	22015242	3	imbalance
927	chr13	22145144	22301796	3	imbalance
927	chr13	22313421	22476045	3	imbalance
927	chr13	23194894	23987745	3	imbalance
927	chr13	24186206	24486465	3	imbalance
927	chr13	24602952	24719180	3	imbalance
927	chr13	24837576	25088459	3	imbalance
927	chr13	25350947	25516689	3	imbalance
927	chr13	25794443	26460163	3	imbalance
927	chr13	26570149	26833982	3	imbalance
927	chr13	27436469	27738841	3	imbalance
927	chr13	27833201	27960488	3	imbalance
927	chr13	28096901	28305415	3	imbalance
927	chr13	28352338	28714753	3	imbalance
927	chr13	28863335	29672744	3	imbalance
927	chr13	29745765	30050122	3	imbalance
927	chr13	30088034	31975680	3	imbalance
927	chr13	32249203	32806886	3	imbalance
927	chr13	32962092	33008033	3	imbalance
927	chr13	33186958	34433278	3	imbalance
927	chr13	34802850	35586095	3	imbalance
927	chr13	35647243	36192342	3	imbalance
927	chr13	36502735	37234341	3	imbalance
927	chr13	37501663	39025247	3	imbalance
927	chr13	39126753	39623203	3	imbalance
927	chr13	39641462	40276560	3	imbalance
927	chr13	40815480	41416168	3	imbalance
927	chr13	41821479	42295051	3	imbalance
927	chr13	42338415	42463222	3	imbalance
927	chr13	42749332	43378672	3	imbalance
927	chr13	43513855	43994097	3	imbalance
927	chr13	45286383	45455609	3	imbalance
927	chr13	45682520	45936926	3	imbalance
927	chr13	46028050	46070714	3	imbalance
927	chr13	46149309	46524451	3	imbalance
927	chr13	46642372	46793770	3	imbalance
927	chr13	46842758	47776461	3	imbalance
927	chr13	47913516	48489819	3	imbalance
927	chr13	48726302	48999946	3	imbalance
927	chr13	49314259	49601780	3	imbalance
927	chr13	49694474	49790390	3	imbalance
927	chr13	49874591	50019060	3	imbalance
927	chr13	50171245	50793826	3	imbalance
927	chr13	50987731	51260660	3	imbalance
927	chr13	51483475	53860439	3	imbalance
927	chr13	53965448	57133767	3	imbalance
927	chr13	57283369	58415031	3	imbalance
927	chr13	58663453	58850544	3	imbalance
927	chr13	58936719	61254397	3	imbalance
927	chr13	61389429	64316066	3	imbalance
927	chr13	64479203	65017107	3	imbalance
927	chr13	65270313	66095551	3	imbalance
927	chr13	66310488	66423911	3	imbalance
927	chr13	67026745	67788038	3	imbalance
927	chr13	68356957	69135033	3	imbalance
927	chr13	69304635	69771775	3	imbalance
927	chr13	69910940	70715258	3	imbalance
927	chr13	70810027	72278972	3	imbalance
927	chr13	72363924	72488330	3	imbalance
927	chr13	72678762	72733495	3	imbalance
927	chr13	72986795	73726858	3	imbalance
927	chr13	73937727	74696442	3	imbalance
927	chr13	75016754	75276463	3	imbalance
927	chr13	75453195	76432366	3	imbalance
927	chr13	76601166	77313938	3	imbalance
927	chr13	77353680	77732500	3	imbalance
927	chr13	77841033	78556514	3	imbalance
927	chr13	78729915	79326559	3	imbalance
927	chr13	79399271	79588701	3	imbalance
927	chr13	80011654	80051223	3	imbalance
927	chr13	80515065	81540550	3	imbalance
927	chr13	81751427	81914555	3	imbalance
927	chr13	82011227	82180855	3	imbalance
927	chr13	82508083	82987396	3	imbalance
927	chr13	84620283	85608604	3	imbalance
927	chr13	85699219	87338139	3	imbalance
927	chr13	88139829	88545097	3	imbalance
927	chr13	88926092	89636423	3	imbalance
927	chr13	89777910	90863479	3	imbalance
927	chr13	91240410	92429504	3	imbalance
927	chr13	92499504	92839059	3	imbalance
927	chr13	93353913	94904130	3	imbalance
927	chr13	96141484	96493738	3	imbalance
927	chr13	96557052	96791832	3	imbalance
927	chr13	97102251	97795079	3	imbalance
927	chr13	98031912	98884684	3	imbalance
927	chr13	99030969	99440086	3	imbalance
927	chr13	99881265	100786961	3	imbalance
927	chr13	101021320	102616539	3	imbalance
927	chr13	102624719	103089948	3	imbalance
927	chr13	103262924	103339994	3	imbalance
927	chr13	103595323	104020389	3	imbalance
927	chr13	104066190	104519354	3	imbalance
927	chr13	104720472	104773108	3	imbalance
927	chr13	104782719	104901469	3	imbalance
927	chr13	105340161	105719383	3	imbalance
927	chr13	106189657	106224617	3	imbalance
927	chr13	106298012	107058971	3	imbalance
927	chr13	107136977	107492507	3	imbalance
927	chr13	107574893	108569981	3	imbalance
927	chr13	108723427	108872242	3	imbalance
927	chr13	109059839	109086597	3	imbalance
927	chr13	109301821	110792684	3	imbalance
927	chr13	110836301	111980675	3	imbalance
927	chr13	112419432	112976469	3	imbalance
927	chr14	18650701	19157549	3	imbalance
927	chr14	21901021	21925080	3	imbalance
927	chr14	23634171	23736460	3	imbalance
927	chr14	25566057	25592397	3	imbalance
927	chr14	35896382	36095174	3	imbalance
927	chr14	40581004	40589437	3	imbalance
927	chr14	46220090	46261304	3	imbalance
927	chr14	50852669	50960744	3	imbalance
927	chr14	52041087	52052029	3	imbalance
927	chr14	52162494	52175831	3	imbalance
927	chr14	53221792	53249663	3	imbalance
927	chr14	54736401	54823087	3	imbalance
927	chr14	56231714	56233355	3	imbalance
927	chr14	60455603	60541339	3	imbalance
927	chr14	67868897	68092455	3	imbalance
927	chr14	69107999	69235636	3	imbalance
927	chr14	69795203	69889217	3	imbalance
927	chr14	73716442	73804673	3	imbalance
927	chr14	74981273	75171762	3	imbalance
927	chr14	76254880	76517970	3	imbalance
927	chr14	77595974	77668787	3	imbalance
927	chr14	83735353	83796527	3	imbalance
927	chr14	92879453	93109441	3	imbalance
927	chr14	101041424	101137251	3	imbalance
927	chr14	102959056	103065586	3	imbalance
927	chr14	105561279	105631356	0	hom_low
927	chr14	106317565	106354461	3	imbalance
927	chr15	20155281	20300743	3	imbalance
927	chr15	20338019	20358379	0	hom_low
927	chr15	20358379	20430286	3	imbalance
927	chr15	20642753	20751416	3	imbalance
927	chr15	21191707	22595813	3	imbalance
927	chr15	24549958	24560089	3	imbalance
927	chr15	25699044	25803876	3	imbalance
927	chr15	27939721	28002040	3	imbalance
927	chr15	28147124	28730986	3	imbalance
927	chr15	31147869	31406288	3	imbalance
927	chr15	34895747	35095853	3	imbalance
927	chr15	41614433	41761206	3	imbalance
927	chr15	49584289	49938670	3	imbalance
927	chr15	52649810	52723505	3	imbalance
927	chr15	62941484	63023319	3	imbalance
927	chr15	65276861	65383872	3	imbalance
927	chr15	67850522	67980042	3	imbalance
927	chr15	73729599	73820925	0	hom_low
927	chr15	76072316	76136380	3	imbalance
927	chr15	77524443	77831678	0	hom_low
927	chr15	77909840	77955684	3	imbalance
927	chr15	78351926	78376192	3	imbalance
927	chr15	80817857	80954683	3	imbalance
927	chr15	82523034	82580667	3	imbalance
927	chr15	90094251	90210205	3	imbalance
927	chr15	90813064	91035900	3	imbalance
927	chr15	91499089	91603055	3	imbalance
927	chr15	96977188	97048458	3	imbalance
927	chr15	98164253	98181711	3	imbalance
927	chr16	293617	358939	3	imbalance
927	chr16	7368491	7421167	3	imbalance
927	chr16	8832416	9145129	3	imbalance
927	chr16	10483199	10643979	3	imbalance
927	chr16	11504000	11613831	3	imbalance
927	chr16	11727752	11784053	3	imbalance
927	chr16	12409304	12602849	3	imbalance
927	chr16	14545927	14898536	3	imbalance
927	chr16	14979506	15033133	3	imbalance
927	chr16	21527524	21580771	3	imbalance
927	chr16	21774415	22708929	3	imbalance
927	chr16	27144413	27203380	3	imbalance
927	chr16	27792859	27813912	3	imbalance
927	chr16	33616999	33709498	3	imbalance
927	chr16	33713600	33734903	3	imbalance
927	chr16	33736462	33741527	3	imbalance
927	chr16	33745002	33808169	3	imbalance
927	chr16	33972005	34167820	0	hom_low
927	chr16	46381513	46610275	3	imbalance
927	chr16	47068257	47777724	3	imbalance
927	chr16	48236974	48362113	3	imbalance
927	chr16	48588956	48747456	3	imbalance
927	chr16	48791638	49841610	3	imbalance
927	chr16	50315731	50363832	3	imbalance
927	chr16	51172693	51486803	3	imbalance
927	chr16	52009537	52614544	3	imbalance
927	chr16	52704546	53103043	3	imbalance
927	chr16	53786568	54598943	3	imbalance
927	chr16	54824210	55503520	3	imbalance
927	chr16	55529847	55624267	3	imbalance
927	chr16	56006408	56106364	3	imbalance
927	chr16	56353595	56517442	3	imbalance
927	chr16	57668982	57822723	3	imbalance
927	chr16	58115681	58196718	3	imbalance
927	chr16	58271060	58407044	3	imbalance
927	chr16	58781713	59310503	3	imbalance
927	chr16	59839055	61278031	3	imbalance
927	chr16	61465783	61568076	3	imbalance
927	chr16	62270547	62383468	3	imbalance
927	chr16	62680765	64922418	3	imbalance
927	chr16	65274348	65532184	3	imbalance
927	chr16	66330713	66827985	3	imbalance
927	chr16	69119233	69539133	3	imbalance
927	chr16	70793529	71285491	3	imbalance
927	chr16	71443170	73542634	3	imbalance
927	chr16	73675702	73723504	3	imbalance
927	chr16	73822271	74237292	3	imbalance
927	chr16	74753385	75042735	3	imbalance
927	chr16	75536824	76586437	3	imbalance
927	chr16	77130167	77284867	3	imbalance
927	chr16	77360382	78013432	3	imbalance
927	chr16	78263291	79149421	3	imbalance
927	chr16	79331340	79573250	3	imbalance
927	chr16	79719856	79773408	3	imbalance
927	chr16	79852770	80743171	3	imbalance
927	chr16	81001578	81244025	3	imbalance
927	chr16	81293724	81939326	3	imbalance
927	chr16	82242172	82521549	3	imbalance
927	chr16	82726217	82843418	3	imbalance
927	chr16	82982863	83331862	3	imbalance
927	chr16	83717634	83863661	3	imbalance
927	chr16	83876257	84058099	3	imbalance
927	chr16	84170413	85122028	3	imbalance
927	chr16	85899633	86525790	3	imbalance
927	chr16	87011579	87061593	3	imbalance
927	chr16	87122488	87372800	3	imbalance
927	chr16	87446756	87725067	3	imbalance
927	chr16	87777885	88294829	3	imbalance
927	chr16	88539471	88622161	3	imbalance
927	chr16	89492774	90338345	3	imbalance
927	chr17	136832	265269	3	imbalance
927	chr17	3987180	4081954	3	imbalance
927	chr17	5581317	5949569	3	imbalance
927	chr17	6033811	6403477	3	imbalance
927	chr17	6713974	6925372	3	imbalance
927	chr17	7548034	8003067	3	imbalance
927	chr17	12855365	13032100	3	imbalance
927	chr17	16147881	16186537	3	imbalance
927	chr17	16697936	16786500	3	imbalance
927	chr17	20843065	20878744	3	imbalance
927	chr17	21558754	21713443	0	hom_low
927	chr17	21847441	22191570	3	imbalance
927	chr17	26936203	26941955	0	hom_low
927	chr17	26941955	26987119	3	imbalance
927	chr17	28406536	28470147	3	imbalance
927	chr17	41205306	41240675	3	imbalance
927	chr17	41474567	41607440	3	imbalance
927	chr17	42641205	42663501	3	imbalance
927	chr17	43573314	43717850	3	imbalance
927	chr17	44867150	44898281	3	imbalance
927	chr17	47898191	48146828	3	imbalance
927	chr17	50044185	50213132	0	hom_low
927	chr17	52858625	52975416	3	imbalance
927	chr17	54931809	54961732	3	imbalance
927	chr17	56062641	56107046	3	imbalance
927	chr17	56459883	56722870	3	imbalance
927	chr17	62224127	62260692	3	imbalance
927	chr17	62707823	62754684	3	imbalance
927	chr17	66647198	66705342	3	imbalance
927	chr17	72565468	72692305	3	imbalance
927	chr17	75469656	75613063	3	imbalance
927	chr17	78449906	78620546	3	imbalance
927	chr17	81157075	83257441	0	hom_low
927	chr18	723501	895216	3	imbalance
927	chr18	1459324	1487147	3	imbalance
927	chr18	9703492	9775219	3	imbalance
927	chr18	11256377	11316786	3	imbalance
927	chr18	14945756	15410578	3	imbalance
927	chr18	24725804	24845082	3	imbalance
927	chr18	27796820	27823776	3	imbalance
927	chr18	36033745	36062494	3	imbalance
927	chr18	36106765	37219036	3	imbalance
927	chr18	37219036	37577563	0	hom_low
927	chr18	38094308	38497877	3	imbalance
927	chr18	38945007	40088673	3	imbalance
927	chr18	40348353	40468619	3	imbalance
927	chr18	40719458	40861804	3	imbalance
927	chr18	41269880	41946731	3	imbalance
927	chr18	42363240	42665119	3	imbalance
927	chr18	42881434	43868764	3	imbalance
927	chr18	44353253	44767324	3	imbalance
927	chr18	44858684	45470747	3	imbalance
927	chr18	45557994	45666732	3	imbalance
927	chr18	46310050	46653707	3	imbalance
927	chr18	46653707	46741221	0	hom_low
927	chr18	46741221	46783102	3	imbalance
927	chr18	47361654	47802804	3	imbalance
927	chr18	48655817	48896006	0	hom_low
927	chr18	48896006	49073755	3	imbalance
927	chr18	49460633	49805262	3	imbalance
927	chr18	50408811	50693305	3	imbalance
927	chr18	52016451	52874058	3	imbalance
927	chr18	52931556	53725460	3	imbalance
927	chr18	53855559	54380664	3	imbalance
927	chr18	54989384	55342633	3	imbalance
927	chr18	55491758	56385170	3	imbalance
927	chr18	56792177	57342826	3	imbalance
927	chr18	57773451	57954991	3	imbalance
927	chr18	59369794	59518220	3	imbalance
927	chr18	59593294	60388369	3	imbalance
927	chr18	60443997	60829031	3	imbalance
927	chr18	61312644	62037124	3	imbalance
927	chr18	62296266	62572131	3	imbalance
927	chr18	62897857	63111248	3	imbalance
927	chr18	64251065	64732610	3	imbalance
927	chr18	64762622	65463900	3	imbalance
927	chr18	66016850	66092364	3	imbalance
927	chr18	66175361	67184283	3	imbalance
927	chr18	67230350	67446647	3	imbalance
927	chr18	67584724	67861806	3	imbalance
927	chr18	68094757	68870170	3	imbalance
927	chr18	69472873	70037583	3	imbalance
927	chr18	70589678	71514960	3	imbalance
927	chr18	71763591	72064501	3	imbalance
927	chr18	72096194	72290918	3	imbalance
927	chr18	72394837	73322047	3	imbalance
927	chr18	73422090	73552720	3	imbalance
927	chr18	73674900	73707482	3	imbalance
927	chr18	73762611	73917489	3	imbalance
927	chr18	74214641	74282529	3	imbalance
927	chr18	74310585	74378271	3	imbalance
927	chr18	74830963	75059348	3	imbalance
927	chr18	76408163	76639374	3	imbalance
927	chr18	76689891	76880222	3	imbalance
927	chr18	77147224	77676729	3	imbalance
927	chr18	77742850	79111394	3	imbalance
927	chr18	79745284	80054201	3	imbalance
927	chr18	80087602	80373285	3	imbalance
927	chr19	82131	288936	3	imbalance
927	chr19	1035819	2255029	3	imbalance
927	chr19	4010444	4554271	3	imbalance
927	chr19	8615019	8748774	3	imbalance
927	chr19	15472628	15700673	3	imbalance
927	chr19	18119401	18315880	3	imbalance
927	chr19	18646092	18801057	3	imbalance
927	chr19	19230109	19473427	3	imbalance
927	chr19	20548407	20580430	3	imbalance
927	chr19	20606371	20745369	3	imbalance
927	chr19	20783395	20808435	3	imbalance
927	chr19	20863422	20915682	0	hom_low
927	chr19	20952548	21014900	3	imbalance
927	chr19	27307323	27358639	3	imbalance
927	chr19	27359428	27360621	3	imbalance
927	chr19	27363809	27390121	3	imbalance
927	chr19	27393078	27429595	3	imbalance
927	chr19	30537975	30876422	3	imbalance
927	chr19	31247572	31323689	3	imbalance
927	chr19	32650946	32726790	3	imbalance
927	chr19	33639740	33755518	3	imbalance
927	chr19	34026323	34173202	3	imbalance
927	chr19	36231072	36264783	3	imbalance
927	chr19	42954561	42981204	3	imbalance
927	chr19	43355088	43819760	3	imbalance
927	chr19	48765807	49006995	3	imbalance
927	chr19	50349003	50399897	3	imbalance
927	chr19	51743230	51796801	3	imbalance
927	chr19	53428171	53515303	3	imbalance
927	chr19	53844617	54269031	3	imbalance
927	chr19	54692269	54877665	3	imbalance
927	chr19	58270300	58314983	3	imbalance
927	chr20	26099305	26167941	3	imbalance
927	chr20	30362782	30395026	3	imbalance
927	chr20	36888612	37019075	3	imbalance
927	chr20	41683387	42278916	3	imbalance
927	chr20	45760546	45762633	3	imbalance
927	chr20	46109813	46379469	3	imbalance
927	chr20	49059282	49100197	3	imbalance
927	chr20	50240086	50433115	3	imbalance
927	chr20	53362629	53452471	3	imbalance
927	chr20	53794570	53823261	3	imbalance
927	chr20	55713888	56144662	3	imbalance
927	chr20	57977184	58082976	3	imbalance
927	chr20	62273126	62295552	3	imbalance
927	chr20	63755926	64444167	3	imbalance
927	chr21	8525163	9733732	3	imbalance
927	chr21	9968155	10117370	3	imbalance
927	chr21	10136204	10425611	3	imbalance
927	chr21	10427238	10430280	3	imbalance
927	chr21	10430280	10433121	0	hom_low
927	chr21	10437783	10483997	3	imbalance
927	chr21	10484841	10636478	3	imbalance
927	chr21	10636478	10739600	0	hom_low
927	chr21	10739600	10747165	3	imbalance
927	chr21	10750242	10978332	3	imbalance
927	chr21	12000000	13007638	3	imbalance
927	chr21	13228539	13286585	3	imbalance
927	chr21	13873712	13937942	3	imbalance
927	chr21	22473219	22552771	3	imbalance
927	chr21	25987412	26137190	3	imbalance
927	chr21	31252962	31314412	3	imbalance
927	chr21	32231805	32556829	3	imbalance
927	chr21	36417090	36481358	3	imbalance
927	chr21	36965355	37337933	3	imbalance
927	chr21	38558088	38867632	3	imbalance
927	chr21	39753098	39768744	3	imbalance
927	chr21	39983648	40090735	3	imbalance
927	chr21	40544292	40656748	3	imbalance
927	chr21	40709933	40785452	3	imbalance
927	chr21	40865003	41514021	3	imbalance
927	chr21	41938695	42165004	3	imbalance
927	chr21	42209503	42331294	3	imbalance
927	chr21	42461351	42628739	3	imbalance
927	chr21	44540401	44683668	3	imbalance
927	chr22	16543089	16557693	3	imbalance
927	chr22	19704488	19824919	3	imbalance
927	chr22	22360287	22372249	3	imbalance
927	chr22	27238302	27383727	3	imbalance
927	chr22	31634838	31938462	3	imbalance
927	chr22	37924160	38129352	3	imbalance
927	chr22	39939729	40038894	3	imbalance
927	chr22	40208296	40635322	3	imbalance
927	chr22	41999907	42051541	3	imbalance
927	chr22	42123623	42155391	0	hom_low
927	chr22	42663081	43110017	3	imbalance
927	chr22	49214798	49226542	3	imbalance
927	chr22	49899229	50084198	3	imbalance
927	chr22	50630629	50673496	3	imbalance
LTL331-3	chr1	2639279	2762465	3	imbalance
LTL331-3	chr1	4663905	4807586	3	imbalance
LTL331-3	chr1	5019231	5050223	3	imbalance
LTL331-3	chr1	12929140	13247066	3	imbalance
LTL331-3	chr1	16490413	17053161	3	imbalance
LTL331-3	chr1	37582545	37685125	3	imbalance
LTL331-3	chr1	47159832	47762016	3	imbalance
LTL331-3	chr1	48807373	48847163	3	imbalance
LTL331-3	chr1	50926374	51049062	3	imbalance
LTL331-3	chr1	62953628	63014628	3	imbalance
LTL331-3	chr1	68254606	68269706	3	imbalance
LTL331-3	chr1	76693717	76740309	3	imbalance
LTL331-3	chr1	81391149	81420414	3	imbalance
LTL331-3	chr1	85893338	85987419	3	imbalance
LTL331-3	chr1	98874791	98975830	3	imbalance
LTL331-3	chr1	103149224	103152135	3	imbalance
LTL331-3	chr1	106165123	106168717	3	imbalance
LTL331-3	chr1	114397833	114521652	3	imbalance
LTL331-3	chr1	118994312	119019057	3	imbalance
LTL331-3	chr1	143747070	143750745	3	imbalance
LTL331-3	chr1	147311460	147319157	3	imbalance
LTL331-3	chr1	152303851	152313648	3	imbalance
LTL331-3	chr1	152541984	152551513	3	imbalance
LTL331-3	chr1	157364232	157374588	3	imbalance
LTL331-3	chr1	161472303	161771653	3	imbalance
LTL331-3	chr1	169562253	169570443	3	imbalance
LTL331-3	chr1	172742818	172771039	3	imbalance
LTL331-3	chr1	177564266	177622975	3	imbalance
LTL331-3	chr1	186248949	186260693	3	imbalance
LTL331-3	chr1	194096531	194099165	3	imbalance
LTL331-3	chr1	195108598	195111317	3	imbalance
LTL331-3	chr1	201089669	201310856	3	imbalance
LTL331-3	chr1	201730408	201755188	3	imbalance
LTL331-3	chr1	205952424	206057920	3	imbalance
LTL331-3	chr1	223052198	224074551	3	imbalance
LTL331-3	chr1	227549464	227562259	3	imbalance
LTL331-3	chr1	234776606	234845560	3	imbalance
LTL331-3	chr1	237556372	237572211	3	imbalance
LTL331-3	chr1	237592552	237596775	3	imbalance
LTL331-3	chr1	238414213	238491020	3	imbalance
LTL331-3	chr1	240302029	240316158	3	imbalance
LTL331-3	chr1	242768931	242780397	3	imbalance
LTL331-3	chr1	244333698	244352899	3	imbalance
LTL331-3	chr1	246181795	246192632	3	imbalance
LTL331-3	chr1	248301655	248309609	3	imbalance
LTL331-3	chr1	248338481	248339787	3	imbalance
LTL331-3	chr2	637781	708588	3	imbalance
LTL331-3	chr2	3055180	3079460	3	imbalance
LTL331-3	chr2	3257022	3287854	3	imbalance
LTL331-3	chr2	14372558	14383868	3	imbalance
LTL331-3	chr2	33804890	33818665	3	imbalance
LTL331-3	chr2	35665283	35713755	3	imbalance
LTL331-3	chr2	37709216	37782181	3	imbalance
LTL331-3	chr2	44924381	44929552	3	imbalance
LTL331-3	chr2	44977688	44984549	3	imbalance
LTL331-3	chr2	46785364	46955970	3	imbalance
LTL331-3	chr2	47300293	47351497	3	imbalance
LTL331-3	chr2	51316248	51345901	3	imbalance
LTL331-3	chr2	52387855	52417322	3	imbalance
LTL331-3	chr2	53036381	53040790	3	imbalance
LTL331-3	chr2	53213411	53290852	3	imbalance
LTL331-3	chr2	53507715	53575625	3	imbalance
LTL331-3	chr2	54701375	54810285	3	imbalance
LTL331-3	chr2	64283323	64333687	3	imbalance
LTL331-3	chr2	66294769	66339789	3	imbalance
LTL331-3	chr2	67580426	67610881	3	imbalance
LTL331-3	chr2	67740586	67764120	3	imbalance
LTL331-3	chr2	70603709	70625486	3	imbalance
LTL331-3	chr2	79376285	79410045	3	imbalance
LTL331-3	chr2	88773722	88783833	3	imbalance
LTL331-3	chr2	90382356	90386462	3	imbalance
LTL331-3	chr2	90391044	90401571	3	imbalance
LTL331-3	chr2	91432877	92227814	3	imbalance
LTL331-3	chr2	93900000	95932784	3	imbalance
LTL331-3	chr2	95945119	95990200	3	imbalance
LTL331-3	chr2	97068103	97195632	3	imbalance
LTL331-3	chr2	99046305	99114412	3	imbalance
LTL331-3	chr2	100427087	100631735	3	imbalance
LTL331-3	chr2	112257987	112640853	3	imbalance
LTL331-3	chr2	115252734	115328982	3	imbalance
LTL331-3	chr2	117227274	117235157	3	imbalance
LTL331-3	chr2	118888510	118902928	3	imbalance
LTL331-3	chr2	122982716	123005052	3	imbalance
LTL331-3	chr2	127663756	127851418	3	imbalance
LTL331-3	chr2	137190157	137225669	3	imbalance
LTL331-3	chr2	137569420	137583817	3	imbalance
LTL331-3	chr2	139505990	139549395	3	imbalance
LTL331-3	chr2	144866004	144894959	3	imbalance
LTL331-3	chr2	161280433	161283247	3	imbalance
LTL331-3	chr2	170852255	170958700	3	imbalance
LTL331-3	chr2	180055540	180092551	3	imbalance
LTL331-3	chr2	202620862	202720839	3	imbalance
LTL331-3	chr2	209334380	209353381	3	imbalance
LTL331-3	chr2	219930914	219973639	3	imbalance
LTL331-3	chr2	235106791	235108270	3	imbalance
LTL331-3	chr2	240867400	240882450	3	imbalance
LTL331-3	chr3	299425	335991	3	imbalance
LTL331-3	chr3	583161	637147	3	imbalance
LTL331-3	chr3	5798484	6046998	3	imbalance
LTL331-3	chr3	8166817	8183601	3	imbalance
LTL331-3	chr3	11441961	11597289	3	imbalance
LTL331-3	chr3	27256759	27262634	3	imbalance
LTL331-3	chr3	27313818	27355540	3	imbalance
LTL331-3	chr3	35946504	36031297	3	imbalance
LTL331-3	chr3	42884217	43026159	3	imbalance
LTL331-3	chr3	46413252	46659172	3	imbalance
LTL331-3	chr3	52810028	52914777	3	imbalance
LTL331-3	chr3	56653887	56678221	3	imbalance
LTL331-3	chr3	66148945	66242844	3	imbalance
LTL331-3	chr3	75504171	75515330	3	imbalance
LTL331-3	chr3	75552390	75552877	3	imbalance
LTL331-3	chr3	75627863	75648895	3	imbalance
LTL331-3	chr3	75677403	75683480	3	imbalance
LTL331-3	chr3	75686536	75698566	3	imbalance
LTL331-3	chr3	75700873	75704215	3	imbalance
LTL331-3	chr3	75706322	75713223	3	imbalance
LTL331-3	chr3	75714928	75718931	3	imbalance
LTL331-3	chr3	75723993	75749184	3	imbalance
LTL331-3	chr3	75787797	75802148	3	imbalance
LTL331-3	chr3	85538165	85545575	3	imbalance
LTL331-3	chr3	85551589	85564693	3	imbalance
LTL331-3	chr3	96096356	96130314	3	imbalance
LTL331-3	chr3	98194484	98205569	3	imbalance
LTL331-3	chr3	99026430	99032851	3	imbalance
LTL331-3	chr3	105524122	105618595	3	imbalance
LTL331-3	chr3	109223943	109254799	3	imbalance
LTL331-3	chr3	125825587	125826597	3	imbalance
LTL331-3	chr3	125964252	126143573	3	imbalance
LTL331-3	chr3	127815250	127927637	3	imbalance
LTL331-3	chr3	129989193	130014724	3	imbalance
LTL331-3	chr3	132499461	132518971	3	imbalance
LTL331-3	chr3	133192662	133219410	3	imbalance
LTL331-3	chr3	139721755	139740782	3	imbalance
LTL331-3	chr3	175116774	175122602	3	imbalance
LTL331-3	chr3	187157245	187221594	3	imbalance
LTL331-3	chr3	187690726	187705752	3	imbalance
LTL331-3	chr3	187856529	187887714	3	imbalance
LTL331-3	chr3	191355527	191389445	3	imbalance
LTL331-3	chr3	195780361	195789411	0	hom_low
LTL331-3	chr3	198061613	198295559	3	imbalance
LTL331-3	chr4	0	40124	3	imbalance
LTL331-3	chr4	42852	50416	3	imbalance
LTL331-3	chr4	55044	622321	3	imbalance
LTL331-3	chr4	1051430	1081827	3	imbalance
LTL331-3	chr4	1998958	2239480	3	imbalance
LTL331-3	chr4	4028308	4086351	3	imbalance
LTL331-3	chr4	4168869	4179164	3	imbalance
LTL331-3	chr4	4242343	4244136	3	imbalance
LTL331-3	chr4	7439601	7507181	3	imbalance
LTL331-3	chr4	12088755	12100578	3	imbalance
LTL331-3	chr4	20633596	20684076	3	imbalance
LTL331-3	chr4	21273366	21280106	3	imbalance
LTL331-3	chr4	24303560	24340417	3	imbalance
LTL331-3	chr4	28126414	28155048	3	imbalance
LTL331-3	chr4	36116727	36122535	3	imbalance
LTL331-3	chr4	37006540	37025572	3	imbalance
LTL331-3	chr4	37073882	37082720	3	imbalance
LTL331-3	chr4	37876208	37905588	3	imbalance
LTL331-3	chr4	38994561	39051497	3	imbalance
LTL331-3	chr4	43202303	43230593	3	imbalance
LTL331-3	chr4	49090919	49106998	3	imbalance
LTL331-3	chr4	49108008	49113979	3	imbalance
LTL331-3	chr4	49130563	49312466	3	imbalance
LTL331-3	chr4	49635488	50000000	3	imbalance
LTL331-3	chr4	52156928	52166926	3	imbalance
LTL331-3	chr4	54175795	54182726	3	imbalance
LTL331-3	chr4	57161277	57234474	3	imbalance
LTL331-3	chr4	59181635	59194764	3	imbalance
LTL331-3	chr4	59331861	59345558	3	imbalance
LTL331-3	chr4	64391952	64400660	3	imbalance
LTL331-3	chr4	68033259	68040381	3	imbalance
LTL331-3	chr4	68146421	68185180	3	imbalance
LTL331-3	chr4	69538634	69551971	3	imbalance
LTL331-3	chr4	72848094	72854001	3	imbalance
LTL331-3	chr4	75296595	75298550	3	imbalance
LTL331-3	chr4	76027373	76034343	3	imbalance
LTL331-3	chr4	85278269	85308298	3	imbalance
LTL331-3	chr4	87735501	87748849	3	imbalance
LTL331-3	chr4	107394543	107412917	3	imbalance
LTL331-3	chr4	116619366	116653043	3	imbalance
LTL331-3	chr4	116966630	116971928	3	imbalance
LTL331-3	chr4	130846598	130849236	3	imbalance
LTL331-3	chr4	131719109	131767469	3	imbalance
LTL331-3	chr4	158462429	158470553	3	imbalance
LTL331-3	chr4	159704225	160003507	3	imbalance
LTL331-3	chr4	162544448	162574310	3	imbalance
LTL331-3	chr4	165823145	165824403	3	imbalance
LTL331-3	chr4	166841454	166894453	3	imbalance
LTL331-3	chr4	168438004	168453705	3	imbalance
LTL331-3	chr4	179737668	179749773	3	imbalance
LTL331-3	chr4	182743046	182761952	3	imbalance
LTL331-3	chr4	184886863	184924366	3	imbalance
LTL331-3	chr4	189732830	189770183	3	imbalance
LTL331-3	chr5	3017435	3082061	3	imbalance
LTL331-3	chr5	6160786	6221572	3	imbalance
LTL331-3	chr5	8705833	8726339	3	imbalance
LTL331-3	chr5	14451690	14489612	3	imbalance
LTL331-3	chr5	16456236	16626732	3	imbalance
LTL331-3	chr5	16646934	16657257	3	imbalance
LTL331-3	chr5	17599232	17733177	3	imbalance
LTL331-3	chr5	20824339	20860171	3	imbalance
LTL331-3	chr5	23367847	23374842	3	imbalance
LTL331-3	chr5	28482926	28498807	3	imbalance
LTL331-3	chr5	34857054	34870460	3	imbalance
LTL331-3	chr5	38042954	38048624	3	imbalance
LTL331-3	chr5	38082087	38152933	3	imbalance
LTL331-3	chr5	43320015	43349578	3	imbalance
LTL331-3	chr5	53226322	53228898	3	imbalance
LTL331-3	chr5	54133574	54191641	3	imbalance
LTL331-3	chr5	61662933	61707246	3	imbalance
LTL331-3	chr5	62889184	62897213	3	imbalance
LTL331-3	chr5	63270906	63279026	3	imbalance
LTL331-3	chr5	91794032	91809981	3	imbalance
LTL331-3	chr5	101813132	101861219	3	imbalance
LTL331-3	chr5	111156512	111168384	3	imbalance
LTL331-3	chr5	111285327	111333900	3	imbalance
LTL331-3	chr5	121570149	121586920	3	imbalance
LTL331-3	chr5	123790399	123805608	3	imbalance
LTL331-3	chr5	126003578	126032408	3	imbalance
LTL331-3	chr5	137193320	137215818	3	imbalance
LTL331-3	chr5	148140644	148241773	3	imbalance
LTL331-3	chr5	152774303	152804006	3	imbalance
LTL331-3	chr5	155125110	155128554	3	imbalance
LTL331-3	chr5	157704171	157913760	3	imbalance
LTL331-3	chr5	167225797	167268928	3	imbalance
LTL331-3	chr5	173342859	173377013	3	imbalance
LTL331-3	chr5	175786209	175813639	3	imbalance
LTL331-3	chr5	181157013	181538259	3	imbalance
LTL331-3	chr6	291761	356278	3	imbalance
LTL331-3	chr6	373215	410836	3	imbalance
LTL331-3	chr6	1954090	1977035	3	imbalance
LTL331-3	chr6	13746885	13845144	3	imbalance
LTL331-3	chr6	23523869	23803142	3	imbalance
LTL331-3	chr6	31260673	31262422	3	imbalance
LTL331-3	chr6	31323977	31346528	3	imbalance
LTL331-3	chr6	32478636	32480267	3	imbalance
LTL331-3	chr6	32485074	32545244	3	imbalance
LTL331-3	chr6	32612834	32693981	3	imbalance
LTL331-3	chr6	35771422	35832462	3	imbalance
LTL331-3	chr6	38398385	38494755	3	imbalance
LTL331-3	chr6	46850538	46865153	3	imbalance
LTL331-3	chr6	48151545	48161848	3	imbalance
LTL331-3	chr6	50630718	50631544	3	imbalance
LTL331-3	chr6	53159201	53209454	3	imbalance
LTL331-3	chr6	58443389	58679190	3	imbalance
LTL331-3	chr6	61507037	61516848	3	imbalance
LTL331-3	chr6	69491552	69503105	3	imbalance
LTL331-3	chr6	72673831	72721879	3	imbalance
LTL331-3	chr6	74496728	74899311	3	imbalance
LTL331-3	chr6	80010152	80029078	3	imbalance
LTL331-3	chr6	81121234	81130721	3	imbalance
LTL331-3	chr6	81337263	81352302	3	imbalance
LTL331-3	chr6	85295471	85329509	3	imbalance
LTL331-3	chr6	87284584	87298034	3	imbalance
LTL331-3	chr6	88253842	88314169	3	imbalance
LTL331-3	chr6	106767105	106805280	3	imbalance
LTL331-3	chr6	109553257	109582015	3	imbalance
LTL331-3	chr6	115762962	115870750	3	imbalance
LTL331-3	chr6	117553981	117601958	3	imbalance
LTL331-3	chr6	117893316	117971022	3	imbalance
LTL331-3	chr6	125552365	125603421	3	imbalance
LTL331-3	chr6	125701472	125811920	3	imbalance
LTL331-3	chr6	137448078	137459881	3	imbalance
LTL331-3	chr6	143967518	143999084	3	imbalance
LTL331-3	chr6	145994136	146012082	3	imbalance
LTL331-3	chr6	154943044	155004528	3	imbalance
LTL331-3	chr6	156001856	156027320	3	imbalance
LTL331-3	chr6	162960609	162969457	3	imbalance
LTL331-3	chr6	167482082	167714549	3	imbalance
LTL331-3	chr6	168169555	168176240	3	imbalance
LTL331-3	chr6	169758971	169781273	3	imbalance
LTL331-3	chr7	9478213	9480727	3	imbalance
LTL331-3	chr7	12279751	12299415	3	imbalance
LTL331-3	chr7	12551636	12563369	3	imbalance
LTL331-3	chr7	13453496	13466223	3	imbalance
LTL331-3	chr7	13668442	13717815	3	imbalance
LTL331-3	chr7	15990310	16188788	3	imbalance
LTL331-3	chr7	17544751	17569958	3	imbalance
LTL331-3	chr7	21729741	21738706	3	imbalance
LTL331-3	chr7	29477692	29543245	3	imbalance
LTL331-3	chr7	31082884	31148260	3	imbalance
LTL331-3	chr7	36363623	36426625	3	imbalance
LTL331-3	chr7	46087699	46097609	3	imbalance
LTL331-3	chr7	46604234	46644794	3	imbalance
LTL331-3	chr7	47761894	47775329	3	imbalance
LTL331-3	chr7	48914574	48934160	3	imbalance
LTL331-3	chr7	52813786	52815945	3	imbalance
LTL331-3	chr7	56801526	56835037	3	imbalance
LTL331-3	chr7	63483536	63745029	3	imbalance
LTL331-3	chr7	64319964	64329916	3	imbalance
LTL331-3	chr7	64356199	64387513	3	imbalance
LTL331-3	chr7	76424237	76544528	3	imbalance
LTL331-3	chr7	89044075	89055289	3	imbalance
LTL331-3	chr7	97813411	97820264	3	imbalance
LTL331-3	chr7	97997843	98077732	3	imbalance
LTL331-3	chr7	100940868	100964572	3	imbalance
LTL331-3	chr7	106232905	106290514	3	imbalance
LTL331-3	chr7	106488846	106516120	3	imbalance
LTL331-3	chr7	113347902	113387916	3	imbalance
LTL331-3	chr7	123034424	123060185	3	imbalance
LTL331-3	chr7	128829054	128947450	3	imbalance
LTL331-3	chr7	144037098	144049741	3	imbalance
LTL331-3	chr7	144060420	144069187	3	imbalance
LTL331-3	chr7	146638021	146659012	3	imbalance
LTL331-3	chr7	149322816	149338708	3	imbalance
LTL331-3	chr7	149486487	149503635	3	imbalance
LTL331-3	chr7	152058564	152383002	3	imbalance
LTL331-3	chr7	152403229	152407368	3	imbalance
LTL331-3	chr8	12566012	12584405	3	imbalance
LTL331-3	chr8	12584405	12811647	0	hom_low
LTL331-3	chr8	15741900	15813158	0	hom_low
LTL331-3	chr8	32761045	33378293	3	imbalance
LTL331-3	chr8	35060693	35516739	3	imbalance
LTL331-3	chr8	35548727	41192212	3	imbalance
LTL331-3	chr8	46281585	47101623	3	imbalance
LTL331-3	chr8	47132470	47779885	3	imbalance
LTL331-3	chr8	47886573	52812643	3	imbalance
LTL331-3	chr8	52819236	55480217	3	imbalance
LTL331-3	chr8	55490151	56074547	3	imbalance
LTL331-3	chr8	56091173	57202209	3	imbalance
LTL331-3	chr8	57225532	69320868	3	imbalance
LTL331-3	chr8	69346955	72091223	3	imbalance
LTL331-3	chr8	72093069	72915630	3	imbalance
LTL331-3	chr8	72919123	73590418	3	imbalance
LTL331-3	chr8	73596779	78044291	3	imbalance
LTL331-3	chr8	78059383	79723291	3	imbalance
LTL331-3	chr8	79741313	82749812	3	imbalance
LTL331-3	chr8	82751670	85642178	3	imbalance
LTL331-3	chr8	85828938	98366480	3	imbalance
LTL331-3	chr8	98455943	101045058	3	imbalance
LTL331-3	chr8	101061761	105100025	3	imbalance
LTL331-3	chr8	105109288	114364785	3	imbalance
LTL331-3	chr8	114372682	130763690	3	imbalance
LTL331-3	chr8	130811071	134083185	3	imbalance
LTL331-3	chr8	134106126	135920687	3	imbalance
LTL331-3	chr8	135926210	138279178	3	imbalance
LTL331-3	chr8	138338502	139381679	3	imbalance
LTL331-3	chr8	139386521	142363560	3	imbalance
LTL331-3	chr8	142641695	143440916	3	imbalance
LTL331-3	chr8	143450964	143718389	3	imbalance
LTL331-3	chr8	143894045	144238672	3	imbalance
LTL331-3	chr8	144280331	144467254	3	imbalance
LTL331-3	chr8	144536182	145138636	3	imbalance
LTL331-3	chr9	440093	460198	3	imbalance
LTL331-3	chr9	2380179	2425760	3	imbalance
LTL331-3	chr9	4746842	4819714	3	imbalance
LTL331-3	chr9	9415906	9439881	3	imbalance
LTL331-3	chr9	16742583	16744481	3	imbalance
LTL331-3	chr9	27342618	27391625	3	imbalance
LTL331-3	chr9	29081337	29083485	3	imbalance
LTL331-3	chr9	38464123	38519356	3	imbalance
LTL331-3	chr9	40908554	41225636	3	imbalance
LTL331-3	chr9	41230399	41341391	3	imbalance
LTL331-3	chr9	41785893	42294988	3	imbalance
LTL331-3	chr9	61684455	63790992	3	imbalance
LTL331-3	chr9	63793389	63816951	3	imbalance
LTL331-3	chr9	63817393	64490806	3	imbalance
LTL331-3	chr9	67621587	68420661	3	imbalance
LTL331-3	chr9	78835970	78870020	3	imbalance
LTL331-3	chr9	80651869	80663067	3	imbalance
LTL331-3	chr9	81004351	81011861	3	imbalance
LTL331-3	chr9	87305643	87311932	3	imbalance
LTL331-3	chr9	89572441	89589906	3	imbalance
LTL331-3	chr9	93685500	93702869	3	imbalance
LTL331-3	chr9	121517448	121551302	3	imbalance
LTL331-3	chr9	133434989	133547733	3	imbalance
LTL331-3	chr9	134272002	134438480	3	imbalance
LTL331-3	chr9	134717741	134858556	3	imbalance
LTL331-3	chr9	135503390	135518204	3	imbalance
LTL331-3	chr10	0	93274	3	imbalance
LTL331-3	chr10	4546026	4590148	3	imbalance
LTL331-3	chr10	5675366	5704562	3	imbalance
LTL331-3	chr10	14774178	14786701	3	imbalance
LTL331-3	chr10	19389718	19402944	3	imbalance
LTL331-3	chr10	23945874	23959302	3	imbalance
LTL331-3	chr10	25853010	25886889	3	imbalance
LTL331-3	chr10	32157913	32175602	3	imbalance
LTL331-3	chr10	34170450	34177715	3	imbalance
LTL331-3	chr10	38525554	38529587	3	imbalance
LTL331-3	chr10	38677192	38712431	3	imbalance
LTL331-3	chr10	41872351	42158133	3	imbalance
LTL331-3	chr10	42159816	42666877	3	imbalance
LTL331-3	chr10	45623485	46230584	3	imbalance
LTL331-3	chr10	46522554	46544780	3	imbalance
LTL331-3	chr10	49256638	49268112	3	imbalance
LTL331-3	chr10	49336265	49592794	3	imbalance
LTL331-3	chr10	50771953	53967334	3	imbalance
LTL331-3	chr10	54059498	79703117	3	imbalance
LTL331-3	chr10	79713732	82671548	3	imbalance
LTL331-3	chr10	104948523	105696765	3	imbalance
LTL331-3	chr10	125582907	125893803	3	imbalance
LTL331-3	chr10	125897116	125908942	3	imbalance
LTL331-3	chr10	130325149	130611512	0	hom_low
LTL331-3	chr10	133642407	133656507	3	imbalance
LTL331-3	chr11	761613	1298964	0	hom_low
LTL331-3	chr11	4266951	4602244	0	hom_low
LTL331-3	chr11	23962626	26209046	1	hom_high
LTL331-3	chr11	54539195	54552529	3	imbalance
LTL331-3	chr11	55057384	55077720	3	imbalance
LTL331-3	chr11	55123793	55137035	3	imbalance
LTL331-3	chr11	56695907	56701299	3	imbalance
LTL331-3	chr11	61157436	61391383	3	imbalance
LTL331-3	chr11	64270060	64403229	3	imbalance
LTL331-3	chr11	66766211	66839990	3	imbalance
LTL331-3	chr11	75761280	75801974	3	imbalance
LTL331-3	chr11	82843502	82868992	3	imbalance
LTL331-3	chr11	86332767	86371806	3	imbalance
LTL331-3	chr11	88198561	88213861	3	imbalance
LTL331-3	chr11	91599821	91642831	3	imbalance
LTL331-3	chr11	104573243	104606989	3	imbalance
LTL331-3	chr11	107824768	107836540	3	imbalance
LTL331-3	chr11	116321528	116328603	3	imbalance
LTL331-3	chr11	120336219	120370211	3	imbalance
LTL331-3	chr11	121133628	121140662	3	imbalance
LTL331-3	chr11	121188796	121210861	3	imbalance
LTL331-3	chr11	124389213	124443521	3	imbalance
LTL331-3	chr11	129057702	129115318	3	imbalance
LTL331-3	chr12	0	50904	3	imbalance
LTL331-3	chr12	58289	58831	3	imbalance
LTL331-3	chr12	93319	252274	3	imbalance
LTL331-3	chr12	1508691	1539751	3	imbalance
LTL331-3	chr12	10150461	10333867	3	imbalance
LTL331-3	chr12	11030865	11042292	3	imbalance
LTL331-3	chr12	13775280	13917213	3	imbalance
LTL331-3	chr12	15084376	15099179	3	imbalance
LTL331-3	chr12	18440885	18450658	3	imbalance
LTL331-3	chr12	26912079	27097600	3	imbalance
LTL331-3	chr12	33856932	33866168	3	imbalance
LTL331-3	chr12	37960905	37966134	3	imbalance
LTL331-3	chr12	40476243	40492277	3	imbalance
LTL331-3	chr12	41611288	41654235	3	imbalance
LTL331-3	chr12	50493764	50566481	3	imbalance
LTL331-3	chr12	52299978	52378293	3	imbalance
LTL331-3	chr12	61105220	61116471	3	imbalance
LTL331-3	chr12	62610512	62633522	3	imbalance
LTL331-3	chr12	65085145	65143358	3	imbalance
LTL331-3	chr12	66438283	66495405	3	imbalance
LTL331-3	chr12	77073099	77921560	3	imbalance
LTL331-3	chr12	81024198	81054593	3	imbalance
LTL331-3	chr12	106451634	106528157	3	imbalance
LTL331-3	chr12	107704718	107716292	3	imbalance
LTL331-3	chr12	110130051	110238001	3	imbalance
LTL331-3	chr12	114298244	114426363	3	imbalance
LTL331-3	chr13	24748888	25350947	3	imbalance
LTL331-3	chr13	36872492	39828748	1	hom_high
LTL331-3	chr13	63070348	63732679	3	imbalance
LTL331-3	chr13	90895304	93079312	1	hom_high
LTL331-3	chr14	18259564	19157549	3	imbalance
LTL331-3	chr14	22241127	22244567	3	imbalance
LTL331-3	chr14	41023130	41035505	3	imbalance
LTL331-3	chr14	45714628	45748491	3	imbalance
LTL331-3	chr14	46491107	46498248	3	imbalance
LTL331-3	chr14	47833899	47973937	3	imbalance
LTL331-3	chr14	52159852	52169208	3	imbalance
LTL331-3	chr14	54597521	54624565	3	imbalance
LTL331-3	chr14	56353732	56399266	3	imbalance
LTL331-3	chr14	59650085	59667126	3	imbalance
LTL331-3	chr14	62960992	62987300	3	imbalance
LTL331-3	chr14	63151391	63183122	3	imbalance
LTL331-3	chr14	79851648	79874371	3	imbalance
LTL331-3	chr14	91196308	91313373	3	imbalance
LTL331-3	chr14	100335048	100521028	3	imbalance
LTL331-3	chr14	104684116	104806699	3	imbalance
LTL331-3	chr14	105561279	105619709	3	imbalance
LTL331-3	chr14	105750924	106036909	3	imbalance
LTL331-3	chr14	106316051	106374378	3	imbalance
LTL331-3	chr14	106594294	106629447	3	imbalance
LTL331-3	chr15	19000000	20217087	3	imbalance
LTL331-3	chr15	20287654	21011182	3	imbalance
LTL331-3	chr15	21125735	22638537	3	imbalance
LTL331-3	chr15	24041393	24048209	3	imbalance
LTL331-3	chr15	28156345	28808334	3	imbalance
LTL331-3	chr15	34550381	34589452	3	imbalance
LTL331-3	chr15	45960973	45990639	3	imbalance
LTL331-3	chr15	50524212	50549539	3	imbalance
LTL331-3	chr15	55640880	55695509	3	imbalance
LTL331-3	chr15	68435330	68442622	3	imbalance
LTL331-3	chr15	69266281	69287971	3	imbalance
LTL331-3	chr15	77457244	77496955	3	imbalance
LTL331-3	chr15	77752516	77828265	3	imbalance
LTL331-3	chr15	85823657	85865510	3	imbalance
LTL331-3	chr15	89556260	89578044	3	imbalance
LTL331-3	chr15	91378436	91424853	3	imbalance
LTL331-3	chr15	94223806	94243135	3	imbalance
LTL331-3	chr15	101858464	101965719	3	imbalance
LTL331-3	chr16	1257539	1332749	3	imbalance
LTL331-3	chr16	6887091	6900441	3	imbalance
LTL331-3	chr16	7573239	7580910	3	imbalance
LTL331-3	chr16	8450982	8455809	3	imbalance
LTL331-3	chr16	8535288	8684138	3	imbalance
LTL331-3	chr16	11190122	11193969	3	imbalance
LTL331-3	chr16	14935307	15001843	3	imbalance
LTL331-3	chr16	15020692	15125546	3	imbalance
LTL331-3	chr16	16375489	16763991	3	imbalance
LTL331-3	chr16	17411411	17471388	3	imbalance
LTL331-3	chr16	21524021	21608928	3	imbalance
LTL331-3	chr16	22394508	22701282	3	imbalance
LTL331-3	chr16	32611688	32858051	3	imbalance
LTL331-3	chr16	33614169	33617970	3	imbalance
LTL331-3	chr16	33621708	33735403	3	imbalance
LTL331-3	chr16	34164552	34574266	3	imbalance
LTL331-3	chr16	46381513	46619014	3	imbalance
LTL331-3	chr16	69965129	70461515	3	imbalance
LTL331-3	chr16	73822271	74406703	3	imbalance
LTL331-3	chr16	74406703	74414610	0	hom_low
LTL331-3	chr17	1389142	1416756	3	imbalance
LTL331-3	chr17	3437697	3490656	3	imbalance
LTL331-3	chr17	8711004	8772285	3	imbalance
LTL331-3	chr17	16774735	16918899	3	imbalance
LTL331-3	chr17	17125632	17175822	3	imbalance
LTL331-3	chr17	20865985	20899854	3	imbalance
LTL331-3	chr17	21301983	21372316	3	imbalance
LTL331-3	chr17	21400776	21446269	3	imbalance
LTL331-3	chr17	21552188	21607390	3	imbalance
LTL331-3	chr17	21751983	22045120	3	imbalance
LTL331-3	chr17	25924638	26972768	3	imbalance
LTL331-3	chr17	26976128	26989165	3	imbalance
LTL331-3	chr17	28421756	28488457	3	imbalance
LTL331-3	chr17	31908101	31987940	3	imbalance
LTL331-3	chr17	43934990	44017766	3	imbalance
LTL331-3	chr17	44477481	44561450	3	imbalance
LTL331-3	chr17	50428489	50455004	3	imbalance
LTL331-3	chr17	54272554	54288850	3	imbalance
LTL331-3	chr17	60031407	60554801	3	imbalance
LTL331-3	chr17	61598906	61637717	3	imbalance
LTL331-3	chr17	65836648	65867317	3	imbalance
LTL331-3	chr17	66485952	66501565	3	imbalance
LTL331-3	chr17	77416591	77547711	3	imbalance
LTL331-3	chr17	80936321	81468407	3	imbalance
LTL331-3	chr17	82641367	82796108	3	imbalance
LTL331-3	chr18	10685331	10689904	3	imbalance
LTL331-3	chr18	11481388	11593729	3	imbalance
LTL331-3	chr18	15405752	15410578	3	imbalance
LTL331-3	chr18	22605352	22612766	3	imbalance
LTL331-3	chr18	31326947	31342258	3	imbalance
LTL331-3	chr18	35742733	35760735	3	imbalance
LTL331-3	chr18	41294932	44706218	1	hom_high
LTL331-3	chr18	49808618	50341775	0	hom_low
LTL331-3	chr18	57348513	59421235	1	hom_high
LTL331-3	chr18	63685683	65900162	1	hom_high
LTL331-3	chr18	77122496	80373285	1	hom_high
LTL331-3	chr19	477753	620411	3	imbalance
LTL331-3	chr19	5394301	5398545	3	imbalance
LTL331-3	chr19	6626747	6632023	3	imbalance
LTL331-3	chr19	8994822	9120921	3	imbalance
LTL331-3	chr19	20489294	20495944	3	imbalance
LTL331-3	chr19	20577011	20578284	3	imbalance
LTL331-3	chr19	20699428	20710456	3	imbalance
LTL331-3	chr19	22954412	22969604	3	imbalance
LTL331-3	chr19	23456336	23475328	3	imbalance
LTL331-3	chr19	27340527	27359217	3	imbalance
LTL331-3	chr19	27359372	27374847	3	imbalance
LTL331-3	chr19	27375923	27379204	3	imbalance
LTL331-3	chr19	27383055	27385978	3	imbalance
LTL331-3	chr19	27386897	27390749	3	imbalance
LTL331-3	chr19	27392797	27398840	3	imbalance
LTL331-3	chr19	28194904	28247813	3	imbalance
LTL331-3	chr19	28822531	28826746	3	imbalance
LTL331-3	chr19	36125527	36177062	3	imbalance
LTL331-3	chr19	38223030	38260122	3	imbalance
LTL331-3	chr19	43101840	43108954	3	imbalance
LTL331-3	chr19	45304117	45515625	3	imbalance
LTL331-3	chr19	48852008	49013981	3	imbalance
LTL331-3	chr19	53428171	53515709	3	imbalance
LTL331-3	chr19	54213348	54238159	3	imbalance
LTL331-3	chr19	54825519	54848482	3	imbalance
LTL331-3	chr19	57471745	57518916	3	imbalance
LTL331-3	chr20	11942542	11945155	3	imbalance
LTL331-3	chr20	16869467	16889733	3	imbalance
LTL331-3	chr20	26161866	26171416	3	imbalance
LTL331-3	chr20	29879482	30257235	3	imbalance
LTL331-3	chr20	30351228	31052175	3	imbalance
LTL331-3	chr20	43250690	44324416	3	imbalance
LTL331-3	chr20	47753020	47846449	3	imbalance
LTL331-3	chr20	52823265	52883386	3	imbalance
LTL331-3	chr20	57529053	57544369	3	imbalance
LTL331-3	chr20	62427586	62570468	3	imbalance
LTL331-3	chr21	8524751	9679278	3	imbalance
LTL331-3	chr21	9848791	10400080	3	imbalance
LTL331-3	chr21	10412426	10483889	3	imbalance
LTL331-3	chr21	10500488	10682514	3	imbalance
LTL331-3	chr21	10698941	10746897	3	imbalance
LTL331-3	chr21	10749706	10802574	3	imbalance
LTL331-3	chr21	10805315	13163346	3	imbalance
LTL331-3	chr21	13863508	13870998	3	imbalance
LTL331-3	chr21	17302035	17318043	3	imbalance
LTL331-3	chr21	18742289	18769995	3	imbalance
LTL331-3	chr21	20499683	20507372	3	imbalance
LTL331-3	chr21	28591578	29203706	3	imbalance
LTL331-3	chr21	32422361	32446167	3	imbalance
LTL331-3	chr21	41668467	41708666	3	imbalance
LTL331-3	chr21	42124608	42136329	3	imbalance
LTL331-3	chr21	44357342	44445033	3	imbalance
LTL331-3	chr21	44684680	44696449	3	imbalance
LTL331-3	chr22	16397996	16525433	3	imbalance
LTL331-3	chr22	16533436	16924005	3	imbalance
LTL331-3-R	chr1	2406557	2613043	3	imbalance
LTL331-3-R	chr1	3611760	3670245	3	imbalance
LTL331-3-R	chr1	5239053	5514820	3	imbalance
LTL331-3-R	chr1	15712665	15816073	3	imbalance
LTL331-3-R	chr1	16511932	16561511	3	imbalance
LTL331-3-R	chr1	16565380	16649593	3	imbalance
LTL331-3-R	chr1	16685648	16711623	3	imbalance
LTL331-3-R	chr1	16720889	16919517	3	imbalance
LTL331-3-R	chr1	17284468	17347097	3	imbalance
LTL331-3-R	chr1	28906035	28926477	3	imbalance
LTL331-3-R	chr1	30207294	30221676	3	imbalance
LTL331-3-R	chr1	40683673	40870455	3	imbalance
LTL331-3-R	chr1	56410200	56463157	3	imbalance
LTL331-3-R	chr1	57155010	57173412	3	imbalance
LTL331-3-R	chr1	57846253	57898158	3	imbalance
LTL331-3-R	chr1	67335981	67462415	3	imbalance
LTL331-3-R	chr1	78919108	78931936	3	imbalance
LTL331-3-R	chr1	81389467	81408254	3	imbalance
LTL331-3-R	chr1	92238769	92268517	3	imbalance
LTL331-3-R	chr1	93974495	94021057	3	imbalance
LTL331-3-R	chr1	101163124	101384172	3	imbalance
LTL331-3-R	chr1	103560506	103762343	3	imbalance
LTL331-3-R	chr1	106165434	106177705	3	imbalance
LTL331-3-R	chr1	109235375	109322017	3	imbalance
LTL331-3-R	chr1	115064041	115146126	3	imbalance
LTL331-3-R	chr1	115423307	115514018	3	imbalance
LTL331-3-R	chr1	119010099	119023616	3	imbalance
LTL331-3-R	chr1	143747070	144078360	3	imbalance
LTL331-3-R	chr1	147344157	147355144	3	imbalance
LTL331-3-R	chr1	152210825	152221708	0	hom_low
LTL331-3-R	chr1	157423455	157534204	3	imbalance
LTL331-3-R	chr1	158064391	158103324	3	imbalance
LTL331-3-R	chr1	161484544	161768009	3	imbalance
LTL331-3-R	chr1	170910535	170922127	3	imbalance
LTL331-3-R	chr1	173127499	173133607	3	imbalance
LTL331-3-R	chr1	190017183	190028338	3	imbalance
LTL331-3-R	chr1	200864758	201231558	3	imbalance
LTL331-3-R	chr1	203759107	204119629	3	imbalance
LTL331-3-R	chr1	206053272	206299436	3	imbalance
LTL331-3-R	chr1	211948033	211975154	3	imbalance
LTL331-3-R	chr1	214818842	214838076	3	imbalance
LTL331-3-R	chr1	225312735	225350697	3	imbalance
LTL331-3-R	chr1	225663356	225982645	3	imbalance
LTL331-3-R	chr1	234439641	234454464	3	imbalance
LTL331-3-R	chr1	234777052	234800360	3	imbalance
LTL331-3-R	chr1	236715007	237029692	3	imbalance
LTL331-3-R	chr1	245833358	245844769	3	imbalance
LTL331-3-R	chr1	247646989	247657452	3	imbalance
LTL331-3-R	chr1	248429951	248456341	3	imbalance
LTL331-3-R	chr1	248659659	248666674	3	imbalance
LTL331-3-R	chr2	1131916	1189628	3	imbalance
LTL331-3-R	chr2	1274305	1291483	3	imbalance
LTL331-3-R	chr2	2582016	2597400	3	imbalance
LTL331-3-R	chr2	8231003	8295482	3	imbalance
LTL331-3-R	chr2	10685373	10760454	3	imbalance
LTL331-3-R	chr2	10781674	10818856	3	imbalance
LTL331-3-R	chr2	17010741	17038458	3	imbalance
LTL331-3-R	chr2	17950047	18000401	3	imbalance
LTL331-3-R	chr2	28750667	28942226	3	imbalance
LTL331-3-R	chr2	29049185	29084018	3	imbalance
LTL331-3-R	chr2	30842180	30910380	3	imbalance
LTL331-3-R	chr2	37374978	37436714	3	imbalance
LTL331-3-R	chr2	37718825	37787676	3	imbalance
LTL331-3-R	chr2	38491554	38555443	3	imbalance
LTL331-3-R	chr2	43115671	43274806	3	imbalance
LTL331-3-R	chr2	43544128	43550401	3	imbalance
LTL331-3-R	chr2	45015893	45084656	3	imbalance
LTL331-3-R	chr2	52110609	52248291	3	imbalance
LTL331-3-R	chr2	68372924	68388297	3	imbalance
LTL331-3-R	chr2	80690656	80694095	3	imbalance
LTL331-3-R	chr2	87289458	87325321	3	imbalance
LTL331-3-R	chr2	87396768	87431146	0	hom_low
LTL331-3-R	chr2	88773799	88787735	3	imbalance
LTL331-3-R	chr2	90338688	90401571	0	hom_low
LTL331-3-R	chr2	91432877	92116576	3	imbalance
LTL331-3-R	chr2	95932709	95937454	3	imbalance
LTL331-3-R	chr2	95942534	95950298	3	imbalance
LTL331-3-R	chr2	95952314	96005996	3	imbalance
LTL331-3-R	chr2	96952723	97112995	3	imbalance
LTL331-3-R	chr2	98189937	98424519	3	imbalance
LTL331-3-R	chr2	98681440	98746352	3	imbalance
LTL331-3-R	chr2	100936883	100980961	3	imbalance
LTL331-3-R	chr2	103842582	103873772	3	imbalance
LTL331-3-R	chr2	112201465	112341275	3	imbalance
LTL331-3-R	chr2	115745879	115786949	3	imbalance
LTL331-3-R	chr2	118907340	118934321	3	imbalance
LTL331-3-R	chr2	132544993	132604609	3	imbalance
LTL331-3-R	chr2	135187545	135249180	3	imbalance
LTL331-3-R	chr2	137605747	137647639	3	imbalance
LTL331-3-R	chr2	139410695	139445890	3	imbalance
LTL331-3-R	chr2	139570848	139583095	3	imbalance
LTL331-3-R	chr2	141471963	141474551	3	imbalance
LTL331-3-R	chr2	151983476	152022906	3	imbalance
LTL331-3-R	chr2	160505631	160537245	3	imbalance
LTL331-3-R	chr2	161281135	161283247	0	hom_low
LTL331-3-R	chr2	176999360	177044153	3	imbalance
LTL331-3-R	chr2	198062482	198244252	3	imbalance
LTL331-3-R	chr2	207993044	208044366	3	imbalance
LTL331-3-R	chr2	209095398	209107278	3	imbalance
LTL331-3-R	chr2	209262574	209265625	3	imbalance
LTL331-3-R	chr2	211812358	211827231	3	imbalance
LTL331-3-R	chr2	219157836	219350926	3	imbalance
LTL331-3-R	chr2	231354753	231405496	3	imbalance
LTL331-3-R	chr2	237584705	237633136	3	imbalance
LTL331-3-R	chr2	239061045	239163959	3	imbalance
LTL331-3-R	chr2	240761267	240821104	0	hom_low
LTL331-3-R	chr3	336247	367894	3	imbalance
LTL331-3-R	chr3	466380	488774	3	imbalance
LTL331-3-R	chr3	584092	638195	3	imbalance
LTL331-3-R	chr3	1248369	1258554	3	imbalance
LTL331-3-R	chr3	1737578	1754990	3	imbalance
LTL331-3-R	chr3	5186113	5335756	3	imbalance
LTL331-3-R	chr3	13658905	13770011	3	imbalance
LTL331-3-R	chr3	21765057	21772607	3	imbalance
LTL331-3-R	chr3	22021934	22034411	3	imbalance
LTL331-3-R	chr3	23084260	23352753	3	imbalance
LTL331-3-R	chr3	23769245	23816148	3	imbalance
LTL331-3-R	chr3	24703033	24812064	3	imbalance
LTL331-3-R	chr3	27741860	27780013	3	imbalance
LTL331-3-R	chr3	42713675	42727732	3	imbalance
LTL331-3-R	chr3	44551167	44595707	3	imbalance
LTL331-3-R	chr3	45744611	45784323	3	imbalance
LTL331-3-R	chr3	49910885	49994239	3	imbalance
LTL331-3-R	chr3	53126240	53140042	3	imbalance
LTL331-3-R	chr3	55311772	55330463	3	imbalance
LTL331-3-R	chr3	56251232	56307207	3	imbalance
LTL331-3-R	chr3	65887110	65900289	3	imbalance
LTL331-3-R	chr3	65965616	66031270	3	imbalance
LTL331-3-R	chr3	66421441	66562688	3	imbalance
LTL331-3-R	chr3	67966650	68049906	3	imbalance
LTL331-3-R	chr3	74491977	74506908	3	imbalance
LTL331-3-R	chr3	75552879	75635406	3	imbalance
LTL331-3-R	chr3	75642835	75697672	3	imbalance
LTL331-3-R	chr3	75698744	75716864	3	imbalance
LTL331-3-R	chr3	75718280	75719453	3	imbalance
LTL331-3-R	chr3	75731702	75749184	3	imbalance
LTL331-3-R	chr3	75753425	75795411	3	imbalance
LTL331-3-R	chr3	95954060	95962909	3	imbalance
LTL331-3-R	chr3	98185551	98189430	3	imbalance
LTL331-3-R	chr3	109260214	109594590	3	imbalance
LTL331-3-R	chr3	110012996	110023675	3	imbalance
LTL331-3-R	chr3	120770278	122907330	3	imbalance
LTL331-3-R	chr3	122907330	122950697	0	hom_low
LTL331-3-R	chr3	123985312	124459530	3	imbalance
LTL331-3-R	chr3	124540661	125800991	3	imbalance
LTL331-3-R	chr3	125854148	126067914	3	imbalance
LTL331-3-R	chr3	126375769	126480023	3	imbalance
LTL331-3-R	chr3	126480023	126561197	0	hom_low
LTL331-3-R	chr3	126561197	126779733	3	imbalance
LTL331-3-R	chr3	127043158	127566895	3	imbalance
LTL331-3-R	chr3	127701272	127982499	3	imbalance
LTL331-3-R	chr3	128012811	128061503	3	imbalance
LTL331-3-R	chr3	128499893	129134940	3	imbalance
LTL331-3-R	chr3	129313529	129479601	3	imbalance
LTL331-3-R	chr3	129479601	129634864	0	hom_low
LTL331-3-R	chr3	129944540	130046079	0	hom_low
LTL331-3-R	chr3	130087258	132529807	3	imbalance
LTL331-3-R	chr3	132837318	133819114	3	imbalance
LTL331-3-R	chr3	133844211	133928140	3	imbalance
LTL331-3-R	chr3	134209869	135273783	3	imbalance
LTL331-3-R	chr3	135296728	136761604	3	imbalance
LTL331-3-R	chr3	136894838	137925227	3	imbalance
LTL331-3-R	chr3	138084397	138253649	3	imbalance
LTL331-3-R	chr3	138474791	138982213	3	imbalance
LTL331-3-R	chr3	139081208	139797052	3	imbalance
LTL331-3-R	chr3	140530582	140569182	3	imbalance
LTL331-3-R	chr3	143958221	143967762	3	imbalance
LTL331-3-R	chr3	148556501	148561745	3	imbalance
LTL331-3-R	chr3	157617171	157623172	3	imbalance
LTL331-3-R	chr3	162097120	162098653	3	imbalance
LTL331-3-R	chr3	164368246	164398953	3	imbalance
LTL331-3-R	chr3	166140964	166150347	3	imbalance
LTL331-3-R	chr3	179181339	179214020	3	imbalance
LTL331-3-R	chr3	183581020	183638988	3	imbalance
LTL331-3-R	chr3	190163724	190228964	3	imbalance
LTL331-3-R	chr3	195902143	196061042	3	imbalance
LTL331-3-R	chr4	0	622321	3	imbalance
LTL331-3-R	chr4	3431667	3615422	3	imbalance
LTL331-3-R	chr4	4670802	4717708	3	imbalance
LTL331-3-R	chr4	5558662	5630240	3	imbalance
LTL331-3-R	chr4	6885337	7129730	3	imbalance
LTL331-3-R	chr4	8333556	8336585	3	imbalance
LTL331-3-R	chr4	8843909	8936821	3	imbalance
LTL331-3-R	chr4	17020310	17092478	3	imbalance
LTL331-3-R	chr4	22663775	22765743	3	imbalance
LTL331-3-R	chr4	26515521	26842313	3	imbalance
LTL331-3-R	chr4	34931853	34949905	3	imbalance
LTL331-3-R	chr4	36019863	36112624	3	imbalance
LTL331-3-R	chr4	38850330	38881571	3	imbalance
LTL331-3-R	chr4	38922631	38927594	3	imbalance
LTL331-3-R	chr4	42589302	42617455	3	imbalance
LTL331-3-R	chr4	49090604	49096732	3	imbalance
LTL331-3-R	chr4	49107833	49149852	3	imbalance
LTL331-3-R	chr4	49156405	49246625	3	imbalance
LTL331-3-R	chr4	49252112	49295557	3	imbalance
LTL331-3-R	chr4	49636820	50000000	3	imbalance
LTL331-3-R	chr4	53352792	53384725	3	imbalance
LTL331-3-R	chr4	55112682	55140180	3	imbalance
LTL331-3-R	chr4	57175636	57245662	3	imbalance
LTL331-3-R	chr4	62537639	62564975	3	imbalance
LTL331-3-R	chr4	64347083	64351728	3	imbalance
LTL331-3-R	chr4	64567757	64574749	3	imbalance
LTL331-3-R	chr4	69570642	69582182	3	imbalance
LTL331-3-R	chr4	70075019	70118950	3	imbalance
LTL331-3-R	chr4	75462635	75591083	3	imbalance
LTL331-3-R	chr4	78624545	78636956	3	imbalance
LTL331-3-R	chr4	87885516	87903504	3	imbalance
LTL331-3-R	chr4	94997919	95078762	3	imbalance
LTL331-3-R	chr4	98122585	98129192	3	imbalance
LTL331-3-R	chr4	98765425	98822938	3	imbalance
LTL331-3-R	chr4	103529154	103540112	3	imbalance
LTL331-3-R	chr4	106160378	106176237	3	imbalance
LTL331-3-R	chr4	117029310	117042041	3	imbalance
LTL331-3-R	chr4	119573327	119611934	3	imbalance
LTL331-3-R	chr4	131721722	131766510	0	hom_low
LTL331-3-R	chr4	141007441	141011868	3	imbalance
LTL331-3-R	chr4	143968954	144008456	3	imbalance
LTL331-3-R	chr4	146751847	146834467	3	imbalance
LTL331-3-R	chr4	148101132	148212417	3	imbalance
LTL331-3-R	chr4	151856854	151934429	3	imbalance
LTL331-3-R	chr4	158465239	158483503	3	imbalance
LTL331-3-R	chr4	164525617	164548772	3	imbalance
LTL331-3-R	chr4	165820157	165824403	3	imbalance
LTL331-3-R	chr4	169309062	169339802	3	imbalance
LTL331-3-R	chr4	173319223	173554006	3	imbalance
LTL331-3-R	chr4	176446723	176465105	3	imbalance
LTL331-3-R	chr4	185559387	185583652	3	imbalance
LTL331-3-R	chr4	186435665	186474229	3	imbalance
LTL331-3-R	chr4	188135640	188183309	3	imbalance
LTL331-3-R	chr4	189656430	189695712	3	imbalance
LTL331-3-R	chr4	190005829	190057657	3	imbalance
LTL331-3-R	chr5	10590320	10642014	3	imbalance
LTL331-3-R	chr5	10818732	10825643	3	imbalance
LTL331-3-R	chr5	20815967	20834755	3	imbalance
LTL331-3-R	chr5	23609717	23705725	3	imbalance
LTL331-3-R	chr5	29806919	29856754	3	imbalance
LTL331-3-R	chr5	32881583	32899473	3	imbalance
LTL331-3-R	chr5	71317308	71413363	3	imbalance
LTL331-3-R	chr5	71961039	72358824	3	imbalance
LTL331-3-R	chr5	76150652	76178058	3	imbalance
LTL331-3-R	chr5	79660098	79715894	3	imbalance
LTL331-3-R	chr5	80640896	80662532	3	imbalance
LTL331-3-R	chr5	91105123	91504331	3	imbalance
LTL331-3-R	chr5	99235017	99253539	3	imbalance
LTL331-3-R	chr5	113462826	113468944	3	imbalance
LTL331-3-R	chr5	114836933	114841599	3	imbalance
LTL331-3-R	chr5	118670738	118674529	3	imbalance
LTL331-3-R	chr5	128909545	128944036	3	imbalance
LTL331-3-R	chr5	134833828	135002977	3	imbalance
LTL331-3-R	chr5	135659033	135692319	3	imbalance
LTL331-3-R	chr5	135969885	136004155	3	imbalance
LTL331-3-R	chr5	137851192	138018327	3	imbalance
LTL331-3-R	chr5	138325898	138438716	3	imbalance
LTL331-3-R	chr5	146405979	146450448	3	imbalance
LTL331-3-R	chr5	155948255	155963520	3	imbalance
LTL331-3-R	chr5	160438905	160490038	3	imbalance
LTL331-3-R	chr5	168119578	168161049	3	imbalance
LTL331-3-R	chr5	168830175	168855976	3	imbalance
LTL331-3-R	chr5	171278438	171419656	3	imbalance
LTL331-3-R	chr5	173663523	173709409	3	imbalance
LTL331-3-R	chr5	174275232	174300704	3	imbalance
LTL331-3-R	chr5	177295916	177533429	3	imbalance
LTL331-3-R	chr5	178078048	178094465	3	imbalance
LTL331-3-R	chr5	180112484	180145831	0	hom_low
LTL331-3-R	chr6	284227	370285	3	imbalance
LTL331-3-R	chr6	373215	416685	3	imbalance
LTL331-3-R	chr6	5097773	7153580	1	hom_high
LTL331-3-R	chr6	8264867	10717046	1	hom_high
LTL331-3-R	chr6	13188049	13313843	3	imbalance
LTL331-3-R	chr6	16525168	16696659	3	imbalance
LTL331-3-R	chr6	30441333	30456554	3	imbalance
LTL331-3-R	chr6	31251978	31259481	3	imbalance
LTL331-3-R	chr6	31295556	31296744	3	imbalance
LTL331-3-R	chr6	31327100	31344742	3	imbalance
LTL331-3-R	chr6	32475742	32477277	3	imbalance
LTL331-3-R	chr6	32534140	32690029	3	imbalance
LTL331-3-R	chr6	32704683	32705008	3	imbalance
LTL331-3-R	chr6	33218964	33424000	3	imbalance
LTL331-3-R	chr6	33696949	34026097	3	imbalance
LTL331-3-R	chr6	34512814	34589489	3	imbalance
LTL331-3-R	chr6	35724507	35809103	3	imbalance
LTL331-3-R	chr6	39898953	39946618	3	imbalance
LTL331-3-R	chr6	40825129	40922589	3	imbalance
LTL331-3-R	chr6	44090964	44269758	3	imbalance
LTL331-3-R	chr6	44313504	44484479	3	imbalance
LTL331-3-R	chr6	47903040	47912706	3	imbalance
LTL331-3-R	chr6	48612360	48639291	3	imbalance
LTL331-3-R	chr6	55040491	55066115	3	imbalance
LTL331-3-R	chr6	57870155	58023872	3	imbalance
LTL331-3-R	chr6	58449026	58628453	3	imbalance
LTL331-3-R	chr6	76369311	76370471	3	imbalance
LTL331-3-R	chr6	81027355	81047847	3	imbalance
LTL331-3-R	chr6	81104864	81114498	3	imbalance
LTL331-3-R	chr6	81335925	81336679	3	imbalance
LTL331-3-R	chr6	82118195	82427981	3	imbalance
LTL331-3-R	chr6	90499107	90502486	3	imbalance
LTL331-3-R	chr6	92382307	92531228	3	imbalance
LTL331-3-R	chr6	103177668	103206291	3	imbalance
LTL331-3-R	chr6	114917878	114942631	3	imbalance
LTL331-3-R	chr6	115008407	115026814	3	imbalance
LTL331-3-R	chr6	117888648	117922540	3	imbalance
LTL331-3-R	chr6	119877534	119881544	3	imbalance
LTL331-3-R	chr6	126850175	126862223	3	imbalance
LTL331-3-R	chr6	129840030	129857739	3	imbalance
LTL331-3-R	chr6	150441082	150486420	3	imbalance
LTL331-3-R	chr6	153961678	153984715	3	imbalance
LTL331-3-R	chr6	155527905	155579182	3	imbalance
LTL331-3-R	chr6	155808362	155820833	3	imbalance
LTL331-3-R	chr6	169264866	169645844	3	imbalance
LTL331-3-R	chr6	170163504	170384934	3	imbalance
LTL331-3-R	chr7	14196874	14206270	3	imbalance
LTL331-3-R	chr7	16327670	16341285	3	imbalance
LTL331-3-R	chr7	19158866	19182854	3	imbalance
LTL331-3-R	chr7	25406779	25417898	3	imbalance
LTL331-3-R	chr7	37369298	37408132	3	imbalance
LTL331-3-R	chr7	38425797	38450513	3	imbalance
LTL331-3-R	chr7	43123078	43181802	3	imbalance
LTL331-3-R	chr7	43626577	43661015	3	imbalance
LTL331-3-R	chr7	47954729	47974511	3	imbalance
LTL331-3-R	chr7	48427158	48438058	3	imbalance
LTL331-3-R	chr7	50735689	50759732	3	imbalance
LTL331-3-R	chr7	51507296	51514925	3	imbalance
LTL331-3-R	chr7	61765636	62295352	3	imbalance
LTL331-3-R	chr7	62333157	62358777	3	imbalance
LTL331-3-R	chr7	63227836	63261187	3	imbalance
LTL331-3-R	chr7	64423124	64426591	3	imbalance
LTL331-3-R	chr7	85956145	85992872	3	imbalance
LTL331-3-R	chr7	88545237	88585372	3	imbalance
LTL331-3-R	chr7	89743385	89748035	3	imbalance
LTL331-3-R	chr7	91561557	91593625	3	imbalance
LTL331-3-R	chr7	97899786	97965610	3	imbalance
LTL331-3-R	chr7	99141815	99240284	3	imbalance
LTL331-3-R	chr7	131771841	131845453	3	imbalance
LTL331-3-R	chr7	135625645	135676050	3	imbalance
LTL331-3-R	chr7	136884483	136920333	3	imbalance
LTL331-3-R	chr7	140694847	140743480	3	imbalance
LTL331-3-R	chr7	142841107	142862277	3	imbalance
LTL331-3-R	chr7	146036999	146047984	3	imbalance
LTL331-3-R	chr7	146400792	146471932	3	imbalance
LTL331-3-R	chr7	146544176	146572701	3	imbalance
LTL331-3-R	chr7	152152947	152323014	3	imbalance
LTL331-3-R	chr7	152402192	152425886	3	imbalance
LTL331-3-R	chr7	153000395	153002505	3	imbalance
LTL331-3-R	chr7	154637815	154714339	3	imbalance
LTL331-3-R	chr7	158813790	158914863	3	imbalance
LTL331-3-R	chr8	1811678	2151668	0	hom_low
LTL331-3-R	chr8	2422300	4837197	1	hom_high
LTL331-3-R	chr8	7356595	7396368	3	imbalance
LTL331-3-R	chr8	12209086	12571537	3	imbalance
LTL331-3-R	chr8	12571537	12725896	0	hom_low
LTL331-3-R	chr8	13172097	15575343	1	hom_high
LTL331-3-R	chr8	32597861	33381822	3	imbalance
LTL331-3-R	chr8	35049237	35516739	3	imbalance
LTL331-3-R	chr8	35548727	37784186	3	imbalance
LTL331-3-R	chr8	37845120	40931280	3	imbalance
LTL331-3-R	chr8	46281585	47010391	3	imbalance
LTL331-3-R	chr8	47358526	47779885	3	imbalance
LTL331-3-R	chr8	47886573	49374884	3	imbalance
LTL331-3-R	chr8	49629603	53154776	3	imbalance
LTL331-3-R	chr8	53172975	56839185	3	imbalance
LTL331-3-R	chr8	56842371	57202209	3	imbalance
LTL331-3-R	chr8	57224122	57325882	3	imbalance
LTL331-3-R	chr8	57385428	61825224	3	imbalance
LTL331-3-R	chr8	61961987	64010997	3	imbalance
LTL331-3-R	chr8	64082318	67093536	3	imbalance
LTL331-3-R	chr8	67151938	67969361	3	imbalance
LTL331-3-R	chr8	67988668	69320868	3	imbalance
LTL331-3-R	chr8	69346955	70094525	3	imbalance
LTL331-3-R	chr8	70104347	71367102	3	imbalance
LTL331-3-R	chr8	71394590	85350747	3	imbalance
LTL331-3-R	chr8	85828938	95349561	3	imbalance
LTL331-3-R	chr8	95447952	98416602	3	imbalance
LTL331-3-R	chr8	98442628	98955316	3	imbalance
LTL331-3-R	chr8	99349164	100683873	3	imbalance
LTL331-3-R	chr8	100779792	101247867	3	imbalance
LTL331-3-R	chr8	101305420	104229582	3	imbalance
LTL331-3-R	chr8	104353910	122810803	3	imbalance
LTL331-3-R	chr8	122853346	129418572	3	imbalance
LTL331-3-R	chr8	129419141	130746431	3	imbalance
LTL331-3-R	chr8	130811071	132039719	3	imbalance
LTL331-3-R	chr8	132046371	132585308	3	imbalance
LTL331-3-R	chr8	132740030	133388295	3	imbalance
LTL331-3-R	chr8	133446546	139094032	3	imbalance
LTL331-3-R	chr8	139141223	139468161	3	imbalance
LTL331-3-R	chr8	139480049	139990215	3	imbalance
LTL331-3-R	chr8	140018140	140610769	3	imbalance
LTL331-3-R	chr8	140653828	140977703	3	imbalance
LTL331-3-R	chr8	141014446	141809223	3	imbalance
LTL331-3-R	chr8	141843007	142270828	3	imbalance
LTL331-3-R	chr8	142297688	142444185	3	imbalance
LTL331-3-R	chr8	142683630	142828628	3	imbalance
LTL331-3-R	chr8	142842323	143012614	3	imbalance
LTL331-3-R	chr8	143121785	143616547	3	imbalance
LTL331-3-R	chr8	143785739	143912041	3	imbalance
LTL331-3-R	chr8	143954961	144554999	3	imbalance
LTL331-3-R	chr8	144577732	145138636	3	imbalance
LTL331-3-R	chr9	2430392	2434696	3	imbalance
LTL331-3-R	chr9	8418846	8431697	3	imbalance
LTL331-3-R	chr9	9683857	9692915	3	imbalance
LTL331-3-R	chr9	10312256	10317820	3	imbalance
LTL331-3-R	chr9	11042166	11094498	3	imbalance
LTL331-3-R	chr9	26531306	26533641	3	imbalance
LTL331-3-R	chr9	31131902	31141980	3	imbalance
LTL331-3-R	chr9	37769307	37793025	3	imbalance
LTL331-3-R	chr9	38662293	38697840	3	imbalance
LTL331-3-R	chr9	40921980	40939116	0	hom_low
LTL331-3-R	chr9	40939116	41100429	3	imbalance
LTL331-3-R	chr9	41230399	41341391	3	imbalance
LTL331-3-R	chr9	41784882	42009574	3	imbalance
LTL331-3-R	chr9	42117574	42592117	3	imbalance
LTL331-3-R	chr9	61684455	63760015	3	imbalance
LTL331-3-R	chr9	63792632	66252883	3	imbalance
LTL331-3-R	chr9	68921601	68941305	3	imbalance
LTL331-3-R	chr9	70446743	70492947	3	imbalance
LTL331-3-R	chr9	70621924	70645817	3	imbalance
LTL331-3-R	chr9	80668598	80677700	3	imbalance
LTL331-3-R	chr9	82633136	82745719	3	imbalance
LTL331-3-R	chr9	83354223	83386856	3	imbalance
LTL331-3-R	chr9	95924433	95951336	3	imbalance
LTL331-3-R	chr9	104216841	104229780	3	imbalance
LTL331-3-R	chr9	104996724	105043352	3	imbalance
LTL331-3-R	chr9	114999864	115037645	3	imbalance
LTL331-3-R	chr9	127990757	128049535	3	imbalance
LTL331-3-R	chr9	129990956	130045984	3	imbalance
LTL331-3-R	chr9	130273804	130338547	3	imbalance
LTL331-3-R	chr9	135021551	135053243	3	imbalance
LTL331-3-R	chr9	136043852	136383424	3	imbalance
LTL331-3-R	chr9	137892870	137947679	3	imbalance
LTL331-3-R	chr9	137989356	138004741	3	imbalance
LTL331-3-R	chr10	791824	1247927	3	imbalance
LTL331-3-R	chr10	1532932	1613941	3	imbalance
LTL331-3-R	chr10	3868280	3999562	3	imbalance
LTL331-3-R	chr10	5024766	5059685	3	imbalance
LTL331-3-R	chr10	8166000	8196584	3	imbalance
LTL331-3-R	chr10	11878450	11929837	3	imbalance
LTL331-3-R	chr10	17838597	18066768	3	imbalance
LTL331-3-R	chr10	26053331	26055940	3	imbalance
LTL331-3-R	chr10	26104664	26171889	3	imbalance
LTL331-3-R	chr10	27293388	27307850	3	imbalance
LTL331-3-R	chr10	32545461	33094207	3	imbalance
LTL331-3-R	chr10	38106544	38112422	3	imbalance
LTL331-3-R	chr10	38362532	38482141	3	imbalance
LTL331-3-R	chr10	38527626	38581177	3	imbalance
LTL331-3-R	chr10	38799074	38886592	0	hom_low
LTL331-3-R	chr10	41701197	42366046	3	imbalance
LTL331-3-R	chr10	45725054	45876012	3	imbalance
LTL331-3-R	chr10	46521947	46545364	3	imbalance
LTL331-3-R	chr10	46550977	46573281	3	imbalance
LTL331-3-R	chr10	47381327	47401262	3	imbalance
LTL331-3-R	chr10	48836241	48876995	3	imbalance
LTL331-3-R	chr10	50757002	60120565	3	imbalance
LTL331-3-R	chr10	60155945	73854936	3	imbalance
LTL331-3-R	chr10	75012457	75112597	3	imbalance
LTL331-3-R	chr10	75406896	77661278	3	imbalance
LTL331-3-R	chr10	77663418	79513450	3	imbalance
LTL331-3-R	chr10	79716571	80152051	3	imbalance
LTL331-3-R	chr10	80283739	82653452	3	imbalance
LTL331-3-R	chr10	84109600	84353669	0	hom_low
LTL331-3-R	chr10	94703281	96872372	1	hom_high
LTL331-3-R	chr10	125608150	125905760	3	imbalance
LTL331-3-R	chr10	133625957	133655799	3	imbalance
LTL331-3-R	chr11	214437	355251	3	imbalance
LTL331-3-R	chr11	13490994	15557367	1	hom_high
LTL331-3-R	chr11	21163976	29567587	1	hom_high
LTL331-3-R	chr11	31276267	33529376	1	hom_high
LTL331-3-R	chr11	36468196	38559129	1	hom_high
LTL331-3-R	chr11	39755935	42300986	1	hom_high
LTL331-3-R	chr11	54539501	54553511	3	imbalance
LTL331-3-R	chr11	56636818	56651268	3	imbalance
LTL331-3-R	chr11	59051625	59171619	3	imbalance
LTL331-3-R	chr11	61925553	62124439	3	imbalance
LTL331-3-R	chr11	71663881	71993923	3	imbalance
LTL331-3-R	chr11	72023769	72218522	3	imbalance
LTL331-3-R	chr11	72254187	72464822	3	imbalance
LTL331-3-R	chr11	72573468	72760191	0	hom_low
LTL331-3-R	chr11	73023063	73139534	3	imbalance
LTL331-3-R	chr11	74375832	74440253	3	imbalance
LTL331-3-R	chr11	75359417	75417723	3	imbalance
LTL331-3-R	chr11	76459140	76532284	3	imbalance
LTL331-3-R	chr11	77064730	77218991	0	hom_low
LTL331-3-R	chr11	94918259	94955204	3	imbalance
LTL331-3-R	chr11	96732526	96751705	3	imbalance
LTL331-3-R	chr11	102211134	102297803	3	imbalance
LTL331-3-R	chr11	107253540	107290312	3	imbalance
LTL331-3-R	chr11	111006092	111031109	3	imbalance
LTL331-3-R	chr11	112173542	112212212	3	imbalance
LTL331-3-R	chr11	114286071	114328748	3	imbalance
LTL331-3-R	chr11	115216682	115642698	3	imbalance
LTL331-3-R	chr11	117815185	117892543	3	imbalance
LTL331-3-R	chr11	119811827	119917133	3	imbalance
LTL331-3-R	chr11	131042588	131064273	3	imbalance
LTL331-3-R	chr12	58176	58734	3	imbalance
LTL331-3-R	chr12	2050068	2124794	3	imbalance
LTL331-3-R	chr12	2204048	2340949	3	imbalance
LTL331-3-R	chr12	7267371	7303224	3	imbalance
LTL331-3-R	chr12	8214780	8301228	3	imbalance
LTL331-3-R	chr12	11036061	11039380	3	imbalance
LTL331-3-R	chr12	11065637	11069557	3	imbalance
LTL331-3-R	chr12	18090278	18115468	3	imbalance
LTL331-3-R	chr12	19503553	19516292	3	imbalance
LTL331-3-R	chr12	19705908	19718034	3	imbalance
LTL331-3-R	chr12	21535364	21666720	3	imbalance
LTL331-3-R	chr12	22985364	23076509	3	imbalance
LTL331-3-R	chr12	30923984	31020625	3	imbalance
LTL331-3-R	chr12	32930802	32945755	3	imbalance
LTL331-3-R	chr12	37994434	38008633	3	imbalance
LTL331-3-R	chr12	40476243	40492277	0	hom_low
LTL331-3-R	chr12	42850546	42862309	3	imbalance
LTL331-3-R	chr12	45774669	45831534	3	imbalance
LTL331-3-R	chr12	47915895	48041603	3	imbalance
LTL331-3-R	chr12	48302089	48361903	3	imbalance
LTL331-3-R	chr12	48546509	48555810	3	imbalance
LTL331-3-R	chr12	49806059	49858764	3	imbalance
LTL331-3-R	chr12	51927372	51963691	3	imbalance
LTL331-3-R	chr12	53871702	53876481	3	imbalance
LTL331-3-R	chr12	58021993	58029933	3	imbalance
LTL331-3-R	chr12	58107969	58126515	3	imbalance
LTL331-3-R	chr12	58965936	58986157	3	imbalance
LTL331-3-R	chr12	67739008	67800621	3	imbalance
LTL331-3-R	chr12	78606285	78608433	3	imbalance
LTL331-3-R	chr12	81875046	81911843	3	imbalance
LTL331-3-R	chr12	83020789	83023285	3	imbalance
LTL331-3-R	chr12	85658776	85680073	3	imbalance
LTL331-3-R	chr12	85752951	85757182	3	imbalance
LTL331-3-R	chr12	85913461	85928369	3	imbalance
LTL331-3-R	chr12	95592376	95658847	3	imbalance
LTL331-3-R	chr12	96189749	96245199	3	imbalance
LTL331-3-R	chr12	97930424	97946006	3	imbalance
LTL331-3-R	chr12	102583263	102593785	3	imbalance
LTL331-3-R	chr12	103875146	103880473	3	imbalance
LTL331-3-R	chr12	106077611	106139205	3	imbalance
LTL331-3-R	chr12	114085598	114195944	3	imbalance
LTL331-3-R	chr12	117996572	118099405	3	imbalance
LTL331-3-R	chr12	124635417	124693739	3	imbalance
LTL331-3-R	chr12	125337254	125571680	3	imbalance
LTL331-3-R	chr12	128395848	128581894	3	imbalance
LTL331-3-R	chr12	130132243	130228070	3	imbalance
LTL331-3-R	chr13	34425240	39358109	1	hom_high
LTL331-3-R	chr13	52951837	55854786	1	hom_high
LTL331-3-R	chr13	59660969	63035411	1	hom_high
LTL331-3-R	chr13	63072674	66178091	1	hom_high
LTL331-3-R	chr13	67924468	72521367	1	hom_high
LTL331-3-R	chr13	72592051	75457549	1	hom_high
LTL331-3-R	chr13	75556717	78836415	1	hom_high
LTL331-3-R	chr13	80078926	83601181	1	hom_high
LTL331-3-R	chr13	83689373	88089322	1	hom_high
LTL331-3-R	chr13	88164721	93039772	1	hom_high
LTL331-3-R	chr13	93105002	96493738	1	hom_high
LTL331-3-R	chr13	99984632	102289960	1	hom_high
LTL331-3-R	chr13	102355049	104519354	1	hom_high
LTL331-3-R	chr14	18650701	19157549	3	imbalance
LTL331-3-R	chr14	21601658	21659356	3	imbalance
LTL331-3-R	chr14	22578713	22602467	3	imbalance
LTL331-3-R	chr14	23631081	23671589	3	imbalance
LTL331-3-R	chr14	29693378	29721339	3	imbalance
LTL331-3-R	chr14	40374302	40381355	3	imbalance
LTL331-3-R	chr14	51712430	51738865	3	imbalance
LTL331-3-R	chr14	52160590	52171586	3	imbalance
LTL331-3-R	chr14	59386531	59418409	3	imbalance
LTL331-3-R	chr14	62325819	62327200	3	imbalance
LTL331-3-R	chr14	74510865	74649159	3	imbalance
LTL331-3-R	chr14	75495851	75725439	3	imbalance
LTL331-3-R	chr14	77715787	77780846	3	imbalance
LTL331-3-R	chr14	79179949	79189579	3	imbalance
LTL331-3-R	chr14	82320386	82419463	3	imbalance
LTL331-3-R	chr14	83745327	83764575	3	imbalance
LTL331-3-R	chr14	84146017	84201216	3	imbalance
LTL331-3-R	chr14	90587476	90611221	3	imbalance
LTL331-3-R	chr14	94013374	94063618	3	imbalance
LTL331-3-R	chr14	95553174	95640214	3	imbalance
LTL331-3-R	chr14	98793110	98796675	3	imbalance
LTL331-3-R	chr14	99086836	99115259	3	imbalance
LTL331-3-R	chr14	99507818	99724689	3	imbalance
LTL331-3-R	chr14	100593933	100634691	3	imbalance
LTL331-3-R	chr14	100809548	100911372	3	imbalance
LTL331-3-R	chr14	103169810	103388158	3	imbalance
LTL331-3-R	chr14	103552060	103692459	3	imbalance
LTL331-3-R	chr14	104437552	104602556	3	imbalance
LTL331-3-R	chr14	105585849	105778620	3	imbalance
LTL331-3-R	chr14	106328539	106387855	3	imbalance
LTL331-3-R	chr14	106714758	106779210	3	imbalance
LTL331-3-R	chr15	19000000	20107288	0	hom_low
LTL331-3-R	chr15	20260546	20300380	3	imbalance
LTL331-3-R	chr15	20307235	20338967	3	imbalance
LTL331-3-R	chr15	20343662	20743024	3	imbalance
LTL331-3-R	chr15	21191707	21288837	3	imbalance
LTL331-3-R	chr15	21292648	22280407	3	imbalance
LTL331-3-R	chr15	25406565	25500390	3	imbalance
LTL331-3-R	chr15	26919765	27004984	3	imbalance
LTL331-3-R	chr15	27497376	27523491	3	imbalance
LTL331-3-R	chr15	28147124	28785621	3	imbalance
LTL331-3-R	chr15	31618526	31621215	3	imbalance
LTL331-3-R	chr15	31694288	31742243	3	imbalance
LTL331-3-R	chr15	33207038	33228135	3	imbalance
LTL331-3-R	chr15	34304960	34604857	3	imbalance
LTL331-3-R	chr15	47003488	47134497	3	imbalance
LTL331-3-R	chr15	52124323	52213132	3	imbalance
LTL331-3-R	chr15	52424152	52473840	3	imbalance
LTL331-3-R	chr15	57565897	57939152	3	imbalance
LTL331-3-R	chr15	63639517	63677330	3	imbalance
LTL331-3-R	chr15	63964849	64052768	3	imbalance
LTL331-3-R	chr15	67203207	67244194	3	imbalance
LTL331-3-R	chr15	68470712	68542661	3	imbalance
LTL331-3-R	chr15	75238993	75479034	3	imbalance
LTL331-3-R	chr15	77524443	77668458	0	hom_low
LTL331-3-R	chr15	78689110	78732470	3	imbalance
LTL331-3-R	chr15	80206012	80356479	3	imbalance
LTL331-3-R	chr15	81334659	81563327	3	imbalance
LTL331-3-R	chr16	1795732	1825652	3	imbalance
LTL331-3-R	chr16	4392858	4678245	3	imbalance
LTL331-3-R	chr16	8407480	8421572	3	imbalance
LTL331-3-R	chr16	12595937	12596736	3	imbalance
LTL331-3-R	chr16	14991321	15060541	3	imbalance
LTL331-3-R	chr16	21527476	21581754	3	imbalance
LTL331-3-R	chr16	22290973	22697695	3	imbalance
LTL331-3-R	chr16	25791503	25814800	3	imbalance
LTL331-3-R	chr16	32817328	32855772	3	imbalance
LTL331-3-R	chr16	33713600	33734903	3	imbalance
LTL331-3-R	chr16	33974946	34165866	0	hom_low
LTL331-3-R	chr16	34165866	34179295	3	imbalance
LTL331-3-R	chr16	35152751	35501203	3	imbalance
LTL331-3-R	chr16	46381513	46610275	3	imbalance
LTL331-3-R	chr16	69968144	70161895	3	imbalance
LTL331-3-R	chr16	71446399	72081098	3	imbalance
LTL331-3-R	chr16	74423010	74558486	3	imbalance
LTL331-3-R	chr16	77285751	80480488	1	hom_high
LTL331-3-R	chr16	90048381	90106671	3	imbalance
LTL331-3-R	chr17	1777843	1812035	3	imbalance
LTL331-3-R	chr17	4495818	4600048	3	imbalance
LTL331-3-R	chr17	13657741	13700424	3	imbalance
LTL331-3-R	chr17	14284241	14350252	3	imbalance
LTL331-3-R	chr17	14659557	14660712	3	imbalance
LTL331-3-R	chr17	15909159	15985156	3	imbalance
LTL331-3-R	chr17	18133525	18224498	3	imbalance
LTL331-3-R	chr17	19417168	19615715	3	imbalance
LTL331-3-R	chr17	20854672	20878166	3	imbalance
LTL331-3-R	chr17	21287417	21397219	3	imbalance
LTL331-3-R	chr17	21397219	21425802	0	hom_low
LTL331-3-R	chr17	21425802	21481801	3	imbalance
LTL331-3-R	chr17	21557730	21711858	0	hom_low
LTL331-3-R	chr17	21859164	22043177	3	imbalance
LTL331-3-R	chr17	26885117	26974343	3	imbalance
LTL331-3-R	chr17	26976128	27010487	3	imbalance
LTL331-3-R	chr17	38486306	38529755	3	imbalance
LTL331-3-R	chr17	38700362	38925447	3	imbalance
LTL331-3-R	chr17	40877362	40936729	3	imbalance
LTL331-3-R	chr17	45035355	45297280	3	imbalance
LTL331-3-R	chr17	47316072	47360624	3	imbalance
LTL331-3-R	chr17	49368312	49598772	3	imbalance
LTL331-3-R	chr17	50044185	50213132	0	hom_low
LTL331-3-R	chr17	50643770	50719694	3	imbalance
LTL331-3-R	chr17	52862300	52862952	3	imbalance
LTL331-3-R	chr17	53558600	53583081	3	imbalance
LTL331-3-R	chr17	58384616	58508246	3	imbalance
LTL331-3-R	chr17	62176428	62260692	3	imbalance
LTL331-3-R	chr17	64083050	64113277	3	imbalance
LTL331-3-R	chr17	64804308	64943140	3	imbalance
LTL331-3-R	chr17	69599159	69620310	3	imbalance
LTL331-3-R	chr18	5273185	5299555	3	imbalance
LTL331-3-R	chr18	8730791	8788461	3	imbalance
LTL331-3-R	chr18	8862353	8886626	3	imbalance
LTL331-3-R	chr18	9409066	9412931	3	imbalance
LTL331-3-R	chr18	11975271	12107197	3	imbalance
LTL331-3-R	chr18	15253845	15410668	3	imbalance
LTL331-3-R	chr18	22296055	22336983	3	imbalance
LTL331-3-R	chr18	30330819	30340702	3	imbalance
LTL331-3-R	chr18	32925475	33184091	3	imbalance
LTL331-3-R	chr18	33341765	33569502	3	imbalance
LTL331-3-R	chr18	35493746	35529286	3	imbalance
LTL331-3-R	chr18	36007960	38486397	1	hom_high
LTL331-3-R	chr18	38542645	41436057	1	hom_high
LTL331-3-R	chr18	41530511	43868953	1	hom_high
LTL331-3-R	chr18	51775406	57012468	1	hom_high
LTL331-3-R	chr18	62296266	70025847	1	hom_high
LTL331-3-R	chr18	71036321	73658165	1	hom_high
LTL331-3-R	chr18	76156568	80373285	1	hom_high
LTL331-3-R	chr19	444991	1110658	3	imbalance
LTL331-3-R	chr19	1297307	1697606	3	imbalance
LTL331-3-R	chr19	7938432	8104895	3	imbalance
LTL331-3-R	chr19	12279016	12365700	3	imbalance
LTL331-3-R	chr19	16623968	16859719	3	imbalance
LTL331-3-R	chr19	17719572	17846597	3	imbalance
LTL331-3-R	chr19	20606371	20711373	3	imbalance
LTL331-3-R	chr19	21465416	21498853	3	imbalance
LTL331-3-R	chr19	21601003	21618236	3	imbalance
LTL331-3-R	chr19	23224643	23299090	3	imbalance
LTL331-3-R	chr19	24341685	24347279	3	imbalance
LTL331-3-R	chr19	27307323	27359081	3	imbalance
LTL331-3-R	chr19	27359463	27360390	3	imbalance
LTL331-3-R	chr19	27362075	27369807	3	imbalance
LTL331-3-R	chr19	27375923	27379599	3	imbalance
LTL331-3-R	chr19	27381446	27391802	3	imbalance
LTL331-3-R	chr19	27393078	27463769	3	imbalance
LTL331-3-R	chr19	28906177	28981351	3	imbalance
LTL331-3-R	chr19	35375205	35407840	3	imbalance
LTL331-3-R	chr19	36980685	36992092	3	imbalance
LTL331-3-R	chr19	38736717	38753354	3	imbalance
LTL331-3-R	chr19	42670871	42844348	3	imbalance
LTL331-3-R	chr19	47085691	47351285	3	imbalance
LTL331-3-R	chr19	50618481	50727417	3	imbalance
LTL331-3-R	chr19	52264999	52491872	3	imbalance
LTL331-3-R	chr19	53388787	53515062	3	imbalance
LTL331-3-R	chr19	54223800	54237932	3	imbalance
LTL331-3-R	chr19	55970422	56002869	3	imbalance
LTL331-3-R	chr19	56613133	56874063	3	imbalance
LTL331-3-R	chr20	5078623	5097608	3	imbalance
LTL331-3-R	chr20	9663359	9677328	3	imbalance
LTL331-3-R	chr20	19653790	19700142	3	imbalance
LTL331-3-R	chr20	25847970	25881452	3	imbalance
LTL331-3-R	chr20	26056516	26099305	3	imbalance
LTL331-3-R	chr20	26139744	26167175	3	imbalance
LTL331-3-R	chr20	30176118	30216836	3	imbalance
LTL331-3-R	chr20	30250524	30274161	3	imbalance
LTL331-3-R	chr20	30369328	30392911	3	imbalance
LTL331-3-R	chr20	30409254	30554462	3	imbalance
LTL331-3-R	chr20	33262239	33354201	3	imbalance
LTL331-3-R	chr20	33705566	33850891	3	imbalance
LTL331-3-R	chr20	33963515	34273389	3	imbalance
LTL331-3-R	chr20	40694318	40745257	3	imbalance
LTL331-3-R	chr20	40802238	40968997	3	imbalance
LTL331-3-R	chr20	41922676	42388501	3	imbalance
LTL331-3-R	chr20	43250690	44324416	3	imbalance
LTL331-3-R	chr20	46109813	46379469	3	imbalance
LTL331-3-R	chr20	50677145	50810480	3	imbalance
LTL331-3-R	chr20	56802267	56920746	3	imbalance
LTL331-3-R	chr20	57931622	57995658	3	imbalance
LTL331-3-R	chr20	58690593	58825125	3	imbalance
LTL331-3-R	chr20	60245741	60308440	3	imbalance
LTL331-3-R	chr20	61870948	61952802	3	imbalance
LTL331-3-R	chr21	8524751	9000555	3	imbalance
LTL331-3-R	chr21	9015604	9852375	3	imbalance
LTL331-3-R	chr21	9931490	10016361	3	imbalance
LTL331-3-R	chr21	10136204	10395396	3	imbalance
LTL331-3-R	chr21	10395396	10405273	0	hom_low
LTL331-3-R	chr21	10411986	10442389	3	imbalance
LTL331-3-R	chr21	10444876	10485256	3	imbalance
LTL331-3-R	chr21	10490872	10631196	3	imbalance
LTL331-3-R	chr21	10631196	10739575	0	hom_low
LTL331-3-R	chr21	10739575	10746975	3	imbalance
LTL331-3-R	chr21	10749706	10767426	3	imbalance
LTL331-3-R	chr21	10779386	13224567	3	imbalance
LTL331-3-R	chr21	13863508	13879944	3	imbalance
LTL331-3-R	chr21	14258373	14266692	3	imbalance
LTL331-3-R	chr21	16634317	16637604	3	imbalance
LTL331-3-R	chr21	18432073	18445805	3	imbalance
LTL331-3-R	chr21	30813140	30826011	3	imbalance
LTL331-3-R	chr21	42421468	42461351	3	imbalance
LTL331-3-R	chr22	16380760	16435057	3	imbalance
LTL331-3-R	chr22	17173945	17606391	3	imbalance
LTL331-3-R	chr22	22599066	22628969	3	imbalance
LTL331-3-R	chr22	22878252	22959371	3	imbalance
LTL331-3-R	chr22	23346904	23348182	3	imbalance
LTL331-3-R	chr22	23951223	24009814	3	imbalance
LTL331-3-R	chr22	27366671	27405536	3	imbalance
LTL331-3-R	chr22	33192471	33278210	3	imbalance
LTL331-3-R	chr22	41194913	41370431	3	imbalance
LTL331-3-R	chr22	48761834	48774959	3	imbalance
LTL331-3-R	chr22	50533155	50557417	3	imbalance
LTL331-5_12wk	chr1	3609067	3746387	3	imbalance
LTL331-5_12wk	chr1	13142136	13397513	3	imbalance
LTL331-5_12wk	chr1	16511727	16951785	3	imbalance
LTL331-5_12wk	chr1	46840639	47016964	3	imbalance
LTL331-5_12wk	chr1	65467914	65553538	3	imbalance
LTL331-5_12wk	chr1	143748243	147072143	3	imbalance
LTL331-5_12wk	chr1	161285948	161829818	3	imbalance
LTL331-5_12wk	chr1	164165152	164179953	3	imbalance
LTL331-5_12wk	chr1	182287633	182401209	3	imbalance
LTL331-5_12wk	chr1	192531213	192596731	3	imbalance
LTL331-5_12wk	chr1	234776671	234826022	3	imbalance
LTL331-5_12wk	chr1	248260583	248340464	3	imbalance
LTL331-5_12wk	chr2	8929510	9168359	3	imbalance
LTL331-5_12wk	chr2	37731364	37836481	3	imbalance
LTL331-5_12wk	chr2	46956594	47269986	3	imbalance
LTL331-5_12wk	chr2	64911980	64962113	3	imbalance
LTL331-5_12wk	chr2	68375610	68379927	3	imbalance
LTL331-5_12wk	chr2	88691368	88785261	3	imbalance
LTL331-5_12wk	chr2	90380555	90401571	3	imbalance
LTL331-5_12wk	chr2	91446285	92227814	3	imbalance
LTL331-5_12wk	chr2	95945119	97067680	3	imbalance
LTL331-5_12wk	chr2	118922965	118984560	3	imbalance
LTL331-5_12wk	chr2	132033085	132365386	3	imbalance
LTL331-5_12wk	chr2	160568738	161362174	3	imbalance
LTL331-5_12wk	chr2	217073058	217288961	3	imbalance
LTL331-5_12wk	chr2	235760434	235770251	3	imbalance
LTL331-5_12wk	chr2	241476544	241590922	3	imbalance
LTL331-5_12wk	chr2	242001439	242193529	3	imbalance
LTL331-5_12wk	chr3	1420973	1687857	3	imbalance
LTL331-5_12wk	chr3	6047216	6465766	3	imbalance
LTL331-5_12wk	chr3	65143900	65421665	3	imbalance
LTL331-5_12wk	chr3	68505305	68601566	3	imbalance
LTL331-5_12wk	chr3	75645726	75648542	3	imbalance
LTL331-5_12wk	chr3	75686536	75702037	3	imbalance
LTL331-5_12wk	chr3	75705349	75749865	3	imbalance
LTL331-5_12wk	chr3	84225120	84646342	3	imbalance
LTL331-5_12wk	chr3	94484336	94494761	3	imbalance
LTL331-5_12wk	chr3	98172123	98196983	3	imbalance
LTL331-5_12wk	chr3	103289030	103437350	3	imbalance
LTL331-5_12wk	chr3	114880656	115099977	3	imbalance
LTL331-5_12wk	chr3	149987124	150132643	3	imbalance
LTL331-5_12wk	chr3	164417938	164492499	3	imbalance
LTL331-5_12wk	chr3	195699801	195826303	3	imbalance
LTL331-5_12wk	chr4	0	555184	3	imbalance
LTL331-5_12wk	chr4	2370713	2381953	3	imbalance
LTL331-5_12wk	chr4	49092175	49126439	3	imbalance
LTL331-5_12wk	chr4	49127011	49260083	3	imbalance
LTL331-5_12wk	chr4	49312191	49624782	3	imbalance
LTL331-5_12wk	chr4	49646821	50000000	3	imbalance
LTL331-5_12wk	chr4	57214397	57251986	3	imbalance
LTL331-5_12wk	chr4	61087890	61168753	3	imbalance
LTL331-5_12wk	chr4	71536564	71872563	3	imbalance
LTL331-5_12wk	chr4	73866435	74338902	3	imbalance
LTL331-5_12wk	chr4	76884586	76983753	3	imbalance
LTL331-5_12wk	chr4	83228399	83250408	3	imbalance
LTL331-5_12wk	chr4	83869753	84149204	3	imbalance
LTL331-5_12wk	chr4	98080579	98098672	3	imbalance
LTL331-5_12wk	chr4	100983356	101144047	3	imbalance
LTL331-5_12wk	chr4	115975824	116121549	3	imbalance
LTL331-5_12wk	chr4	134559055	135194547	3	imbalance
LTL331-5_12wk	chr4	161445553	161602929	3	imbalance
LTL331-5_12wk	chr4	166829105	166949705	3	imbalance
LTL331-5_12wk	chr4	167798606	167909946	3	imbalance
LTL331-5_12wk	chr5	14672	112271	3	imbalance
LTL331-5_12wk	chr5	20653900	20841924	3	imbalance
LTL331-5_12wk	chr5	33071313	33161456	3	imbalance
LTL331-5_12wk	chr5	49666832	50884583	3	imbalance
LTL331-5_12wk	chr5	59421747	59817952	3	imbalance
LTL331-5_12wk	chr5	71585639	71732903	3	imbalance
LTL331-5_12wk	chr5	99801884	99851058	3	imbalance
LTL331-5_12wk	chr5	105381401	106235305	3	imbalance
LTL331-5_12wk	chr5	110073123	110135871	3	imbalance
LTL331-5_12wk	chr5	118653571	118701767	3	imbalance
LTL331-5_12wk	chr5	126013914	126169089	3	imbalance
LTL331-5_12wk	chr5	148244388	148318804	3	imbalance
LTL331-5_12wk	chr5	152293247	152485352	3	imbalance
LTL331-5_12wk	chr5	159879009	160348488	3	imbalance
LTL331-5_12wk	chr6	186602	416685	3	imbalance
LTL331-5_12wk	chr6	16122006	16350228	3	imbalance
LTL331-5_12wk	chr6	25084413	25109644	3	imbalance
LTL331-5_12wk	chr6	30417367	30426402	3	imbalance
LTL331-5_12wk	chr6	33055379	33123635	3	imbalance
LTL331-5_12wk	chr6	35734595	35817019	3	imbalance
LTL331-5_12wk	chr6	36947139	37042143	3	imbalance
LTL331-5_12wk	chr6	41411910	41486877	3	imbalance
LTL331-5_12wk	chr6	44196571	44288162	3	imbalance
LTL331-5_12wk	chr6	45885097	46394065	3	imbalance
LTL331-5_12wk	chr6	79727594	79837087	3	imbalance
LTL331-5_12wk	chr6	88332690	88501702	3	imbalance
LTL331-5_12wk	chr6	99268829	99546518	3	imbalance
LTL331-5_12wk	chr6	117893829	117922240	3	imbalance
LTL331-5_12wk	chr6	121378588	122252966	3	imbalance
LTL331-5_12wk	chr6	125269825	125405439	3	imbalance
LTL331-5_12wk	chr6	138059509	138689814	3	imbalance
LTL331-5_12wk	chr6	139253727	139705845	3	imbalance
LTL331-5_12wk	chr6	152672252	152790320	3	imbalance
LTL331-5_12wk	chr6	157707286	157709881	3	imbalance
LTL331-5_12wk	chr6	159775679	159937800	3	imbalance
LTL331-5_12wk	chr6	165817951	165944224	3	imbalance
LTL331-5_12wk	chr6	168595734	168701095	3	imbalance
LTL331-5_12wk	chr7	972726	1194883	3	imbalance
LTL331-5_12wk	chr7	20252415	20985037	3	imbalance
LTL331-5_12wk	chr7	34432832	34462086	3	imbalance
LTL331-5_12wk	chr7	49580693	49827867	3	imbalance
LTL331-5_12wk	chr7	50232392	50734550	3	imbalance
LTL331-5_12wk	chr7	87922500	88224619	3	imbalance
LTL331-5_12wk	chr7	89218001	89579486	3	imbalance
LTL331-5_12wk	chr7	100952243	100971851	3	imbalance
LTL331-5_12wk	chr7	101688158	102017782	3	imbalance
LTL331-5_12wk	chr7	109280857	109646349	3	imbalance
LTL331-5_12wk	chr7	134335877	134356922	3	imbalance
LTL331-5_12wk	chr7	144049785	144165534	3	imbalance
LTL331-5_12wk	chr7	152236769	152407457	3	imbalance
LTL331-5_12wk	chr8	11944011	12233517	3	imbalance
LTL331-5_12wk	chr8	12310426	13206180	3	imbalance
LTL331-5_12wk	chr8	32761045	33378293	3	imbalance
LTL331-5_12wk	chr8	35379585	35516739	3	imbalance
LTL331-5_12wk	chr8	35548727	40936600	3	imbalance
LTL331-5_12wk	chr8	46300275	47779885	3	imbalance
LTL331-5_12wk	chr8	47886573	52042080	3	imbalance
LTL331-5_12wk	chr8	52042837	53601258	3	imbalance
LTL331-5_12wk	chr8	53602769	82682587	3	imbalance
LTL331-5_12wk	chr8	82723848	85661721	3	imbalance
LTL331-5_12wk	chr8	85804716	115817177	3	imbalance
LTL331-5_12wk	chr8	115898087	119369461	3	imbalance
LTL331-5_12wk	chr8	119416546	129835619	3	imbalance
LTL331-5_12wk	chr8	129874798	132856944	3	imbalance
LTL331-5_12wk	chr8	132886236	138765918	3	imbalance
LTL331-5_12wk	chr8	138770738	139002289	3	imbalance
LTL331-5_12wk	chr8	139021008	145138636	3	imbalance
LTL331-5_12wk	chr9	346943	421332	3	imbalance
LTL331-5_12wk	chr9	1583429	1588374	3	imbalance
LTL331-5_12wk	chr9	4145297	4262804	3	imbalance
LTL331-5_12wk	chr9	7125180	7199408	3	imbalance
LTL331-5_12wk	chr9	40886107	41225636	3	imbalance
LTL331-5_12wk	chr9	41256630	41900082	3	imbalance
LTL331-5_12wk	chr9	41955885	43000000	3	imbalance
LTL331-5_12wk	chr9	62801547	67077165	3	imbalance
LTL331-5_12wk	chr9	67596963	68411802	3	imbalance
LTL331-5_12wk	chr9	75787061	75925734	3	imbalance
LTL331-5_12wk	chr9	79146200	79288233	3	imbalance
LTL331-5_12wk	chr9	87307615	87360486	3	imbalance
LTL331-5_12wk	chr9	104145663	104215360	3	imbalance
LTL331-5_12wk	chr10	5775070	5855400	3	imbalance
LTL331-5_12wk	chr10	32096533	32133121	3	imbalance
LTL331-5_12wk	chr10	38526776	38578692	3	imbalance
LTL331-5_12wk	chr10	38593234	38705305	3	imbalance
LTL331-5_12wk	chr10	41701197	42513891	3	imbalance
LTL331-5_12wk	chr10	45683989	46107386	3	imbalance
LTL331-5_12wk	chr10	46299618	46517235	3	imbalance
LTL331-5_12wk	chr10	46530507	46540751	3	imbalance
LTL331-5_12wk	chr10	50771953	54683482	3	imbalance
LTL331-5_12wk	chr10	54711437	58002800	3	imbalance
LTL331-5_12wk	chr10	58297554	61378089	3	imbalance
LTL331-5_12wk	chr10	61447096	84109600	3	imbalance
LTL331-5_12wk	chr10	125171042	125886620	3	imbalance
LTL331-5_12wk	chr10	125894110	127286351	3	imbalance
LTL331-5_12wk	chr11	1008456	1038464	0	hom_low
LTL331-5_12wk	chr11	98292263	98550674	3	imbalance
LTL331-5_12wk	chr11	124198264	124207282	3	imbalance
LTL331-5_12wk	chr11	129459245	129741905	3	imbalance
LTL331-5_12wk	chr11	134888345	134924972	3	imbalance
LTL331-5_12wk	chr12	0	190274	0	hom_low
LTL331-5_12wk	chr12	3005890	6761342	3	imbalance
LTL331-5_12wk	chr12	18007633	18109534	3	imbalance
LTL331-5_12wk	chr12	40481223	40487789	3	imbalance
LTL331-5_12wk	chr12	41946285	42013239	3	imbalance
LTL331-5_12wk	chr12	42555036	42853925	3	imbalance
LTL331-5_12wk	chr12	71310725	72780229	3	imbalance
LTL331-5_12wk	chr12	90450553	90667445	3	imbalance
LTL331-5_12wk	chr12	124749847	124927447	3	imbalance
LTL331-5_12wk	chr12	127294434	127494860	3	imbalance
LTL331-5_12wk	chr12	128842029	128988702	3	imbalance
LTL331-5_12wk	chr12	129144537	129259245	3	imbalance
LTL331-5_12wk	chr12	130004703	130250288	3	imbalance
LTL331-5_12wk	chr14	46751995	47112290	3	imbalance
LTL331-5_12wk	chr14	48904963	48995041	3	imbalance
LTL331-5_12wk	chr14	52178227	52194897	3	imbalance
LTL331-5_12wk	chr14	58999314	59223657	3	imbalance
LTL331-5_12wk	chr14	72265534	72282928	3	imbalance
LTL331-5_12wk	chr14	87360336	88290888	3	imbalance
LTL331-5_12wk	chr14	106294350	106349467	3	imbalance
LTL331-5_12wk	chr14	106638140	106717298	3	imbalance
LTL331-5_12wk	chr15	20236399	20457821	0	hom_low
LTL331-5_12wk	chr15	21085502	22421218	0	hom_low
LTL331-5_12wk	chr15	51573602	52210735	3	imbalance
LTL331-5_12wk	chr15	91235913	91313587	3	imbalance
LTL331-5_12wk	chr15	93405562	93509977	3	imbalance
LTL331-5_12wk	chr15	96868970	97234049	3	imbalance
LTL331-5_12wk	chr15	97830685	97917422	3	imbalance
LTL331-5_12wk	chr16	10520950	10993916	3	imbalance
LTL331-5_12wk	chr16	12580077	12588847	3	imbalance
LTL331-5_12wk	chr16	14564979	15311036	3	imbalance
LTL331-5_12wk	chr16	16884136	17113045	3	imbalance
LTL331-5_12wk	chr16	22381811	22668243	3	imbalance
LTL331-5_12wk	chr16	33613811	33618008	3	imbalance
LTL331-5_12wk	chr16	33623715	33741616	3	imbalance
LTL331-5_12wk	chr16	34131547	34575576	3	imbalance
LTL331-5_12wk	chr16	73684478	75082082	3	imbalance
LTL331-5_12wk	chr17	13067294	13132952	3	imbalance
LTL331-5_12wk	chr17	19214653	19890218	3	imbalance
LTL331-5_12wk	chr17	19974837	20490854	3	imbalance
LTL331-5_12wk	chr17	20558652	21294457	3	imbalance
LTL331-5_12wk	chr17	21304957	21393739	3	imbalance
LTL331-5_12wk	chr17	21403152	22150438	3	imbalance
LTL331-5_12wk	chr17	22168718	22755182	3	imbalance
LTL331-5_12wk	chr17	26847977	26975949	3	imbalance
LTL331-5_12wk	chr17	26983154	31695511	3	imbalance
LTL331-5_12wk	chr17	31714391	33632351	3	imbalance
LTL331-5_12wk	chr17	33661773	37958827	3	imbalance
LTL331-5_12wk	chr17	38067638	45380194	3	imbalance
LTL331-5_12wk	chr17	45579907	45581588	3	imbalance
LTL331-5_12wk	chr17	45584773	54570131	3	imbalance
LTL331-5_12wk	chr17	54573965	65074197	3	imbalance
LTL331-5_12wk	chr17	65190706	67259975	3	imbalance
LTL331-5_12wk	chr17	67286129	67430245	3	imbalance
LTL331-5_12wk	chr17	67502857	69095504	3	imbalance
LTL331-5_12wk	chr17	69133107	83257441	3	imbalance
LTL331-5_12wk	chr18	3359810	3795080	3	imbalance
LTL331-5_12wk	chr18	5232429	5303949	3	imbalance
LTL331-5_12wk	chr18	5909770	6014509	3	imbalance
LTL331-5_12wk	chr18	8627864	8648776	3	imbalance
LTL331-5_12wk	chr18	14996786	15410450	3	imbalance
LTL331-5_12wk	chr19	20650757	20745369	3	imbalance
LTL331-5_12wk	chr19	24404434	24530155	3	imbalance
LTL331-5_12wk	chr19	27338515	27394244	3	imbalance
LTL331-5_12wk	chr19	27394659	27399045	3	imbalance
LTL331-5_12wk	chr19	34625327	34715905	3	imbalance
LTL331-5_12wk	chr19	43069738	43108508	3	imbalance
LTL331-5_12wk	chr19	53386140	53508606	3	imbalance
LTL331-5_12wk	chr19	54229277	54304015	3	imbalance
LTL331-5_12wk	chr19	54661140	54870962	3	imbalance
LTL331-5_12wk	chr20	5517656	5712429	3	imbalance
LTL331-5_12wk	chr20	21013589	22782318	3	imbalance
LTL331-5_12wk	chr20	25252276	25409236	3	imbalance
LTL331-5_12wk	chr20	25964867	26325546	3	imbalance
LTL331-5_12wk	chr20	30327789	30408969	3	imbalance
LTL331-5_12wk	chr20	41242067	41428947	3	imbalance
LTL331-5_12wk	chr20	43248029	44320240	3	imbalance
LTL331-5_12wk	chr20	50494741	51271864	3	imbalance
LTL331-5_12wk	chr20	63731477	63819836	3	imbalance
LTL331-5_12wk	chr20	64075585	64444167	3	imbalance
LTL331-5_12wk	chr21	8992886	9847049	3	imbalance
LTL331-5_12wk	chr21	9923739	10401058	3	imbalance
LTL331-5_12wk	chr21	10417585	10454893	3	imbalance
LTL331-5_12wk	chr21	10456703	10460672	3	imbalance
LTL331-5_12wk	chr21	10463057	10928530	3	imbalance
LTL331-5_12wk	chr21	12000000	13328179	3	imbalance
LTL331-5_12wk	chr21	13833848	14105047	3	imbalance
LTL331-5_12wk	chr21	18502813	18510221	3	imbalance
LTL331-5_12wk	chr22	15000000	16184634	0	hom_low
LTL331-5_12wk	chr22	30930037	34569514	1	hom_high
LTL331-5_12wk	chr22	45006230	45728106	3	imbalance
LTL331-5_8wk	chr1	1934474	2944482	3	imbalance
LTL331-5_8wk	chr1	8163173	13799878	3	imbalance
LTL331-5_8wk	chr1	16515939	16942293	3	imbalance
LTL331-5_8wk	chr1	32521212	33628855	3	imbalance
LTL331-5_8wk	chr1	94634190	95092682	3	imbalance
LTL331-5_8wk	chr1	143267445	147058546	3	imbalance
LTL331-5_8wk	chr1	161587484	162633236	3	imbalance
LTL331-5_8wk	chr1	227493243	229200011	3	imbalance
LTL331-5_8wk	chr1	234753380	237324302	3	imbalance
LTL331-5_8wk	chr2	37022098	37830973	3	imbalance
LTL331-5_8wk	chr2	70676499	71150461	3	imbalance
LTL331-5_8wk	chr2	86427339	90387917	3	imbalance
LTL331-5_8wk	chr2	90388557	90401571	3	imbalance
LTL331-5_8wk	chr2	91574044	92227814	3	imbalance
LTL331-5_8wk	chr2	95426918	97067924	3	imbalance
LTL331-5_8wk	chr2	111052550	113982996	3	imbalance
LTL331-5_8wk	chr2	190798950	195026027	3	imbalance
LTL331-5_8wk	chr3	75706649	75728402	3	imbalance
LTL331-5_8wk	chr3	195782998	196063563	3	imbalance
LTL331-5_8wk	chr4	0	59379	3	imbalance
LTL331-5_8wk	chr4	64496	869744	3	imbalance
LTL331-5_8wk	chr4	7516255	9490566	3	imbalance
LTL331-5_8wk	chr4	47394206	49097323	3	imbalance
LTL331-5_8wk	chr4	49111386	49122808	3	imbalance
LTL331-5_8wk	chr4	49142454	49149757	3	imbalance
LTL331-5_8wk	chr4	49152868	49305147	3	imbalance
LTL331-5_8wk	chr4	49323121	49654584	3	imbalance
LTL331-5_8wk	chr4	67351212	69520501	3	imbalance
LTL331-5_8wk	chr5	14672	545530	3	imbalance
LTL331-5_8wk	chr5	44369233	46306908	3	imbalance
LTL331-5_8wk	chr6	298769	369574	3	imbalance
LTL331-5_8wk	chr6	86479156	88331460	3	imbalance
LTL331-5_8wk	chr6	167798577	168558978	3	imbalance
LTL331-5_8wk	chr7	473731	1887168	3	imbalance
LTL331-5_8wk	chr7	100662383	100990730	3	imbalance
LTL331-5_8wk	chr7	139842171	142060460	3	imbalance
LTL331-5_8wk	chr7	152402192	152407457	3	imbalance
LTL331-5_8wk	chr8	12335597	12930587	3	imbalance
LTL331-5_8wk	chr8	32761045	33378293	3	imbalance
LTL331-5_8wk	chr8	35376166	35516739	3	imbalance
LTL331-5_8wk	chr8	35545408	40940829	3	imbalance
LTL331-5_8wk	chr8	46485467	47779885	3	imbalance
LTL331-5_8wk	chr8	47886573	53606944	3	imbalance
LTL331-5_8wk	chr8	53609878	68519316	3	imbalance
LTL331-5_8wk	chr8	68555988	120333282	3	imbalance
LTL331-5_8wk	chr8	120375404	145138636	3	imbalance
LTL331-5_8wk	chr9	40891519	41225636	3	imbalance
LTL331-5_8wk	chr9	41267982	41902529	3	imbalance
LTL331-5_8wk	chr10	10812727	11642015	3	imbalance
LTL331-5_8wk	chr10	17729760	21094922	3	imbalance
LTL331-5_8wk	chr10	23928629	25064696	3	imbalance
LTL331-5_8wk	chr10	38526734	38792263	3	imbalance
LTL331-5_8wk	chr10	41849082	42723981	3	imbalance
LTL331-5_8wk	chr10	48899029	53084539	3	imbalance
LTL331-5_8wk	chr10	53150302	54680364	3	imbalance
LTL331-5_8wk	chr10	54711437	57990628	3	imbalance
LTL331-5_8wk	chr10	58408951	59101613	3	imbalance
LTL331-5_8wk	chr10	59264373	64114627	3	imbalance
LTL331-5_8wk	chr10	64315415	84109600	3	imbalance
LTL331-5_8wk	chr10	125673136	126740706	3	imbalance
LTL331-5_8wk	chr11	0	1288854	3	imbalance
LTL331-5_8wk	chr11	107767910	111037843	3	imbalance
LTL331-5_8wk	chr11	113185778	117809890	3	imbalance
LTL331-5_8wk	chr12	0	55144	3	imbalance
LTL331-5_8wk	chr12	58831	664688	3	imbalance
LTL331-5_8wk	chr14	87270766	88336307	3	imbalance
LTL331-5_8wk	chr14	105616347	106662488	3	imbalance
LTL331-5_8wk	chr15	20238005	20477898	0	hom_low
LTL331-5_8wk	chr16	20711972	22668914	3	imbalance
LTL331-5_8wk	chr16	33729605	33734188	3	imbalance
LTL331-5_8wk	chr16	33741527	34573688	3	imbalance
LTL331-5_8wk	chr16	46382342	46531205	0	hom_low
LTL331-5_8wk	chr16	69652887	71179004	3	imbalance
LTL331-5_8wk	chr16	73896374	75223873	3	imbalance
LTL331-5_8wk	chr17	19210718	20331503	3	imbalance
LTL331-5_8wk	chr17	20386175	21291747	3	imbalance
LTL331-5_8wk	chr17	21293058	21294812	3	imbalance
LTL331-5_8wk	chr17	21296622	21301994	3	imbalance
LTL331-5_8wk	chr17	21324507	21784613	3	imbalance
LTL331-5_8wk	chr17	22176965	22656970	3	imbalance
LTL331-5_8wk	chr17	26842580	26973244	3	imbalance
LTL331-5_8wk	chr17	27222290	34401236	3	imbalance
LTL331-5_8wk	chr17	34484096	45386990	3	imbalance
LTL331-5_8wk	chr17	45584124	79383414	3	imbalance
LTL331-5_8wk	chr17	79456419	83257441	3	imbalance
LTL331-5_8wk	chr18	32003874	36007960	3	imbalance
LTL331-5_8wk	chr19	27339317	27366910	3	imbalance
LTL331-5_8wk	chr19	27375991	27389951	3	imbalance
LTL331-5_8wk	chr19	27392967	27398752	3	imbalance
LTL331-5_8wk	chr19	53417642	53504562	3	imbalance
LTL331-5_8wk	chr19	54692649	56184771	3	imbalance
LTL331-5_8wk	chr20	5267924	9148853	3	imbalance
LTL331-5_8wk	chr20	29898818	30384292	3	imbalance
LTL331-5_8wk	chr20	31069473	31558873	3	imbalance
LTL331-5_8wk	chr20	43250690	44317470	3	imbalance
LTL331-5_8wk	chr20	62452581	64444167	3	imbalance
LTL331-5_8wk	chr21	8992395	9862819	3	imbalance
LTL331-5_8wk	chr21	10117370	10759877	3	imbalance
LTL331-5_8wk	chr21	10797332	10966444	3	imbalance
LTL331-5_8wk	chr21	12000000	17004918	3	imbalance
LTL331-7	chr10	38483000	38581177	3	imbalance
LTL331-7	chr10	41852792	50766216	3	imbalance
LTL331-7	chr10	64912984	84110824	3	imbalance
LTL331-7	chr21	10126303	10439041	3	imbalance
LTL331-7-R	chr1	1981217	1985535	3	imbalance
LTL331-7-R	chr1	14990745	15012885	3	imbalance
LTL331-7-R	chr1	16531634	16613977	3	imbalance
LTL331-7-R	chr1	16625668	16949242	3	imbalance
LTL331-7-R	chr1	22615878	22636276	3	imbalance
LTL331-7-R	chr1	30518957	30519972	3	imbalance
LTL331-7-R	chr1	30907437	31412234	3	imbalance
LTL331-7-R	chr1	44298288	44327574	3	imbalance
LTL331-7-R	chr1	44759869	44780044	3	imbalance
LTL331-7-R	chr1	57064134	57074928	3	imbalance
LTL331-7-R	chr1	58285416	58305982	3	imbalance
LTL331-7-R	chr1	62355751	62457990	3	imbalance
LTL331-7-R	chr1	67574852	67594863	3	imbalance
LTL331-7-R	chr1	69881179	69922411	3	imbalance
LTL331-7-R	chr1	79823701	79898003	3	imbalance
LTL331-7-R	chr1	81279243	81391026	3	imbalance
LTL331-7-R	chr1	89406993	89428864	3	imbalance
LTL331-7-R	chr1	91196276	91208282	3	imbalance
LTL331-7-R	chr1	99678263	99710446	3	imbalance
LTL331-7-R	chr1	117367024	117402594	3	imbalance
LTL331-7-R	chr1	118534492	118551218	3	imbalance
LTL331-7-R	chr1	143731401	144078360	3	imbalance
LTL331-7-R	chr1	147313844	147318407	3	imbalance
LTL331-7-R	chr1	152303984	152309136	3	imbalance
LTL331-7-R	chr1	152777054	152787618	3	imbalance
LTL331-7-R	chr1	157941365	157966403	3	imbalance
LTL331-7-R	chr1	161567026	161641691	3	imbalance
LTL331-7-R	chr1	177556286	177576795	3	imbalance
LTL331-7-R	chr1	181899747	181912363	3	imbalance
LTL331-7-R	chr1	186579605	186629705	3	imbalance
LTL331-7-R	chr1	187297842	187325870	3	imbalance
LTL331-7-R	chr1	187768332	187769453	3	imbalance
LTL331-7-R	chr1	189087111	189106673	3	imbalance
LTL331-7-R	chr1	190963016	191005516	3	imbalance
LTL331-7-R	chr1	197281765	197374399	3	imbalance
LTL331-7-R	chr1	199218752	199254913	3	imbalance
LTL331-7-R	chr1	205951835	206072869	3	imbalance
LTL331-7-R	chr1	209022588	209057666	3	imbalance
LTL331-7-R	chr1	212876326	212914547	3	imbalance
LTL331-7-R	chr1	227639754	227726304	3	imbalance
LTL331-7-R	chr1	229174577	229196615	3	imbalance
LTL331-7-R	chr1	230060316	230074270	3	imbalance
LTL331-7-R	chr1	231379887	231389312	3	imbalance
LTL331-7-R	chr1	231832150	231834376	3	imbalance
LTL331-7-R	chr1	232845585	232852652	3	imbalance
LTL331-7-R	chr1	234776671	234783348	3	imbalance
LTL331-7-R	chr1	241949595	241958366	3	imbalance
LTL331-7-R	chr1	244583798	244586104	3	imbalance
LTL331-7-R	chr1	246239643	246243481	3	imbalance
LTL331-7-R	chr1	246479644	246501613	3	imbalance
LTL331-7-R	chr1	248431729	248445518	3	imbalance
LTL331-7-R	chr2	1356550	1362785	3	imbalance
LTL331-7-R	chr2	7005994	7018197	3	imbalance
LTL331-7-R	chr2	11495004	11515247	3	imbalance
LTL331-7-R	chr2	18499445	18511715	3	imbalance
LTL331-7-R	chr2	20291847	20348925	3	imbalance
LTL331-7-R	chr2	21172661	21241185	3	imbalance
LTL331-7-R	chr2	37712701	37784669	3	imbalance
LTL331-7-R	chr2	38081041	38085666	3	imbalance
LTL331-7-R	chr2	45584513	45622786	3	imbalance
LTL331-7-R	chr2	45691968	45704328	3	imbalance
LTL331-7-R	chr2	51299812	51316248	3	imbalance
LTL331-7-R	chr2	56553693	56562546	3	imbalance
LTL331-7-R	chr2	62419613	62435584	3	imbalance
LTL331-7-R	chr2	72919334	72983050	3	imbalance
LTL331-7-R	chr2	76011104	76023936	3	imbalance
LTL331-7-R	chr2	79044245	79056128	3	imbalance
LTL331-7-R	chr2	80686538	80694036	3	imbalance
LTL331-7-R	chr2	87351871	87431146	3	imbalance
LTL331-7-R	chr2	88773598	88784066	3	imbalance
LTL331-7-R	chr2	89818038	90345715	3	imbalance
LTL331-7-R	chr2	90381322	90401571	3	imbalance
LTL331-7-R	chr2	91446285	91811352	3	imbalance
LTL331-7-R	chr2	93900000	95993855	3	imbalance
LTL331-7-R	chr2	103625330	103679676	3	imbalance
LTL331-7-R	chr2	112263597	112324289	3	imbalance
LTL331-7-R	chr2	113891896	113965737	3	imbalance
LTL331-7-R	chr2	115577789	115775932	3	imbalance
LTL331-7-R	chr2	127074798	127076880	3	imbalance
LTL331-7-R	chr2	129067573	129108772	3	imbalance
LTL331-7-R	chr2	132252129	132314993	3	imbalance
LTL331-7-R	chr2	153386405	153466492	3	imbalance
LTL331-7-R	chr2	155570985	155620473	3	imbalance
LTL331-7-R	chr2	158435952	158504750	3	imbalance
LTL331-7-R	chr2	164463221	164467029	3	imbalance
LTL331-7-R	chr2	167737957	167772221	3	imbalance
LTL331-7-R	chr2	168816982	168835629	3	imbalance
LTL331-7-R	chr2	179069836	179076414	3	imbalance
LTL331-7-R	chr2	181094731	181125438	3	imbalance
LTL331-7-R	chr2	192485786	192605795	3	imbalance
LTL331-7-R	chr2	196292505	196303427	3	imbalance
LTL331-7-R	chr2	215333145	215345047	3	imbalance
LTL331-7-R	chr2	221361452	221422281	3	imbalance
LTL331-7-R	chr2	223109178	223110860	3	imbalance
LTL331-7-R	chr2	224979575	225217991	3	imbalance
LTL331-7-R	chr2	233712140	233718383	3	imbalance
LTL331-7-R	chr2	233818069	233838694	3	imbalance
LTL331-7-R	chr2	234734060	234763412	3	imbalance
LTL331-7-R	chr2	237631663	237633083	3	imbalance
LTL331-7-R	chr2	240655153	240691249	3	imbalance
LTL331-7-R	chr2	240846272	240850913	3	imbalance
LTL331-7-R	chr2	241976979	241988193	3	imbalance
LTL331-7-R	chr3	579188	607572	3	imbalance
LTL331-7-R	chr3	2534348	2605705	3	imbalance
LTL331-7-R	chr3	4709035	4715249	3	imbalance
LTL331-7-R	chr3	8432372	8465405	3	imbalance
LTL331-7-R	chr3	11593905	11596632	3	imbalance
LTL331-7-R	chr3	20092783	20116835	3	imbalance
LTL331-7-R	chr3	34067823	34182924	3	imbalance
LTL331-7-R	chr3	56218792	56271999	3	imbalance
LTL331-7-R	chr3	57470266	57477254	3	imbalance
LTL331-7-R	chr3	68170710	68254398	3	imbalance
LTL331-7-R	chr3	69475435	69482833	3	imbalance
LTL331-7-R	chr3	74091174	74192871	3	imbalance
LTL331-7-R	chr3	75349290	75368733	3	imbalance
LTL331-7-R	chr3	75470628	75475303	3	imbalance
LTL331-7-R	chr3	75643516	75696260	3	imbalance
LTL331-7-R	chr3	75703097	75719106	3	imbalance
LTL331-7-R	chr3	75724776	75809902	3	imbalance
LTL331-7-R	chr3	77291764	77427048	3	imbalance
LTL331-7-R	chr3	98787180	98859065	3	imbalance
LTL331-7-R	chr3	99025835	99034271	3	imbalance
LTL331-7-R	chr3	101248557	101288392	3	imbalance
LTL331-7-R	chr3	101939634	101999239	3	imbalance
LTL331-7-R	chr3	102266659	102411899	3	imbalance
LTL331-7-R	chr3	104834057	105039608	3	imbalance
LTL331-7-R	chr3	105617846	105662575	3	imbalance
LTL331-7-R	chr3	105814693	106175223	3	imbalance
LTL331-7-R	chr3	108895528	108913595	3	imbalance
LTL331-7-R	chr3	110001846	110039953	3	imbalance
LTL331-7-R	chr3	112885941	113018482	3	imbalance
LTL331-7-R	chr3	114940119	115144606	3	imbalance
LTL331-7-R	chr3	117440453	117465126	3	imbalance
LTL331-7-R	chr3	118888617	119059224	3	imbalance
LTL331-7-R	chr3	125012434	125044734	3	imbalance
LTL331-7-R	chr3	125641049	125648338	3	imbalance
LTL331-7-R	chr3	125794556	125821541	3	imbalance
LTL331-7-R	chr3	126393793	126410681	3	imbalance
LTL331-7-R	chr3	129464125	129479601	3	imbalance
LTL331-7-R	chr3	130081401	130090843	3	imbalance
LTL331-7-R	chr3	131919245	131951007	3	imbalance
LTL331-7-R	chr3	133599356	133676160	3	imbalance
LTL331-7-R	chr3	134212397	134307552	3	imbalance
LTL331-7-R	chr3	134587354	134600388	3	imbalance
LTL331-7-R	chr3	142308453	142387776	3	imbalance
LTL331-7-R	chr3	143485132	143542161	3	imbalance
LTL331-7-R	chr3	146900399	146942689	3	imbalance
LTL331-7-R	chr3	155565530	155619931	3	imbalance
LTL331-7-R	chr3	157220515	157254612	3	imbalance
LTL331-7-R	chr3	157803853	157873252	3	imbalance
LTL331-7-R	chr3	162101566	162151876	3	imbalance
LTL331-7-R	chr3	162988810	163042482	3	imbalance
LTL331-7-R	chr3	163176638	163219606	3	imbalance
LTL331-7-R	chr3	164353108	164402502	3	imbalance
LTL331-7-R	chr3	166324851	166369249	3	imbalance
LTL331-7-R	chr3	166501901	166552444	3	imbalance
LTL331-7-R	chr3	170049837	170415800	3	imbalance
LTL331-7-R	chr3	176305600	176379683	3	imbalance
LTL331-7-R	chr3	180919775	180981500	3	imbalance
LTL331-7-R	chr3	185203777	185376292	3	imbalance
LTL331-7-R	chr3	185978768	186147085	3	imbalance
LTL331-7-R	chr3	186818584	186908339	3	imbalance
LTL331-7-R	chr3	189893988	189932251	3	imbalance
LTL331-7-R	chr3	189976953	190052823	3	imbalance
LTL331-7-R	chr3	194484697	194520218	3	imbalance
LTL331-7-R	chr3	195506201	195508480	3	imbalance
LTL331-7-R	chr3	195588215	195680626	3	imbalance
LTL331-7-R	chr3	195764601	195788352	3	imbalance
LTL331-7-R	chr4	0	59379	3	imbalance
LTL331-7-R	chr4	64082	555473	3	imbalance
LTL331-7-R	chr4	3557512	3569228	3	imbalance
LTL331-7-R	chr4	4162075	4168662	3	imbalance
LTL331-7-R	chr4	4174115	4179145	3	imbalance
LTL331-7-R	chr4	7398055	7432855	3	imbalance
LTL331-7-R	chr4	7917912	7927988	3	imbalance
LTL331-7-R	chr4	8921736	9257119	3	imbalance
LTL331-7-R	chr4	10711296	10726526	3	imbalance
LTL331-7-R	chr4	11501463	11506565	3	imbalance
LTL331-7-R	chr4	11656828	11659050	3	imbalance
LTL331-7-R	chr4	12672973	12681740	3	imbalance
LTL331-7-R	chr4	18330996	18418546	3	imbalance
LTL331-7-R	chr4	23606290	23609177	3	imbalance
LTL331-7-R	chr4	29243927	29321789	3	imbalance
LTL331-7-R	chr4	32325518	32327831	3	imbalance
LTL331-7-R	chr4	34570412	34674578	3	imbalance
LTL331-7-R	chr4	37001168	37008339	3	imbalance
LTL331-7-R	chr4	47265812	47357262	3	imbalance
LTL331-7-R	chr4	49103073	49149949	3	imbalance
LTL331-7-R	chr4	49159743	49277623	3	imbalance
LTL331-7-R	chr4	49322945	49515105	3	imbalance
LTL331-7-R	chr4	49528876	49560792	3	imbalance
LTL331-7-R	chr4	49604573	49641462	3	imbalance
LTL331-7-R	chr4	49649837	50000000	3	imbalance
LTL331-7-R	chr4	57181754	57245372	3	imbalance
LTL331-7-R	chr4	57989023	57991762	3	imbalance
LTL331-7-R	chr4	74380702	74412930	3	imbalance
LTL331-7-R	chr4	75309959	75580990	3	imbalance
LTL331-7-R	chr4	78271627	78325947	3	imbalance
LTL331-7-R	chr4	87747561	87755583	3	imbalance
LTL331-7-R	chr4	88977750	88995015	3	imbalance
LTL331-7-R	chr4	104610456	104622561	3	imbalance
LTL331-7-R	chr4	110260355	110276362	3	imbalance
LTL331-7-R	chr4	112803447	112836321	3	imbalance
LTL331-7-R	chr4	115523587	115528003	3	imbalance
LTL331-7-R	chr4	119349727	119360814	3	imbalance
LTL331-7-R	chr4	119405055	119441276	3	imbalance
LTL331-7-R	chr4	130923103	131005691	3	imbalance
LTL331-7-R	chr4	131722392	131765235	3	imbalance
LTL331-7-R	chr4	136428168	136449398	3	imbalance
LTL331-7-R	chr4	140997582	141003457	3	imbalance
LTL331-7-R	chr4	142995483	143122996	3	imbalance
LTL331-7-R	chr4	149381943	149454616	3	imbalance
LTL331-7-R	chr4	151551356	151606523	3	imbalance
LTL331-7-R	chr4	152950699	152967278	3	imbalance
LTL331-7-R	chr4	154359381	154373014	3	imbalance
LTL331-7-R	chr4	158467015	158479228	3	imbalance
LTL331-7-R	chr4	159446383	159473508	3	imbalance
LTL331-7-R	chr4	162408988	162417854	3	imbalance
LTL331-7-R	chr4	165137636	165140679	3	imbalance
LTL331-7-R	chr4	166717996	166726458	3	imbalance
LTL331-7-R	chr4	167910730	168056031	3	imbalance
LTL331-7-R	chr4	171650652	171663660	3	imbalance
LTL331-7-R	chr4	183403235	183404348	3	imbalance
LTL331-7-R	chr4	186891119	186891371	3	imbalance
LTL331-7-R	chr4	189733892	189767713	3	imbalance
LTL331-7-R	chr4	189847483	189849815	3	imbalance
LTL331-7-R	chr4	189985118	190012605	3	imbalance
LTL331-7-R	chr5	2013408	2015432	3	imbalance
LTL331-7-R	chr5	2787157	2806678	3	imbalance
LTL331-7-R	chr5	3985873	3996350	3	imbalance
LTL331-7-R	chr5	6023069	6028616	3	imbalance
LTL331-7-R	chr5	9429554	9481877	3	imbalance
LTL331-7-R	chr5	20824339	20835307	3	imbalance
LTL331-7-R	chr5	25939123	26032596	3	imbalance
LTL331-7-R	chr5	31370912	31379678	3	imbalance
LTL331-7-R	chr5	38310051	38329179	3	imbalance
LTL331-7-R	chr5	53705759	53732444	3	imbalance
LTL331-7-R	chr5	56330163	56404397	3	imbalance
LTL331-7-R	chr5	66861452	66864758	3	imbalance
LTL331-7-R	chr5	67811405	67819031	3	imbalance
LTL331-7-R	chr5	68319801	68350071	3	imbalance
LTL331-7-R	chr5	74526817	74548783	3	imbalance
LTL331-7-R	chr5	78064476	78123995	3	imbalance
LTL331-7-R	chr5	78865819	78922797	3	imbalance
LTL331-7-R	chr5	84016879	84096074	3	imbalance
LTL331-7-R	chr5	94439502	94672018	3	imbalance
LTL331-7-R	chr5	114934635	114941841	3	imbalance
LTL331-7-R	chr5	115377478	115383418	3	imbalance
LTL331-7-R	chr5	116481169	116545264	3	imbalance
LTL331-7-R	chr5	124615613	124630778	3	imbalance
LTL331-7-R	chr5	127567261	127739302	3	imbalance
LTL331-7-R	chr5	129217283	129614353	3	imbalance
LTL331-7-R	chr5	131133845	131145021	3	imbalance
LTL331-7-R	chr5	143479873	143528032	3	imbalance
LTL331-7-R	chr5	144469714	144734698	3	imbalance
LTL331-7-R	chr5	149914117	150004309	3	imbalance
LTL331-7-R	chr5	150316373	150384291	3	imbalance
LTL331-7-R	chr5	152069215	152120939	3	imbalance
LTL331-7-R	chr5	152299064	152300037	3	imbalance
LTL331-7-R	chr5	154119907	154186563	3	imbalance
LTL331-7-R	chr5	159683128	159694009	3	imbalance
LTL331-7-R	chr5	166265949	166296099	3	imbalance
LTL331-7-R	chr5	168162037	168182407	3	imbalance
LTL331-7-R	chr5	169814498	169831598	3	imbalance
LTL331-7-R	chr5	170604264	170645769	3	imbalance
LTL331-7-R	chr5	174284217	174316220	3	imbalance
LTL331-7-R	chr5	177755129	177941162	3	imbalance
LTL331-7-R	chr6	362239	370906	3	imbalance
LTL331-7-R	chr6	372829	382548	3	imbalance
LTL331-7-R	chr6	972172	1005578	3	imbalance
LTL331-7-R	chr6	3016379	3028169	3	imbalance
LTL331-7-R	chr6	4154052	7046077	1	hom_high
LTL331-7-R	chr6	11588014	11978795	3	imbalance
LTL331-7-R	chr6	30807343	30814393	3	imbalance
LTL331-7-R	chr6	31252589	31253497	3	imbalance
LTL331-7-R	chr6	31281196	31297844	3	imbalance
LTL331-7-R	chr6	31324164	31352693	3	imbalance
LTL331-7-R	chr6	31370240	31374536	3	imbalance
LTL331-7-R	chr6	31394005	31394910	3	imbalance
LTL331-7-R	chr6	32479630	32480237	3	imbalance
LTL331-7-R	chr6	32617392	32638410	3	imbalance
LTL331-7-R	chr6	33054543	33055540	3	imbalance
LTL331-7-R	chr6	33110705	33120691	3	imbalance
LTL331-7-R	chr6	35751930	35799505	3	imbalance
LTL331-7-R	chr6	36942340	36961399	3	imbalance
LTL331-7-R	chr6	37036029	37043383	3	imbalance
LTL331-7-R	chr6	39073887	39107434	3	imbalance
LTL331-7-R	chr6	42027397	42032835	3	imbalance
LTL331-7-R	chr6	45576599	45602110	3	imbalance
LTL331-7-R	chr6	57891791	57998354	3	imbalance
LTL331-7-R	chr6	64694667	64712235	3	imbalance
LTL331-7-R	chr6	71687455	71751344	3	imbalance
LTL331-7-R	chr6	72464413	72499453	3	imbalance
LTL331-7-R	chr6	73242383	73268687	3	imbalance
LTL331-7-R	chr6	76216669	76238749	3	imbalance
LTL331-7-R	chr6	76489106	76617230	3	imbalance
LTL331-7-R	chr6	81101506	81114247	3	imbalance
LTL331-7-R	chr6	85213038	85213656	3	imbalance
LTL331-7-R	chr6	90503857	90542601	3	imbalance
LTL331-7-R	chr6	115855418	115918842	3	imbalance
LTL331-7-R	chr6	117893717	117924866	3	imbalance
LTL331-7-R	chr6	120821993	120865311	3	imbalance
LTL331-7-R	chr6	126836692	126851957	3	imbalance
LTL331-7-R	chr6	146010594	146038728	3	imbalance
LTL331-7-R	chr6	160844998	160852301	3	imbalance
LTL331-7-R	chr6	162530610	162552440	3	imbalance
LTL331-7-R	chr6	164259712	164371614	3	imbalance
LTL331-7-R	chr6	166304104	166326072	3	imbalance
LTL331-7-R	chr6	167221348	167240877	3	imbalance
LTL331-7-R	chr7	1919149	1936420	3	imbalance
LTL331-7-R	chr7	2449201	2463022	3	imbalance
LTL331-7-R	chr7	2674095	2678787	3	imbalance
LTL331-7-R	chr7	3154342	3166463	3	imbalance
LTL331-7-R	chr7	3284048	3287682	3	imbalance
LTL331-7-R	chr7	4177231	4268334	3	imbalance
LTL331-7-R	chr7	6985939	6991512	3	imbalance
LTL331-7-R	chr7	32082723	32093332	3	imbalance
LTL331-7-R	chr7	32229818	32237436	3	imbalance
LTL331-7-R	chr7	37891372	37917995	3	imbalance
LTL331-7-R	chr7	46911234	46940745	3	imbalance
LTL331-7-R	chr7	48072219	48115061	3	imbalance
LTL331-7-R	chr7	52792775	52821749	3	imbalance
LTL331-7-R	chr7	53123327	53152416	3	imbalance
LTL331-7-R	chr7	57037277	57132561	3	imbalance
LTL331-7-R	chr7	57305781	57459474	3	imbalance
LTL331-7-R	chr7	62191805	62295352	3	imbalance
LTL331-7-R	chr7	62336410	62357972	3	imbalance
LTL331-7-R	chr7	63302201	63571157	3	imbalance
LTL331-7-R	chr7	70847786	70853178	3	imbalance
LTL331-7-R	chr7	74874653	75461110	3	imbalance
LTL331-7-R	chr7	84003450	84094318	3	imbalance
LTL331-7-R	chr7	88046315	88105408	3	imbalance
LTL331-7-R	chr7	95482410	95537915	3	imbalance
LTL331-7-R	chr7	95823602	95961972	3	imbalance
LTL331-7-R	chr7	100952333	100959595	3	imbalance
LTL331-7-R	chr7	100960468	100975213	3	imbalance
LTL331-7-R	chr7	101366264	101368492	3	imbalance
LTL331-7-R	chr7	124077685	124135396	3	imbalance
LTL331-7-R	chr7	131329206	131442402	3	imbalance
LTL331-7-R	chr7	139476499	139685855	3	imbalance
LTL331-7-R	chr7	142060101	142195636	3	imbalance
LTL331-7-R	chr7	147967335	148006591	3	imbalance
LTL331-7-R	chr7	152166323	152433507	3	imbalance
LTL331-7-R	chr7	152536635	152566639	3	imbalance
LTL331-7-R	chr7	152607144	152631037	3	imbalance
LTL331-7-R	chr7	157934796	157938859	3	imbalance
LTL331-7-R	chr7	158055990	158060776	3	imbalance
LTL331-7-R	chr7	158328521	158342541	3	imbalance
LTL331-7-R	chr7	158453874	158469703	3	imbalance
LTL331-7-R	chr8	3918228	4052536	0	hom_low
LTL331-7-R	chr8	7020153	8194927	3	imbalance
LTL331-7-R	chr8	12451224	12732501	3	imbalance
LTL331-7-R	chr8	32761045	33328808	3	imbalance
LTL331-7-R	chr8	35376166	35516739	3	imbalance
LTL331-7-R	chr8	35545408	40940829	3	imbalance
LTL331-7-R	chr8	46300275	47019356	3	imbalance
LTL331-7-R	chr8	47358526	49420314	3	imbalance
LTL331-7-R	chr8	49435843	50813936	3	imbalance
LTL331-7-R	chr8	50871096	54777979	3	imbalance
LTL331-7-R	chr8	54837927	55012190	3	imbalance
LTL331-7-R	chr8	55050051	56389308	3	imbalance
LTL331-7-R	chr8	56472648	57202209	3	imbalance
LTL331-7-R	chr8	57220848	61841838	3	imbalance
LTL331-7-R	chr8	62452667	62798628	3	imbalance
LTL331-7-R	chr8	62801842	63937146	3	imbalance
LTL331-7-R	chr8	64082318	66547366	3	imbalance
LTL331-7-R	chr8	66609971	67010695	3	imbalance
LTL331-7-R	chr8	67305944	75715218	3	imbalance
LTL331-7-R	chr8	75788204	76361989	3	imbalance
LTL331-7-R	chr8	76365477	82362020	3	imbalance
LTL331-7-R	chr8	82378789	86855599	3	imbalance
LTL331-7-R	chr8	86999306	87361052	3	imbalance
LTL331-7-R	chr8	87427130	89669128	3	imbalance
LTL331-7-R	chr8	89674878	90948611	3	imbalance
LTL331-7-R	chr8	91026550	92411546	3	imbalance
LTL331-7-R	chr8	92420265	97799836	3	imbalance
LTL331-7-R	chr8	97802659	101266494	3	imbalance
LTL331-7-R	chr8	101305420	110187667	3	imbalance
LTL331-7-R	chr8	110429879	110811431	3	imbalance
LTL331-7-R	chr8	110812562	110961077	3	imbalance
LTL331-7-R	chr8	111105065	114539602	3	imbalance
LTL331-7-R	chr8	114846216	120997697	3	imbalance
LTL331-7-R	chr8	121030313	123779107	3	imbalance
LTL331-7-R	chr8	123818399	123930258	3	imbalance
LTL331-7-R	chr8	123930912	126483403	3	imbalance
LTL331-7-R	chr8	126483657	130407907	3	imbalance
LTL331-7-R	chr8	130409982	132743266	3	imbalance
LTL331-7-R	chr8	132746386	133028547	3	imbalance
LTL331-7-R	chr8	133031274	133800273	3	imbalance
LTL331-7-R	chr8	133826297	134738235	3	imbalance
LTL331-7-R	chr8	134831007	140833157	3	imbalance
LTL331-7-R	chr8	140939286	145071107	3	imbalance
LTL331-7-R	chr9	0	98115	3	imbalance
LTL331-7-R	chr9	1583954	1588040	3	imbalance
LTL331-7-R	chr9	2269206	2277852	3	imbalance
LTL331-7-R	chr9	4262327	4271940	3	imbalance
LTL331-7-R	chr9	9202192	9235432	3	imbalance
LTL331-7-R	chr9	17607443	17623452	3	imbalance
LTL331-7-R	chr9	17771852	17777456	3	imbalance
LTL331-7-R	chr9	18481641	18526950	3	imbalance
LTL331-7-R	chr9	19035009	19042580	3	imbalance
LTL331-7-R	chr9	20003455	20019845	3	imbalance
LTL331-7-R	chr9	29075575	29085340	3	imbalance
LTL331-7-R	chr9	31358500	31381285	3	imbalance
LTL331-7-R	chr9	32986328	33014065	3	imbalance
LTL331-7-R	chr9	40888455	40922286	3	imbalance
LTL331-7-R	chr9	40924089	41435054	3	imbalance
LTL331-7-R	chr9	41598243	41866678	3	imbalance
LTL331-7-R	chr9	42219534	42438769	3	imbalance
LTL331-7-R	chr9	61981120	65688528	3	imbalance
LTL331-7-R	chr9	69477025	69490619	3	imbalance
LTL331-7-R	chr9	73488060	73704806	3	imbalance
LTL331-7-R	chr9	80557100	80575596	3	imbalance
LTL331-7-R	chr9	80652303	80663097	3	imbalance
LTL331-7-R	chr9	86980597	87071655	3	imbalance
LTL331-7-R	chr9	94606453	94645521	3	imbalance
LTL331-7-R	chr9	95846483	95916534	3	imbalance
LTL331-7-R	chr9	102993019	103026865	3	imbalance
LTL331-7-R	chr9	113387089	113472663	3	imbalance
LTL331-7-R	chr9	116826787	116830186	3	imbalance
LTL331-7-R	chr9	122510193	122563811	3	imbalance
LTL331-7-R	chr9	131551672	131576390	3	imbalance
LTL331-7-R	chr9	135441315	135448395	3	imbalance
LTL331-7-R	chr9	135547779	135605779	3	imbalance
LTL331-7-R	chr10	245760	272036	3	imbalance
LTL331-7-R	chr10	2915267	2926985	3	imbalance
LTL331-7-R	chr10	5164177	5185997	3	imbalance
LTL331-7-R	chr10	5605672	5614706	3	imbalance
LTL331-7-R	chr10	6971188	6985046	3	imbalance
LTL331-7-R	chr10	13266693	13301881	3	imbalance
LTL331-7-R	chr10	13869035	13931879	3	imbalance
LTL331-7-R	chr10	14467893	14605958	3	imbalance
LTL331-7-R	chr10	18593558	18640061	3	imbalance
LTL331-7-R	chr10	19410268	19445051	3	imbalance
LTL331-7-R	chr10	25725943	25797723	3	imbalance
LTL331-7-R	chr10	25903842	25929319	3	imbalance
LTL331-7-R	chr10	28738164	28744074	3	imbalance
LTL331-7-R	chr10	31520339	31669330	3	imbalance
LTL331-7-R	chr10	38526802	38529587	3	imbalance
LTL331-7-R	chr10	38696255	38703287	3	imbalance
LTL331-7-R	chr10	38828592	38833590	3	imbalance
LTL331-7-R	chr10	41701197	42285076	3	imbalance
LTL331-7-R	chr10	43708386	43724393	3	imbalance
LTL331-7-R	chr10	45725289	45876012	3	imbalance
LTL331-7-R	chr10	45981442	46161518	3	imbalance
LTL331-7-R	chr10	46270715	46273653	3	imbalance
LTL331-7-R	chr10	46530764	46542111	3	imbalance
LTL331-7-R	chr10	50768581	57775793	3	imbalance
LTL331-7-R	chr10	57848940	58168877	3	imbalance
LTL331-7-R	chr10	58402991	72482403	3	imbalance
LTL331-7-R	chr10	73495102	79643116	3	imbalance
LTL331-7-R	chr10	79832431	81399848	3	imbalance
LTL331-7-R	chr10	81942865	84392124	3	imbalance
LTL331-7-R	chr10	107663502	110872708	1	hom_high
LTL331-7-R	chr10	118061597	120524136	1	hom_high
LTL331-7-R	chr10	123064397	123255369	3	imbalance
LTL331-7-R	chr10	125298152	125527887	0	hom_low
LTL331-7-R	chr10	125763369	125955061	3	imbalance
LTL331-7-R	chr10	133648677	133660823	3	imbalance
LTL331-7-R	chr11	1016600	1821790	3	imbalance
LTL331-7-R	chr11	7134015	9356758	1	hom_high
LTL331-7-R	chr11	14712155	17082109	1	hom_high
LTL331-7-R	chr11	18048153	20132750	1	hom_high
LTL331-7-R	chr11	24335755	24843229	0	hom_low
LTL331-7-R	chr11	37364859	41500703	1	hom_high
LTL331-7-R	chr11	56366432	56416661	3	imbalance
LTL331-7-R	chr11	56700837	56703820	3	imbalance
LTL331-7-R	chr11	66570143	66576295	3	imbalance
LTL331-7-R	chr11	75847864	76047214	3	imbalance
LTL331-7-R	chr11	78158100	78181552	3	imbalance
LTL331-7-R	chr11	81540672	81560384	3	imbalance
LTL331-7-R	chr11	87497701	87498579	3	imbalance
LTL331-7-R	chr11	93709838	93771188	3	imbalance
LTL331-7-R	chr11	94349543	94353018	3	imbalance
LTL331-7-R	chr11	97428746	97540646	3	imbalance
LTL331-7-R	chr11	98146105	98187208	3	imbalance
LTL331-7-R	chr11	98384443	98463328	3	imbalance
LTL331-7-R	chr11	118679146	118686644	3	imbalance
LTL331-7-R	chr11	118746428	118794715	3	imbalance
LTL331-7-R	chr11	119010139	119040534	3	imbalance
LTL331-7-R	chr11	119658509	119677951	3	imbalance
LTL331-7-R	chr11	121230495	121329429	3	imbalance
LTL331-7-R	chr11	123280193	123286491	3	imbalance
LTL331-7-R	chr11	124170298	124184608	3	imbalance
LTL331-7-R	chr11	126728078	126729640	3	imbalance
LTL331-7-R	chr12	59837	79633	3	imbalance
LTL331-7-R	chr12	3290470	3329196	3	imbalance
LTL331-7-R	chr12	15392074	15453702	3	imbalance
LTL331-7-R	chr12	18096900	18256372	3	imbalance
LTL331-7-R	chr12	19733832	19775218	3	imbalance
LTL331-7-R	chr12	25693610	25879332	3	imbalance
LTL331-7-R	chr12	29504360	29520498	3	imbalance
LTL331-7-R	chr12	29961073	30056123	3	imbalance
LTL331-7-R	chr12	30274603	30277685	3	imbalance
LTL331-7-R	chr12	34292142	34304909	3	imbalance
LTL331-7-R	chr12	34425937	34436164	3	imbalance
LTL331-7-R	chr12	40477713	40486654	3	imbalance
LTL331-7-R	chr12	40489094	40490565	3	imbalance
LTL331-7-R	chr12	41229920	41558911	3	imbalance
LTL331-7-R	chr12	47782578	47800286	3	imbalance
LTL331-7-R	chr12	48145447	48211075	3	imbalance
LTL331-7-R	chr12	57259376	57398227	3	imbalance
LTL331-7-R	chr12	58453034	58462227	3	imbalance
LTL331-7-R	chr12	95603551	95641220	3	imbalance
LTL331-7-R	chr12	97215706	97281116	3	imbalance
LTL331-7-R	chr12	101889192	101907310	3	imbalance
LTL331-7-R	chr12	107309667	107334379	3	imbalance
LTL331-7-R	chr12	112883229	112911442	3	imbalance
LTL331-7-R	chr12	119039691	119071390	3	imbalance
LTL331-7-R	chr12	123616647	123625508	3	imbalance
LTL331-7-R	chr12	126488324	126512838	3	imbalance
LTL331-7-R	chr12	127301175	127312699	3	imbalance
LTL331-7-R	chr12	128638888	128639789	3	imbalance
LTL331-7-R	chr12	131472085	131492882	3	imbalance
LTL331-7-R	chr13	21249783	21309323	0	hom_low
LTL331-7-R	chr13	22899804	23201679	3	imbalance
LTL331-7-R	chr13	32073907	32199892	0	hom_low
LTL331-7-R	chr13	33363295	33728481	0	hom_low
LTL331-7-R	chr13	39766274	43047215	1	hom_high
LTL331-7-R	chr13	43958341	44461841	3	imbalance
LTL331-7-R	chr13	62181524	65582494	0	hom_low
LTL331-7-R	chr13	80225322	82966234	1	hom_high
LTL331-7-R	chr13	85949246	88128682	1	hom_high
LTL331-7-R	chr13	93744537	96712795	1	hom_high
LTL331-7-R	chr13	108198931	110889606	1	hom_high
LTL331-7-R	chr13	110921159	112276851	3	imbalance
LTL331-7-R	chr14	18240857	19160366	3	imbalance
LTL331-7-R	chr14	19169519	19242368	3	imbalance
LTL331-7-R	chr14	19396317	19732862	3	imbalance
LTL331-7-R	chr14	33115469	33139689	3	imbalance
LTL331-7-R	chr14	33199024	33268951	3	imbalance
LTL331-7-R	chr14	33308534	33337326	3	imbalance
LTL331-7-R	chr14	46934691	47112319	3	imbalance
LTL331-7-R	chr14	52184516	52196100	3	imbalance
LTL331-7-R	chr14	61981131	62039101	3	imbalance
LTL331-7-R	chr14	62637178	62667815	3	imbalance
LTL331-7-R	chr14	76456762	76461024	3	imbalance
LTL331-7-R	chr14	91403941	91409826	3	imbalance
LTL331-7-R	chr14	98131704	98217303	3	imbalance
LTL331-7-R	chr14	98675486	98699831	3	imbalance
LTL331-7-R	chr14	106326863	106375722	3	imbalance
LTL331-7-R	chr15	19000000	20755400	3	imbalance
LTL331-7-R	chr15	21191707	21268761	3	imbalance
LTL331-7-R	chr15	21275149	22295745	3	imbalance
LTL331-7-R	chr15	25966525	25991595	3	imbalance
LTL331-7-R	chr15	27651231	27663298	3	imbalance
LTL331-7-R	chr15	32693515	32747413	3	imbalance
LTL331-7-R	chr15	49548469	49559738	3	imbalance
LTL331-7-R	chr15	52520713	52527347	3	imbalance
LTL331-7-R	chr15	53577190	53593254	3	imbalance
LTL331-7-R	chr15	55884248	55957323	3	imbalance
LTL331-7-R	chr15	59432047	59524163	3	imbalance
LTL331-7-R	chr15	62063024	62081141	3	imbalance
LTL331-7-R	chr15	79510700	79513579	3	imbalance
LTL331-7-R	chr15	83861312	83874140	3	imbalance
LTL331-7-R	chr15	91775427	91896004	3	imbalance
LTL331-7-R	chr15	93349759	93382768	3	imbalance
LTL331-7-R	chr15	99905646	99931133	3	imbalance
LTL331-7-R	chr15	100268921	100280636	3	imbalance
LTL331-7-R	chr16	1797736	1801011	3	imbalance
LTL331-7-R	chr16	12595599	12596382	3	imbalance
LTL331-7-R	chr16	14617317	15040354	3	imbalance
LTL331-7-R	chr16	18999712	19010734	3	imbalance
LTL331-7-R	chr16	20504358	20592065	3	imbalance
LTL331-7-R	chr16	21512180	21577709	3	imbalance
LTL331-7-R	chr16	22532629	22718685	3	imbalance
LTL331-7-R	chr16	29127811	29133330	3	imbalance
LTL331-7-R	chr16	32456149	33530925	3	imbalance
LTL331-7-R	chr16	33715096	33741423	3	imbalance
LTL331-7-R	chr16	33745522	33804790	3	imbalance
LTL331-7-R	chr16	46381513	46567889	0	hom_low
LTL331-7-R	chr16	55597493	56108982	3	imbalance
LTL331-7-R	chr16	70106801	70496985	3	imbalance
LTL331-7-R	chr16	71787063	72378426	3	imbalance
LTL331-7-R	chr16	74360742	74470737	3	imbalance
LTL331-7-R	chr16	76837967	87363420	1	hom_high
LTL331-7-R	chr16	87409553	90046462	1	hom_high
LTL331-7-R	chr16	90046462	90092450	0	hom_low
LTL331-7-R	chr17	2004994	2018205	3	imbalance
LTL331-7-R	chr17	4959350	5139005	3	imbalance
LTL331-7-R	chr17	16714750	16835764	3	imbalance
LTL331-7-R	chr17	21292094	21296084	3	imbalance
LTL331-7-R	chr17	21297612	21299009	3	imbalance
LTL331-7-R	chr17	21304313	21350584	3	imbalance
LTL331-7-R	chr17	21401686	21468078	3	imbalance
LTL331-7-R	chr17	21854073	22053306	3	imbalance
LTL331-7-R	chr17	26779049	26993493	3	imbalance
LTL331-7-R	chr17	33614366	33623955	3	imbalance
LTL331-7-R	chr17	33962511	33979982	3	imbalance
LTL331-7-R	chr17	36136225	36646816	3	imbalance
LTL331-7-R	chr17	37851978	37865042	3	imbalance
LTL331-7-R	chr17	41471772	41472977	3	imbalance
LTL331-7-R	chr17	41893889	41914480	3	imbalance
LTL331-7-R	chr17	42552932	42569624	3	imbalance
LTL331-7-R	chr17	44728480	44773922	3	imbalance
LTL331-7-R	chr17	50216563	50253372	3	imbalance
LTL331-7-R	chr17	51019289	51127889	3	imbalance
LTL331-7-R	chr17	52655924	52667649	3	imbalance
LTL331-7-R	chr17	69586836	69617328	3	imbalance
LTL331-7-R	chr17	75571609	75576124	3	imbalance
LTL331-7-R	chr17	83095238	83104194	3	imbalance
LTL331-7-R	chr18	0	80504	3	imbalance
LTL331-7-R	chr18	312610	314814	3	imbalance
LTL331-7-R	chr18	2284128	2298208	3	imbalance
LTL331-7-R	chr18	7136497	7167098	3	imbalance
LTL331-7-R	chr18	15006592	15410450	3	imbalance
LTL331-7-R	chr18	26936823	27044461	3	imbalance
LTL331-7-R	chr18	29148080	29237651	3	imbalance
LTL331-7-R	chr18	42190301	44373657	1	hom_high
LTL331-7-R	chr18	52016451	54675428	1	hom_high
LTL331-7-R	chr18	54675428	56311772	0	hom_low
LTL331-7-R	chr18	56421774	61423987	1	hom_high
LTL331-7-R	chr18	62322553	65728798	1	hom_high
LTL331-7-R	chr18	77959441	80373285	3	imbalance
LTL331-7-R	chr19	383847	534102	3	imbalance
LTL331-7-R	chr19	1516425	1525639	3	imbalance
LTL331-7-R	chr19	2676591	2678753	3	imbalance
LTL331-7-R	chr19	3739422	3769065	3	imbalance
LTL331-7-R	chr19	4834830	5005378	3	imbalance
LTL331-7-R	chr19	10583325	10706179	3	imbalance
LTL331-7-R	chr19	11136667	11156954	3	imbalance
LTL331-7-R	chr19	12661142	12891502	3	imbalance
LTL331-7-R	chr19	20432565	20435425	3	imbalance
LTL331-7-R	chr19	20578154	20580284	3	imbalance
LTL331-7-R	chr19	22165990	22227145	3	imbalance
LTL331-7-R	chr19	22672312	22678432	3	imbalance
LTL331-7-R	chr19	22827749	22878356	3	imbalance
LTL331-7-R	chr19	23009243	23019220	3	imbalance
LTL331-7-R	chr19	23352053	23395325	3	imbalance
LTL331-7-R	chr19	23478522	23512072	3	imbalance
LTL331-7-R	chr19	23872869	23881294	3	imbalance
LTL331-7-R	chr19	27339597	27371016	3	imbalance
LTL331-7-R	chr19	27376248	27391802	3	imbalance
LTL331-7-R	chr19	27392862	27468683	3	imbalance
LTL331-7-R	chr19	30611436	30713932	3	imbalance
LTL331-7-R	chr19	34173385	34223688	3	imbalance
LTL331-7-R	chr19	35204075	35205451	3	imbalance
LTL331-7-R	chr19	37194872	37270060	3	imbalance
LTL331-7-R	chr19	43674381	43686045	3	imbalance
LTL331-7-R	chr19	49015253	49023511	3	imbalance
LTL331-7-R	chr19	50586232	50610130	3	imbalance
LTL331-7-R	chr19	51882173	51885262	3	imbalance
LTL331-7-R	chr19	52289979	52362141	3	imbalance
LTL331-7-R	chr19	52630848	52632457	3	imbalance
LTL331-7-R	chr19	53363289	53371235	3	imbalance
LTL331-7-R	chr19	53384015	53437092	3	imbalance
LTL331-7-R	chr19	53438601	53515062	3	imbalance
LTL331-7-R	chr19	54213348	54239125	3	imbalance
LTL331-7-R	chr19	54762660	54784385	3	imbalance
LTL331-7-R	chr19	54810638	54818441	3	imbalance
LTL331-7-R	chr19	54936318	54963298	3	imbalance
LTL331-7-R	chr19	55006036	55013889	3	imbalance
LTL331-7-R	chr19	55988504	55994067	3	imbalance
LTL331-7-R	chr19	57908142	57916770	3	imbalance
LTL331-7-R	chr20	3866052	3945865	3	imbalance
LTL331-7-R	chr20	5684004	5719677	3	imbalance
LTL331-7-R	chr20	6266414	6481331	3	imbalance
LTL331-7-R	chr20	8119274	8186895	3	imbalance
LTL331-7-R	chr20	18523159	18534046	3	imbalance
LTL331-7-R	chr20	26160458	26168124	3	imbalance
LTL331-7-R	chr20	30351612	30362986	3	imbalance
LTL331-7-R	chr20	30377776	30482199	3	imbalance
LTL331-7-R	chr20	41409010	41420453	3	imbalance
LTL331-7-R	chr20	43254797	44301844	3	imbalance
LTL331-7-R	chr20	44998270	45059288	3	imbalance
LTL331-7-R	chr20	48469861	48487888	3	imbalance
LTL331-7-R	chr20	49930201	49973371	3	imbalance
LTL331-7-R	chr20	59397975	59420165	3	imbalance
LTL331-7-R	chr20	61401550	61402271	3	imbalance
LTL331-7-R	chr20	63488102	63677006	3	imbalance
LTL331-7-R	chr20	64040660	64151666	3	imbalance
LTL331-7-R	chr21	8524751	9679278	3	imbalance
LTL331-7-R	chr21	9937238	10378183	3	imbalance
LTL331-7-R	chr21	10385365	10442751	3	imbalance
LTL331-7-R	chr21	10444414	10479951	3	imbalance
LTL331-7-R	chr21	10489322	10638494	3	imbalance
LTL331-7-R	chr21	10695453	10771079	3	imbalance
LTL331-7-R	chr21	10796582	13035605	3	imbalance
LTL331-7-R	chr21	13850694	13872782	3	imbalance
LTL331-7-R	chr21	14097676	14119501	3	imbalance
LTL331-7-R	chr21	18995490	19145562	3	imbalance
LTL331-7-R	chr21	20498954	20499289	3	imbalance
LTL331-7-R	chr21	27153098	27173342	3	imbalance
LTL331-7-R	chr21	27917342	28037292	3	imbalance
LTL331-7-R	chr21	29050294	29518365	3	imbalance
LTL331-7-R	chr21	35748976	35825677	3	imbalance
LTL331-7-R	chr21	40295050	40421607	0	hom_low
LTL331-7-R	chr21	44344295	44358232	3	imbalance
LTL331-7-R	chr21	44409510	44411733	3	imbalance
LTL331-7-R	chr21	45698477	46075297	3	imbalance
LTL331-7-R	chr21	46140227	46142572	3	imbalance
LTL331-7-R	chr22	22376127	22387709	3	imbalance
LTL331-7-R	chr22	22704355	22708672	3	imbalance
LTL331-7-R	chr22	22752877	22757806	3	imbalance
LTL331-7-R	chr22	22940850	22949097	3	imbalance
LTL331-7-R	chr22	23928568	23953917	3	imbalance
LTL331-7-R	chr22	23972083	24226529	3	imbalance
LTL331-7-R	chr22	26654123	26672423	3	imbalance
LTL331-7-R	chr22	34398740	34401235	3	imbalance
LTL331-7-R	chr22	44324709	44355723	3	imbalance
LTL331-7-R	chr22	44857604	44861409	3	imbalance
LTL331-7-R	chr22	48054733	48081021	3	imbalance
LTL331-7-R	chr22	48276837	48288057	3	imbalance
LTL331_16wk1	chr1	16057054	16062149	3	imbalance
LTL331_16wk1	chr1	16564001	16568993	0	hom_low
LTL331_16wk1	chr1	16568993	16580751	3	imbalance
LTL331_16wk1	chr1	16582456	16647441	3	imbalance
LTL331_16wk1	chr1	16686145	16707280	3	imbalance
LTL331_16wk1	chr1	16708083	16758127	3	imbalance
LTL331_16wk1	chr1	16761874	16938396	3	imbalance
LTL331_16wk1	chr1	33633503	35982759	1	hom_high
LTL331_16wk1	chr1	53272683	53594805	3	imbalance
LTL331_16wk1	chr1	111449566	113970201	1	hom_high
LTL331_16wk1	chr1	152154901	152215427	3	imbalance
LTL331_16wk1	chr1	152218543	152310051	3	imbalance
LTL331_16wk1	chr1	161588331	161662796	3	imbalance
LTL331_16wk1	chr1	227493191	227508262	3	imbalance
LTL331_16wk1	chr2	91589580	92034478	3	imbalance
LTL331_16wk1	chr2	96864775	97167715	3	imbalance
LTL331_16wk1	chr2	101521822	102251655	3	imbalance
LTL331_16wk1	chr2	165992385	166199000	3	imbalance
LTL331_16wk1	chr3	75511781	75731622	3	imbalance
LTL331_16wk1	chr3	75737892	77571184	3	imbalance
LTL331_16wk1	chr3	88466823	90900000	1	hom_high
LTL331_16wk1	chr3	167554590	170422991	1	hom_high
LTL331_16wk1	chr3	195778785	195788547	0	hom_low
LTL331_16wk1	chr4	69525870	70366645	3	imbalance
LTL331_16wk1	chr5	710638	711790	0	hom_low
LTL331_16wk1	chr5	711790	1063856	3	imbalance
LTL331_16wk1	chr5	6656119	9224868	1	hom_high
LTL331_16wk1	chr5	141179646	141214467	3	imbalance
LTL331_16wk1	chr6	144736	393296	3	imbalance
LTL331_16wk1	chr6	4115898	6167685	1	hom_high
LTL331_16wk1	chr6	6309447	10528968	1	hom_high
LTL331_16wk1	chr6	31355607	31357000	3	imbalance
LTL331_16wk1	chr6	31980951	32046175	3	imbalance
LTL331_16wk1	chr6	32553461	32588947	3	imbalance
LTL331_16wk1	chr6	32641324	32761911	3	imbalance
LTL331_16wk1	chr6	43262895	43298605	3	imbalance
LTL331_16wk1	chr6	80078282	84046308	1	hom_high
LTL331_16wk1	chr7	32215532	32593191	3	imbalance
LTL331_16wk1	chr7	62956379	63584243	3	imbalance
LTL331_16wk1	chr7	65960404	71300455	1	hom_high
LTL331_16wk1	chr7	76541465	76626675	3	imbalance
LTL331_16wk1	chr7	101133681	101363023	3	imbalance
LTL331_16wk1	chr7	142060120	142061659	3	imbalance
LTL331_16wk1	chr7	152229801	152248424	3	imbalance
LTL331_16wk1	chr8	261238	1903314	3	imbalance
LTL331_16wk1	chr8	9190476	12100107	1	hom_high
LTL331_16wk1	chr8	19953253	22247834	1	hom_high
LTL331_16wk1	chr8	28775916	29051583	0	hom_low
LTL331_16wk1	chr8	33372807	35391367	1	hom_high
LTL331_16wk1	chr8	35391367	37406692	3	imbalance
LTL331_16wk1	chr8	37698511	39104325	3	imbalance
LTL331_16wk1	chr8	39668270	40971809	3	imbalance
LTL331_16wk1	chr8	48920823	52131837	3	imbalance
LTL331_16wk1	chr8	52165322	56049951	3	imbalance
LTL331_16wk1	chr8	56167326	60742138	3	imbalance
LTL331_16wk1	chr8	60751737	63186160	3	imbalance
LTL331_16wk1	chr8	63187757	72935839	3	imbalance
LTL331_16wk1	chr8	72936649	76704117	3	imbalance
LTL331_16wk1	chr8	78606642	85422603	3	imbalance
LTL331_16wk1	chr8	85828124	87872801	3	imbalance
LTL331_16wk1	chr8	91158714	93917778	3	imbalance
LTL331_16wk1	chr8	93923973	103885241	3	imbalance
LTL331_16wk1	chr8	103886050	106750886	3	imbalance
LTL331_16wk1	chr8	106769967	109289822	3	imbalance
LTL331_16wk1	chr8	109445558	112304668	1	hom_high
LTL331_16wk1	chr8	112313889	115413146	3	imbalance
LTL331_16wk1	chr8	115619894	117799670	3	imbalance
LTL331_16wk1	chr8	117814457	118926443	3	imbalance
LTL331_16wk1	chr8	118933280	121614065	3	imbalance
LTL331_16wk1	chr8	121614894	138132608	3	imbalance
LTL331_16wk1	chr8	138146054	141508979	3	imbalance
LTL331_16wk1	chr8	142225399	142441214	3	imbalance
LTL331_16wk1	chr8	142695870	143568336	3	imbalance
LTL331_16wk1	chr8	143726600	143991562	3	imbalance
LTL331_16wk1	chr8	144276093	144995702	3	imbalance
LTL331_16wk1	chr9	40648830	42076820	3	imbalance
LTL331_16wk1	chr9	107117388	110090410	1	hom_high
LTL331_16wk1	chr9	136502241	136673060	3	imbalance
LTL331_16wk1	chr10	30371054	31628414	3	imbalance
LTL331_16wk1	chr10	51699343	56358275	3	imbalance
LTL331_16wk1	chr10	56361055	59283364	3	imbalance
LTL331_16wk1	chr10	59653722	60868423	3	imbalance
LTL331_16wk1	chr10	60889068	62091153	3	imbalance
LTL331_16wk1	chr10	62479906	63206914	3	imbalance
LTL331_16wk1	chr10	64826413	73675231	3	imbalance
LTL331_16wk1	chr10	73680313	79710346	3	imbalance
LTL331_16wk1	chr10	79850426	84135080	3	imbalance
LTL331_16wk1	chr10	84438669	87228396	1	hom_high
LTL331_16wk1	chr10	90879063	93900820	1	hom_high
LTL331_16wk1	chr10	103912340	104059709	3	imbalance
LTL331_16wk1	chr10	106956658	110887805	1	hom_high
LTL331_16wk1	chr10	116601287	116860921	3	imbalance
LTL331_16wk1	chr10	119853234	122428530	1	hom_high
LTL331_16wk1	chr10	122983274	125740385	1	hom_high
LTL331_16wk1	chr10	125789163	126071487	0	hom_low
LTL331_16wk1	chr10	128104242	133560292	1	hom_high
LTL331_16wk1	chr10	133628995	133797422	3	imbalance
LTL331_16wk1	chr11	1006441	1020169	0	hom_low
LTL331_16wk1	chr11	1086785	1101731	0	hom_low
LTL331_16wk1	chr11	1621566	1996929	3	imbalance
LTL331_16wk1	chr11	4226298	7071134	1	hom_high
LTL331_16wk1	chr11	18173996	18707080	3	imbalance
LTL331_16wk1	chr11	20114584	20494008	3	imbalance
LTL331_16wk1	chr11	22820259	27055686	1	hom_high
LTL331_16wk1	chr11	43318479	45924694	1	hom_high
LTL331_16wk1	chr11	56346134	56417401	3	imbalance
LTL331_16wk1	chr11	71568606	72237445	3	imbalance
LTL331_16wk1	chr11	89449446	89929304	3	imbalance
LTL331_16wk1	chr11	115233241	117238550	1	hom_high
LTL331_16wk1	chr11	124310656	124397007	3	imbalance
LTL331_16wk1	chr11	134235149	135086622	3	imbalance
LTL331_16wk1	chr12	6870586	6974724	3	imbalance
LTL331_16wk1	chr12	10973445	11030920	0	hom_low
LTL331_16wk1	chr12	25521585	26122584	3	imbalance
LTL331_16wk1	chr12	40480898	40482190	0	hom_low
LTL331_16wk1	chr12	40482190	40485125	3	imbalance
LTL331_16wk1	chr12	40506491	40922210	3	imbalance
LTL331_16wk1	chr12	72776662	75040947	1	hom_high
LTL331_16wk1	chr13	19730339	23329617	1	hom_high
LTL331_16wk1	chr13	24906307	25097306	3	imbalance
LTL331_16wk1	chr13	29026364	32403566	1	hom_high
LTL331_16wk1	chr13	37655202	38688071	3	imbalance
LTL331_16wk1	chr13	46896856	49259329	1	hom_high
LTL331_16wk1	chr13	53050728	58530067	1	hom_high
LTL331_16wk1	chr13	79366688	83878672	1	hom_high
LTL331_16wk1	chr13	87678994	91399258	1	hom_high
LTL331_16wk1	chr13	91693814	94407532	1	hom_high
LTL331_16wk1	chr13	102741518	108209640	1	hom_high
LTL331_16wk1	chr13	108270477	110879668	1	hom_high
LTL331_16wk1	chr13	110910585	113119365	1	hom_high
LTL331_16wk1	chr13	113119855	113195071	3	imbalance
LTL331_16wk1	chr14	18562909	19180242	3	imbalance
LTL331_16wk1	chr14	70247277	70522573	3	imbalance
LTL331_16wk1	chr14	102939537	103041783	3	imbalance
LTL331_16wk1	chr14	105667981	105748816	3	imbalance
LTL331_16wk1	chr14	105918777	106012381	3	imbalance
LTL331_16wk1	chr14	106038235	106264756	3	imbalance
LTL331_16wk1	chr14	106287585	106349743	3	imbalance
LTL331_16wk1	chr14	106627505	106643488	3	imbalance
LTL331_16wk1	chr14	106666179	106704170	3	imbalance
LTL331_16wk1	chr14	106770588	106831678	3	imbalance
LTL331_16wk1	chr15	19000000	20462390	0	hom_low
LTL331_16wk1	chr15	20602378	22539122	0	hom_low
LTL331_16wk1	chr15	23329076	23446831	0	hom_low
LTL331_16wk1	chr15	25371567	28114379	1	hom_high
LTL331_16wk1	chr15	34981400	37936082	1	hom_high
LTL331_16wk1	chr15	41475590	48856167	1	hom_high
LTL331_16wk1	chr15	75780466	75786531	3	imbalance
LTL331_16wk1	chr15	84204389	84399157	3	imbalance
LTL331_16wk1	chr16	33610620	33728104	3	imbalance
LTL331_16wk1	chr16	47696642	50312983	1	hom_high
LTL331_16wk1	chr16	53363612	55790358	1	hom_high
LTL331_16wk1	chr16	55790358	55828713	0	hom_low
LTL331_16wk1	chr16	55828713	56364165	3	imbalance
LTL331_16wk1	chr16	57724628	61652837	1	hom_high
LTL331_16wk1	chr16	64947591	67210060	1	hom_high
LTL331_16wk1	chr16	69976604	70010899	0	hom_low
LTL331_16wk1	chr16	70132253	70185873	3	imbalance
LTL331_16wk1	chr16	72023685	72103368	0	hom_low
LTL331_16wk1	chr16	76235044	78407693	1	hom_high
LTL331_16wk1	chr16	78432910	80628443	1	hom_high
LTL331_16wk1	chr16	81999423	84977004	1	hom_high
LTL331_16wk1	chr16	85914532	88576952	1	hom_high
LTL331_16wk1	chr16	88951304	89221041	3	imbalance
LTL331_16wk1	chr17	7014428	7221704	3	imbalance
LTL331_16wk1	chr17	18382559	18414846	3	imbalance
LTL331_16wk1	chr17	18579652	19030282	3	imbalance
LTL331_16wk1	chr17	19093840	20417372	3	imbalance
LTL331_16wk1	chr17	20417970	21295570	3	imbalance
LTL331_16wk1	chr17	21847451	22693405	3	imbalance
LTL331_16wk1	chr17	27294320	30017000	3	imbalance
LTL331_16wk1	chr17	30053723	30732580	3	imbalance
LTL331_16wk1	chr17	31348979	35192741	3	imbalance
LTL331_16wk1	chr17	35260940	36169120	3	imbalance
LTL331_16wk1	chr17	36450016	37243280	3	imbalance
LTL331_16wk1	chr17	37258317	37920929	3	imbalance
LTL331_16wk1	chr17	38195892	38509911	3	imbalance
LTL331_16wk1	chr17	38707457	39105767	3	imbalance
LTL331_16wk1	chr17	40095356	40966551	3	imbalance
LTL331_16wk1	chr17	41026628	41265540	3	imbalance
LTL331_16wk1	chr17	41382258	42969196	3	imbalance
LTL331_16wk1	chr17	43372230	43942151	3	imbalance
LTL331_16wk1	chr17	44007657	45118326	3	imbalance
LTL331_16wk1	chr17	45137400	45319568	3	imbalance
LTL331_16wk1	chr17	46710959	47018879	3	imbalance
LTL331_16wk1	chr17	47019855	53823686	3	imbalance
LTL331_16wk1	chr17	53824731	62268194	3	imbalance
LTL331_16wk1	chr17	62282636	63503732	3	imbalance
LTL331_16wk1	chr17	63942954	64859271	3	imbalance
LTL331_16wk1	chr17	64896988	67078504	3	imbalance
LTL331_16wk1	chr17	67151118	70131906	3	imbalance
LTL331_16wk1	chr17	70175695	75755959	3	imbalance
LTL331_16wk1	chr17	76011755	80288402	3	imbalance
LTL331_16wk1	chr17	80328259	80374238	3	imbalance
LTL331_16wk1	chr17	80383783	81457813	3	imbalance
LTL331_16wk1	chr17	81819546	82005846	3	imbalance
LTL331_16wk1	chr17	82231307	83257441	3	imbalance
LTL331_16wk1	chr18	0	49632	3	imbalance
LTL331_16wk1	chr18	11644332	11752889	3	imbalance
LTL331_16wk1	chr18	47033827	49569557	1	hom_high
LTL331_16wk1	chr18	49590338	49826317	3	imbalance
LTL331_16wk1	chr18	52906009	55629406	1	hom_high
LTL331_16wk1	chr18	70092706	72538103	1	hom_high
LTL331_16wk1	chr18	74579610	76849456	1	hom_high
LTL331_16wk1	chr19	472233	535949	3	imbalance
LTL331_16wk1	chr19	4308562	4511723	3	imbalance
LTL331_16wk1	chr19	33205186	33340633	3	imbalance
LTL331_16wk1	chr19	40880285	40880660	3	imbalance
LTL331_16wk1	chr19	53410265	53492149	3	imbalance
LTL331_16wk1	chr19	54224176	54240518	3	imbalance
LTL331_16wk1	chr19	54767340	54775627	3	imbalance
LTL331_16wk1	chr19	54825100	54842930	3	imbalance
LTL331_16wk1	chr20	29812720	30393783	3	imbalance
LTL331_16wk1	chr20	43138097	44337315	3	imbalance
LTL331_16wk1	chr20	62797084	62814892	3	imbalance
LTL331_16wk1	chr21	8877039	10413449	3	imbalance
LTL331_16wk1	chr21	10414750	10465031	3	imbalance
LTL331_16wk1	chr21	10569319	10684222	3	imbalance
LTL331_16wk1	chr21	30741693	30755409	3	imbalance
LTL331_16wk1	chr22	15000000	16590810	3	imbalance
LTL331_16wk1	chr22	20489702	20779433	3	imbalance
LTL331_16wk1	chr22	24036002	24233699	3	imbalance
LTL331_16wk1	chr22	24648165	24867152	3	imbalance
LTL331_16wk1	chr22	32269072	35237830	1	hom_high
LTL331_16wk1	chr22	35265618	37723299	1	hom_high
LTL331_16wk1	chr22	42214877	45328030	1	hom_high
LTL331_16wk1	chr22	45729363	50090355	1	hom_high
LTL331_20wk	chr1	16057099	16059344	3	imbalance
LTL331_20wk	chr1	16560886	16568087	0	hom_low
LTL331_20wk	chr1	16568087	16580751	3	imbalance
LTL331_20wk	chr1	16580984	16649677	3	imbalance
LTL331_20wk	chr1	16681404	16758127	3	imbalance
LTL331_20wk	chr1	16758637	16947251	3	imbalance
LTL331_20wk	chr1	39439336	39525859	3	imbalance
LTL331_20wk	chr1	67711024	69839590	3	imbalance
LTL331_20wk	chr1	108735645	108814571	3	imbalance
LTL331_20wk	chr1	114535989	114623181	3	imbalance
LTL331_20wk	chr1	117442194	118101775	3	imbalance
LTL331_20wk	chr1	143319209	144085358	3	imbalance
LTL331_20wk	chr1	150650947	150751676	3	imbalance
LTL331_20wk	chr1	156699748	156815797	3	imbalance
LTL331_20wk	chr1	161550031	161671206	3	imbalance
LTL331_20wk	chr1	168055885	168056323	3	imbalance
LTL331_20wk	chr1	168096627	169146636	3	imbalance
LTL331_20wk	chr1	169541600	169729624	3	imbalance
LTL331_20wk	chr1	169795279	169826977	3	imbalance
LTL331_20wk	chr1	178884684	179043757	3	imbalance
LTL331_20wk	chr1	184754627	185139414	3	imbalance
LTL331_20wk	chr1	200553640	200663836	3	imbalance
LTL331_20wk	chr1	201209655	201308321	3	imbalance
LTL331_20wk	chr1	229325276	230747680	3	imbalance
LTL331_20wk	chr1	240868856	241500410	3	imbalance
LTL331_20wk	chr1	248239470	248324473	3	imbalance
LTL331_20wk	chr2	93900000	95485467	3	imbalance
LTL331_20wk	chr2	95496391	95857448	3	imbalance
LTL331_20wk	chr2	96500446	97167933	3	imbalance
LTL331_20wk	chr2	131592080	131626096	3	imbalance
LTL331_20wk	chr3	12663748	14447796	3	imbalance
LTL331_20wk	chr3	53126146	54626226	3	imbalance
LTL331_20wk	chr3	75383438	75732133	3	imbalance
LTL331_20wk	chr3	75737892	77562509	3	imbalance
LTL331_20wk	chr3	77617797	81743438	1	hom_high
LTL331_20wk	chr3	88317831	90900000	1	hom_high
LTL331_20wk	chr3	195778785	195788547	0	hom_low
LTL331_20wk	chr4	43388175	46369167	1	hom_high
LTL331_20wk	chr4	57113138	60332469	1	hom_high
LTL331_20wk	chr4	102730157	103159170	3	imbalance
LTL331_20wk	chr5	710638	711790	0	hom_low
LTL331_20wk	chr5	17649670	20303933	1	hom_high
LTL331_20wk	chr5	61491795	62474503	3	imbalance
LTL331_20wk	chr5	123399323	123402070	3	imbalance
LTL331_20wk	chr5	141179646	141184627	3	imbalance
LTL331_20wk	chr6	144736	389814	3	imbalance
LTL331_20wk	chr6	4702757	7580142	1	hom_high
LTL331_20wk	chr6	7584330	12164379	1	hom_high
LTL331_20wk	chr6	31355607	31357000	3	imbalance
LTL331_20wk	chr6	31980951	32046175	3	imbalance
LTL331_20wk	chr6	32484806	32530097	3	imbalance
LTL331_20wk	chr6	32580489	32588947	3	imbalance
LTL331_20wk	chr6	35747539	35819526	3	imbalance
LTL331_20wk	chr6	56642515	57987421	3	imbalance
LTL331_20wk	chr6	80078282	84046308	1	hom_high
LTL331_20wk	chr7	5741736	5928464	3	imbalance
LTL331_20wk	chr7	64708505	67278657	1	hom_high
LTL331_20wk	chr7	75342584	75538982	3	imbalance
LTL331_20wk	chr7	82953545	84005386	3	imbalance
LTL331_20wk	chr7	91338274	94409591	3	imbalance
LTL331_20wk	chr7	144184731	144379829	3	imbalance
LTL331_20wk	chr7	152229801	152248108	3	imbalance
LTL331_20wk	chr8	4788467	7343041	1	hom_high
LTL331_20wk	chr8	8892226	11998382	1	hom_high
LTL331_20wk	chr8	16178046	18867536	1	hom_high
LTL331_20wk	chr8	19939038	22247834	1	hom_high
LTL331_20wk	chr8	24913949	28299861	1	hom_high
LTL331_20wk	chr8	35790645	40971809	3	imbalance
LTL331_20wk	chr8	47887491	55523303	3	imbalance
LTL331_20wk	chr8	55524163	56166364	3	imbalance
LTL331_20wk	chr8	56167326	58815157	3	imbalance
LTL331_20wk	chr8	58815721	60741350	3	imbalance
LTL331_20wk	chr8	60743095	63186160	3	imbalance
LTL331_20wk	chr8	63187757	69601519	3	imbalance
LTL331_20wk	chr8	69627388	72935839	3	imbalance
LTL331_20wk	chr8	72937990	76703821	3	imbalance
LTL331_20wk	chr8	79655224	85422603	3	imbalance
LTL331_20wk	chr8	85828124	87788860	3	imbalance
LTL331_20wk	chr8	88119022	89823794	3	imbalance
LTL331_20wk	chr8	91158714	91960173	3	imbalance
LTL331_20wk	chr8	93923774	102651183	3	imbalance
LTL331_20wk	chr8	102652000	103885241	3	imbalance
LTL331_20wk	chr8	103886050	106760980	3	imbalance
LTL331_20wk	chr8	106779709	109289822	3	imbalance
LTL331_20wk	chr8	109575938	112265444	1	hom_high
LTL331_20wk	chr8	112346154	115412787	3	imbalance
LTL331_20wk	chr8	115619612	118928690	3	imbalance
LTL331_20wk	chr8	118933280	121614065	3	imbalance
LTL331_20wk	chr8	123021560	124553746	3	imbalance
LTL331_20wk	chr8	125430786	127416208	3	imbalance
LTL331_20wk	chr8	127416975	132919273	3	imbalance
LTL331_20wk	chr8	132967900	138132452	3	imbalance
LTL331_20wk	chr8	138146054	142300476	3	imbalance
LTL331_20wk	chr8	142700533	143568336	3	imbalance
LTL331_20wk	chr8	143866482	144881411	3	imbalance
LTL331_20wk	chr8	144882539	145138636	3	imbalance
LTL331_20wk	chr9	40648830	41126952	3	imbalance
LTL331_20wk	chr9	41922849	42185576	3	imbalance
LTL331_20wk	chr9	106925998	109932066	1	hom_high
LTL331_20wk	chr10	30612562	30689290	3	imbalance
LTL331_20wk	chr10	46297477	46353479	3	imbalance
LTL331_20wk	chr10	50685285	50754909	3	imbalance
LTL331_20wk	chr10	51699505	56358275	3	imbalance
LTL331_20wk	chr10	58789227	59329556	3	imbalance
LTL331_20wk	chr10	59653610	60181146	3	imbalance
LTL331_20wk	chr10	60208139	60868423	3	imbalance
LTL331_20wk	chr10	60889068	62085751	3	imbalance
LTL331_20wk	chr10	62376046	63177830	3	imbalance
LTL331_20wk	chr10	64844104	66927291	3	imbalance
LTL331_20wk	chr10	67097781	73670753	3	imbalance
LTL331_20wk	chr10	73675992	79705933	3	imbalance
LTL331_20wk	chr10	79850426	84135080	3	imbalance
LTL331_20wk	chr10	84611447	87190315	1	hom_high
LTL331_20wk	chr10	90857173	93309975	3	imbalance
LTL331_20wk	chr10	104035328	104070577	0	hom_low
LTL331_20wk	chr10	106829647	109880774	1	hom_high
LTL331_20wk	chr10	110964872	113129804	1	hom_high
LTL331_20wk	chr10	113850355	116546003	1	hom_high
LTL331_20wk	chr10	119918429	122083428	1	hom_high
LTL331_20wk	chr10	125878075	126416357	3	imbalance
LTL331_20wk	chr10	126504818	131955686	1	hom_high
LTL331_20wk	chr10	133635713	133797422	3	imbalance
LTL331_20wk	chr11	1008070	1020169	0	hom_low
LTL331_20wk	chr11	1094276	1108759	0	hom_low
LTL331_20wk	chr11	1563951	1747554	0	hom_low
LTL331_20wk	chr11	4108087	4233177	3	imbalance
LTL331_20wk	chr11	4233177	6613674	1	hom_high
LTL331_20wk	chr11	11943058	14075273	1	hom_high
LTL331_20wk	chr11	18189339	18269341	3	imbalance
LTL331_20wk	chr11	20114744	20654852	3	imbalance
LTL331_20wk	chr11	22750936	24976406	1	hom_high
LTL331_20wk	chr11	40116307	43405071	1	hom_high
LTL331_20wk	chr11	43734691	45910297	1	hom_high
LTL331_20wk	chr11	46858189	50268939	1	hom_high
LTL331_20wk	chr11	115233241	117234294	1	hom_high
LTL331_20wk	chr12	0	260054	0	hom_low
LTL331_20wk	chr12	3841748	5991882	1	hom_high
LTL331_20wk	chr12	10221848	10450938	3	imbalance
LTL331_20wk	chr12	11021839	11030978	0	hom_low
LTL331_20wk	chr12	11030978	11062326	3	imbalance
LTL331_20wk	chr12	25803269	26123093	3	imbalance
LTL331_20wk	chr12	40482165	40485368	3	imbalance
LTL331_20wk	chr12	40485368	40488105	0	hom_low
LTL331_20wk	chr12	40506491	40924415	3	imbalance
LTL331_20wk	chr12	72776662	75040947	1	hom_high
LTL331_20wk	chr13	24495517	24609385	3	imbalance
LTL331_20wk	chr13	24778332	24876329	3	imbalance
LTL331_20wk	chr13	27271046	30428258	1	hom_high
LTL331_20wk	chr13	32536924	32733300	3	imbalance
LTL331_20wk	chr13	34942797	37094748	1	hom_high
LTL331_20wk	chr13	52418017	56706786	1	hom_high
LTL331_20wk	chr13	91693814	97985684	1	hom_high
LTL331_20wk	chr13	100515392	103105153	1	hom_high
LTL331_20wk	chr13	107865615	110244808	1	hom_high
LTL331_20wk	chr13	113117059	113495939	3	imbalance
LTL331_20wk	chr14	39319239	41887207	1	hom_high
LTL331_20wk	chr14	85623487	88263498	1	hom_high
LTL331_20wk	chr14	105667981	105737911	3	imbalance
LTL331_20wk	chr14	105740061	105765975	3	imbalance
LTL331_20wk	chr14	106038235	106356372	3	imbalance
LTL331_20wk	chr14	106470214	106643761	3	imbalance
LTL331_20wk	chr14	106680920	106770588	3	imbalance
LTL331_20wk	chr15	19000000	20291481	0	hom_low
LTL331_20wk	chr15	20435765	22542502	0	hom_low
LTL331_20wk	chr15	22767791	22824403	0	hom_low
LTL331_20wk	chr15	23225919	23647428	0	hom_low
LTL331_20wk	chr15	25679474	28112036	1	hom_high
LTL331_20wk	chr15	40170228	40534786	3	imbalance
LTL331_20wk	chr15	40903532	41518140	3	imbalance
LTL331_20wk	chr15	43990247	48856167	1	hom_high
LTL331_20wk	chr15	78733761	78740761	3	imbalance
LTL331_20wk	chr15	90291833	90295619	3	imbalance
LTL331_20wk	chr16	14893812	14941574	3	imbalance
LTL331_20wk	chr16	14989404	15027100	3	imbalance
LTL331_20wk	chr16	16321269	18339754	3	imbalance
LTL331_20wk	chr16	33610620	33745173	3	imbalance
LTL331_20wk	chr16	46386441	46603749	3	imbalance
LTL331_20wk	chr16	47663535	51137202	1	hom_high
LTL331_20wk	chr16	55790766	55846708	0	hom_low
LTL331_20wk	chr16	57707789	59754342	1	hom_high
LTL331_20wk	chr16	64947591	67252540	1	hom_high
LTL331_20wk	chr16	69976675	69982571	0	hom_low
LTL331_20wk	chr16	69982571	70156410	3	imbalance
LTL331_20wk	chr16	71851580	72056059	3	imbalance
LTL331_20wk	chr16	77191130	81026671	1	hom_high
LTL331_20wk	chr16	82000038	88946815	1	hom_high
LTL331_20wk	chr16	88951304	89226638	3	imbalance
LTL331_20wk	chr17	10346702	10509419	3	imbalance
LTL331_20wk	chr17	18461488	18526843	3	imbalance
LTL331_20wk	chr17	19093840	20417372	3	imbalance
LTL331_20wk	chr17	20429617	20543077	3	imbalance
LTL331_20wk	chr17	20585553	21259973	3	imbalance
LTL331_20wk	chr17	21304890	21535274	3	imbalance
LTL331_20wk	chr17	21704103	22693405	3	imbalance
LTL331_20wk	chr17	26955176	30833760	3	imbalance
LTL331_20wk	chr17	31305635	35192741	3	imbalance
LTL331_20wk	chr17	35194250	35671877	3	imbalance
LTL331_20wk	chr17	36457408	37920929	3	imbalance
LTL331_20wk	chr17	38190957	39105767	3	imbalance
LTL331_20wk	chr17	40095356	40821958	3	imbalance
LTL331_20wk	chr17	40834891	40966551	3	imbalance
LTL331_20wk	chr17	41097876	41265540	3	imbalance
LTL331_20wk	chr17	41395589	42969196	3	imbalance
LTL331_20wk	chr17	43216012	45149169	3	imbalance
LTL331_20wk	chr17	46704717	53823571	3	imbalance
LTL331_20wk	chr17	53824635	57105365	3	imbalance
LTL331_20wk	chr17	57106741	59174945	3	imbalance
LTL331_20wk	chr17	59211659	60008349	3	imbalance
LTL331_20wk	chr17	60017457	63503732	3	imbalance
LTL331_20wk	chr17	63942954	64859271	3	imbalance
LTL331_20wk	chr17	64897050	67944145	3	imbalance
LTL331_20wk	chr17	67948017	68149209	3	imbalance
LTL331_20wk	chr17	68151604	70132027	3	imbalance
LTL331_20wk	chr17	70175559	75755959	3	imbalance
LTL331_20wk	chr17	75984360	76291969	3	imbalance
LTL331_20wk	chr17	76293036	81457813	3	imbalance
LTL331_20wk	chr17	81819749	82005846	3	imbalance
LTL331_20wk	chr17	82231307	83257441	3	imbalance
LTL331_20wk	chr18	49154	80399	3	imbalance
LTL331_20wk	chr18	36602611	44949827	1	hom_high
LTL331_20wk	chr18	46946170	49785269	1	hom_high
LTL331_20wk	chr18	49785269	49826317	3	imbalance
LTL331_20wk	chr18	55222453	57766769	1	hom_high
LTL331_20wk	chr18	70326339	72538103	1	hom_high
LTL331_20wk	chr18	72835351	78037566	1	hom_high
LTL331_20wk	chr19	472233	531968	3	imbalance
LTL331_20wk	chr19	44387416	44428334	3	imbalance
LTL331_20wk	chr19	53442437	53486730	3	imbalance
LTL331_20wk	chr19	54229695	54252110	3	imbalance
LTL331_20wk	chr19	54710046	54751424	3	imbalance
LTL331_20wk	chr19	54836084	54842967	3	imbalance
LTL331_20wk	chr20	30389872	30393710	3	imbalance
LTL331_20wk	chr20	43138097	44306627	3	imbalance
LTL331_20wk	chr21	8877039	10135981	3	imbalance
LTL331_20wk	chr21	10135981	10415959	0	hom_low
LTL331_20wk	chr21	10590611	10649593	3	imbalance
LTL331_20wk	chr22	15000000	16391684	0	hom_low
LTL331_20wk	chr22	33703787	36929415	1	hom_high
LTL331_20wk	chr22	42572333	50090355	1	hom_high
LTL331_22wk2	chr1	874370	1020129	3	imbalance
LTL331_22wk2	chr1	16057054	16062149	3	imbalance
LTL331_22wk2	chr1	16568993	16581520	3	imbalance
LTL331_22wk2	chr1	16582456	16587356	3	imbalance
LTL331_22wk2	chr1	16587928	16647373	3	imbalance
LTL331_22wk2	chr1	16681404	16722266	3	imbalance
LTL331_22wk2	chr1	16761874	16947251	3	imbalance
LTL331_22wk2	chr1	33633503	35982759	1	hom_high
LTL331_22wk2	chr1	58449070	58683081	3	imbalance
LTL331_22wk2	chr1	111449566	113970201	3	imbalance
LTL331_22wk2	chr1	161588472	161662796	3	imbalance
LTL331_22wk2	chr1	213990130	214641486	3	imbalance
LTL331_22wk2	chr1	247948694	248099410	3	imbalance
LTL331_22wk2	chr2	93900000	95912014	3	imbalance
LTL331_22wk2	chr2	160101695	161504705	3	imbalance
LTL331_22wk2	chr2	172077788	172463265	3	imbalance
LTL331_22wk2	chr3	75737782	77562509	3	imbalance
LTL331_22wk2	chr3	77602780	82808090	1	hom_high
LTL331_22wk2	chr3	88466964	90900000	1	hom_high
LTL331_22wk2	chr3	116660612	117035888	3	imbalance
LTL331_22wk2	chr3	195778785	195785421	0	hom_low
LTL331_22wk2	chr3	195785421	195786716	3	imbalance
LTL331_22wk2	chr3	195790827	195872210	3	imbalance
LTL331_22wk2	chr4	62173	824511	3	imbalance
LTL331_22wk2	chr4	1238006	1618052	3	imbalance
LTL331_22wk2	chr4	43388175	47406689	3	imbalance
LTL331_22wk2	chr4	49163187	49242852	3	imbalance
LTL331_22wk2	chr4	57088809	61497172	1	hom_high
LTL331_22wk2	chr5	710638	711790	0	hom_low
LTL331_22wk2	chr5	796382	1063856	3	imbalance
LTL331_22wk2	chr5	141179646	141214555	3	imbalance
LTL331_22wk2	chr6	4051959	7404022	1	hom_high
LTL331_22wk2	chr6	8434289	10684839	1	hom_high
LTL331_22wk2	chr6	31355607	31357000	3	imbalance
LTL331_22wk2	chr6	31980951	32046175	3	imbalance
LTL331_22wk2	chr6	32580270	32589671	3	imbalance
LTL331_22wk2	chr6	32745247	32761911	3	imbalance
LTL331_22wk2	chr6	33009554	33055519	3	imbalance
LTL331_22wk2	chr6	35747539	35819526	3	imbalance
LTL331_22wk2	chr6	167341215	167384175	3	imbalance
LTL331_22wk2	chr7	51219801	51657104	3	imbalance
LTL331_22wk2	chr7	64708505	67695085	1	hom_high
LTL331_22wk2	chr7	72558810	73080367	3	imbalance
LTL331_22wk2	chr7	101173286	101363023	3	imbalance
LTL331_22wk2	chr7	152224019	152273644	3	imbalance
LTL331_22wk2	chr8	673741	1897906	3	imbalance
LTL331_22wk2	chr8	4806993	7343041	1	hom_high
LTL331_22wk2	chr8	15636538	18014141	1	hom_high
LTL331_22wk2	chr8	18061462	22247834	1	hom_high
LTL331_22wk2	chr8	36808685	37151079	3	imbalance
LTL331_22wk2	chr8	37698808	39766742	3	imbalance
LTL331_22wk2	chr8	39776804	40971809	3	imbalance
LTL331_22wk2	chr8	41541804	42290131	3	imbalance
LTL331_22wk2	chr8	48920823	54627186	3	imbalance
LTL331_22wk2	chr8	54630450	56049951	3	imbalance
LTL331_22wk2	chr8	56216515	60742020	3	imbalance
LTL331_22wk2	chr8	60751737	63186259	3	imbalance
LTL331_22wk2	chr8	63187757	66665020	3	imbalance
LTL331_22wk2	chr8	66666405	70156723	3	imbalance
LTL331_22wk2	chr8	70170496	74843872	3	imbalance
LTL331_22wk2	chr8	75032300	75653713	3	imbalance
LTL331_22wk2	chr8	76703821	76999937	3	imbalance
LTL331_22wk2	chr8	78762187	82152044	3	imbalance
LTL331_22wk2	chr8	84514350	85206131	3	imbalance
LTL331_22wk2	chr8	85828124	88041393	3	imbalance
LTL331_22wk2	chr8	88119022	89823794	3	imbalance
LTL331_22wk2	chr8	91158714	93917914	3	imbalance
LTL331_22wk2	chr8	93924087	101338672	3	imbalance
LTL331_22wk2	chr8	101779138	103885241	3	imbalance
LTL331_22wk2	chr8	103886050	106706397	3	imbalance
LTL331_22wk2	chr8	106740551	109289822	3	imbalance
LTL331_22wk2	chr8	109461197	112265444	1	hom_high
LTL331_22wk2	chr8	112346154	115412886	3	imbalance
LTL331_22wk2	chr8	115619739	118926690	3	imbalance
LTL331_22wk2	chr8	118951781	121614065	3	imbalance
LTL331_22wk2	chr8	122769425	124553746	3	imbalance
LTL331_22wk2	chr8	125431044	127750762	3	imbalance
LTL331_22wk2	chr8	129684780	134675507	3	imbalance
LTL331_22wk2	chr8	135458025	138883216	3	imbalance
LTL331_22wk2	chr8	139730480	141508979	3	imbalance
LTL331_22wk2	chr8	142695870	143568336	3	imbalance
LTL331_22wk2	chr8	143758998	143991562	3	imbalance
LTL331_22wk2	chr8	144276093	144995702	3	imbalance
LTL331_22wk2	chr9	8767708	12693226	3	imbalance
LTL331_22wk2	chr9	24578686	25964686	3	imbalance
LTL331_22wk2	chr9	40648830	41039835	3	imbalance
LTL331_22wk2	chr9	41216348	41991712	3	imbalance
LTL331_22wk2	chr9	107829914	109932066	1	hom_high
LTL331_22wk2	chr9	138175666	138394717	3	imbalance
LTL331_22wk2	chr10	30612562	31628414	3	imbalance
LTL331_22wk2	chr10	51699505	52413325	3	imbalance
LTL331_22wk2	chr10	53806611	56358275	3	imbalance
LTL331_22wk2	chr10	58789227	59335477	3	imbalance
LTL331_22wk2	chr10	59653811	60892663	3	imbalance
LTL331_22wk2	chr10	61440374	63222861	3	imbalance
LTL331_22wk2	chr10	64826413	73675432	3	imbalance
LTL331_22wk2	chr10	73682779	79709860	3	imbalance
LTL331_22wk2	chr10	79850426	84135080	3	imbalance
LTL331_22wk2	chr10	84438669	87228396	1	hom_high
LTL331_22wk2	chr10	87232811	89402776	1	hom_high
LTL331_22wk2	chr10	92669083	93309975	3	imbalance
LTL331_22wk2	chr10	100526877	102837387	1	hom_high
LTL331_22wk2	chr10	104025516	104059709	3	imbalance
LTL331_22wk2	chr10	106829647	110887688	1	hom_high
LTL331_22wk2	chr10	116601287	116862862	3	imbalance
LTL331_22wk2	chr10	119844693	122832087	1	hom_high
LTL331_22wk2	chr10	125831261	126008189	0	hom_low
LTL331_22wk2	chr10	126999432	130169252	1	hom_high
LTL331_22wk2	chr10	130175070	133560292	1	hom_high
LTL331_22wk2	chr10	133635713	133797422	3	imbalance
LTL331_22wk2	chr11	1006690	1020169	0	hom_low
LTL331_22wk2	chr11	1095090	1108759	0	hom_low
LTL331_22wk2	chr11	1621487	1999215	3	imbalance
LTL331_22wk2	chr11	4091603	4226298	3	imbalance
LTL331_22wk2	chr11	9856428	11891788	1	hom_high
LTL331_22wk2	chr11	11947926	14460169	1	hom_high
LTL331_22wk2	chr11	18174295	18279548	3	imbalance
LTL331_22wk2	chr11	20114584	20494008	3	imbalance
LTL331_22wk2	chr11	22820259	24976712	1	hom_high
LTL331_22wk2	chr11	30900230	33286558	1	hom_high
LTL331_22wk2	chr11	43318479	45924168	1	hom_high
LTL331_22wk2	chr11	71568606	72237445	3	imbalance
LTL331_22wk2	chr11	79995545	82765174	1	hom_high
LTL331_22wk2	chr12	3841636	6560557	1	hom_high
LTL331_22wk2	chr12	6870868	7062003	3	imbalance
LTL331_22wk2	chr12	7143119	7320655	3	imbalance
LTL331_22wk2	chr12	10434948	10673524	0	hom_low
LTL331_22wk2	chr12	11134066	11308842	3	imbalance
LTL331_22wk2	chr12	25520061	26122584	3	imbalance
LTL331_22wk2	chr12	40482165	40485125	3	imbalance
LTL331_22wk2	chr12	43319991	45816914	1	hom_high
LTL331_22wk2	chr12	72776662	75040947	1	hom_high
LTL331_22wk2	chr12	84355949	86278336	3	imbalance
LTL331_22wk2	chr12	97113437	98390139	3	imbalance
LTL331_22wk2	chr13	17700000	27686087	1	hom_high
LTL331_22wk2	chr13	27924691	39013003	1	hom_high
LTL331_22wk2	chr13	39029448	41412455	1	hom_high
LTL331_22wk2	chr13	42301296	50113114	1	hom_high
LTL331_22wk2	chr13	50763717	52845771	1	hom_high
LTL331_22wk2	chr13	57162611	61470471	1	hom_high
LTL331_22wk2	chr13	68974881	71867097	1	hom_high
LTL331_22wk2	chr13	72652910	83907840	1	hom_high
LTL331_22wk2	chr13	85796400	92180724	1	hom_high
LTL331_22wk2	chr13	93145196	103105153	1	hom_high
LTL331_22wk2	chr13	105440446	109235238	1	hom_high
LTL331_22wk2	chr13	112347546	114364328	1	hom_high
LTL331_22wk2	chr14	18562909	19136907	3	imbalance
LTL331_22wk2	chr14	70247277	70522645	3	imbalance
LTL331_22wk2	chr14	79280595	81960142	3	imbalance
LTL331_22wk2	chr14	83797348	88240693	3	imbalance
LTL331_22wk2	chr14	105667981	105748816	3	imbalance
LTL331_22wk2	chr14	106038321	106268498	3	imbalance
LTL331_22wk2	chr14	106289020	106349743	3	imbalance
LTL331_22wk2	chr14	106470286	106627241	3	imbalance
LTL331_22wk2	chr14	106668648	106680920	3	imbalance
LTL331_22wk2	chr15	19000000	20535580	0	hom_low
LTL331_22wk2	chr15	20594798	22556772	0	hom_low
LTL331_22wk2	chr15	22556772	22824059	3	imbalance
LTL331_22wk2	chr15	23278692	23446831	0	hom_low
LTL331_22wk2	chr15	25465745	28113322	1	hom_high
LTL331_22wk2	chr15	35542444	37936082	1	hom_high
LTL331_22wk2	chr15	41040884	41270427	0	hom_low
LTL331_22wk2	chr15	77878649	77915795	3	imbalance
LTL331_22wk2	chr15	84204753	84399157	3	imbalance
LTL331_22wk2	chr16	15004066	15031556	3	imbalance
LTL331_22wk2	chr16	33611522	33745227	3	imbalance
LTL331_22wk2	chr16	46386441	46574084	3	imbalance
LTL331_22wk2	chr16	48244400	50315198	1	hom_high
LTL331_22wk2	chr16	52464119	55545651	1	hom_high
LTL331_22wk2	chr16	55790766	55828713	0	hom_low
LTL331_22wk2	chr16	58280566	61653647	1	hom_high
LTL331_22wk2	chr16	64947591	67210060	1	hom_high
LTL331_22wk2	chr16	69976675	69986485	0	hom_low
LTL331_22wk2	chr16	69986485	70186251	3	imbalance
LTL331_22wk2	chr16	72024980	72099641	0	hom_low
LTL331_22wk2	chr16	74390306	74413535	3	imbalance
LTL331_22wk2	chr16	75696123	81031134	1	hom_high
LTL331_22wk2	chr16	83185447	88576952	1	hom_high
LTL331_22wk2	chr17	7005773	7236611	3	imbalance
LTL331_22wk2	chr17	18308298	18389611	3	imbalance
LTL331_22wk2	chr17	18462799	18778926	3	imbalance
LTL331_22wk2	chr17	19093840	20335722	3	imbalance
LTL331_22wk2	chr17	20417970	20543077	3	imbalance
LTL331_22wk2	chr17	20550891	21171847	3	imbalance
LTL331_22wk2	chr17	21304746	22693405	3	imbalance
LTL331_22wk2	chr17	26955176	27304852	3	imbalance
LTL331_22wk2	chr17	27310263	29610867	3	imbalance
LTL331_22wk2	chr17	29616260	30732580	3	imbalance
LTL331_22wk2	chr17	31305635	33216993	3	imbalance
LTL331_22wk2	chr17	34006922	35192741	3	imbalance
LTL331_22wk2	chr17	35260940	36169120	3	imbalance
LTL331_22wk2	chr17	36989334	37243396	3	imbalance
LTL331_22wk2	chr17	37258317	37920929	3	imbalance
LTL331_22wk2	chr17	38195892	38509911	3	imbalance
LTL331_22wk2	chr17	38729254	39531394	3	imbalance
LTL331_22wk2	chr17	40095356	40966551	3	imbalance
LTL331_22wk2	chr17	41026942	41265540	3	imbalance
LTL331_22wk2	chr17	41308112	42969196	3	imbalance
LTL331_22wk2	chr17	43216012	44474934	3	imbalance
LTL331_22wk2	chr17	44751769	45237019	3	imbalance
LTL331_22wk2	chr17	46710959	47018961	3	imbalance
LTL331_22wk2	chr17	47021593	48530620	3	imbalance
LTL331_22wk2	chr17	48622763	49166853	3	imbalance
LTL331_22wk2	chr17	50198569	50656676	3	imbalance
LTL331_22wk2	chr17	50976767	53823775	3	imbalance
LTL331_22wk2	chr17	53824635	59813287	3	imbalance
LTL331_22wk2	chr17	61401904	63503732	3	imbalance
LTL331_22wk2	chr17	63941491	64859271	3	imbalance
LTL331_22wk2	chr17	64897050	65014172	3	imbalance
LTL331_22wk2	chr17	65014893	67109251	3	imbalance
LTL331_22wk2	chr17	67151349	70130861	3	imbalance
LTL331_22wk2	chr17	70377096	72627284	3	imbalance
LTL331_22wk2	chr17	73279362	75841316	3	imbalance
LTL331_22wk2	chr17	75848497	81457813	3	imbalance
LTL331_22wk2	chr17	81819749	82005846	3	imbalance
LTL331_22wk2	chr17	82231307	83257441	3	imbalance
LTL331_22wk2	chr18	11644387	11689936	3	imbalance
LTL331_22wk2	chr18	37071721	42004238	1	hom_high
LTL331_22wk2	chr18	48255581	50805335	1	hom_high
LTL331_22wk2	chr18	74260969	76915802	1	hom_high
LTL331_22wk2	chr19	474559	537200	3	imbalance
LTL331_22wk2	chr19	1754106	1821798	3	imbalance
LTL331_22wk2	chr19	4312032	4511723	3	imbalance
LTL331_22wk2	chr19	21383384	21387212	0	hom_low
LTL331_22wk2	chr19	21970793	21974158	0	hom_low
LTL331_22wk2	chr19	22179611	22181042	0	hom_low
LTL331_22wk2	chr19	53410959	53486730	3	imbalance
LTL331_22wk2	chr19	53490929	53793860	3	imbalance
LTL331_22wk2	chr19	54224176	54241675	3	imbalance
LTL331_22wk2	chr19	54710046	54738735	3	imbalance
LTL331_22wk2	chr19	54821833	54842930	3	imbalance
LTL331_22wk2	chr20	43065355	44337315	3	imbalance
LTL331_22wk2	chr20	62310128	62393620	3	imbalance
LTL331_22wk2	chr20	62671689	62813620	3	imbalance
LTL331_22wk2	chr21	8877039	10497341	3	imbalance
LTL331_22wk2	chr21	10592220	10684222	3	imbalance
LTL331_22wk2	chr21	30613739	30755409	3	imbalance
LTL331_22wk2	chr21	39199473	41519509	1	hom_high
LTL331_22wk2	chr22	15000000	16590810	3	imbalance
LTL331_22wk2	chr22	18735649	18886835	0	hom_low
LTL331_22wk2	chr22	20406785	20708160	3	imbalance
LTL331_22wk2	chr22	24648165	25685096	3	imbalance
LTL331_22wk2	chr22	32255224	35726459	1	hom_high
LTL331_22wk2	chr22	42223333	45327198	1	hom_high
LTL331_22wk2	chr22	45327198	45389727	0	hom_low
LTL331_22wk2	chr22	46343240	50090355	1	hom_high
LTL331_preCX1	chr1	1358417	1579066	3	imbalance
LTL331_preCX1	chr1	16057054	16059344	3	imbalance
LTL331_preCX1	chr1	16563715	16568220	0	hom_low
LTL331_preCX1	chr1	16568220	16580713	3	imbalance
LTL331_preCX1	chr1	16582456	16587356	3	imbalance
LTL331_preCX1	chr1	16587718	16647373	3	imbalance
LTL331_preCX1	chr1	16681395	16722266	3	imbalance
LTL331_preCX1	chr1	16761874	16947251	3	imbalance
LTL331_preCX1	chr1	33633503	35982759	1	hom_high
LTL331_preCX1	chr1	152218472	152350538	3	imbalance
LTL331_preCX1	chr1	161588472	161662796	3	imbalance
LTL331_preCX1	chr2	91589407	92034478	3	imbalance
LTL331_preCX1	chr2	93900000	95950665	3	imbalance
LTL331_preCX1	chr2	129925411	129997030	3	imbalance
LTL331_preCX1	chr3	10049728	10219794	3	imbalance
LTL331_preCX1	chr3	75737997	77574601	3	imbalance
LTL331_preCX1	chr3	77618925	81278962	1	hom_high
LTL331_preCX1	chr3	88466823	90900000	1	hom_high
LTL331_preCX1	chr3	167687223	170360227	3	imbalance
LTL331_preCX1	chr3	195778785	195783854	0	hom_low
LTL331_preCX1	chr3	195783973	195788547	0	hom_low
LTL331_preCX1	chr3	195811752	195872438	3	imbalance
LTL331_preCX1	chr4	49163187	49243581	3	imbalance
LTL331_preCX1	chr4	57088809	61497172	1	hom_high
LTL331_preCX1	chr4	119394928	119460089	3	imbalance
LTL331_preCX1	chr4	177746709	181905836	1	hom_high
LTL331_preCX1	chr4	189954998	190026744	3	imbalance
LTL331_preCX1	chr5	710638	711790	0	hom_low
LTL331_preCX1	chr5	796272	1063856	3	imbalance
LTL331_preCX1	chr5	6737457	9224868	1	hom_high
LTL331_preCX1	chr5	17655081	22078786	3	imbalance
LTL331_preCX1	chr5	172096482	172428643	3	imbalance
LTL331_preCX1	chr6	4135041	6174612	1	hom_high
LTL331_preCX1	chr6	7411433	10684839	1	hom_high
LTL331_preCX1	chr6	31355607	31357000	3	imbalance
LTL331_preCX1	chr6	31980951	32046175	3	imbalance
LTL331_preCX1	chr6	32584267	32625441	3	imbalance
LTL331_preCX1	chr6	81749676	84046308	1	hom_high
LTL331_preCX1	chr6	130184273	132319361	1	hom_high
LTL331_preCX1	chr6	165082392	165413654	3	imbalance
LTL331_preCX1	chr7	5741736	5928464	3	imbalance
LTL331_preCX1	chr7	25118660	28819105	3	imbalance
LTL331_preCX1	chr7	64980786	70784955	1	hom_high
LTL331_preCX1	chr7	72252426	72864383	3	imbalance
LTL331_preCX1	chr7	76541465	76626675	3	imbalance
LTL331_preCX1	chr7	152224107	152248424	3	imbalance
LTL331_preCX1	chr8	4788467	7343041	1	hom_high
LTL331_preCX1	chr8	8043040	12100107	1	hom_high
LTL331_preCX1	chr8	12393498	12676106	3	imbalance
LTL331_preCX1	chr8	13012620	16154981	1	hom_high
LTL331_preCX1	chr8	19939522	22247834	1	hom_high
LTL331_preCX1	chr8	35305175	37224268	3	imbalance
LTL331_preCX1	chr8	37698511	40971809	3	imbalance
LTL331_preCX1	chr8	41932548	42167628	0	hom_low
LTL331_preCX1	chr8	47887491	56049951	3	imbalance
LTL331_preCX1	chr8	56167446	60742020	3	imbalance
LTL331_preCX1	chr8	60751737	63186160	3	imbalance
LTL331_preCX1	chr8	63187757	75630153	3	imbalance
LTL331_preCX1	chr8	78606642	82152044	3	imbalance
LTL331_preCX1	chr8	84514350	85422603	3	imbalance
LTL331_preCX1	chr8	85828124	89843589	3	imbalance
LTL331_preCX1	chr8	91158714	93917914	3	imbalance
LTL331_preCX1	chr8	93924087	103885241	3	imbalance
LTL331_preCX1	chr8	103886050	106706397	3	imbalance
LTL331_preCX1	chr8	106740551	109289822	3	imbalance
LTL331_preCX1	chr8	109465000	112304668	1	hom_high
LTL331_preCX1	chr8	112346154	115413146	3	imbalance
LTL331_preCX1	chr8	115419004	118926690	3	imbalance
LTL331_preCX1	chr8	118933280	121614065	3	imbalance
LTL331_preCX1	chr8	121614894	124553746	3	imbalance
LTL331_preCX1	chr8	125431044	138132965	3	imbalance
LTL331_preCX1	chr8	138146054	141508979	3	imbalance
LTL331_preCX1	chr8	142225399	142441214	3	imbalance
LTL331_preCX1	chr8	142695870	143568336	3	imbalance
LTL331_preCX1	chr8	143758998	143991562	3	imbalance
LTL331_preCX1	chr8	144276093	144995702	3	imbalance
LTL331_preCX1	chr9	8767708	12612665	3	imbalance
LTL331_preCX1	chr9	38615741	40614397	3	imbalance
LTL331_preCX1	chr9	40648830	41975046	3	imbalance
LTL331_preCX1	chr9	106925885	109872923	1	hom_high
LTL331_preCX1	chr9	138175666	138394717	3	imbalance
LTL331_preCX1	chr10	0	49033	3	imbalance
LTL331_preCX1	chr10	30612763	31628414	3	imbalance
LTL331_preCX1	chr10	46297924	46358144	3	imbalance
LTL331_preCX1	chr10	51699505	56358275	3	imbalance
LTL331_preCX1	chr10	56361055	59278622	3	imbalance
LTL331_preCX1	chr10	59653811	60872017	3	imbalance
LTL331_preCX1	chr10	60889068	62085751	3	imbalance
LTL331_preCX1	chr10	62479906	73675368	3	imbalance
LTL331_preCX1	chr10	73682779	79709860	3	imbalance
LTL331_preCX1	chr10	79711595	80034451	3	imbalance
LTL331_preCX1	chr10	80034451	84241277	1	hom_high
LTL331_preCX1	chr10	84438669	87008349	1	hom_high
LTL331_preCX1	chr10	88948954	91833733	1	hom_high
LTL331_preCX1	chr10	92010947	93306987	3	imbalance
LTL331_preCX1	chr10	94283720	96620337	1	hom_high
LTL331_preCX1	chr10	103917321	104058133	3	imbalance
LTL331_preCX1	chr10	106829647	110132406	1	hom_high
LTL331_preCX1	chr10	111004731	113129804	1	hom_high
LTL331_preCX1	chr10	116601287	116860668	3	imbalance
LTL331_preCX1	chr10	125838903	126017222	0	hom_low
LTL331_preCX1	chr10	126017222	133560292	1	hom_high
LTL331_preCX1	chr10	133560292	133797422	3	imbalance
LTL331_preCX1	chr11	1003544	1020169	0	hom_low
LTL331_preCX1	chr11	1088012	1109404	0	hom_low
LTL331_preCX1	chr11	1252597	1999215	3	imbalance
LTL331_preCX1	chr11	4094956	4211648	3	imbalance
LTL331_preCX1	chr11	4211648	7071134	1	hom_high
LTL331_preCX1	chr11	18232464	18247833	0	hom_low
LTL331_preCX1	chr11	18719949	18883362	3	imbalance
LTL331_preCX1	chr11	22811999	26721672	1	hom_high
LTL331_preCX1	chr11	43318366	45934246	1	hom_high
LTL331_preCX1	chr11	46858674	49117110	1	hom_high
LTL331_preCX1	chr11	64258337	64299726	3	imbalance
LTL331_preCX1	chr11	80704169	82765174	1	hom_high
LTL331_preCX1	chr11	124382864	124397007	3	imbalance
LTL331_preCX1	chr12	3841636	6560557	1	hom_high
LTL331_preCX1	chr12	7143119	7306714	3	imbalance
LTL331_preCX1	chr12	9156273	9302036	0	hom_low
LTL331_preCX1	chr12	11021839	11030780	0	hom_low
LTL331_preCX1	chr12	25520061	26123622	3	imbalance
LTL331_preCX1	chr12	40480898	40482190	0	hom_low
LTL331_preCX1	chr12	40482190	40485056	3	imbalance
LTL331_preCX1	chr12	40506491	40924415	3	imbalance
LTL331_preCX1	chr12	71554117	72879852	3	imbalance
LTL331_preCX1	chr12	72879852	75040947	1	hom_high
LTL331_preCX1	chr13	19662922	19730339	0	hom_low
LTL331_preCX1	chr13	21172213	24906142	1	hom_high
LTL331_preCX1	chr13	28303286	31274311	1	hom_high
LTL331_preCX1	chr13	37655202	38688882	3	imbalance
LTL331_preCX1	chr13	41193900	43412961	1	hom_high
LTL331_preCX1	chr13	53050594	58529930	1	hom_high
LTL331_preCX1	chr13	78639000	83877500	1	hom_high
LTL331_preCX1	chr13	86277222	95560398	1	hom_high
LTL331_preCX1	chr13	99295934	108209013	1	hom_high
LTL331_preCX1	chr14	18562909	19136907	3	imbalance
LTL331_preCX1	chr14	70247277	70507909	3	imbalance
LTL331_preCX1	chr14	79805013	82027409	1	hom_high
LTL331_preCX1	chr14	85621523	88263498	1	hom_high
LTL331_preCX1	chr14	105547480	105624490	3	imbalance
LTL331_preCX1	chr14	105667981	105768973	3	imbalance
LTL331_preCX1	chr14	106301871	106356117	3	imbalance
LTL331_preCX1	chr14	106470286	106622564	3	imbalance
LTL331_preCX1	chr14	106770679	106831678	3	imbalance
LTL331_preCX1	chr15	19000000	20538825	0	hom_low
LTL331_preCX1	chr15	20594798	22556034	0	hom_low
LTL331_preCX1	chr15	23289431	23446831	0	hom_low
LTL331_preCX1	chr15	25402816	28120441	1	hom_high
LTL331_preCX1	chr15	34255420	37936082	1	hom_high
LTL331_preCX1	chr15	84204389	84396691	3	imbalance
LTL331_preCX1	chr16	33611522	33802542	3	imbalance
LTL331_preCX1	chr16	47701303	50314387	1	hom_high
LTL331_preCX1	chr16	50328735	52445987	1	hom_high
LTL331_preCX1	chr16	55790766	55828713	0	hom_low
LTL331_preCX1	chr16	58284529	67227093	1	hom_high
LTL331_preCX1	chr16	69976675	69983656	0	hom_low
LTL331_preCX1	chr16	69983656	70153593	3	imbalance
LTL331_preCX1	chr16	72829969	74417939	3	imbalance
LTL331_preCX1	chr16	75760080	80628443	1	hom_high
LTL331_preCX1	chr16	83217426	88576952	1	hom_high
LTL331_preCX1	chr17	7009738	7221704	3	imbalance
LTL331_preCX1	chr17	18572742	19030282	3	imbalance
LTL331_preCX1	chr17	19093840	20335722	3	imbalance
LTL331_preCX1	chr17	20428941	21214069	3	imbalance
LTL331_preCX1	chr17	21305182	22693405	3	imbalance
LTL331_preCX1	chr17	26955176	30732580	3	imbalance
LTL331_preCX1	chr17	31348979	33216993	3	imbalance
LTL331_preCX1	chr17	34006922	35192741	3	imbalance
LTL331_preCX1	chr17	35260940	36162604	3	imbalance
LTL331_preCX1	chr17	36947916	37920929	3	imbalance
LTL331_preCX1	chr17	38196469	38509911	3	imbalance
LTL331_preCX1	chr17	38707780	39531084	3	imbalance
LTL331_preCX1	chr17	40095356	40966551	3	imbalance
LTL331_preCX1	chr17	41026628	41190177	3	imbalance
LTL331_preCX1	chr17	41226764	41280700	3	imbalance
LTL331_preCX1	chr17	41308370	42969196	3	imbalance
LTL331_preCX1	chr17	43202019	43492324	3	imbalance
LTL331_preCX1	chr17	43496243	45233334	3	imbalance
LTL331_preCX1	chr17	46710959	53823775	3	imbalance
LTL331_preCX1	chr17	53824731	59177102	3	imbalance
LTL331_preCX1	chr17	59184899	59813287	3	imbalance
LTL331_preCX1	chr17	61403159	62268194	3	imbalance
LTL331_preCX1	chr17	62274003	63503732	3	imbalance
LTL331_preCX1	chr17	63942954	64859271	3	imbalance
LTL331_preCX1	chr17	64897050	67078504	3	imbalance
LTL331_preCX1	chr17	67138065	69505741	3	imbalance
LTL331_preCX1	chr17	70241708	75755959	3	imbalance
LTL331_preCX1	chr17	75984360	80288402	3	imbalance
LTL331_preCX1	chr17	80328259	80374238	3	imbalance
LTL331_preCX1	chr17	80380850	81457813	3	imbalance
LTL331_preCX1	chr17	81819749	82005846	3	imbalance
LTL331_preCX1	chr17	82231307	83257441	3	imbalance
LTL331_preCX1	chr18	0	80399	3	imbalance
LTL331_preCX1	chr18	11610482	11684192	3	imbalance
LTL331_preCX1	chr18	36111311	42027401	1	hom_high
LTL331_preCX1	chr18	42070171	44914482	1	hom_high
LTL331_preCX1	chr18	46946907	49581368	1	hom_high
LTL331_preCX1	chr18	49590338	49826409	3	imbalance
LTL331_preCX1	chr18	51177567	54360479	1	hom_high
LTL331_preCX1	chr18	55222453	57357494	1	hom_high
LTL331_preCX1	chr18	69698238	72538103	1	hom_high
LTL331_preCX1	chr18	74156553	76913956	1	hom_high
LTL331_preCX1	chr19	474559	535949	3	imbalance
LTL331_preCX1	chr19	22179611	22181042	0	hom_low
LTL331_preCX1	chr19	43090191	43261630	3	imbalance
LTL331_preCX1	chr19	43276911	43373315	3	imbalance
LTL331_preCX1	chr19	52800310	52905761	3	imbalance
LTL331_preCX1	chr19	53442505	53486730	3	imbalance
LTL331_preCX1	chr19	54040929	54074709	3	imbalance
LTL331_preCX1	chr19	54224176	54241675	3	imbalance
LTL331_preCX1	chr19	54836084	54842967	3	imbalance
LTL331_preCX1	chr19	55761648	55773159	3	imbalance
LTL331_preCX1	chr20	30193513	30393783	3	imbalance
LTL331_preCX1	chr20	43138097	44328042	3	imbalance
LTL331_preCX1	chr21	8877039	10465031	3	imbalance
LTL331_preCX1	chr21	38504324	41519509	1	hom_high
LTL331_preCX1	chr21	44304677	44313618	3	imbalance
LTL331_preCX1	chr22	15000000	16590810	3	imbalance
LTL331_preCX1	chr22	18735649	18886835	0	hom_low
LTL331_preCX1	chr22	20612073	20708160	3	imbalance
LTL331_preCX1	chr22	21072142	21232368	0	hom_low
LTL331_preCX1	chr22	21545966	23743761	1	hom_high
LTL331_preCX1	chr22	24036002	24262511	3	imbalance
LTL331_preCX1	chr22	33384082	35719519	1	hom_high
LTL331_preCX1	chr22	42214626	45328030	1	hom_high
LTL331_preCX1	chr22	45328030	45335297	3	imbalance
LTL331_preCX1	chr22	46261401	50090355	1	hom_high
