# Supplementary Table T3. Per-cluster differentially expressed genes (Seurat FindAllMarkers;
# one-tailed Wilcoxon, Bonferroni-adjusted p_val_adj). One row per (cluster, gene).
cluster	gene	avg_log2FC	pct.1	pct.2	p_val	p_val_adj
0	AC090572.2	2.202930783	0.553	0.107	0.0	0.0
0	ABCA12	2.184759122	0.801	0.247	0.0	0.0
0	AC009478.1	1.929188793	0.937	0.417	0.0	0.0
0	TTC6	1.868662201	0.993	0.487	0.0	0.0
0	NAALADL2	1.815848473	0.985	0.637	0.0	0.0
0	MIR99AHG	1.810205763	0.883	0.613	0.0	0.0
0	CPNE4	1.695083217	0.995	0.486	0.0	0.0
0	CPA6	1.685368472	0.664	0.216	0.0	0.0
0	DIAPH2	1.582802221	0.926	0.592	0.0	0.0
0	MYRIP	1.56050725	0.774	0.407	0.0	0.0
0	AC109779.1	1.555666323	0.542	0.177	0.0	0.0
0	IL1RAPL1	1.506317378	0.799	0.349	0.0	0.0
0	ARHGEF38	1.487788402	0.9	0.445	0.0	0.0
0	PCDH19	1.481438831	0.567	0.197	0.0	0.0
0	MID1	1.457382581	0.945	0.517	0.0	0.0
0	PCDH11X	1.439992058	0.814	0.344	0.0	0.0
0	SORL1	1.434396802	0.814	0.385	0.0	0.0
0	SCHLAP1	1.390084367	0.999	0.948	0.0	0.0
0	MT-ND4L	1.384974572	0.951	0.714	0.0	0.0
0	RAD51B	1.360537359	0.929	0.712	0.0	0.0
0	LUZP2	1.349115178	0.843	0.369	0.0	0.0
0	GRHL2	1.308322052	0.888	0.438	0.0	0.0
0	SDC2	1.278716655	0.715	0.439	0.0	0.0
0	CPQ	1.275344372	0.824	0.545	0.0	0.0
0	SPATA6	1.274638986	0.884	0.629	0.0	0.0
0	CNGB3	1.260115048	0.326	0.057	0.0	0.0
0	LRRN1	1.255396375	0.889	0.641	0.0	0.0
0	MT-ND3	1.254109954	0.999	0.993	0.0	0.0
0	MT-ATP8	1.2531844	0.92	0.693	0.0	0.0
0	THRB	1.215862159	0.784	0.414	0.0	0.0
0	GSTCD	1.210262005	0.842	0.597	0.0	0.0
0	UTRN	1.207410067	0.956	0.476	0.0	0.0
0	KIAA1217	1.197962106	0.928	0.676	0.0	0.0
0	ACER3	1.189636053	0.912	0.658	0.0	0.0
0	AC097480.1	1.181616905	0.431	0.163	0.0	0.0
0	LINC01036	1.180176331	0.458	0.119	0.0	0.0
0	GARNL3	1.178329387	0.723	0.36	0.0	0.0
0	RALGPS1	1.170056207	0.792	0.557	0.0	0.0
0	HS3ST4	1.153137884	0.617	0.218	0.0	0.0
0	ANTXR1	1.151562717	0.907	0.666	0.0	0.0
0	DNAH8	1.121246166	0.911	0.708	0.0	0.0
0	PRKD1	1.114762599	0.893	0.576	0.0	0.0
0	LIMCH1	1.080414729	0.774	0.421	0.0	0.0
0	SHROOM3	1.068168303	0.795	0.401	0.0	0.0
0	STXBP5L	1.06381613	0.944	0.817	0.0	0.0
0	AL121790.1	1.057654319	0.64	0.275	0.0	0.0
0	PPP3CA	1.049367475	0.997	0.884	0.0	0.0
0	ZNF680	1.047630103	0.78	0.53	0.0	0.0
0	GRM8	1.038466338	0.781	0.481	0.0	0.0
0	FRAS1	1.035322179	0.643	0.294	0.0	0.0
0	PRR16	1.033223802	0.417	0.159	0.0	0.0
0	AC100768.2	1.033190747	0.574	0.245	0.0	0.0
0	OPHN1	1.023936011	0.711	0.353	0.0	0.0
0	PLCG2	1.02290684	0.621	0.338	0.0	0.0
0	PRKG1	1.019590553	0.919	0.687	0.0	0.0
0	STXBP5	1.019102028	0.973	0.821	0.0	0.0
0	TRPS1	1.012502172	0.803	0.494	0.0	0.0
0	MAPK10	1.012394484	0.943	0.847	0.0	0.0
0	MAGI1	0.990333228	0.926	0.793	0.0	0.0
0	THSD4	0.98626469	0.85	0.611	0.0	0.0
0	INTS12	0.977955597	0.744	0.534	0.0	0.0
0	AR	0.976836543	0.814	0.4	0.0	0.0
0	PARD3B	0.961507815	0.846	0.48	0.0	0.0
0	CNTNAP2	0.957761762	0.91	0.639	0.0	0.0
0	PDE8B	0.956688104	0.583	0.263	0.0	0.0
0	CDKL5	0.945403247	0.714	0.481	0.0	0.0
0	BMPR1B	0.926068063	0.833	0.403	0.0	0.0
0	GRB10	0.924623299	0.718	0.391	0.0	0.0
0	PLA2G2A	0.920350796	0.646	0.259	0.0	0.0
0	MPPED2	0.919538933	0.654	0.367	0.0	0.0
0	ACOXL	0.917452375	0.659	0.353	0.0	0.0
0	ZFP36L1	0.914359949	0.826	0.43	0.0	0.0
0	PKHD1L1	0.913116579	0.351	0.166	0.0	0.0
0	FTX	0.908654453	0.969	0.918	0.0	0.0
0	CHN1	0.9080172	0.716	0.573	0.0	0.0
0	MTRNR2L8	0.900014826	0.801	0.462	0.0	0.0
0	AGR2	0.899222482	0.509	0.159	0.0	0.0
0	NPC2	0.899183763	0.716	0.471	0.0	0.0
0	ZBBX	0.896342421	0.499	0.172	0.0	0.0
0	NLGN1	0.888584713	0.958	0.88	0.0	0.0
0	TESK2	0.887582757	0.79	0.531	0.0	0.0
0	DOCK4	0.887082254	0.929	0.726	0.0	0.0
0	SVIL	0.886879178	0.878	0.689	0.0	0.0
0	TRGJP	0.874097331	0.394	0.081	0.0	0.0
0	PRKAG2	0.870728081	0.708	0.449	0.0	0.0
0	IMMP2L	0.870134528	0.841	0.675	0.0	0.0
0	MATN2	0.867871171	0.557	0.243	0.0	0.0
0	RPS29	0.862315398	0.937	0.915	0.0	0.0
0	SLC10A7	0.859193506	0.697	0.563	0.0	0.0
0	PATJ	0.85592093	0.891	0.762	0.0	0.0
0	C6orf10	0.842666262	0.296	0.066	0.0	0.0
0	ARHGAP6	0.841502697	0.724	0.462	0.0	0.0
0	NEDD4L	0.836501257	0.756	0.54	0.0	0.0
0	MROH2A	0.835499787	0.733	0.359	0.0	0.0
0	ZNF462	0.829149251	0.713	0.441	0.0	0.0
0	SNHG14	0.826780561	0.873	0.784	0.0	0.0
0	KANK1	0.825708799	0.715	0.42	0.0	0.0
0	NFATC2	0.823334872	0.511	0.302	0.0	0.0
0	WWOX	0.822801075	0.855	0.737	0.0	0.0
0	CACNB4	0.820711805	0.645	0.346	0.0	0.0
0	ANXA3	0.820244181	0.637	0.324	0.0	0.0
0	ZNF704	0.819785517	0.93	0.854	0.0	0.0
0	ACPP	0.819700875	0.795	0.401	0.0	0.0
0	ASTN2	0.819216235	0.896	0.671	0.0	0.0
0	NCAM2	0.81784583	0.615	0.558	1.9999999999999998e-111	5.22e-107
0	PPA2	0.812826443	0.788	0.655	0.0	0.0
0	NIPAL3	0.810394614	0.71	0.542	0.0	0.0
0	FOLH1	0.810022043	0.594	0.293	0.0	0.0
0	PDLIM3	0.800690205	0.826	0.621	0.0	0.0
0	MIPEP	0.798740713	0.515	0.298	0.0	0.0
0	ITPKC	0.792338323	0.404	0.293	1.4699999999999998e-188	3.86e-184
0	SAMD12	0.790329853	0.707	0.484	0.0	0.0
0	CDK19	0.788255512	0.87	0.738	0.0	0.0
0	PDCD4	0.786097556	0.728	0.488	0.0	0.0
0	LDLRAD4	0.785697337	0.761	0.649	0.0	0.0
0	LINC00278	0.77924609	0.486	0.168	0.0	0.0
0	SLC35F3	0.778198553	0.717	0.483	0.0	0.0
0	PCDH7	0.777706368	0.38	0.173	0.0	0.0
0	UBE2E2	0.767523403	0.778	0.566	0.0	0.0
0	ARHGAP28	0.766587488	0.556	0.292	0.0	0.0
0	SCGB1D2	0.766253921	0.281	0.096	0.0	0.0
0	RBM47	0.760363902	0.907	0.54	0.0	0.0
0	LRBA	0.75951107	0.936	0.873	0.0	0.0
0	MT-ND5	0.754003172	0.982	0.941	0.0	0.0
0	COCH	0.752173879	0.568	0.427	0.0	0.0
0	SERPINI1	0.748623761	0.635	0.391	0.0	0.0
0	SHISA9	0.747953204	0.406	0.148	0.0	0.0
0	HIST1H2BD	0.746047844	0.541	0.286	0.0	0.0
0	MALAT1	0.745608363	1.0	0.999	0.0	0.0
0	PARP8	0.743937688	0.608	0.43	0.0	0.0
0	NPAS2	0.743374432	0.607	0.301	0.0	0.0
0	TRGC1	0.742151018	0.672	0.331	0.0	0.0
0	CCSER1	0.740422189	0.807	0.625	0.0	0.0
0	LINC01695	0.739368266	0.425	0.243	0.0	0.0
0	PTPN14	0.739259749	0.66	0.351	0.0	0.0
0	ACACA	0.734208523	0.866	0.792	0.0	0.0
0	ARHGEF3	0.731203364	0.664	0.428	0.0	0.0
0	GCC2	0.730226409	0.781	0.63	0.0	0.0
0	FOXA1	0.727146255	0.722	0.394	0.0	0.0
0	MIPOL1	0.723980349	0.737	0.579	0.0	0.0
0	SERINC5	0.723744585	0.856	0.475	0.0	0.0
0	LGALS8	0.723001516	0.566	0.315	0.0	0.0
0	SYCP2	0.721813457	0.599	0.343	0.0	0.0
0	BICC1	0.719234286	0.768	0.497	0.0	0.0
0	LTBP1	0.71792598	0.558	0.359	0.0	0.0
0	ZNF577	0.716541407	0.606	0.389	0.0	0.0
0	ST6GAL1	0.715263097	0.481	0.233	0.0	0.0
0	SUGCT	0.715085531	0.437	0.309	1.82e-227	4.76e-223
0	STAU2	0.714659209	0.694	0.598	0.0	0.0
0	OR51E2	0.707113973	0.496	0.22	0.0	0.0
0	FN1	0.706817336	0.516	0.282	0.0	0.0
0	MUC12	0.703756724	0.379	0.154	0.0	0.0
0	ESRP1	0.703094768	0.677	0.431	0.0	0.0
0	RPS27	0.702783451	0.97	0.953	0.0	0.0
0	LINC01697	0.698650855	0.331	0.161	0.0	0.0
0	ST8SIA1	0.698288461	0.372	0.146	0.0	0.0
0	ATP2C2	0.695335074	0.507	0.239	0.0	0.0
0	CCDC7	0.694883627	0.603	0.396	0.0	0.0
0	PDSS2	0.694641025	0.794	0.69	0.0	0.0
0	SGMS1	0.694581583	0.78	0.652	0.0	0.0
0	SPTLC3	0.691449685	0.478	0.202	0.0	0.0
0	SP100	0.689664058	0.558	0.261	0.0	0.0
0	RCAN3	0.689563453	0.743	0.556	0.0	0.0
0	DMXL1	0.686551771	0.896	0.713	0.0	0.0
0	SLC25A27	0.685824802	0.622	0.342	0.0	0.0
0	NPNT	0.682697141	0.664	0.37	0.0	0.0
0	AGBL1	0.681263484	0.321	0.161	0.0	0.0
0	MALT1	0.681251478	0.521	0.339	0.0	0.0
0	FAM135A	0.678443591	0.704	0.581	0.0	0.0
0	C11orf80	0.678410217	0.711	0.579	0.0	0.0
0	UBE2E3	0.676892546	0.887	0.844	0.0	0.0
0	ZBTB20	0.674990726	0.939	0.851	0.0	0.0
0	UFSP2	0.672035472	0.564	0.407	0.0	0.0
0	PRAC1	0.671283576	0.844	0.755	0.0	0.0
0	PTPRT	0.67007672	0.578	0.392	0.0	0.0
0	MAML2	0.666570164	0.496	0.302	0.0	0.0
0	DANT2	0.661429022	0.704	0.563	0.0	0.0
0	SHANK2	0.660975863	0.646	0.391	0.0	0.0
0	TTTY14	0.65988068	0.782	0.67	0.0	0.0
0	ROCK1	0.659432593	0.806	0.738	0.0	0.0
0	SLC30A4	0.658043919	0.697	0.435	0.0	0.0
0	PARP14	0.654718695	0.583	0.309	0.0	0.0
0	BCAS1	0.654552435	0.426	0.153	0.0	0.0
0	HIST1H4H	0.653951054	0.415	0.216	0.0	0.0
0	AC008014.1	0.653186685	0.624	0.46	0.0	0.0
0	ANKRD42	0.6503239	0.419	0.282	1.47e-264	3.84e-260
0	GNPTAB	0.64852239	0.599	0.392	0.0	0.0
0	CAMKMT	0.646486246	0.754	0.658	0.0	0.0
0	SPECC1	0.646077658	0.645	0.479	0.0	0.0
0	LINC01376	0.645367264	0.478	0.255	0.0	0.0
0	RPL37	0.644700027	0.959	0.949	0.0	0.0
0	RPL37A	0.642834697	0.963	0.952	0.0	0.0
0	ZFHX3	0.640176435	0.69	0.486	0.0	0.0
0	PLD5	0.638151294	0.395	0.24	0.0	0.0
0	LRMDA	0.636020026	0.893	0.778	0.0	0.0
0	BMPR1A	0.635938799	0.652	0.523	0.0	0.0
0	AMOTL1	0.632398011	0.719	0.629	0.0	0.0
0	SMARCA1	0.632347314	0.637	0.373	0.0	0.0
0	HLA-B	0.631115726	0.738	0.456	0.0	0.0
0	B3GNT6	0.630689962	0.552	0.265	0.0	0.0
0	NRP1	0.629967695	0.849	0.651	0.0	0.0
0	CNGA1	0.629786609	0.466	0.203	0.0	0.0
0	CYTH3	0.629295432	0.59	0.332	0.0	0.0
0	EML5	0.626140414	0.468	0.258	0.0	0.0
0	SUSD4	0.624721474	0.512	0.258	0.0	0.0
0	NFIX	0.622826149	0.79	0.608	0.0	0.0
0	ARHGAP29	0.619974067	0.681	0.357	0.0	0.0
0	COLEC12	0.619074062	0.623	0.397	0.0	0.0
0	GMDS-AS1	0.618210758	0.668	0.531	0.0	0.0
0	NFKBIZ	0.617213672	0.678	0.459	0.0	0.0
0	DOCK3	0.615216162	0.552	0.391	0.0	0.0
0	MGLL	0.612499921	0.332	0.238	1.2e-147	3.13e-143
0	LSR	0.61197982	0.591	0.514	6.84e-202	1.7899999999999998e-197
0	EMB	0.611385992	0.562	0.353	0.0	0.0
0	CCDC14	0.611336479	0.675	0.597	0.0	0.0
0	AL365295.1	0.609812441	0.491	0.31	0.0	0.0
0	AC068587.6	0.607772067	0.61	0.415	0.0	0.0
0	SHOC2	0.605735371	0.636	0.488	0.0	0.0
0	VPS13B	0.605504206	0.881	0.843	0.0	0.0
0	GOLGB1	0.602633266	0.769	0.665	0.0	0.0
0	TAOK3	0.601935782	0.604	0.434	0.0	0.0
0	ABHD12	0.600887801	0.703	0.563	0.0	0.0
0	PPP1R9A	0.600877538	0.633	0.476	0.0	0.0
0	TRGC2	0.600829027	0.585	0.296	0.0	0.0
0	CAB39	0.600580594	0.715	0.646	0.0	0.0
0	USP40	0.598939776	0.595	0.418	0.0	0.0
0	RNF220	0.598010636	0.506	0.314	0.0	0.0
0	AKAP9	0.597007386	0.812	0.745	0.0	0.0
0	MICU1	0.595314531	0.893	0.869	0.0	0.0
0	CAST	0.592632176	0.729	0.484	0.0	0.0
0	EPB41L4A	0.590970387	0.625	0.49	0.0	0.0
0	FAM13A	0.58864425	0.716	0.482	0.0	0.0
0	RNF213	0.588426495	0.726	0.607	0.0	0.0
0	NWD1	0.588305665	0.495	0.254	0.0	0.0
0	RPL39	0.586501287	0.959	0.944	0.0	0.0
0	SLC35F5	0.585840671	0.607	0.49	0.0	0.0
0	GREB1L	0.584154343	0.533	0.332	0.0	0.0
0	MYO1D	0.582270616	0.916	0.813	0.0	0.0
0	FSTL1	0.581706523	0.769	0.492	0.0	0.0
0	ZC3H12B	0.581081185	0.463	0.248	0.0	0.0
0	TANC1	0.577845658	0.577	0.394	0.0	0.0
0	SMYD3	0.577720478	0.928	0.886	0.0	0.0
0	ZNF83	0.575861146	0.745	0.638	0.0	0.0
0	IER2	0.575168088	0.748	0.715	1.69e-211	4.4299999999999996e-207
0	RPL31	0.574617983	0.848	0.826	0.0	0.0
0	SUPT3H	0.573053199	0.721	0.625	0.0	0.0
0	AHNAK	0.573020976	0.693	0.422	0.0	0.0
0	CDK17	0.572594827	0.725	0.555	0.0	0.0
0	BICD1	0.570318426	0.706	0.577	0.0	0.0
0	ECHDC2	0.568542606	0.638	0.484	0.0	0.0
0	APPL2	0.565483487	0.712	0.552	0.0	0.0
0	RPL23	0.563950434	0.934	0.918	0.0	0.0
0	KCNMB2	0.562264908	0.277	0.212	5.1e-93	1.34e-88
0	PCMTD1	0.561971202	0.783	0.712	0.0	0.0
0	CRISPLD1	0.561074448	0.679	0.386	0.0	0.0
0	TCEA3	0.559795877	0.571	0.362	0.0	0.0
0	TRIP12	0.559379499	0.785	0.728	0.0	0.0
0	PCAT1	0.557812459	0.442	0.236	0.0	0.0
0	IKZF2	0.557627893	0.442	0.214	0.0	0.0
0	RPL34	0.557448402	0.941	0.934	0.0	0.0
0	UTY	0.557152757	0.74	0.667	0.0	0.0
0	CCDC18-AS1	0.554840279	0.635	0.514	0.0	0.0
0	GLI3	0.55412213	0.384	0.147	0.0	0.0
0	PSME1	0.554087296	0.674	0.565	0.0	0.0
0	SNED1	0.550141351	0.479	0.279	0.0	0.0
0	FOXP1	0.547552395	0.986	0.916	0.0	0.0
0	PRKDC	0.544153328	0.895	0.899	3.9e-253	1.0200000000000001e-248
0	TMEM45B	0.544079496	0.365	0.163	0.0	0.0
0	HGD	0.543086465	0.642	0.365	0.0	0.0
0	OCLN	0.542938322	0.603	0.372	0.0	0.0
0	TCEAL4	0.541015355	0.657	0.581	0.0	0.0
0	IQGAP2	0.540480302	0.468	0.241	0.0	0.0
0	SYAP1	0.539737721	0.618	0.576	2.97e-139	7.769999999999999e-135
0	MPDZ	0.53639068	0.685	0.601	0.0	0.0
0	SRGAP3	0.535971749	0.634	0.504	0.0	0.0
0	AC025171.1	0.535561758	0.594	0.455	0.0	0.0
0	ZFP36L2	0.535441718	0.722	0.615	0.0	0.0
0	EGFR	0.535334968	0.553	0.335	0.0	0.0
0	MMP26	0.534152022	0.317	0.147	0.0	0.0
0	CLMN	0.534107642	0.504	0.302	0.0	0.0
0	RIMS1	0.531872734	0.444	0.331	2.69e-180	7.039999999999999e-176
0	GATA2	0.530304808	0.533	0.289	0.0	0.0
0	FAM91A1	0.53006667	0.534	0.486	5.1699999999999996e-111	1.3499999999999999e-106
0	SAMD13	0.527912828	0.265	0.092	0.0	0.0
0	LGALS3	0.52788249	0.544	0.289	0.0	0.0
0	COBL	0.527649331	0.646	0.416	0.0	0.0
0	SPINK5	0.527302999	0.486	0.294	0.0	0.0
0	LINC01138	0.526836448	0.559	0.396	0.0	0.0
0	LINC01037	0.52605571	0.293	0.091	0.0	0.0
0	SPTSSB	0.525631884	0.423	0.215	0.0	0.0
0	SUCLG2	0.524296141	0.633	0.491	0.0	0.0
0	ELP5	0.523056758	0.35	0.243	3.3499999999999997e-189	8.760000000000001e-185
0	TFDP2	0.522938797	0.736	0.651	0.0	0.0
0	ZMAT1	0.522535248	0.448	0.235	0.0	0.0
0	YAP1	0.52206195	0.702	0.4	0.0	0.0
0	RPL38	0.5219987	0.936	0.924	0.0	0.0
0	WWP1	0.521819715	0.655	0.549	0.0	0.0
0	TACC2	0.521198082	0.473	0.236	0.0	0.0
0	LINC01278	0.521193978	0.604	0.479	0.0	0.0
0	SLC26A2	0.517360682	0.497	0.312	0.0	0.0
0	AC004009.1	0.517085283	0.355	0.136	0.0	0.0
0	MYOF	0.516873109	0.359	0.126	0.0	0.0
0	PDE4D	0.516365672	0.843	0.697	0.0	0.0
0	MED13L	0.514390852	0.879	0.849	0.0	0.0
0	CCNL1	0.513893199	0.696	0.619	1.29e-237	3.38e-233
0	DENND1B	0.513119726	0.615	0.491	0.0	0.0
0	HLA-C	0.51223673	0.708	0.471	0.0	0.0
0	SLC44A1	0.510235028	0.582	0.422	0.0	0.0
0	FAM172A	0.509901508	0.731	0.669	0.0	0.0
0	SH3RF1	0.508793021	0.828	0.739	0.0	0.0
0	MGAT5	0.507291838	0.524	0.379	0.0	0.0
0	NUDT4	0.506562984	0.66	0.475	0.0	0.0
0	PAPPA	0.506531832	0.318	0.125	0.0	0.0
0	PCED1B	0.5052529	0.439	0.276	0.0	0.0
0	TAB2	0.504143126	0.647	0.587	2.32e-242	6.0799999999999996e-238
0	GPR160	0.50319313	0.52	0.287	0.0	0.0
0	LMF1	0.502842885	0.515	0.358	0.0	0.0
0	RORA	0.502654611	0.814	0.68	0.0	0.0
0	AF117829.1	0.501984537	0.588	0.431	0.0	0.0
0	EHF	0.501560085	0.511	0.281	0.0	0.0
0	CYTH1	0.501228843	0.695	0.587	0.0	0.0
0	RPS17	0.500613452	0.878	0.865	0.0	0.0
0	TMCO4	0.498714986	0.473	0.271	0.0	0.0
0	SLC25A33	0.496931963	0.541	0.517	2.2099999999999998e-67	5.77e-63
0	ZBTB38	0.496299386	0.54	0.409	0.0	0.0
0	LINC01184	0.495846479	0.56	0.427	0.0	0.0
0	MPP7	0.495329154	0.485	0.263	0.0	0.0
0	DDC	0.494527471	0.27	0.173	4.46e-155	1.17e-150
0	ANXA11	0.493420258	0.626	0.424	0.0	0.0
0	DCAF6	0.492910894	0.662	0.56	0.0	0.0
0	SLCO5A1	0.491045472	0.626	0.552	2.18e-191	5.71e-187
0	ZHX2	0.491043972	0.497	0.317	0.0	0.0
0	FGF13	0.490028067	0.852	0.746	0.0	0.0
0	ABCA1	0.487960615	0.44	0.237	0.0	0.0
0	KIAA0825	0.487349028	0.39	0.208	0.0	0.0
0	KIAA1109	0.487067889	0.648	0.554	0.0	0.0
0	C5orf42	0.485275083	0.654	0.587	6.03e-247	1.5799999999999998e-242
0	CD47	0.482884749	0.702	0.628	0.0	0.0
0	PRDM5	0.481060737	0.356	0.134	0.0	0.0
0	ZDHHC14	0.480916817	0.621	0.521	8.66e-262	2.27e-257
0	DUSP16	0.480911053	0.525	0.396	1.71e-229	4.4699999999999993e-225
0	ETF1	0.480492475	0.533	0.523	1.44e-61	3.78e-57
0	WNT2B	0.47946905	0.44	0.247	0.0	0.0
0	GULP1	0.478277451	0.507	0.284	0.0	0.0
0	DSTN	0.477550455	0.85	0.821	0.0	0.0
0	FLNB	0.477101727	0.764	0.581	0.0	0.0
0	NVL	0.474984631	0.592	0.513	2.29e-211	5.989999999999999e-207
0	LAMA3	0.474090966	0.321	0.19	8.01e-246	2.1e-241
0	EFCAB13	0.473382301	0.415	0.227	0.0	0.0
0	KLHL13	0.472374557	0.447	0.28	0.0	0.0
0	HIBADH	0.471297346	0.624	0.538	3.42e-264	8.96e-260
0	WHRN	0.470720485	0.47	0.372	3.11e-130	8.14e-126
0	LINC00886	0.47066792	0.359	0.155	0.0	0.0
0	NBEAL1	0.469463862	0.689	0.585	0.0	0.0
0	ERGIC1	0.469314074	0.519	0.345	0.0	0.0
0	ZCCHC6	0.464558759	0.572	0.472	5.13e-231	1.34e-226
0	BBX	0.463817934	0.777	0.722	0.0	0.0
0	AL117329.1	0.463692865	0.74	0.679	0.0	0.0
0	ENOSF1	0.463342069	0.663	0.585	9.179999999999999e-308	2.4e-303
0	MT-ND2	0.462592289	0.995	0.986	0.0	0.0
0	PLPP1	0.462456752	0.849	0.601	0.0	0.0
0	RABGAP1	0.4623708	0.742	0.699	0.0	0.0
0	LRRC75A	0.461496101	0.357	0.224	5.72e-253	1.5e-248
0	TLK1	0.459952625	0.698	0.635	6.5700000000000006e-307	1.7200000000000002e-302
0	KAZN	0.459863736	0.803	0.688	0.0	0.0
0	DUSP1	0.459849625	0.572	0.461	3.66e-198	9.58e-194
0	FOCAD	0.459491751	0.647	0.563	4.44e-267	1.16e-262
0	SLC24A3	0.459456811	0.327	0.188	2.55e-263	6.670000000000001e-259
0	NFIA	0.458953437	0.894	0.858	0.0	0.0
0	AKT3	0.458344314	0.788	0.758	2.26e-295	5.9100000000000005e-291
0	ADAM10	0.456593791	0.686	0.619	1.91e-252	5e-248
0	ITGB6	0.456535738	0.335	0.144	0.0	0.0
0	LYPD6B	0.456217517	0.416	0.234	0.0	0.0
0	RPS20	0.456062948	0.932	0.916	0.0	0.0
0	ST8SIA6	0.455018849	0.417	0.245	0.0	0.0
0	HOXB13	0.454702443	0.655	0.43	0.0	0.0
0	CSGALNACT1	0.45458944	0.703	0.584	3.22e-272	8.439999999999999e-268
0	HDAC8	0.45246725	0.712	0.669	1.86e-250	4.869999999999999e-246
0	ADRA2A	0.449753788	0.39	0.253	4.15e-224	1.09e-219
0	TNFSF10	0.448735384	0.386	0.198	0.0	0.0
0	UACA	0.448288924	0.495	0.318	0.0	0.0
0	GRIK4	0.448069649	0.413	0.248	0.0	0.0
0	GLO1	0.447587718	0.776	0.721	0.0	0.0
0	RRBP1	0.445959838	0.578	0.413	0.0	0.0
0	LINC00271	0.444626326	0.366	0.187	0.0	0.0
0	LMCD1	0.443579137	0.284	0.195	8.85e-122	2.3200000000000002e-117
0	PIK3CB	0.443485652	0.649	0.558	2.95e-277	7.73e-273
0	FBLN7	0.443170278	0.394	0.192	0.0	0.0
0	CFAP70	0.442387044	0.697	0.556	0.0	0.0
0	MLPH	0.438399145	0.514	0.326	0.0	0.0
0	C8orf34	0.438249612	0.504	0.256	0.0	0.0
0	ANKRD37	0.43580853	0.583	0.42	3.4800000000000004e-291	9.11e-287
0	MTRNR2L12	0.435774366	0.789	0.624	0.0	0.0
0	MKL2	0.435714261	0.702	0.644	7.73e-281	2.02e-276
0	ALPK1	0.435663677	0.319	0.124	0.0	0.0
0	RERE	0.435644013	0.949	0.938	0.0	0.0
0	KIAA1324	0.435194317	0.584	0.445	4.8900000000000005e-276	1.28e-271
0	HLCS	0.433474909	0.75	0.698	4.92e-299	1.29e-294
0	MPZL3	0.433021713	0.357	0.241	1.3e-198	3.41e-194
0	AC242426.4	0.432845016	0.407	0.24	0.0	0.0
0	EXPH5	0.431031121	0.538	0.362	0.0	0.0
0	MAP2K5	0.430442845	0.605	0.527	5.94e-221	1.5599999999999997e-216
0	CYP39A1	0.429843872	0.404	0.215	0.0	0.0
0	LINC01515	0.42901518	0.801	0.76	1.0199999999999999e-254	2.67e-250
0	VPS13C	0.428059487	0.666	0.597	2.24e-270	5.87e-266
0	CFAP54	0.427816085	0.558	0.338	0.0	0.0
0	SCAPER	0.426152006	0.723	0.682	6.88e-252	1.8000000000000002e-247
0	CRIP1	0.424562439	0.398	0.198	0.0	0.0
0	TRIM2	0.424174903	0.55	0.445	8.31e-224	2.1699999999999998e-219
0	DHRS7	0.424151211	0.678	0.629	1.37e-222	3.59e-218
0	GALNT1	0.423975304	0.713	0.653	2.5899999999999997e-288	6.78e-284
0	PLPP5	0.422706701	0.592	0.477	1.86e-251	4.87e-247
0	TSPAN15	0.422425047	0.649	0.451	0.0	0.0
0	ARFGEF1	0.421917718	0.752	0.719	2.7e-300	7.07e-296
0	REST	0.420834577	0.443	0.256	0.0	0.0
0	GABRG3	0.420624677	0.401	0.246	8.87e-284	2.32e-279
0	EPS15	0.419616681	0.602	0.509	1.9199999999999999e-243	5.019999999999999e-239
0	GOLPH3	0.419218388	0.686	0.655	1.99e-178	5.1999999999999995e-174
0	CASC19	0.418351283	0.312	0.145	0.0	0.0
0	TMEM123	0.418226468	0.695	0.582	5.44e-306	1.42e-301
0	LIMA1	0.417726678	0.594	0.477	3.47e-252	9.09e-248
0	NR5A2	0.417004608	0.261	0.106	0.0	0.0
0	PSD3	0.416834871	0.726	0.685	3.41e-219	8.93e-215
0	DOCK1	0.416033446	0.552	0.45	3.8399999999999996e-220	1e-215
0	HSD17B4	0.415702702	0.544	0.435	4.57e-236	1.2000000000000001e-231
0	POLG2	0.414926472	0.526	0.402	4.230000000000001e-210	1.11e-205
0	NT5DC1	0.414829065	0.616	0.531	1.55e-225	4.06e-221
0	LINC01006	0.413835504	0.5	0.405	3.11e-185	8.140000000000001e-181
0	RRP12	0.413139437	0.257	0.215	8.28e-41	2.17e-36
0	AC003688.1	0.412914992	0.286	0.166	2.54e-221	6.65e-217
0	BOLA1	0.412047024	0.349	0.229	2.7e-214	7.080000000000001e-210
0	NOV	0.411358825	0.394	0.23	0.0	0.0
0	NPR3	0.410561313	0.375	0.212	0.0	0.0
0	CTTNBP2NL	0.410409622	0.548	0.449	4.23e-198	1.11e-193
0	PDE7B	0.408580436	0.393	0.318	3.6999999999999996e-91	9.68e-87
0	ADGRA3	0.408469323	0.499	0.384	9.699999999999999e-220	2.54e-215
0	SMIM14	0.4084117	0.687	0.606	5.57e-286	1.46e-281
0	RAI14	0.406421762	0.475	0.362	2.02e-183	5.2800000000000007e-179
0	DUXAP8	0.405425362	0.678	0.622	1.91e-201	4.9999999999999996e-197
0	SEC62	0.405148237	0.712	0.71	3.78e-238	9.9e-234
0	ANTXR2	0.404521024	0.522	0.395	2.49e-216	6.51e-212
0	NIPAL1	0.404159606	0.343	0.179	0.0	0.0
0	NUP37	0.404144773	0.383	0.298	1.37e-119	3.5799999999999997e-115
0	EVA1C	0.403880944	0.384	0.218	0.0	0.0
0	TET2	0.403762322	0.612	0.532	1.9799999999999999e-199	5.18e-195
0	CPNE3	0.403721217	0.681	0.618	3.42e-243	8.94e-239
0	MCCC1	0.403429513	0.485	0.351	3.56e-258	9.32e-254
0	RFX3-AS1	0.403103524	0.571	0.491	6.64e-168	1.74e-163
0	COBLL1	0.402838096	0.51	0.388	5.98e-165	1.5600000000000002e-160
0	SLC52A3	0.402593091	0.304	0.131	0.0	0.0
0	OXCT1	0.401761721	0.635	0.527	8.62e-238	2.26e-233
0	ADHFE1	0.401542006	0.35	0.149	0.0	0.0
0	KIF13A	0.401521234	0.496	0.361	5.08e-241	1.3299999999999998e-236
0	CFAP44	0.399500795	0.454	0.313	5.5500000000000004e-266	1.45e-261
0	CAPN5	0.399319818	0.397	0.252	2.3599999999999997e-242	6.19e-238
0	BABAM2	0.399016685	0.708	0.663	1.3800000000000002e-226	3.61e-222
0	TBC1D1	0.396855658	0.563	0.49	2.2600000000000002e-155	5.91e-151
0	CHKA	0.395610773	0.616	0.531	1.35e-200	3.55e-196
0	AC108062.1	0.394636875	0.334	0.173	0.0	0.0
0	HIST1H2AC	0.393822903	0.479	0.335	2.2e-244	5.75e-240
0	SLC9A9	0.393380014	0.385	0.257	4.05e-214	1.06e-209
0	ST6GALNAC5	0.39297347	0.319	0.199	5.39e-197	1.4100000000000001e-192
0	SYT17	0.392875747	0.443	0.306	4.6e-254	1.2e-249
0	FAM189A1	0.392212374	0.35	0.194	0.0	0.0
0	NDUFB1	0.391698897	0.695	0.687	7.37e-202	1.9299999999999997e-197
0	AC022387.1	0.391334559	0.41	0.309	1.15e-154	3.0099999999999996e-150
0	ZC3HAV1	0.390765524	0.449	0.292	2.03e-258	5.31e-254
0	MYO9A	0.390752184	0.671	0.627	2.38e-183	6.22e-179
0	OVOL2	0.390726787	0.474	0.355	1.2e-211	3.13e-207
0	NSUN7	0.390705291	0.494	0.35	5.72e-265	1.5e-260
0	PLCE1	0.390604521	0.319	0.164	0.0	0.0
0	AC090092.1	0.390268678	0.27	0.125	0.0	0.0
0	RGS5	0.389581358	0.336	0.282	6.93e-50	1.8199999999999998e-45
0	ATP11B	0.388998968	0.619	0.456	7.73e-307	2.02e-302
0	LAMP2	0.387778413	0.562	0.427	2.5800000000000003e-245	6.76e-241
0	ZNF736	0.387415962	0.489	0.404	1.77e-155	4.64e-151
0	SOS1	0.386566332	0.728	0.696	8.07e-229	2.11e-224
0	GNA14	0.386401255	0.366	0.203	0.0	0.0
0	STK3	0.386199782	0.828	0.795	2.39e-293	6.260000000000001e-289
0	ERBB2	0.385203683	0.467	0.314	5.7100000000000005e-273	1.49e-268
0	CNFN	0.384462858	0.414	0.263	3.28e-297	8.600000000000001e-293
0	AC138305.1	0.38367991	0.5	0.389	2.4800000000000004e-163	6.5e-159
0	HS6ST3	0.383669978	0.6	0.422	0.0	0.0
0	THADA	0.38319218	0.639	0.588	3.8e-172	9.949999999999999e-168
0	CYR61	0.382666257	0.439	0.288	2.1800000000000002e-212	5.720000000000001e-208
0	GSAP	0.382442856	0.356	0.201	0.0	0.0
0	NDUFC1	0.382329601	0.669	0.651	2.85e-196	7.45e-192
0	CLCN3	0.381287222	0.633	0.57	2.97e-188	7.78e-184
0	ZNF280D	0.380242727	0.633	0.592	8.87e-162	2.3200000000000002e-157
0	ARF4	0.379808848	0.693	0.753	4.8299999999999995e-23	1.26e-18
0	CNTN4	0.378992939	0.474	0.319	1.2799999999999998e-241	3.36e-237
0	ARHGEF26-AS1	0.378895126	0.309	0.142	0.0	0.0
0	TMEM131L	0.378128702	0.664	0.575	1.12e-192	2.9399999999999995e-188
0	TBC1D32	0.377834901	0.613	0.553	7.100000000000001e-163	1.86e-158
0	MAGI3	0.377633455	0.733	0.667	3.93e-219	1.03e-214
0	ACYP2	0.377481969	0.631	0.581	1.48e-157	3.86e-153
0	LINC00969	0.377397608	0.673	0.654	5.08e-174	1.33e-169
0	CCDC125	0.377066455	0.509	0.408	2.5699999999999998e-191	6.739999999999999e-187
0	ADAM32	0.376816199	0.391	0.247	1.59e-263	4.17e-259
0	PARP9	0.376004339	0.435	0.276	3.15e-300	8.260000000000001e-296
0	SORBS2	0.375307794	0.83	0.775	8.79e-283	2.3e-278
0	SUCLG2-AS1	0.375131247	0.354	0.219	3.9799999999999995e-250	1.0400000000000001e-245
0	LRRC1	0.375105524	0.405	0.265	3.7500000000000003e-252	9.81e-248
0	ROMO1	0.375026794	0.698	0.708	5.44e-178	1.4200000000000002e-173
0	ITGA9-AS1	0.374251395	0.36	0.208	0.0	0.0
0	FAM110B	0.374058964	0.434	0.297	2.6699999999999998e-219	6.99e-215
0	GK5	0.373572321	0.472	0.361	2.0399999999999998e-190	5.33e-186
0	LEKR1	0.373459396	0.315	0.161	0.0	0.0
0	ARFGEF3	0.373204126	0.797	0.68	0.0	0.0
0	OST4	0.372809511	0.722	0.71	1.33e-218	3.48e-214
0	LRRC8A	0.372113735	0.352	0.335	1.63e-20	4.26e-16
0	C2CD2	0.371749026	0.368	0.202	0.0	0.0
0	OSBPL1A	0.369841635	0.604	0.546	1.16e-155	3.05e-151
0	NKX3-1	0.36971557	0.576	0.35	0.0	0.0
0	TLN2	0.368496028	0.356	0.213	1.2900000000000002e-265	3.38e-261
0	SCCPDH	0.368464777	0.556	0.47	9.299999999999999e-186	2.4300000000000004e-181
0	PLA2G7	0.368200841	0.483	0.287	0.0	0.0
0	CLU	0.36725457	0.406	0.246	4.74e-292	1.24e-287
0	TFCP2	0.367220129	0.677	0.654	1.56e-144	4.08e-140
0	PPCDC	0.366783	0.421	0.32	1.26e-157	3.3e-153
0	GOLGA4	0.366443332	0.808	0.792	1.42e-274	3.7199999999999997e-270
0	DGKD	0.366368005	0.601	0.544	2.54e-143	6.65e-139
0	TMEM144	0.366148963	0.297	0.114	0.0	0.0
0	AC107419.1	0.365920756	0.537	0.462	1.1500000000000001e-144	3.02e-140
0	CARMIL1	0.365837658	0.597	0.5	1.38e-194	3.6e-190
0	ATG10	0.365200112	0.677	0.642	7.210000000000001e-167	1.89e-162
0	ZNF532	0.364834299	0.282	0.124	0.0	0.0
0	EHBP1	0.364525888	0.767	0.754	3.81e-196	9.96e-192
0	OSBPL10	0.364362478	0.508	0.334	0.0	0.0
0	PAG1	0.364297554	0.452	0.342	2.28e-175	5.9599999999999995e-171
0	PARD3	0.363826709	0.878	0.858	0.0	0.0
0	DAAM1	0.363028397	0.764	0.738	1.5299999999999999e-232	3.99e-228
0	NCMAP	0.362934953	0.295	0.142	0.0	0.0
0	FAM19A2	0.362095026	0.428	0.362	2.36e-74	6.19e-70
0	AGBL4	0.361977127	0.856	0.77	0.0	0.0
0	UBE2E1	0.361274509	0.59	0.5	3.09e-179	8.08e-175
0	GPD2	0.360983027	0.532	0.462	2.5299999999999998e-138	6.63e-134
0	SYT16	0.360517878	0.299	0.197	7.52e-152	1.97e-147
0	DPM3	0.358957179	0.504	0.427	2.95e-161	7.730000000000001e-157
0	LRRC9	0.358463332	0.291	0.171	5.910000000000001e-209	1.55e-204
0	REPS2	0.358166952	0.307	0.156	0.0	0.0
0	MT-ND6	0.358155935	0.522	0.461	5.2e-83	1.36e-78
0	ITGA9	0.357724434	0.388	0.238	3.25e-271	8.52e-267
0	SEPT10	0.356662376	0.442	0.284	1.4e-267	3.66e-263
0	TAX1BP1	0.356510028	0.763	0.725	1.97e-237	5.139999999999999e-233
0	DMKN	0.356464607	0.484	0.311	0.0	0.0
0	EDARADD	0.355984363	0.284	0.116	0.0	0.0
0	PTPN3	0.355721681	0.485	0.354	3.44e-226	9.02e-222
0	RPAP2	0.35527739	0.645	0.61	4.48e-143	1.17e-138
0	AC114763.1	0.35437714	0.334	0.196	1.45e-261	3.7900000000000004e-257
0	NCOA3	0.354165604	0.755	0.673	1.23e-250	3.23e-246
0	HIST1H2BE	0.353521489	0.29	0.183	6.0799999999999996e-170	1.59e-165
0	TMEM178A	0.352917456	0.375	0.27	1.02e-153	2.67e-149
0	RBM5	0.352556071	0.632	0.597	6.44e-147	1.69e-142
0	ASAP3	0.352070553	0.334	0.18	0.0	0.0
0	ATP5I	0.351429217	0.774	0.792	5.130000000000001e-213	1.3400000000000001e-208
0	SP110	0.35139174	0.337	0.173	0.0	0.0
0	CLASP1	0.350616988	0.733	0.729	1.3400000000000002e-163	3.5199999999999997e-159
0	CHST9	0.350565799	0.6	0.562	1.34e-83	3.52e-79
0	ARHGAP12	0.350560023	0.599	0.523	1.15e-174	3.0099999999999996e-170
0	MIA3	0.349589	0.595	0.503	1.2199999999999999e-176	3.18e-172
0	CASC15	0.349074874	0.673	0.574	4.57e-203	1.2000000000000001e-198
0	TNRC18	0.348822471	0.579	0.518	1.06e-130	2.77e-126
0	AL359710.1	0.348045578	0.4	0.31	1.4e-130	3.66e-126
0	RNF43	0.347945295	0.334	0.172	0.0	0.0
0	GALNT10	0.347806899	0.417	0.296	2.65e-184	6.93e-180
0	TNRC6B	0.347601308	0.723	0.705	1.57e-169	4.0999999999999997e-165
0	TARBP1	0.34744329	0.517	0.429	1.22e-161	3.18e-157
0	AUH	0.347201837	0.665	0.596	7.19e-215	1.8800000000000002e-210
0	C1orf132	0.346914012	0.359	0.208	2.8800000000000003e-289	7.55e-285
0	RNF13	0.346489409	0.607	0.563	9.89e-147	2.5899999999999998e-142
0	AC027018.1	0.346158643	0.312	0.218	1.0999999999999999e-126	2.89e-122
0	KTN1	0.345950612	0.77	0.767	3.4699999999999995e-229	9.079999999999999e-225
0	ZNF846	0.345163953	0.376	0.237	1.9799999999999997e-250	5.2e-246
0	RAPGEF5	0.34496351	0.36	0.286	1.06e-82	2.77e-78
0	ROR2	0.344559461	0.568	0.474	1.25e-155	3.27e-151
0	BTBD9	0.344335666	0.723	0.683	3.2800000000000002e-167	8.600000000000001e-163
0	CEP70	0.344189168	0.61	0.494	8.44e-211	2.21e-206
0	TNS3	0.343949707	0.433	0.333	1.49e-137	3.8900000000000005e-133
0	MBD5	0.343656911	0.834	0.826	4.19e-246	1.1e-241
0	KIF16B	0.342987835	0.388	0.258	7.970000000000001e-215	2.0900000000000003e-210
0	SMAD2	0.342743879	0.555	0.519	1.7199999999999997e-89	4.5e-85
0	STEAP2	0.342128145	0.697	0.391	0.0	0.0
0	GALM	0.341866929	0.436	0.341	8.06e-127	2.1100000000000002e-122
0	HERC6	0.341849763	0.318	0.161	0.0	0.0
0	EGR1	0.341419477	0.748	0.794	7.03e-18	1.84e-13
0	NOTCH2	0.341330078	0.415	0.269	5.359999999999999e-250	1.4e-245
0	FAM149B1	0.341263365	0.569	0.508	2.21e-139	5.769999999999999e-135
0	NCOA2	0.340611425	0.826	0.81	9.79e-249	2.56e-244
0	SULF2	0.340342366	0.397	0.268	3.2299999999999995e-197	8.45e-193
0	SOAT1	0.340273436	0.433	0.337	2.4299999999999997e-146	6.35e-142
0	BICRAL	0.339657412	0.604	0.563	2.5699999999999997e-128	6.720000000000001e-124
0	SPOCK1	0.339393736	0.654	0.548	2.55e-183	6.680000000000001e-179
0	NUBPL	0.338864458	0.528	0.459	5.160000000000001e-122	1.35e-117
0	IQANK1	0.338654889	0.393	0.245	2.1e-262	5.49e-258
0	SPON2	0.338569982	0.515	0.31	0.0	0.0
0	PTPRF	0.338211929	0.583	0.536	4.8200000000000005e-129	1.26e-124
0	SPEF2	0.337733546	0.451	0.3	7.9e-266	2.07e-261
0	EPB41L5	0.337604548	0.693	0.621	1.69e-155	4.42e-151
0	TMCC1	0.337264463	0.746	0.733	2.4900000000000002e-167	6.530000000000001e-163
0	DDX60	0.337072884	0.322	0.171	0.0	0.0
0	UBE4B	0.336671102	0.616	0.571	4.92e-131	1.2899999999999999e-126
0	EXOC1	0.336549711	0.499	0.412	1.5000000000000001e-155	3.92e-151
0	SH3RF2	0.336383109	0.26	0.106	0.0	0.0
0	RPS28	0.334797095	0.957	0.958	0.0	0.0
0	ANXA4	0.334051021	0.459	0.342	4.5700000000000005e-185	1.2e-180
0	CDC42BPB	0.334016615	0.488	0.411	5.6600000000000006e-129	1.4800000000000002e-124
0	GUCY1A3	0.333781085	0.385	0.238	1.7299999999999998e-242	4.53e-238
0	ERBB3	0.332782508	0.408	0.265	1.62e-240	4.24e-236
0	FNBP1L	0.331320356	0.693	0.652	1.6400000000000002e-163	4.31e-159
0	FAM120A	0.33127001	0.623	0.586	3.05e-138	7.979999999999999e-134
0	RGS10	0.330960473	0.448	0.283	1.2e-279	3.14e-275
0	USP9Y	0.330494982	0.553	0.49	1.24e-121	3.2400000000000005e-117
0	WDR27	0.330376915	0.529	0.456	9.31e-125	2.44e-120
0	CCDC91	0.329550442	0.655	0.648	9.83e-104	2.57e-99
0	IKZF3	0.329286302	0.272	0.108	0.0	0.0
0	HS2ST1	0.329269893	0.651	0.631	1e-110	2.6299999999999997e-106
0	LITAF	0.329086124	0.499	0.383	3.68e-160	9.63e-156
0	ARHGAP5	0.328214874	0.73	0.701	9.000000000000001e-179	2.3599999999999998e-174
0	GATAD1	0.328034563	0.489	0.402	7.54e-148	1.97e-143
0	KDM4C	0.327825383	0.605	0.568	9.02e-98	2.36e-93
0	TMEM135	0.327822139	0.601	0.553	9.58e-120	2.51e-115
0	STXBP6	0.327760593	0.339	0.232	3.58e-157	9.36e-153
0	GGCX	0.327485216	0.396	0.321	7.06e-100	1.85e-95
0	SUMF1	0.327127683	0.85	0.835	1.27e-179	3.33e-175
0	METTL15	0.326513253	0.52	0.446	2.2800000000000002e-123	5.96e-119
0	NDUFA1	0.326388648	0.664	0.688	2.46e-85	6.44e-81
0	ADGRV1	0.325926818	0.76	0.722	1.06e-177	2.78e-173
0	AC092902.2	0.32516581	0.297	0.155	1.37e-290	3.57e-286
0	MRPS27	0.324777218	0.454	0.38	7.9e-107	2.07e-102
0	GPR137B	0.324467544	0.408	0.281	7.530000000000001e-200	1.97e-195
0	SLFN5	0.323472142	0.474	0.321	3.03e-253	7.939999999999999e-249
0	KDM5B	0.323434907	0.693	0.706	2.45e-39	6.42e-35
0	CTDSPL	0.323345906	0.543	0.482	1.84e-113	4.83e-109
0	ZDHHC21	0.323063055	0.566	0.517	5.85e-113	1.53e-108
0	AP002495.1	0.322654408	0.413	0.318	9.51e-142	2.49e-137
0	DEGS1	0.32259035	0.629	0.574	7.280000000000001e-122	1.91e-117
0	NAMPT	0.322561762	0.619	0.498	1.42e-156	3.71e-152
0	DTWD2	0.322095312	0.337	0.212	4.46e-211	1.17e-206
0	POLR3G	0.321683008	0.307	0.166	1.15e-286	3.0199999999999997e-282
0	ANKUB1	0.321650722	0.466	0.383	1.54e-109	4.0400000000000005e-105
0	MYLK	0.321149407	0.286	0.166	7.99e-211	2.0900000000000002e-206
0	TIPARP	0.321011794	0.516	0.444	6.18e-89	1.62e-84
0	SMARCA2	0.320773632	0.449	0.328	1.02e-180	2.67e-176
0	SLFN13	0.320482618	0.491	0.411	4.900000000000001e-122	1.28e-117
0	RPL36	0.320455057	0.923	0.925	0.0	0.0
0	FAAH2	0.319936378	0.494	0.425	9.15e-106	2.39e-101
0	CRYBG1	0.319263358	0.52	0.407	2.0600000000000002e-166	5.4e-162
0	CYBRD1	0.319150865	0.321	0.166	0.0	0.0
0	ANK3	0.318253904	0.947	0.906	0.0	0.0
0	SNX9	0.317909626	0.648	0.593	1.36e-148	3.5600000000000003e-144
0	CRADD	0.317181719	0.616	0.592	3.11e-90	8.140000000000001e-86
0	MIR2052HG	0.317028549	0.361	0.346	6.73e-17	1.76e-12
0	LYPD6	0.316660485	0.288	0.171	4.21e-204	1.1e-199
0	PPP2R3A	0.316515804	0.457	0.378	3.9600000000000005e-110	1.04e-105
0	HNMT	0.31623189	0.285	0.133	0.0	0.0
0	MYO5C	0.31596209	0.382	0.262	1.6999999999999998e-188	4.46e-184
0	KIAA1683	0.315299444	0.391	0.334	1.63e-66	4.26e-62
0	WNK4	0.315240506	0.399	0.244	2.6000000000000003e-259	6.82e-255
0	ARHGEF26	0.315132473	0.348	0.234	3.71e-174	9.7e-170
0	CAPN2	0.314747127	0.42	0.33	4.93e-115	1.2900000000000002e-110
0	SCN8A	0.313719606	0.604	0.563	3.75e-111	9.810000000000001e-107
0	SLC9A7	0.312155458	0.427	0.33	1.23e-134	3.21e-130
0	TET1	0.311871001	0.649	0.622	3.95e-117	1.03e-112
0	CCDC186	0.311522462	0.437	0.341	1.84e-142	4.8e-138
0	PARPBP	0.311496592	0.277	0.281	0.00019635	1.0
0	SLC2A12	0.311406861	0.272	0.124	0.0	0.0
0	C10orf107	0.309208347	0.351	0.184	0.0	0.0
0	FXYD3	0.309054466	0.438	0.308	7.079999999999999e-191	1.85e-186
0	CFLAR	0.306914403	0.47	0.38	7.49e-133	1.96e-128
0	SBF2	0.306431445	0.622	0.588	3.2500000000000004e-110	8.5e-106
0	CHIC2	0.306185024	0.558	0.542	1.77e-69	4.63e-65
0	SLC44A5	0.306150557	0.547	0.488	3.92e-97	1.0299999999999999e-92
0	ADAMTSL4-AS1	0.305869991	0.501	0.505	5.61e-28	1.47e-23
0	ELK3	0.305631625	0.304	0.196	1.09e-161	2.8500000000000003e-157
0	KRTCAP2	0.305479923	0.483	0.408	7.19e-124	1.88e-119
0	SLC39A11	0.305224179	0.501	0.434	3.6e-98	9.429999999999999e-94
0	DENND4C	0.305222883	0.66	0.644	1.28e-117	3.35e-113
0	ALCAM	0.304988981	0.677	0.425	0.0	0.0
0	UBR2	0.304406594	0.593	0.553	1.3000000000000001e-105	3.4e-101
0	SGPL1	0.303467043	0.633	0.615	2.1999999999999998e-112	5.77e-108
0	AC134511.1	0.303120284	0.333	0.259	6.41e-86	1.68e-81
0	SON	0.302979239	0.806	0.837	4.78e-211	1.25e-206
0	VPS8	0.30257712	0.551	0.513	6.769999999999999e-82	1.77e-77
0	DECR1	0.302225777	0.537	0.469	2.53e-112	6.63e-108
0	ATL2	0.302074269	0.515	0.455	1.2e-97	3.14e-93
0	PHF21A	0.302064695	0.539	0.493	1.69e-88	4.42e-84
0	EPHX1	0.301813549	0.511	0.399	7.760000000000001e-161	2.0300000000000001e-156
0	ARRDC3	0.301478561	0.486	0.387	2.4899999999999998e-136	6.52e-132
0	PHKA2	0.301282997	0.461	0.356	1.91e-139	4.9999999999999996e-135
0	EXOC4	0.30112564	0.834	0.837	1.41e-197	3.69e-193
0	TRIQK	0.300886375	0.473	0.417	2.89e-87	7.56e-83
0	RAB7A	0.300281887	0.714	0.747	9.14e-11	2.39e-06
0	PTPN13	0.300170606	0.621	0.482	1.3000000000000001e-210	3.4e-206
0	SPOPL	0.300163058	0.549	0.495	7.070000000000001e-88	1.85e-83
0	TMEM87A	0.300042129	0.767	0.778	1.14e-158	2.9900000000000004e-154
0	LRRFIP1	0.299543907	0.732	0.634	5.35e-206	1.4e-201
0	PPARG	0.299434666	0.391	0.239	3.95e-253	1.03e-248
0	PLEKHG2	0.298976268	0.324	0.315	1.17e-14	3.06e-10
0	SEC14L1	0.298958273	0.652	0.662	1.86e-91	4.86e-87
0	ZCCHC7	0.298909474	0.786	0.782	6.760000000000001e-157	1.77e-152
0	ARL6IP5	0.298867244	0.559	0.536	1.73e-84	4.5400000000000005e-80
0	AIG1	0.29875454	0.573	0.53	9.75e-97	2.55e-92
0	DMGDH	0.298567932	0.276	0.16	3.89e-204	1.02e-199
0	ZNF277	0.298493673	0.533	0.448	2.04e-130	5.349999999999999e-126
0	ACACB	0.298450841	0.335	0.218	1.12e-183	2.94e-179
0	CPAMD8	0.298375859	0.307	0.183	7.990000000000001e-213	2.09e-208
0	PDE9A	0.298219266	0.416	0.305	2.59e-149	6.790000000000001e-145
0	MAP1B	0.298211275	0.678	0.702	7.46e-11	1.95e-06
0	BAIAP2	0.297837641	0.468	0.415	1.91e-48	5.01e-44
0	FAM171A1	0.29779947	0.538	0.487	2.77e-94	7.24e-90
0	CWH43	0.297795106	0.359	0.209	4.7400000000000006e-259	1.24e-254
0	NMD3	0.297773362	0.392	0.329	6.85e-78	1.79e-73
0	DDI2	0.297650556	0.507	0.433	1.69e-111	4.42e-107
0	NELL2	0.297620399	0.599	0.601	1.04e-24	2.72e-20
0	CLTCL1	0.297249379	0.364	0.28	1.66e-107	4.3600000000000003e-103
0	AIDA	0.29712228	0.427	0.412	2.26e-22	5.92e-18
0	ACSL1	0.297068099	0.424	0.326	6.52e-132	1.71e-127
0	PPM1K	0.297065891	0.46	0.372	5.390000000000001e-116	1.41e-111
0	KIAA1328	0.296237985	0.409	0.333	4.16e-93	1.09e-88
0	ARMC9	0.2960381	0.475	0.444	1.5499999999999999e-46	4.05e-42
0	NAPEPLD	0.296023416	0.317	0.287	7.039999999999999e-24	1.84e-19
0	KMT2E	0.295896951	0.803	0.806	1.06e-203	2.77e-199
0	HNF4G	0.295709337	0.367	0.225	6.66e-237	1.7399999999999998e-232
0	TTC23L	0.295420521	0.308	0.214	5.66e-127	1.48e-122
0	ABLIM3	0.29469286	0.325	0.221	6.13e-146	1.61e-141
0	SLC25A16	0.294580754	0.671	0.658	5.54e-113	1.45e-108
0	SPAG16	0.294400146	0.612	0.546	7.37e-127	1.93e-122
0	ADK	0.294077372	0.951	0.951	1.27e-290	3.32e-286
0	SPIN1	0.293787321	0.726	0.737	8.09e-131	2.1199999999999998e-126
0	NET1	0.293411667	0.555	0.483	7.66e-112	2e-107
0	SH2D4A	0.293382824	0.302	0.154	0.0	0.0
0	ITPR2	0.293302904	0.32	0.213	7.38e-147	1.93e-142
0	B2M	0.292462152	0.848	0.802	3.75e-282	9.809999999999999e-278
0	AC007000.3	0.292323629	0.351	0.246	5.01e-153	1.31e-148
0	MBOAT1	0.291685468	0.264	0.126	1.52e-300	3.99e-296
0	SH3BP5	0.291548762	0.325	0.196	2.95e-224	7.73e-220
0	OPRK1	0.291408837	0.264	0.152	3.28e-179	8.59e-175
0	ATRX	0.291331184	0.839	0.85	5.8e-172	1.52e-167
0	DLGAP1	0.291202504	0.433	0.29	1.05e-208	2.75e-204
0	COL4A5	0.291042863	0.488	0.417	1.1999999999999999e-95	3.15e-91
0	TIA1	0.29045508	0.486	0.424	4.62e-96	1.21e-91
0	AFAP1	0.290376141	0.427	0.356	8.07e-88	2.11e-83
0	PART1	0.290087009	0.359	0.183	0.0	0.0
0	SYNJ2	0.289929005	0.503	0.342	2.8499999999999997e-233	7.46e-229
0	TTC8	0.289739676	0.376	0.258	1.4500000000000002e-181	3.79e-177
0	VSIG10	0.289644459	0.479	0.418	8.15e-88	2.13e-83
0	ANO10	0.289387144	0.533	0.509	1.21e-58	3.18e-54
0	BCOR	0.288542456	0.583	0.55	4.69e-80	1.23e-75
0	AC010329.1	0.288405366	0.293	0.139	0.0	0.0
0	BRWD3	0.288221526	0.474	0.391	8.59e-113	2.25e-108
0	HLA-A	0.287097465	0.568	0.492	1.0100000000000001e-110	2.64e-106
0	ZYG11A	0.286804796	0.319	0.188	2.2800000000000003e-223	5.96e-219
0	TMEM241	0.286738735	0.41	0.323	1.7900000000000002e-110	4.6899999999999995e-106
0	LRIG1	0.28638421	0.482	0.388	1.05e-120	2.75e-116
0	SMAD3	0.285969367	0.418	0.294	9.63e-159	2.52e-154
0	DHRS3	0.285917409	0.415	0.299	2.86e-151	7.49e-147
0	ERCC1	0.285520863	0.551	0.541	1.8e-55	4.71e-51
0	RPS6KA5	0.285164443	0.677	0.638	2.17e-100	5.67e-96
0	PHF3	0.28502958	0.621	0.61	3.02e-78	7.91e-74
0	ATXN7	0.284702808	0.553	0.512	1.34e-75	3.5e-71
0	NBR1	0.284517121	0.53	0.484	2.44e-83	6.400000000000001e-79
0	SASH1	0.283849302	0.52	0.441	1.44e-107	3.76e-103
0	AFDN	0.283839156	0.794	0.736	1.06e-235	2.78e-231
0	NBAS	0.282874056	0.625	0.61	8.0399999999999995e-81	2.1e-76
0	CBR3-AS1	0.282770564	0.516	0.354	5.13e-220	1.34e-215
0	UPK3A	0.282664712	0.316	0.172	1.91e-278	4.989999999999999e-274
0	ANKRD28	0.282387044	0.622	0.583	5.5700000000000004e-105	1.46e-100
0	ITGAV	0.282342912	0.565	0.429	8.72e-189	2.28e-184
0	F5	0.282283056	0.276	0.151	2.05e-232	5.379999999999999e-228
0	HOPX	0.281697791	0.401	0.207	0.0	0.0
0	SFMBT2	0.281433474	0.774	0.745	7.78e-83	2.04e-78
0	PPP2R5A	0.281381953	0.377	0.259	1.9600000000000002e-169	5.14e-165
0	JAK2	0.280519314	0.416	0.338	1.98e-99	5.19e-95
0	STPG2	0.280468903	0.283	0.185	1.98e-143	5.18e-139
0	SAMD4A	0.279117589	0.461	0.326	1.8800000000000002e-166	4.91e-162
0	Z83843.1	0.278993629	0.339	0.229	3.9600000000000006e-163	1.04e-158
0	DSP	0.278792109	0.422	0.299	3.01e-162	7.88e-158
0	ELK4	0.278605449	0.46	0.384	1.76e-96	4.5999999999999996e-92
0	ARG2	0.278412638	0.579	0.49	1.91e-99	5.0099999999999994e-95
0	MDM4	0.277625073	0.578	0.548	6.78e-81	1.77e-76
0	DEPTOR	0.277411437	0.276	0.141	1.54e-274	4.02e-270
0	TRPM4	0.277104901	0.299	0.167	2.56e-243	6.709999999999999e-239
0	ENPP5	0.276932139	0.385	0.257	1.5500000000000002e-185	4.06e-181
0	TBCK	0.27678881	0.576	0.549	2.6200000000000002e-73	6.859999999999999e-69
0	TBL1Y	0.276262437	0.323	0.2	1.9100000000000002e-183	5.0100000000000004e-179
0	TPM4	0.276164969	0.557	0.364	1.54e-228	4.0300000000000003e-224
0	ASAH1	0.276133375	0.347	0.225	5.369999999999999e-189	1.41e-184
0	SLC26A5	0.276057234	0.317	0.211	6.27e-153	1.64e-148
0	ICA1	0.275775267	0.499	0.428	1.71e-97	4.48e-93
0	MPP5	0.274979938	0.405	0.318	2.56e-107	6.690000000000001e-103
0	GNG12	0.274783634	0.34	0.207	8.280000000000001e-212	2.1699999999999997e-207
0	SNHG19	0.274667437	0.364	0.261	6.730000000000001e-144	1.76e-139
0	FRRS1L	0.274511304	0.309	0.185	1.8e-213	4.7e-209
0	HEG1	0.274174627	0.275	0.167	7.28e-162	1.91e-157
0	HDLBP	0.274116932	0.711	0.689	5.23e-124	1.37e-119
0	KAT6B	0.273893605	0.849	0.847	7.720000000000001e-192	2.02e-187
0	LINC01135	0.273370835	0.298	0.168	4.35e-237	1.1399999999999999e-232
0	CASZ1	0.273356631	0.714	0.698	1.17e-76	3.0600000000000003e-72
0	APLP2	0.273280373	0.827	0.798	8.919999999999999e-197	2.33e-192
0	ARHGAP32	0.273181125	0.759	0.739	3.5000000000000004e-144	9.169999999999999e-140
0	IL3RA	0.273146588	0.381	0.299	1.06e-97	2.79e-93
0	COX20	0.273079894	0.587	0.57	2.5e-81	6.54e-77
0	DOPEY2	0.273010448	0.546	0.496	3.88e-82	1.02e-77
0	COL2A1	0.272758063	0.411	0.244	1.72e-249	4.5000000000000005e-245
0	RPL27A	0.272693919	0.769	0.775	1.29e-158	3.38e-154
0	RAB3GAP1	0.272556211	0.631	0.637	4.79e-59	1.2499999999999999e-54
0	ATP10D	0.272316001	0.292	0.169	5.6e-218	1.4700000000000002e-213
0	PHF21B	0.271823842	0.469	0.418	1.94e-64	5.07e-60
0	ZC2HC1A	0.271548506	0.603	0.579	3.75e-84	9.83e-80
0	DPH6	0.271476797	0.36	0.286	5.49e-83	1.44e-78
0	ZNF528-AS1	0.271227517	0.452	0.383	6.199999999999999e-90	1.62e-85
0	HIBCH	0.27109157	0.601	0.585	9.03e-80	2.36e-75
0	CUX2	0.270626289	0.65	0.623	2.64e-55	6.91e-51
0	ATF3	0.270579835	0.655	0.577	3.5e-112	9.17e-108
0	WNK2	0.270276129	0.59	0.565	3.7900000000000005e-64	9.93e-60
0	CHD6	0.27005392	0.743	0.749	3.7900000000000003e-121	9.93e-117
0	ATP9A	0.269739326	0.679	0.647	4.38e-105	1.15e-100
0	SLC44A3	0.269622052	0.257	0.128	2.9e-274	7.59e-270
0	BAZ2B	0.269375054	0.545	0.502	1.09e-76	2.86e-72
0	MT-ND4	0.268988385	0.998	0.993	0.0	0.0
0	TNFAIP8	0.268777121	0.452	0.302	1.62e-202	4.2500000000000005e-198
0	RPS6KA2	0.268634758	0.365	0.249	3.0700000000000002e-155	8.04e-151
0	ZNF438	0.267965177	0.371	0.3	1.73e-81	4.54e-77
0	TTC39B	0.267821561	0.368	0.275	1.4999999999999999e-114	3.92e-110
0	TGOLN2	0.267558646	0.522	0.485	1.26e-71	3.29e-67
0	NDRG3	0.267313898	0.431	0.342	3.69e-111	9.65e-107
0	SYTL3	0.266631524	0.318	0.196	3.9299999999999997e-197	1.03e-192
0	AP000525.1	0.265999128	0.278	0.161	3.73e-206	9.76e-202
0	ATG2B	0.265943975	0.401	0.354	2.3e-44	6.0099999999999995e-40
0	TOM1L1	0.265854536	0.505	0.467	1.1899999999999998e-67	3.1e-63
0	NIPSNAP2	0.265629093	0.616	0.609	1e-84	2.62e-80
0	LINC01297	0.265238434	0.309	0.202	1.0699999999999999e-134	2.79e-130
0	ANKIB1	0.265020162	0.69	0.693	1.11e-96	2.9e-92
0	SLC37A1	0.264957494	0.613	0.536	1.59e-129	4.17e-125
0	SLC35A3	0.264901662	0.379	0.283	6.26e-123	1.64e-118
0	DDX58	0.26451929	0.403	0.321	1.06e-93	2.7699999999999998e-89
0	STAT2	0.264324606	0.376	0.303	6.2400000000000005e-80	1.63e-75
0	LONP2	0.26425047	0.46	0.41	1.6e-69	4.18e-65
0	TCEAL9	0.264140131	0.616	0.615	5.43e-78	1.42e-73
0	IGF1R	0.263715643	0.401	0.333	1.42e-68	3.7100000000000003e-64
0	DBT	0.263319965	0.324	0.221	2.03e-146	5.32e-142
0	MAP3K1	0.263285219	0.439	0.388	9.95e-59	2.6099999999999998e-54
0	RMDN1	0.263263562	0.503	0.462	7.189999999999999e-68	1.88e-63
0	FARP1	0.263133477	0.705	0.686	3.65e-95	9.569999999999999e-91
0	ERLIN2	0.262521621	0.413	0.33	1.28e-105	3.36e-101
0	ZNF148	0.26227951	0.736	0.751	8.53e-107	2.23e-102
0	ZG16B	0.262203173	0.411	0.262	2.4199999999999998e-207	6.35e-203
0	SCMH1	0.260891505	0.769	0.772	8.44e-120	2.2099999999999997e-115
0	IDH1	0.260472246	0.421	0.306	8.1e-147	2.12e-142
0	MAF	0.260307722	0.446	0.361	6.38e-96	1.67e-91
0	NGLY1	0.260237075	0.514	0.463	4.78e-70	1.25e-65
0	ATXN7L1	0.260184648	0.477	0.423	1.9000000000000001e-66	4.97e-62
0	TCF7L1	0.260004743	0.328	0.222	3.7e-140	9.69e-136
0	MTMR3	0.259746252	0.523	0.483	7.250000000000001e-70	1.9e-65
0	AL031686.1	0.259697861	0.25	0.12	9.669999999999999e-280	2.53e-275
0	C4orf19	0.259639421	0.413	0.355	8.28e-61	2.1700000000000002e-56
0	PPP1R12B	0.259525478	0.631	0.631	2.5299999999999997e-52	6.63e-48
0	ATG14	0.259441622	0.401	0.316	9.86e-105	2.58e-100
0	CROT	0.259257948	0.319	0.214	1.42e-149	3.71e-145
0	NXPH1	0.25916224	0.257	0.17	3.17e-113	8.300000000000001e-109
0	TMEM63A	0.259033092	0.309	0.186	3.27e-197	8.56e-193
0	MTCH1	0.258824069	0.585	0.582	1.9000000000000001e-59	4.96e-55
0	FAM111A	0.258775227	0.384	0.294	1.22e-108	3.1799999999999995e-104
0	ST5	0.258547142	0.319	0.23	1.8e-111	4.71e-107
0	GPAT3	0.258044468	0.275	0.182	4.2000000000000005e-123	1.1e-118
0	ST13	0.257668058	0.604	0.615	5.73e-58	1.4999999999999999e-53
0	STX17	0.257588938	0.451	0.388	2.1e-83	5.490000000000001e-79
0	ALDH6A1	0.257555878	0.34	0.232	1.04e-152	2.73e-148
0	WSB1	0.256843961	0.795	0.793	4.0599999999999997e-150	1.06e-145
0	ATF7IP	0.256678219	0.667	0.666	3.13e-73	8.2e-69
0	CLEC2D	0.256647758	0.263	0.141	2.1800000000000002e-231	5.7e-227
0	VAMP7	0.256573462	0.325	0.246	7.009999999999999e-90	1.84e-85
0	SRPK2	0.256469862	0.819	0.83	9.73e-136	2.55e-131
0	EDA	0.256262146	0.288	0.221	4.14e-67	1.08e-62
0	MCTP2	0.256044101	0.365	0.264	1.88e-127	4.9200000000000005e-123
0	TACSTD2	0.255977805	0.547	0.345	3.84e-255	1.01e-250
0	RB1CC1	0.255917032	0.724	0.737	1.1200000000000001e-79	2.94e-75
0	IQCH	0.255395215	0.459	0.38	1.38e-102	3.6e-98
0	TMEM87B	0.254997371	0.399	0.316	1.67e-99	4.36e-95
0	ZNF217	0.254521261	0.577	0.348	0.0	0.0
0	TTC12	0.254073159	0.292	0.169	1.73e-212	4.53e-208
0	PRKCH	0.253965831	0.407	0.328	5.62e-88	1.47e-83
0	EIF2AK2	0.253946738	0.606	0.587	2.96e-63	7.750000000000001e-59
0	NDUFA3	0.253834208	0.551	0.538	1.9799999999999998e-61	5.180000000000001e-57
0	MYH14	0.253508338	0.341	0.262	9.96e-90	2.61e-85
0	GALNT12	0.253469298	0.26	0.141	3.4699999999999997e-221	9.09e-217
0	ADCY2	0.253376665	0.519	0.5	1.39e-24	3.64e-20
0	CCDC6	0.252648536	0.694	0.675	1.26e-100	3.3e-96
0	MCCC2	0.252427742	0.44	0.368	5.91e-87	1.55e-82
0	MLLT3	0.252325	0.536	0.486	5.599999999999999e-68	1.47e-63
0	LINC01237	0.252265374	0.334	0.243	1.05e-112	2.7499999999999998e-108
0	BCLAF3	0.252202248	0.358	0.272	4.05e-106	1.06e-101
0	VGLL4	0.251811401	0.618	0.622	1.01e-52	2.6399999999999997e-48
0	ZNF69	0.251724572	0.331	0.244	2.74e-105	7.17e-101
0	PLEKHH1	0.251389454	0.306	0.19	7.7e-173	2.01e-168
0	C2	0.251359194	0.272	0.167	2.4700000000000003e-163	6.46e-159
0	KIAA0355	0.251324852	0.483	0.442	1.4999999999999999e-61	3.9300000000000003e-57
0	AC058822.1	0.251131091	0.399	0.34	4.8299999999999997e-60	1.26e-55
0	LINC00116	0.25081078	0.436	0.385	6.81e-64	1.78e-59
0	C1orf228	0.250738062	0.292	0.178	3.27e-184	8.56e-180
0	FAM160A1	0.25072709	0.573	0.465	1.59e-136	4.1600000000000005e-132
0	C11orf54	0.250025573	0.357	0.272	1.12e-103	2.93e-99
0	TLE1	0.250020718	0.517	0.412	4.31e-112	1.13e-107
1	CCER2	2.237987369	0.965	0.26	0.0	0.0
1	NNAT	2.081601467	0.971	0.244	0.0	0.0
1	IGFBP2	2.02270045	0.983	0.579	0.0	0.0
1	DEFA6	1.919823597	0.609	0.139	0.0	0.0
1	THSD7A	1.823058917	0.879	0.233	0.0	0.0
1	RBFOX1	1.778371968	0.989	0.346	0.0	0.0
1	DPP10	1.750242903	0.851	0.221	0.0	0.0
1	TENM3	1.743426535	0.926	0.266	0.0	0.0
1	CACNA2D1	1.711585439	0.977	0.607	0.0	0.0
1	HES6	1.705988579	0.907	0.404	0.0	0.0
1	SEMA6D	1.657618828	0.96	0.287	0.0	0.0
1	LINC02055	1.653857047	0.892	0.219	0.0	0.0
1	NRG3	1.649563667	0.921	0.394	0.0	0.0
1	USH2A	1.637643693	0.955	0.26	0.0	0.0
1	IGFBP5	1.633499413	0.789	0.382	0.0	0.0
1	CDH12	1.626887988	0.952	0.262	0.0	0.0
1	NRXN1	1.610588688	0.983	0.337	0.0	0.0
1	DACH1	1.610548568	0.971	0.563	0.0	0.0
1	HS3ST5	1.60527896	0.937	0.247	0.0	0.0
1	NRXN3	1.601168624	0.96	0.449	0.0	0.0
1	ATRNL1	1.570928733	0.952	0.258	0.0	0.0
1	PCSK2	1.56452154	0.956	0.261	0.0	0.0
1	KRT20	1.560791439	0.665	0.188	0.0	0.0
1	ROBO2	1.556392481	0.907	0.252	0.0	0.0
1	NYAP2	1.536283079	0.888	0.227	0.0	0.0
1	THSD7B	1.510646921	0.698	0.19	0.0	0.0
1	PCDH9	1.486817541	0.808	0.24	0.0	0.0
1	EBF1	1.486695261	0.972	0.342	0.0	0.0
1	ISL1	1.483942046	0.852	0.221	0.0	0.0
1	OLFM1	1.470769728	0.798	0.278	0.0	0.0
1	KIRREL3	1.459582268	0.728	0.194	0.0	0.0
1	ZNF536	1.4457178	0.875	0.266	0.0	0.0
1	NEGR1	1.442781587	0.935	0.278	0.0	0.0
1	MYT1L	1.433603545	0.847	0.221	0.0	0.0
1	KCNH7	1.425652925	0.904	0.266	0.0	0.0
1	CHN2	1.419148248	0.892	0.318	0.0	0.0
1	COL22A1	1.418619832	0.872	0.3	0.0	0.0
1	TOX	1.394085294	0.858	0.426	0.0	0.0
1	ARHGAP15	1.390070196	0.801	0.212	0.0	0.0
1	ATP8A2	1.38945043	0.907	0.271	0.0	0.0
1	MGAT4C	1.382657969	0.815	0.224	0.0	0.0
1	EPHA5	1.376117847	0.782	0.253	0.0	0.0
1	LNPEP	1.368361484	0.894	0.563	0.0	0.0
1	SEZ6L	1.35424732	0.813	0.217	0.0	0.0
1	PEG10	1.349975926	0.851	0.342	0.0	0.0
1	PAM	1.344740311	0.733	0.442	0.0	0.0
1	SHC4	1.342973068	0.776	0.251	0.0	0.0
1	ALK	1.341018573	0.72	0.22	0.0	0.0
1	ELMO1	1.330685286	0.728	0.228	0.0	0.0
1	CACNA1A	1.325439917	0.76	0.217	0.0	0.0
1	CALN1	1.324585921	0.87	0.342	0.0	0.0
1	CADPS	1.324482471	0.974	0.663	0.0	0.0
1	RUNX1T1	1.310380055	0.81	0.23	0.0	0.0
1	PLEKHH2	1.297827324	0.901	0.503	0.0	0.0
1	DISC1	1.296067507	0.818	0.285	0.0	0.0
1	CPE	1.2777747	0.983	0.767	0.0	0.0
1	PCP4	1.266996571	0.821	0.232	0.0	0.0
1	ROBO1	1.264314491	0.832	0.247	0.0	0.0
1	SLC36A4	1.26004453	0.923	0.527	0.0	0.0
1	KCNMA1	1.256147422	0.988	0.722	0.0	0.0
1	FAM19A1	1.245413993	0.762	0.24	0.0	0.0
1	SYT1	1.241769183	0.888	0.462	0.0	0.0
1	SPARCL1	1.220299171	0.599	0.217	0.0	0.0
1	PROX1	1.213422091	0.815	0.254	0.0	0.0
1	SLC38A1	1.2069271	0.904	0.414	0.0	0.0
1	TUBA1A	1.203591556	0.957	0.635	0.0	0.0
1	SOX11	1.193623691	0.798	0.245	0.0	0.0
1	NPW	1.191637128	0.652	0.176	0.0	0.0
1	SYNE1	1.179420055	0.854	0.442	0.0	0.0
1	FOXA2	1.17896856	0.731	0.18	0.0	0.0
1	ZEB1	1.17825126	0.798	0.286	0.0	0.0
1	AC034195.1	1.172287409	0.789	0.312	0.0	0.0
1	ADAMTS14	1.167671461	0.718	0.197	0.0	0.0
1	STMN1	1.164027641	0.975	0.735	0.0	0.0
1	PPP1R14B	1.163001203	0.863	0.52	0.0	0.0
1	SNAP25	1.159979162	0.794	0.317	0.0	0.0
1	RGS7	1.144200682	0.613	0.188	0.0	0.0
1	TMEM108	1.1435266	0.829	0.268	0.0	0.0
1	TMSB4X	1.128793294	0.943	0.813	0.0	0.0
1	GPC5	1.12714582	0.682	0.227	0.0	0.0
1	CDKAL1	1.125025851	0.938	0.785	0.0	0.0
1	FMN2	1.121769766	0.711	0.23	0.0	0.0
1	SRGAP1	1.109352708	0.913	0.601	0.0	0.0
1	ETV1	1.107526896	0.662	0.218	0.0	0.0
1	AKAP12	1.104669109	0.555	0.258	0.0	0.0
1	APP	1.096167226	0.943	0.783	0.0	0.0
1	PTPRG	1.093100959	0.942	0.65	0.0	0.0
1	DST	1.090787938	0.932	0.657	0.0	0.0
1	MDK	1.085371307	0.905	0.684	0.0	0.0
1	ATP11A	1.073559441	0.848	0.457	0.0	0.0
1	SCG3	1.072312904	0.747	0.208	0.0	0.0
1	CHGB	1.070395807	0.624	0.161	0.0	0.0
1	HEPACAM2	1.069373863	0.543	0.124	0.0	0.0
1	LINC00616	1.066068521	0.674	0.186	0.0	0.0
1	PRKCA	1.065140908	0.91	0.634	0.0	0.0
1	SCGN	1.055291691	0.623	0.262	0.0	0.0
1	SLC25A6	1.047703764	0.832	0.538	0.0	0.0
1	KLHL29	1.047418011	0.72	0.299	0.0	0.0
1	TFF3	1.046329032	0.752	0.528	0.0	0.0
1	SRRM3	1.045447624	0.747	0.236	0.0	0.0
1	LHFPL3	1.045434589	0.624	0.218	0.0	0.0
1	CRYBA2	1.044635237	0.609	0.186	0.0	0.0
1	ENOX1	1.042360767	0.653	0.316	0.0	0.0
1	SDK2	1.041356904	0.631	0.24	0.0	0.0
1	GSE1	1.040850394	0.838	0.518	0.0	0.0
1	DGUOK	1.040446374	0.903	0.635	0.0	0.0
1	DNM3	1.037993408	0.73	0.331	0.0	0.0
1	TFAP2B	1.032208286	0.668	0.196	0.0	0.0
1	TMSB10	1.031062847	0.959	0.831	0.0	0.0
1	KIAA1456	1.027112461	0.682	0.235	0.0	0.0
1	SYN2	1.027077881	0.578	0.246	0.0	0.0
1	ST18	1.025126058	0.631	0.174	0.0	0.0
1	PLCXD3	1.021847249	0.493	0.167	0.0	0.0
1	DSCAML1	1.021722856	0.736	0.249	0.0	0.0
1	AL589740.1	1.020535043	0.587	0.176	0.0	0.0
1	NCAM1	1.01815525	0.752	0.233	0.0	0.0
1	TUBB2B	1.014840916	0.782	0.287	0.0	0.0
1	TENM4	1.013926742	0.726	0.251	0.0	0.0
1	PCSK1	1.00873939	0.662	0.19	0.0	0.0
1	ATP2B2	1.008081772	0.617	0.161	0.0	0.0
1	ADARB2	1.005542605	0.72	0.215	0.0	0.0
1	NME1	0.997414281	0.837	0.558	0.0	0.0
1	ESRRG	0.99733052	0.927	0.633	0.0	0.0
1	ATP2B4	0.989641125	0.656	0.196	0.0	0.0
1	DNAJC12	0.985358384	0.814	0.435	0.0	0.0
1	CSRNP3	0.985215901	0.723	0.21	0.0	0.0
1	KCND2	0.983696799	0.772	0.272	0.0	0.0
1	CAMK4	0.981210176	0.546	0.147	0.0	0.0
1	FYN	0.978366265	0.86	0.447	0.0	0.0
1	ELAVL4	0.978214208	0.646	0.186	0.0	0.0
1	EPHA3	0.972060159	0.622	0.158	0.0	0.0
1	UNC79	0.97055221	0.739	0.258	0.0	0.0
1	CKB	0.969609676	0.889	0.531	0.0	0.0
1	HS3ST3A1	0.968928405	0.601	0.221	0.0	0.0
1	TPD52	0.968332192	0.947	0.768	0.0	0.0
1	SIPA1L2	0.964442997	0.762	0.303	0.0	0.0
1	TCF4	0.963796016	0.643	0.181	0.0	0.0
1	RIPOR2	0.956440103	0.69	0.203	0.0	0.0
1	INSM1	0.953284807	0.684	0.199	0.0	0.0
1	SPSB4	0.950673207	0.667	0.188	0.0	0.0
1	GABBR2	0.948458565	0.552	0.168	0.0	0.0
1	RBM3	0.948164666	0.869	0.636	0.0	0.0
1	MAP2	0.942119326	0.886	0.485	0.0	0.0
1	RBMS3	0.939676611	0.603	0.172	0.0	0.0
1	MLLT11	0.938394024	0.676	0.218	0.0	0.0
1	YBX1	0.938095679	0.944	0.801	0.0	0.0
1	FRMD3	0.937013541	0.732	0.324	0.0	0.0
1	FHL2	0.931641475	0.774	0.339	0.0	0.0
1	PPP1R1A	0.925180542	0.568	0.138	0.0	0.0
1	MMP16	0.925073325	0.507	0.151	0.0	0.0
1	FGF12	0.921894299	0.597	0.341	0.0	0.0
1	AKR1B10	0.916975849	0.568	0.144	0.0	0.0
1	S100A6	0.910081331	0.874	0.537	0.0	0.0
1	EFR3B	0.90964797	0.69	0.328	0.0	0.0
1	SDK1	0.908176824	0.868	0.642	0.0	0.0
1	NAV2	0.907911697	0.803	0.383	0.0	0.0
1	PKIB	0.906890967	0.84	0.453	0.0	0.0
1	CCK	0.905500125	0.289	0.09	0.0	0.0
1	LINC02113	0.905281416	0.598	0.165	0.0	0.0
1	COX7A2	0.903615134	0.939	0.795	0.0	0.0
1	LMNA	0.903574805	0.864	0.616	0.0	0.0
1	NDUFC2	0.900486322	0.862	0.588	0.0	0.0
1	ASAP1	0.89867139	0.935	0.693	0.0	0.0
1	PLEKHA5	0.896472983	0.915	0.694	0.0	0.0
1	AGMO	0.887388074	0.428	0.116	0.0	0.0
1	CDH2	0.885605689	0.594	0.174	0.0	0.0
1	PTPRZ1	0.88394122	0.524	0.137	0.0	0.0
1	DPYSL3	0.878120889	0.711	0.446	0.0	0.0
1	AES	0.877304778	0.856	0.596	0.0	0.0
1	TMEM178B	0.872470312	0.778	0.39	0.0	0.0
1	CSMD3	0.872457271	0.453	0.132	0.0	0.0
1	CHD7	0.863586004	0.807	0.47	0.0	0.0
1	CA10	0.861705933	0.545	0.294	0.0	0.0
1	GAP43	0.861293651	0.411	0.11	0.0	0.0
1	TBCB	0.861162397	0.772	0.496	0.0	0.0
1	CEP152	0.859521324	0.559	0.244	0.0	0.0
1	EFNA5	0.856960951	0.418	0.162	0.0	0.0
1	LINC01060	0.85505023	0.764	0.525	0.0	0.0
1	RELN	0.851703531	0.344	0.132	0.0	0.0
1	ARC	0.851079463	0.554	0.243	0.0	0.0
1	CELF2	0.849039836	0.804	0.49	0.0	0.0
1	MIR4713HG	0.847762095	0.488	0.149	0.0	0.0
1	GPC6	0.846918469	0.915	0.741	0.0	0.0
1	PPM1E	0.845721189	0.887	0.508	0.0	0.0
1	COL25A1	0.844045624	0.603	0.26	0.0	0.0
1	SEMA6A	0.838340753	0.644	0.291	0.0	0.0
1	POMP	0.837230628	0.827	0.564	0.0	0.0
1	ENY2	0.826820226	0.907	0.702	0.0	0.0
1	SSBP2	0.826402692	0.844	0.542	0.0	0.0
1	FRMPD4	0.824371402	0.309	0.074	0.0	0.0
1	GDAP1	0.816937204	0.725	0.389	0.0	0.0
1	AMPH	0.816845581	0.54	0.171	0.0	0.0
1	ENO1	0.812758305	0.832	0.673	0.0	0.0
1	CORO2B	0.811492795	0.586	0.176	0.0	0.0
1	TANC2	0.808393032	0.971	0.827	0.0	0.0
1	EPHA5-AS1	0.807791226	0.552	0.166	0.0	0.0
1	DOCK10	0.804066902	0.573	0.231	0.0	0.0
1	CFL1	0.79757659	0.931	0.796	0.0	0.0
1	MBNL2	0.796103515	0.853	0.549	0.0	0.0
1	TNIK	0.795796264	0.814	0.55	0.0	0.0
1	PPP1R1C	0.789810839	0.638	0.236	0.0	0.0
1	PDE4B	0.784225921	0.706	0.492	0.0	0.0
1	FCHSD2	0.783729202	0.859	0.609	0.0	0.0
1	GAPDH	0.781561608	0.931	0.791	0.0	0.0
1	PROX1-AS1	0.77630401	0.513	0.156	0.0	0.0
1	CDK2AP1	0.772084493	0.745	0.485	0.0	0.0
1	CTNNA3	0.770813032	0.715	0.415	0.0	0.0
1	ELAVL2	0.768202243	0.691	0.314	0.0	0.0
1	GNGT1	0.764659683	0.378	0.11	0.0	0.0
1	PITPNM2	0.76436919	0.567	0.216	0.0	0.0
1	FBN1	0.763529411	0.612	0.236	0.0	0.0
1	GAB2	0.762402495	0.639	0.361	0.0	0.0
1	KLF12	0.761932223	0.767	0.496	0.0	0.0
1	PIBF1	0.761122851	0.837	0.578	0.0	0.0
1	TAGLN3	0.759568088	0.539	0.156	0.0	0.0
1	MAN1A1	0.758639743	0.385	0.186	0.0	0.0
1	BARHL1	0.75373586	0.561	0.15	0.0	0.0
1	CRMP1	0.752174692	0.645	0.25	0.0	0.0
1	LINC01122	0.749072781	0.466	0.163	0.0	0.0
1	PITPNC1	0.748761717	0.594	0.242	0.0	0.0
1	GNG2	0.74614721	0.47	0.151	0.0	0.0
1	MEGF11	0.745965325	0.532	0.203	0.0	0.0
1	UQCR11	0.745520232	0.879	0.701	0.0	0.0
1	PHYHIPL	0.744065186	0.704	0.373	0.0	0.0
1	UCHL1	0.743549087	0.737	0.461	0.0	0.0
1	JAKMIP2	0.74305648	0.563	0.172	0.0	0.0
1	EVL	0.740596686	0.783	0.5	0.0	0.0
1	FAM46A	0.739380233	0.727	0.502	0.0	0.0
1	EXT1	0.738203322	0.886	0.726	0.0	0.0
1	DCX	0.737267048	0.48	0.114	0.0	0.0
1	HINT1	0.736814321	0.957	0.859	0.0	0.0
1	RHOBTB3	0.736452617	0.738	0.427	0.0	0.0
1	KIF19	0.736279386	0.511	0.168	0.0	0.0
1	RFX2	0.735627902	0.751	0.533	0.0	0.0
1	TSHZ2	0.73527693	0.755	0.604	0.0	0.0
1	SPRED2	0.733978916	0.842	0.688	0.0	0.0
1	MIAT	0.730796739	0.568	0.17	0.0	0.0
1	SLC4A4	0.730765399	0.385	0.144	0.0	0.0
1	PTPRO	0.729927887	0.393	0.117	0.0	0.0
1	PDZRN3	0.729668672	0.624	0.487	0.0	0.0
1	SNRPE	0.727723561	0.854	0.649	0.0	0.0
1	TCERG1L	0.72635212	0.559	0.237	0.0	0.0
1	PTPRM	0.726191522	0.596	0.291	0.0	0.0
1	MAOB	0.723868084	0.472	0.132	0.0	0.0
1	LINC01091	0.721394387	0.505	0.274	0.0	0.0
1	TRAK1	0.719505613	0.625	0.325	0.0	0.0
1	CMIP	0.718429699	0.721	0.444	0.0	0.0
1	MARCKSL1	0.718254552	0.934	0.8	0.0	0.0
1	ELOB	0.717474411	0.913	0.775	0.0	0.0
1	UNC80	0.716618859	0.63	0.26	0.0	0.0
1	PPFIA2	0.715328873	0.787	0.349	0.0	0.0
1	SEC61G	0.714829729	0.844	0.659	0.0	0.0
1	AL139383.1	0.712561021	0.488	0.194	0.0	0.0
1	RIMS2	0.712467681	0.989	0.924	0.0	0.0
1	NOL4	0.712363161	0.466	0.18	0.0	0.0
1	UNCX	0.711460868	0.433	0.102	0.0	0.0
1	RMST	0.711335608	0.695	0.462	0.0	0.0
1	SMAD9	0.711192342	0.358	0.18	0.0	0.0
1	BRINP1	0.705630718	0.445	0.172	0.0	0.0
1	NFIB	0.704596531	0.773	0.71	0.0	0.0
1	PSMA7	0.704480224	0.929	0.78	0.0	0.0
1	KSR1	0.700665981	0.586	0.317	0.0	0.0
1	C14orf132	0.699281813	0.621	0.312	0.0	0.0
1	TIAM1	0.699130551	0.762	0.482	0.0	0.0
1	H2AFY2	0.695865944	0.819	0.594	0.0	0.0
1	ATP5L	0.694206381	0.931	0.799	0.0	0.0
1	RPL18A	0.693198552	0.958	0.879	0.0	0.0
1	H3F3A	0.691470625	0.981	0.936	0.0	0.0
1	AUTS2	0.690624392	0.94	0.805	0.0	0.0
1	GPC3	0.690111065	0.534	0.221	0.0	0.0
1	GNAI1	0.689618315	0.557	0.251	0.0	0.0
1	NREP	0.689291734	0.653	0.398	0.0	0.0
1	GRM3	0.689195027	0.413	0.132	0.0	0.0
1	HMGB1	0.686502782	0.968	0.838	0.0	0.0
1	CLIP2	0.685289675	0.602	0.314	0.0	0.0
1	SERPINE1	0.684627698	0.367	0.112	0.0	0.0
1	CBFA2T2	0.682388486	0.87	0.773	0.0	0.0
1	SSH2	0.681754585	0.928	0.752	0.0	0.0
1	AC074237.1	0.680843422	0.382	0.107	0.0	0.0
1	ERC2	0.680266618	0.765	0.462	0.0	0.0
1	COX6C	0.679723282	0.937	0.824	0.0	0.0
1	PCLO	0.678261824	0.722	0.469	0.0	0.0
1	GMDS	0.675540547	0.841	0.62	0.0	0.0
1	BEST3	0.675167035	0.345	0.09	0.0	0.0
1	DEFB1	0.674420668	0.407	0.108	0.0	0.0
1	CHST8	0.673266047	0.715	0.421	0.0	0.0
1	SNRPD2	0.67231149	0.898	0.762	0.0	0.0
1	AC106798.1	0.671157059	0.476	0.136	0.0	0.0
1	KCNH1	0.669726858	0.492	0.178	0.0	0.0
1	ABCA5	0.668010884	0.755	0.402	0.0	0.0
1	SRRM4	0.667460312	0.497	0.155	0.0	0.0
1	GUCY1A2	0.667214739	0.468	0.167	0.0	0.0
1	GTF3A	0.664843354	0.62	0.344	0.0	0.0
1	GPR173	0.663767572	0.498	0.141	0.0	0.0
1	TSHZ3	0.663535146	0.59	0.314	0.0	0.0
1	APLP1	0.661982628	0.579	0.244	0.0	0.0
1	MEGF9	0.661246111	0.731	0.525	0.0	0.0
1	RPS5	0.661101116	0.95	0.856	0.0	0.0
1	LRRTM3	0.659189867	0.441	0.17	0.0	0.0
1	PHACTR1	0.658830088	0.696	0.464	0.0	0.0
1	HDAC5	0.656111527	0.589	0.355	0.0	0.0
1	SNRPD1	0.655756567	0.799	0.586	0.0	0.0
1	RAB3IP	0.653646132	0.717	0.551	0.0	0.0
1	SCN3A	0.652562009	0.561	0.179	0.0	0.0
1	GNAO1	0.652300955	0.477	0.144	0.0	0.0
1	TTN	0.651500666	0.503	0.16	0.0	0.0
1	COX6A1	0.651115857	0.914	0.762	0.0	0.0
1	SOGA1	0.650555661	0.625	0.399	0.0	0.0
1	MREG	0.650479303	0.522	0.233	0.0	0.0
1	SEC11C	0.649306817	0.722	0.597	0.0	0.0
1	BRINP2	0.648762365	0.312	0.104	0.0	0.0
1	NFASC	0.647144405	0.644	0.396	0.0	0.0
1	CENPV	0.646519575	0.617	0.324	0.0	0.0
1	KCNQ3	0.646021841	0.4	0.115	0.0	0.0
1	KIF1A	0.645973851	0.581	0.218	0.0	0.0
1	NDUFAB1	0.643440228	0.79	0.588	0.0	0.0
1	MPP6	0.642426926	0.717	0.45	0.0	0.0
1	HID1	0.641992956	0.596	0.336	0.0	0.0
1	KCNH8	0.641915402	0.648	0.337	0.0	0.0
1	PODXL	0.641896079	0.547	0.235	0.0	0.0
1	LINC00698	0.639636448	0.466	0.145	0.0	0.0
1	ARHGAP18	0.639042491	0.59	0.295	0.0	0.0
1	GABRB3	0.638119868	0.691	0.471	0.0	0.0
1	TMEM163	0.637112889	0.303	0.079	0.0	0.0
1	LINC01748	0.63609055	0.714	0.471	0.0	0.0
1	DRGX	0.635368404	0.432	0.111	0.0	0.0
1	OSBPL3	0.632475731	0.485	0.213	0.0	0.0
1	MAML3	0.631542811	0.981	0.917	0.0	0.0
1	CYCS	0.631191879	0.815	0.602	0.0	0.0
1	COX5B	0.629042052	0.894	0.752	0.0	0.0
1	CTHRC1	0.627956777	0.526	0.205	0.0	0.0
1	NDUFA4	0.625942124	0.925	0.808	0.0	0.0
1	MYO1B	0.62580565	0.713	0.495	0.0	0.0
1	CEP170	0.622724116	0.726	0.5	0.0	0.0
1	PBX1	0.62218623	0.902	0.753	0.0	0.0
1	FABP6	0.620727911	0.453	0.131	0.0	0.0
1	PCBP3	0.62028716	0.718	0.492	0.0	0.0
1	NEBL	0.620178873	0.793	0.634	0.0	0.0
1	L3MBTL4	0.619364057	0.783	0.542	0.0	0.0
1	ARHGEF7	0.619108754	0.684	0.437	0.0	0.0
1	TRAPPC9	0.618411875	0.911	0.775	0.0	0.0
1	AC011287.1	0.618232984	0.302	0.107	0.0	0.0
1	EID1	0.616940326	0.885	0.743	0.0	0.0
1	ANKS1B	0.61674674	0.873	0.727	0.0	0.0
1	GALNT17	0.616314247	0.755	0.628	0.0	0.0
1	CTNNA2	0.61533117	0.355	0.149	0.0	0.0
1	CRIM1	0.615089035	0.695	0.541	0.0	0.0
1	CHCHD2	0.61484723	0.932	0.801	0.0	0.0
1	FNDC3A	0.614768291	0.795	0.626	0.0	0.0
1	UNC13A	0.614455676	0.496	0.176	0.0	0.0
1	CHSY3	0.61444252	0.495	0.21	0.0	0.0
1	NDUFA11	0.614060452	0.731	0.507	0.0	0.0
1	PEX5L	0.613889172	0.458	0.178	0.0	0.0
1	NRSN1	0.612632869	0.456	0.144	0.0	0.0
1	NECAB1	0.610461283	0.415	0.118	0.0	0.0
1	DNMT3A	0.607577763	0.677	0.44	0.0	0.0
1	SEMA5A	0.606744598	0.609	0.404	0.0	0.0
1	NR6A1	0.60648138	0.502	0.206	0.0	0.0
1	GPR137C	0.606457473	0.687	0.444	0.0	0.0
1	SNRPF	0.603223753	0.808	0.637	0.0	0.0
1	TTC28	0.602689434	0.83	0.631	0.0	0.0
1	GPRIN3	0.600763755	0.415	0.13	0.0	0.0
1	SOX2	0.600735226	0.367	0.104	0.0	0.0
1	LIN28B	0.600254069	0.527	0.227	0.0	0.0
1	CGA	0.600205797	0.255	0.09	0.0	0.0
1	KIAA1324L	0.599879235	0.49	0.205	0.0	0.0
1	NDUFB11	0.599716199	0.859	0.681	0.0	0.0
1	TRMT112	0.599485999	0.839	0.681	0.0	0.0
1	HDAC2	0.598645253	0.789	0.58	0.0	0.0
1	GPI	0.596729276	0.711	0.546	0.0	0.0
1	RPS10	0.596202128	0.786	0.571	0.0	0.0
1	PLS1	0.595945067	0.568	0.319	0.0	0.0
1	ADAMTS7	0.593914812	0.393	0.115	0.0	0.0
1	NELL1	0.593619264	0.421	0.153	0.0	0.0
1	JMJD1C	0.591649436	0.999	0.969	0.0	0.0
1	POU6F2	0.591429711	0.298	0.111	0.0	0.0
1	COX8A	0.590786075	0.85	0.675	0.0	0.0
1	RHBDL3	0.590693761	0.389	0.13	0.0	0.0
1	GNAQ	0.59064292	0.863	0.692	0.0	0.0
1	NAV1	0.590277706	0.556	0.286	0.0	0.0
1	LGALS1	0.590002178	0.563	0.378	0.0	0.0
1	ATP5J	0.589986869	0.871	0.728	0.0	0.0
1	CORO1C	0.589980612	0.741	0.489	0.0	0.0
1	DENND5B	0.589150221	0.657	0.43	0.0	0.0
1	FEZ1	0.588978011	0.513	0.22	0.0	0.0
1	KHDRBS3	0.587676598	0.862	0.66	0.0	0.0
1	MSI2	0.585982833	0.969	0.896	0.0	0.0
1	FMNL2	0.585640497	0.613	0.382	0.0	0.0
1	PSMB3	0.585355557	0.859	0.695	0.0	0.0
1	DTD1	0.585188382	0.715	0.511	0.0	0.0
1	ATP5O	0.583332316	0.748	0.562	0.0	0.0
1	PALLD	0.582011896	0.834	0.673	0.0	0.0
1	AC092691.1	0.581617308	0.726	0.458	0.0	0.0
1	NLGN4Y	0.581523004	0.688	0.596	9.32e-233	2.44e-228
1	PFDN2	0.581222833	0.742	0.555	0.0	0.0
1	AFF3	0.580653488	0.577	0.295	0.0	0.0
1	EIF1B	0.580443677	0.725	0.521	0.0	0.0
1	NDUFS5	0.580306788	0.866	0.723	0.0	0.0
1	JPH1	0.580020534	0.461	0.251	0.0	0.0
1	POU4F1	0.57894402	0.402	0.11	0.0	0.0
1	NIM1K	0.578526023	0.465	0.187	0.0	0.0
1	EPHB1	0.578262518	0.434	0.163	0.0	0.0
1	NKX2-2	0.576542812	0.396	0.118	0.0	0.0
1	MCUB	0.576115646	0.585	0.388	0.0	0.0
1	MZT2A	0.575372295	0.785	0.601	0.0	0.0
1	NCS1	0.574119145	0.555	0.279	0.0	0.0
1	FSTL4	0.573725907	0.366	0.197	0.0	0.0
1	VPS53	0.571703826	0.771	0.606	0.0	0.0
1	LINC02232	0.570651134	0.349	0.083	0.0	0.0
1	XKR6	0.570463925	0.679	0.471	0.0	0.0
1	MYCBP2	0.567254673	0.755	0.549	0.0	0.0
1	PRICKLE2	0.567251347	0.447	0.205	0.0	0.0
1	SLIT1	0.565973116	0.414	0.151	0.0	0.0
1	PTMA	0.564172053	0.994	0.972	0.0	0.0
1	KIF26B	0.56321515	0.322	0.146	0.0	0.0
1	EIF4EBP1	0.563100332	0.566	0.317	0.0	0.0
1	IRX2	0.562871096	0.555	0.365	0.0	0.0
1	BAALC	0.561844791	0.347	0.101	0.0	0.0
1	RAB3C	0.561801978	0.374	0.111	0.0	0.0
1	ASXL3	0.557352472	0.433	0.136	0.0	0.0
1	AKAP6	0.556974278	0.572	0.346	0.0	0.0
1	KIF5C	0.556041831	0.935	0.814	0.0	0.0
1	RPS13	0.555684418	0.934	0.838	0.0	0.0
1	ALDOA	0.555388598	0.818	0.676	0.0	0.0
1	RIMBP2	0.554768696	0.487	0.238	0.0	0.0
1	RPS19	0.554705578	0.978	0.939	0.0	0.0
1	NHSL1	0.554206315	0.681	0.489	0.0	0.0
1	LINP1	0.553466898	0.297	0.083	0.0	0.0
1	ANO3	0.553103592	0.381	0.133	0.0	0.0
1	FOXO1	0.552076113	0.435	0.313	5.4300000000000005e-208	1.42e-203
1	VDAC2	0.551309285	0.891	0.763	0.0	0.0
1	WASF1	0.551110299	0.615	0.372	0.0	0.0
1	NDUFAF8	0.550063245	0.724	0.557	0.0	0.0
1	C4orf48	0.548586839	0.717	0.529	0.0	0.0
1	RAP1GDS1	0.546883751	0.689	0.485	0.0	0.0
1	CAMK2D	0.546379262	0.64	0.458	0.0	0.0
1	NIN	0.544227315	0.645	0.457	0.0	0.0
1	SNRPG	0.54194546	0.88	0.726	0.0	0.0
1	CDK8	0.540130603	0.631	0.422	0.0	0.0
1	PPIA	0.539224287	0.943	0.852	0.0	0.0
1	BTBD17	0.539119939	0.363	0.093	0.0	0.0
1	ZMYND8	0.537620037	0.77	0.615	0.0	0.0
1	CALM2	0.537174925	0.945	0.799	0.0	0.0
1	MIB1	0.534851291	0.852	0.723	0.0	0.0
1	SATB1-AS1	0.534713764	0.402	0.131	0.0	0.0
1	IGF2BP3	0.534697707	0.446	0.161	0.0	0.0
1	TP73	0.533810664	0.495	0.23	0.0	0.0
1	NRCAM	0.533767783	0.449	0.176	0.0	0.0
1	KRT10	0.533377013	0.876	0.734	0.0	0.0
1	IGSF11	0.533299381	0.434	0.162	0.0	0.0
1	MAGI2	0.53317144	0.457	0.259	0.0	0.0
1	RAPGEF4	0.532724913	0.341	0.119	0.0	0.0
1	CCDC141	0.532164082	0.425	0.141	0.0	0.0
1	MINOS1	0.528769239	0.698	0.504	0.0	0.0
1	ANK2	0.527743418	0.332	0.121	0.0	0.0
1	VCAN	0.527536265	0.253	0.072	0.0	0.0
1	AF241726.2	0.527087635	0.397	0.199	0.0	0.0
1	RBX1	0.526404976	0.722	0.539	0.0	0.0
1	UBE2M	0.526280148	0.669	0.477	0.0	0.0
1	JPT1	0.525533794	0.907	0.725	0.0	0.0
1	KCNH6	0.524494003	0.476	0.225	0.0	0.0
1	TAGLN2	0.524383329	0.741	0.542	0.0	0.0
1	SEPT6	0.523958399	0.547	0.344	0.0	0.0
1	ATP5G1	0.523704861	0.822	0.671	0.0	0.0
1	PGAP1	0.521941683	0.628	0.453	0.0	0.0
1	ERH	0.521707319	0.855	0.694	0.0	0.0
1	ATP8A1	0.521690418	0.786	0.662	0.0	0.0
1	RANBP1	0.521301332	0.682	0.484	0.0	0.0
1	CUL4A	0.520621011	0.599	0.424	0.0	0.0
1	TGFBR2	0.519578495	0.321	0.151	0.0	0.0
1	SLIRP	0.518277938	0.827	0.68	0.0	0.0
1	PHF14	0.518262362	0.844	0.703	0.0	0.0
1	HRAS	0.517995901	0.486	0.247	0.0	0.0
1	AP3S1	0.517584588	0.674	0.481	0.0	0.0
1	ARSJ	0.517321134	0.413	0.26	1.21e-280	3.1700000000000003e-276
1	FAM49B	0.516032166	0.806	0.638	0.0	0.0
1	ATP5B	0.515740646	0.799	0.641	0.0	0.0
1	FGGY	0.515290122	0.749	0.577	0.0	0.0
1	SPATS2L	0.514819753	0.884	0.753	0.0	0.0
1	UNC5C	0.514545919	0.309	0.206	1.02e-152	2.67e-148
1	CAPZB	0.514139667	0.835	0.684	0.0	0.0
1	BCL11B	0.511090414	0.383	0.11	0.0	0.0
1	PCBP4	0.510567918	0.437	0.182	0.0	0.0
1	IFI27L2	0.510310517	0.43	0.159	0.0	0.0
1	LINC00383	0.510196294	0.69	0.494	0.0	0.0
1	ATP5E	0.509344692	0.947	0.868	0.0	0.0
1	PCSK1N	0.509209632	0.801	0.629	0.0	0.0
1	STRAP	0.50901608	0.761	0.603	0.0	0.0
1	BCL11A	0.508944335	0.371	0.116	0.0	0.0
1	USPL1	0.508252063	0.531	0.306	0.0	0.0
1	HECW2	0.507121324	0.413	0.185	0.0	0.0
1	SETBP1	0.50632032	0.687	0.515	0.0	0.0
1	RUFY3	0.506273983	0.849	0.693	0.0	0.0
1	PGK1	0.505627465	0.773	0.619	0.0	0.0
1	GNB1	0.505075525	0.921	0.806	0.0	0.0
1	UQCRQ	0.504931321	0.894	0.779	0.0	0.0
1	LINC00261	0.50429074	0.328	0.081	0.0	0.0
1	CAMTA1	0.503830208	0.891	0.767	0.0	0.0
1	UQCRH	0.503747605	0.91	0.804	0.0	0.0
1	SESTD1	0.50287019	0.643	0.403	0.0	0.0
1	ATP6V0B	0.502240697	0.772	0.609	0.0	0.0
1	CACNA1C	0.501782193	0.73	0.588	0.0	0.0
1	C14orf2	0.500351065	0.831	0.685	0.0	0.0
1	NKAIN3	0.49941457	0.38	0.165	0.0	0.0
1	RPL21	0.499259865	0.952	0.883	0.0	0.0
1	ZNF706	0.499222165	0.809	0.672	0.0	0.0
1	HMGN2	0.497698233	0.955	0.859	0.0	0.0
1	CRIP2	0.497606928	0.54	0.328	0.0	0.0
1	MZT2B	0.496944749	0.872	0.735	0.0	0.0
1	ATP5J2	0.495971733	0.763	0.601	0.0	0.0
1	ATP2B1	0.495677074	0.692	0.602	3.43e-260	8.969999999999999e-256
1	PTCHD4	0.495235113	0.394	0.138	0.0	0.0
1	LPAR3	0.495139888	0.384	0.163	0.0	0.0
1	SNRNP200	0.495048743	0.762	0.601	0.0	0.0
1	KCNJ6	0.494414398	0.26	0.076	0.0	0.0
1	ELAVL3	0.494220917	0.429	0.157	0.0	0.0
1	PRDX2	0.49416217	0.875	0.733	0.0	0.0
1	SEMA3E	0.494135066	0.283	0.155	3.91e-230	1.02e-225
1	NPM1	0.49299638	0.921	0.823	0.0	0.0
1	AC099520.1	0.492464968	0.273	0.109	0.0	0.0
1	NCKAP5	0.492355023	0.427	0.228	0.0	0.0
1	GDAP1L1	0.491426445	0.394	0.132	0.0	0.0
1	SCN11A	0.491335512	0.354	0.102	0.0	0.0
1	VPS50	0.490557328	0.462	0.357	1.4000000000000002e-179	3.66e-175
1	AC073050.1	0.490527909	0.463	0.246	0.0	0.0
1	PFN1	0.490152285	0.873	0.746	0.0	0.0
1	ZNF711	0.488670013	0.409	0.132	0.0	0.0
1	KIF2A	0.48858733	0.783	0.618	0.0	0.0
1	SATB1	0.487812317	0.399	0.129	0.0	0.0
1	CPLX2	0.487131856	0.386	0.114	0.0	0.0
1	ABLIM1	0.487094359	0.51	0.339	0.0	0.0
1	TXN	0.486779458	0.892	0.785	0.0	0.0
1	CDK14	0.48643612	0.858	0.756	0.0	0.0
1	DNAJC6	0.485612006	0.522	0.304	0.0	0.0
1	MED4	0.485484053	0.62	0.44	0.0	0.0
1	PTPRN2	0.48544439	0.723	0.551	0.0	0.0
1	ATP6V0A1	0.48539209	0.706	0.535	0.0	0.0
1	FRMD5	0.485121963	0.748	0.622	0.0	0.0
1	DENND4A	0.485112249	0.741	0.616	0.0	0.0
1	PDS5B	0.484835143	0.676	0.487	0.0	0.0
1	RPS7	0.483991122	0.97	0.911	0.0	0.0
1	CELF4	0.483734735	0.385	0.14	0.0	0.0
1	DCLK1	0.48372669	0.532	0.347	0.0	0.0
1	SESN3	0.483715808	0.635	0.473	0.0	0.0
1	NDFIP2	0.482936156	0.538	0.328	0.0	0.0
1	KPNA3	0.481892078	0.597	0.406	0.0	0.0
1	RPS12	0.481371653	0.957	0.905	0.0	0.0
1	LSM7	0.480960623	0.768	0.622	0.0	0.0
1	SCFD2	0.480618227	0.595	0.415	0.0	0.0
1	GUK1	0.480496173	0.721	0.572	0.0	0.0
1	RPL8	0.479601579	0.975	0.927	0.0	0.0
1	MYL6B	0.479061289	0.644	0.473	0.0	0.0
1	ZSWIM5	0.478825854	0.652	0.495	0.0	0.0
1	CDON	0.477309179	0.504	0.335	0.0	0.0
1	CHM	0.476955408	0.622	0.463	0.0	0.0
1	PCNX2	0.47591983	0.758	0.649	0.0	0.0
1	GRIK2	0.475406428	0.472	0.264	0.0	0.0
1	CBX3	0.475138564	0.799	0.641	0.0	0.0
1	RPS16	0.47472547	0.959	0.897	0.0	0.0
1	MAD1L1	0.474173279	0.594	0.402	0.0	0.0
1	ENSA	0.473912776	0.845	0.721	0.0	0.0
1	MAP4K4	0.473802138	0.829	0.687	0.0	0.0
1	RPS15A	0.473583584	0.963	0.91	0.0	0.0
1	SNRPB	0.473282542	0.854	0.711	0.0	0.0
1	DGKH	0.472946231	0.472	0.258	0.0	0.0
1	PSMB5	0.472136559	0.758	0.604	0.0	0.0
1	SDCCAG8	0.471486789	0.808	0.681	0.0	0.0
1	CLASP2	0.471430351	0.692	0.557	0.0	0.0
1	LOXL1	0.471393439	0.394	0.184	0.0	0.0
1	SSR4	0.471193155	0.769	0.629	0.0	0.0
1	DLL3	0.471158125	0.437	0.232	0.0	0.0
1	SORCS2	0.470985311	0.343	0.114	0.0	0.0
1	UBE2QL1	0.470619298	0.351	0.176	0.0	0.0
1	REEP3	0.47040323	0.916	0.843	0.0	0.0
1	EPB41	0.470392877	0.641	0.507	0.0	0.0
1	C9orf16	0.47025839	0.61	0.446	0.0	0.0
1	CACNA2D2	0.469873419	0.55	0.347	0.0	0.0
1	KALRN	0.469318914	0.723	0.636	4.24e-221	1.1099999999999999e-216
1	HNRNPAB	0.469073524	0.767	0.603	0.0	0.0
1	KRT8	0.469065416	0.821	0.719	0.0	0.0
1	NBEA	0.468426178	0.745	0.664	8.910000000000001e-212	2.33e-207
1	WASF3	0.467781359	0.453	0.273	0.0	0.0
1	CTNND2	0.466610287	0.827	0.741	0.0	0.0
1	B4GALT5	0.46652328	0.598	0.433	0.0	0.0
1	RSU1	0.466289712	0.527	0.378	0.0	0.0
1	RAB26	0.46601886	0.467	0.301	0.0	0.0
1	EPHA6	0.465729916	0.559	0.463	3.78e-158	9.9e-154
1	RPS23	0.465366678	0.948	0.883	0.0	0.0
1	NDUFS6	0.465233698	0.797	0.66	0.0	0.0
1	ACTB	0.46492008	0.974	0.912	0.0	0.0
1	GTDC1	0.464791796	0.535	0.36	0.0	0.0
1	IDH2	0.464240577	0.727	0.559	0.0	0.0
1	CAMK1D	0.464196168	0.722	0.547	0.0	0.0
1	JAK1	0.464124705	0.619	0.47	0.0	0.0
1	EIF3K	0.463650803	0.77	0.628	0.0	0.0
1	ZNF322	0.462398727	0.472	0.454	5.3199999999999993e-48	1.39e-43
1	AC106744.1	0.462352708	0.314	0.1	0.0	0.0
1	LRP8	0.461930403	0.379	0.152	0.0	0.0
1	ADAM11	0.460940273	0.378	0.134	0.0	0.0
1	ITGB1	0.460179701	0.862	0.737	0.0	0.0
1	SNCG	0.460154194	0.344	0.097	0.0	0.0
1	PPA1	0.459935783	0.919	0.807	0.0	0.0
1	PLCB1	0.459840707	0.694	0.565	2.6900000000000002e-266	7.03e-262
1	SRM	0.458995485	0.49	0.301	0.0	0.0
1	ZC3H13	0.458645335	0.65	0.478	0.0	0.0
1	CXXC5	0.457309131	0.569	0.413	0.0	0.0
1	FAU	0.456272962	0.929	0.825	0.0	0.0
1	JPH4	0.454935666	0.322	0.074	0.0	0.0
1	APC	0.454797222	0.673	0.524	0.0	0.0
1	XRCC5	0.454306928	0.906	0.804	0.0	0.0
1	ATP5D	0.453770958	0.749	0.61	0.0	0.0
1	TENM2	0.452901714	0.286	0.161	1.1399999999999999e-207	2.98e-203
1	HNRNPA1	0.452775557	0.897	0.788	0.0	0.0
1	TMPRSS3	0.451844921	0.435	0.261	0.0	0.0
1	NUP58	0.451588359	0.68	0.493	0.0	0.0
1	PRMT1	0.451191752	0.631	0.487	0.0	0.0
1	LAPTM4B	0.451019085	0.695	0.558	0.0	0.0
1	MRPL20	0.450785736	0.8	0.675	0.0	0.0
1	ASTN1	0.449724686	0.281	0.082	0.0	0.0
1	CACNA1B	0.449699871	0.527	0.358	0.0	0.0
1	ADAMTSL1	0.44969327	0.467	0.263	0.0	0.0
1	SHC1	0.449193506	0.428	0.222	0.0	0.0
1	AC016717.2	0.448904971	0.337	0.085	0.0	0.0
1	PODXL2	0.448306115	0.438	0.229	0.0	0.0
1	PRUNE2	0.447406236	0.761	0.659	2.15e-236	5.62e-232
1	NUP160	0.446714376	0.579	0.398	0.0	0.0
1	SLCO3A1	0.446588981	0.487	0.288	0.0	0.0
1	TUBA4A	0.446478275	0.41	0.184	0.0	0.0
1	PAK5	0.446292251	0.317	0.108	0.0	0.0
1	LIMD2	0.445877449	0.434	0.228	0.0	0.0
1	NDUFB7	0.445455163	0.753	0.609	0.0	0.0
1	DFNA5	0.445299645	0.417	0.193	0.0	0.0
1	HS3ST3B1	0.444373147	0.355	0.16	0.0	0.0
1	PTPRS	0.444190041	0.732	0.611	0.0	0.0
1	TMPO	0.443951948	0.794	0.595	0.0	0.0
1	TXNL4A	0.443315111	0.597	0.442	0.0	0.0
1	PRPH	0.443035489	0.266	0.069	0.0	0.0
1	UQCR10	0.442952191	0.808	0.681	0.0	0.0
1	HACD3	0.442759494	0.823	0.688	0.0	0.0
1	CCT3	0.442474286	0.815	0.673	0.0	0.0
1	CUEDC1	0.442077511	0.624	0.449	0.0	0.0
1	HBEGF	0.44190427	0.435	0.285	4.2399999999999994e-285	1.11e-280
1	CRABP1	0.440753357	0.304	0.129	0.0	0.0
1	SNAP91	0.440411087	0.44	0.258	0.0	0.0
1	ETV5	0.440342194	0.405	0.155	0.0	0.0
1	GTF2F2	0.44032442	0.591	0.427	0.0	0.0
1	SYP	0.440096292	0.404	0.168	0.0	0.0
1	SAP18	0.439742589	0.742	0.586	0.0	0.0
1	ST7	0.439717159	0.429	0.258	0.0	0.0
1	NDUFB9	0.438560993	0.816	0.686	0.0	0.0
1	PRELID1	0.437754189	0.679	0.538	0.0	0.0
1	ANK1	0.437615182	0.347	0.125	0.0	0.0
1	HERC4	0.437578337	0.945	0.86	0.0	0.0
1	OTUD7A	0.437481276	0.374	0.149	0.0	0.0
1	SUMO2	0.436431493	0.947	0.866	0.0	0.0
1	LRRC7	0.436418238	0.347	0.238	5.46e-154	1.43e-149
1	BSG	0.435645705	0.711	0.579	0.0	0.0
1	PLPPR1	0.435074762	0.335	0.133	0.0	0.0
1	TMEM61	0.434011123	0.274	0.116	0.0	0.0
1	HNRNPM	0.433634573	0.866	0.742	0.0	0.0
1	GRID1	0.433550091	0.357	0.142	0.0	0.0
1	AC124254.1	0.432783415	0.417	0.241	0.0	0.0
1	PDZD2	0.432334049	0.468	0.374	1.3399999999999999e-141	3.5e-137
1	VPS45	0.431857058	0.637	0.478	0.0	0.0
1	NCK2	0.431820789	0.517	0.345	0.0	0.0
1	NAB1	0.431563411	0.49	0.341	4.1200000000000005e-307	1.0800000000000001e-302
1	MNX1	0.430571941	0.381	0.218	0.0	0.0
1	TAF3	0.430517117	0.612	0.463	0.0	0.0
1	CEP85L	0.429934364	0.446	0.244	0.0	0.0
1	NAA16	0.429803442	0.504	0.32	0.0	0.0
1	AC112206.2	0.429541591	0.321	0.098	0.0	0.0
1	AL445250.1	0.429519558	0.27	0.152	4.63e-218	1.21e-213
1	BTF3	0.429510075	0.907	0.799	0.0	0.0
1	MTHFD1L	0.429499746	0.342	0.132	0.0	0.0
1	POLR1D	0.42938827	0.631	0.472	0.0	0.0
1	JAM3	0.429119579	0.351	0.132	0.0	0.0
1	LINGO1	0.428546264	0.376	0.144	0.0	0.0
1	RPL27	0.42823021	0.953	0.883	0.0	0.0
1	MEX3A	0.428087347	0.436	0.233	0.0	0.0
1	MARCH11	0.427742905	0.32	0.11	0.0	0.0
1	GNB2	0.427579997	0.696	0.549	0.0	0.0
1	COX17	0.426469073	0.693	0.543	0.0	0.0
1	GNG4	0.426010239	0.748	0.597	0.0	0.0
1	PLCB4	0.425990049	0.618	0.446	0.0	0.0
1	POU3F1	0.424822312	0.342	0.153	0.0	0.0
1	C15orf61	0.424783399	0.514	0.372	2.27e-301	5.9499999999999995e-297
1	MAPK8	0.423887122	0.773	0.659	3.38e-306	8.850000000000001e-302
1	VWA8	0.423544826	0.523	0.347	0.0	0.0
1	KIF21A	0.423343132	0.73	0.556	0.0	0.0
1	RPH3A	0.422304971	0.309	0.092	0.0	0.0
1	LAMTOR5	0.420895943	0.754	0.619	0.0	0.0
1	SHISA2	0.420739517	0.337	0.145	0.0	0.0
1	XPO4	0.420692883	0.523	0.332	0.0	0.0
1	CBX5	0.419978073	0.805	0.662	0.0	0.0
1	KLHL23	0.419619063	0.751	0.609	0.0	0.0
1	SLIT3	0.418035401	0.296	0.115	0.0	0.0
1	SEC61B	0.417980003	0.815	0.693	0.0	0.0
1	RBFOX3	0.417843393	0.277	0.082	0.0	0.0
1	TMA7	0.417777672	0.918	0.827	0.0	0.0
1	FOXK1	0.417679621	0.55	0.405	0.0	0.0
1	SEM1	0.417239302	0.88	0.768	0.0	0.0
1	COX6B1	0.416218049	0.862	0.74	0.0	0.0
1	TPGS1	0.415522968	0.448	0.283	0.0	0.0
1	PSMB1	0.415510467	0.86	0.735	0.0	0.0
1	ADCY1	0.415484643	0.35	0.184	0.0	0.0
1	AC090630.1	0.414990843	0.253	0.074	0.0	0.0
1	AGPAT4	0.414795225	0.431	0.24	0.0	0.0
1	DPYSL5	0.414727206	0.54	0.38	0.0	0.0
1	EYA2	0.414163402	0.58	0.446	1.1100000000000001e-209	2.8999999999999997e-205
1	CNKSR3	0.413660613	0.444	0.364	1.56e-95	4.08e-91
1	AC007656.1	0.413157539	0.436	0.274	8.6e-294	2.25e-289
1	PLEKHA6	0.412814038	0.474	0.345	1.03e-229	2.6999999999999996e-225
1	ATP5G3	0.412348512	0.807	0.682	0.0	0.0
1	ZMYM2	0.412157976	0.833	0.715	0.0	0.0
1	HGNC:24955	0.411262025	0.333	0.101	0.0	0.0
1	SLC35G2	0.411003701	0.465	0.268	0.0	0.0
1	DAB1	0.410649287	0.533	0.42	6.84e-177	1.79e-172
1	NDUFB8	0.410370951	0.516	0.364	0.0	0.0
1	SCN2A	0.410213841	0.337	0.148	0.0	0.0
1	NDUFA13	0.410122092	0.545	0.395	0.0	0.0
1	AURKAIP1	0.409476823	0.715	0.572	0.0	0.0
1	NEFL	0.409314527	0.313	0.123	0.0	0.0
1	EIF1	0.409016942	0.971	0.91	0.0	0.0
1	RNF130	0.407778839	0.831	0.746	1.7099999999999998e-287	4.48e-283
1	NEFM	0.40769977	0.258	0.06	0.0	0.0
1	MVB12B	0.407068432	0.549	0.372	0.0	0.0
1	GPHN	0.406898747	0.906	0.795	0.0	0.0
1	FOXN3	0.40674009	0.597	0.524	5.849999999999999e-137	1.5300000000000002e-132
1	ZNF124	0.405873533	0.534	0.377	0.0	0.0
1	SMARCD1	0.405871889	0.518	0.354	0.0	0.0
1	SLC7A1	0.405471173	0.498	0.324	0.0	0.0
1	KIAA1549	0.4053759	0.465	0.317	1.99e-287	5.22e-283
1	LRRN3	0.40530403	0.308	0.123	0.0	0.0
1	STK32A	0.404838427	0.343	0.175	0.0	0.0
1	PAFAH1B3	0.404513446	0.623	0.467	0.0	0.0
1	CYP7B1	0.403895321	0.589	0.444	9.92e-267	2.6e-262
1	RBM26	0.403092547	0.737	0.602	0.0	0.0
1	DSCR4	0.40289904	0.322	0.159	0.0	0.0
1	ZNF385A	0.402347041	0.362	0.171	0.0	0.0
1	IP6K1	0.402008198	0.635	0.492	0.0	0.0
1	COX4I1	0.40172542	0.791	0.667	0.0	0.0
1	HSPA12A	0.401227123	0.371	0.177	0.0	0.0
1	RAP1GAP2	0.400916031	0.627	0.511	7.27e-260	1.9e-255
1	NDUFA12	0.400821645	0.7	0.569	0.0	0.0
1	C16orf45	0.400800961	0.399	0.214	0.0	0.0
1	UBA52	0.400546376	0.944	0.866	0.0	0.0
1	TUBA1B	0.400415852	0.874	0.655	0.0	0.0
1	KLHL32	0.399769109	0.413	0.278	2.34e-213	6.130000000000001e-209
1	SPTBN4	0.399612399	0.387	0.205	0.0	0.0
1	SET	0.399452458	0.916	0.824	0.0	0.0
1	LNPK	0.398317837	0.595	0.455	0.0	0.0
1	ARHGAP24	0.398287292	0.536	0.401	1.0700000000000001e-184	2.79e-180
1	TUBB	0.397878671	0.883	0.697	0.0	0.0
1	TRIM9	0.397324812	0.336	0.145	0.0	0.0
1	PIP5K1B	0.397235755	0.29	0.124	0.0	0.0
1	VPS13D	0.397140156	0.642	0.605	5.2199999999999994e-90	1.37e-85
1	GPRC5C	0.395896638	0.39	0.248	3.18e-283	8.32e-279
1	CCDC88A	0.395510172	0.66	0.476	0.0	0.0
1	NSD1	0.395468724	0.803	0.691	0.0	0.0
1	NBL1	0.395378498	0.304	0.195	6.170000000000001e-185	1.62e-180
1	RAN	0.39507751	0.857	0.703	0.0	0.0
1	KLF10	0.395075333	0.545	0.408	2.9e-266	7.59e-262
1	VAV2	0.394388207	0.54	0.428	2.8400000000000002e-226	7.440000000000001e-222
1	NT5DC2	0.394312487	0.486	0.322	0.0	0.0
1	ATP6V1F	0.394311002	0.682	0.541	0.0	0.0
1	RPS2	0.394083894	0.979	0.94	0.0	0.0
1	GPR158	0.394009172	0.563	0.403	2.04e-291	5.33e-287
1	IRS2	0.393838547	0.636	0.5	2.4e-255	6.29e-251
1	RPSA	0.39369626	0.932	0.852	0.0	0.0
1	FAM96B	0.393512078	0.522	0.386	6.75e-295	1.7699999999999998e-290
1	RPL32	0.393332197	0.965	0.919	0.0	0.0
1	GPRIN1	0.393310982	0.379	0.176	0.0	0.0
1	DLGAP4	0.393257263	0.631	0.509	3.72e-281	9.739999999999999e-277
1	PEBP1	0.393026647	0.857	0.749	0.0	0.0
1	SPTSSA	0.392970003	0.583	0.459	6.02e-283	1.58e-278
1	GPCPD1	0.391408381	0.498	0.359	3e-264	7.86e-260
1	FAM222B	0.391281089	0.818	0.71	0.0	0.0
1	CDH4	0.391044982	0.312	0.16	3.19e-283	8.36e-279
1	HMGCS1	0.390764361	0.638	0.498	6.06e-286	1.59e-281
1	LONRF2	0.390240937	0.476	0.327	2.3200000000000002e-269	6.060000000000001e-265
1	RPL18	0.389985352	0.964	0.906	0.0	0.0
1	MED27	0.389971206	0.65	0.514	0.0	0.0
1	CD44	0.389300657	0.36	0.221	4.95e-234	1.2999999999999999e-229
1	PKD2	0.389112054	0.615	0.472	8.43e-290	2.21e-285
1	CACNG4	0.388797451	0.433	0.245	0.0	0.0
1	FAM60A	0.388695936	0.669	0.53	0.0	0.0
1	FABP5	0.388409301	0.74	0.563	1.86e-289	4.87e-285
1	CPEB4	0.387896781	0.754	0.621	2.37e-301	6.2e-297
1	RPS26	0.387503439	0.953	0.891	0.0	0.0
1	PPIB	0.38746462	0.797	0.694	4.0899999999999995e-241	1.07e-236
1	ZZEF1	0.38642982	0.612	0.48	1.0699999999999999e-300	2.79e-296
1	PDE7A	0.385602326	0.734	0.602	7.97e-293	2.0899999999999998e-288
1	SEL1L3	0.384648714	0.563	0.447	2.88e-221	7.55e-217
1	ACOT7	0.383114851	0.486	0.31	0.0	0.0
1	PRPF3	0.382946864	0.573	0.427	0.0	0.0
1	FBXL20	0.382316523	0.733	0.622	5.150000000000001e-289	1.35e-284
1	LSM5	0.381756007	0.714	0.567	0.0	0.0
1	ORAI2	0.381695049	0.535	0.4	7.33e-289	1.92e-284
1	SF3B6	0.381687057	0.8	0.681	6.67e-303	1.7399999999999998e-298
1	PELI2	0.381609689	0.443	0.278	6.37e-272	1.67e-267
1	COMMD6	0.381593604	0.757	0.639	0.0	0.0
1	SEZ6	0.380349691	0.445	0.244	0.0	0.0
1	AL390729.1	0.380222557	0.285	0.088	0.0	0.0
1	EIF4E3	0.380140118	0.374	0.211	0.0	0.0
1	SNRPC	0.37914515	0.577	0.448	3.83e-281	1e-276
1	TMEM181	0.378957029	0.638	0.535	9.07e-255	2.3699999999999997e-250
1	SVOP	0.378720849	0.28	0.073	0.0	0.0
1	MDH2	0.378059561	0.672	0.561	4.75e-268	1.2399999999999999e-263
1	VGF	0.377579489	0.296	0.117	0.0	0.0
1	PPP3CB	0.377524648	0.875	0.774	0.0	0.0
1	SYTL2	0.377080006	0.681	0.58	4.48e-177	1.1699999999999999e-172
1	EBPL	0.376207589	0.462	0.338	1.1999999999999999e-236	3.15e-232
1	UNK	0.376069879	0.682	0.544	0.0	0.0
1	CLDND1	0.375891067	0.523	0.385	5.5200000000000005e-291	1.45e-286
1	ILF2	0.374574552	0.666	0.524	4.51e-307	1.18e-302
1	H2AFY	0.37441628	0.814	0.681	0.0	0.0
1	GADD45A	0.374181279	0.499	0.36	3.8499999999999997e-234	1.01e-229
1	SLC16A7	0.373791968	0.338	0.135	0.0	0.0
1	OLA1	0.373687112	0.83	0.72	0.0	0.0
1	MACROD2	0.373439118	0.777	0.731	4.94e-107	1.29e-102
1	SGCD	0.373317624	0.627	0.531	1.93e-128	5.04e-124
1	MTCL1	0.373295126	0.44	0.29	3.48e-269	9.12e-265
1	MRAP2	0.37257052	0.261	0.078	0.0	0.0
1	BANF1	0.372433647	0.746	0.615	0.0	0.0
1	LINC01087	0.372245866	0.304	0.106	0.0	0.0
1	ONECUT2	0.371907657	0.469	0.305	5.67e-302	1.48e-297
1	KHDRBS1	0.371827272	0.857	0.749	0.0	0.0
1	NUDCD1	0.371809425	0.489	0.342	1.5999999999999998e-284	4.2e-280
1	AGTPBP1	0.3716113	0.512	0.374	7.54e-254	1.9699999999999998e-249
1	UGGT2	0.371083561	0.657	0.542	6.4299999999999995e-242	1.68e-237
1	VAV3	0.370972482	0.261	0.116	0.0	0.0
1	SIPA1L3	0.370863999	0.838	0.78	1.57e-168	4.1000000000000006e-164
1	SEPT7	0.370576344	0.87	0.753	0.0	0.0
1	PET100	0.37032686	0.583	0.452	1.7099999999999998e-270	4.48e-266
1	SNHG6	0.370231771	0.909	0.818	0.0	0.0
1	UBE2I	0.370172078	0.69	0.561	3.5e-302	9.16e-298
1	CEP126	0.369933755	0.481	0.338	8.08e-243	2.12e-238
1	FUT8	0.36912755	0.693	0.57	9.169999999999999e-263	2.3999999999999997e-258
1	PSIP1	0.368984914	0.736	0.599	0.0	0.0
1	C14orf144	0.368634574	0.295	0.089	0.0	0.0
1	GNAL	0.36851893	0.36	0.224	2.43e-227	6.35e-223
1	CDKN2C	0.368378972	0.521	0.355	3.42e-304	8.95e-300
1	JAZF1	0.367876937	0.645	0.514	6.82e-236	1.78e-231
1	TIMM13	0.367472859	0.658	0.539	2.17e-264	5.6899999999999996e-260
1	FOXK2	0.366197516	0.798	0.687	0.0	0.0
1	AMIGO2	0.365834548	0.341	0.21	3.81e-230	9.97e-226
1	UTP23	0.365758298	0.549	0.434	1.07e-243	2.79e-239
1	DUSP10	0.365693569	0.408	0.247	4.7e-306	1.23e-301
1	AGAP3	0.365026867	0.446	0.304	2.73e-265	7.14e-261
1	DANCR	0.364861056	0.652	0.546	6.739999999999999e-228	1.77e-223
1	PER2	0.364475028	0.462	0.309	2.6499999999999996e-285	6.95e-281
1	RNF182	0.364250367	0.353	0.141	0.0	0.0
1	USP49	0.364159811	0.479	0.321	1.4399999999999999e-285	3.76e-281
1	SMARCAD1	0.364070189	0.609	0.473	1.18e-290	3.1e-286
1	FMC1	0.363861478	0.48	0.35	3.09e-258	8.09e-254
1	SRPK1	0.363850501	0.672	0.538	1.99e-303	5.21e-299
1	IRS1	0.363789186	0.27	0.124	0.0	0.0
1	SMARCA4	0.363664782	0.736	0.622	9.64e-304	2.52e-299
1	ENOX2	0.36310133	0.48	0.418	6.19e-88	1.62e-83
1	PGAM2	0.362912074	0.265	0.073	0.0	0.0
1	RPS15	0.362719522	0.968	0.919	0.0	0.0
1	NKAIN1	0.362669131	0.255	0.087	0.0	0.0
1	SNRPN	0.362523745	0.511	0.396	1.01e-227	2.64e-223
1	SPIRE1	0.362398351	0.557	0.453	2.08e-198	5.45e-194
1	INA	0.361817657	0.329	0.134	0.0	0.0
1	LMO3	0.361789348	0.305	0.121	0.0	0.0
1	FRG1	0.361746331	0.522	0.394	4.36e-258	1.14e-253
1	NLN	0.361222387	0.467	0.326	2.1299999999999998e-262	5.57e-258
1	KIF1B	0.361192694	0.796	0.697	8.99e-269	2.3499999999999998e-264
1	MYO10	0.35986818	0.774	0.701	1.67e-203	4.36e-199
1	DUOX1	0.359267754	0.339	0.226	2.9999999999999995e-188	7.84e-184
1	ACTL6B	0.358961762	0.304	0.094	0.0	0.0
1	CCT8	0.358606351	0.661	0.549	1.24e-275	3.2300000000000004e-271
1	NDUFB3	0.358535355	0.654	0.534	3.7099999999999996e-258	9.7e-254
1	NDUFA6	0.35825533	0.484	0.356	2.46e-246	6.4499999999999995e-242
1	RWDD1	0.358189938	0.692	0.579	4.5500000000000004e-266	1.19e-261
1	SPATS2	0.357764453	0.74	0.635	1.5099999999999999e-264	3.96e-260
1	LINC01346	0.357735467	0.268	0.072	0.0	0.0
1	TFDP1	0.357536872	0.552	0.407	1.24e-281	3.25e-277
1	DLEU1	0.35732467	0.599	0.461	1.09e-234	2.86e-230
1	YAE1D1	0.357301926	0.423	0.286	1.19e-260	3.12e-256
1	PDE6D	0.356910918	0.453	0.302	1.4300000000000001e-272	3.7299999999999997e-268
1	EMC10	0.356882777	0.544	0.426	2.43e-254	6.349999999999999e-250
1	CLTB	0.356340442	0.57	0.458	9.279999999999999e-234	2.4299999999999998e-229
1	CCT5	0.356092373	0.682	0.559	2.8800000000000003e-276	7.550000000000001e-272
1	PSMD8	0.355792225	0.719	0.608	2.1399999999999999e-246	5.589999999999999e-242
1	MAST1	0.355707953	0.33	0.15	0.0	0.0
1	RB1	0.355635985	0.603	0.482	3.2499999999999996e-228	8.500000000000001e-224
1	UBA2	0.355454054	0.748	0.638	1.19e-296	3.12e-292
1	CUTA	0.355165326	0.72	0.617	3.2999999999999996e-240	8.65e-236
1	LIN7A	0.354998227	0.312	0.134	0.0	0.0
1	HFM1	0.3547403	0.36	0.205	1.0999999999999998e-292	2.8799999999999997e-288
1	OSBPL6	0.353720337	0.693	0.554	2.23e-242	5.84e-238
1	ATCAY	0.353373502	0.315	0.136	0.0	0.0
1	GJC1	0.352963953	0.397	0.186	0.0	0.0
1	GATAD2B	0.352851407	0.788	0.697	1.9999999999999997e-270	5.24e-266
1	TRPM2	0.352652372	0.304	0.102	0.0	0.0
1	RPAIN	0.352299174	0.535	0.417	3.25e-236	8.5e-232
1	MAP2K3	0.352167455	0.538	0.428	6.02e-200	1.5800000000000002e-195
1	TIMM8B	0.352039302	0.654	0.552	1.17e-222	3.05e-218
1	HIF1A	0.351426181	0.634	0.525	2.2799999999999998e-243	5.97e-239
1	PARP1	0.351295517	0.675	0.56	5.7e-263	1.4899999999999998e-258
1	LHX3	0.351282117	0.284	0.093	0.0	0.0
1	RSRC1	0.351145283	0.685	0.556	1.05e-247	2.76e-243
1	SMARCC1	0.350785792	0.852	0.768	0.0	0.0
1	CSNK2B	0.350647716	0.609	0.497	5.85e-231	1.53e-226
1	PSMB2	0.350562407	0.542	0.42	4.67e-243	1.22e-238
1	AC013546.1	0.350223724	0.269	0.072	0.0	0.0
1	CD163L1	0.34988523	0.317	0.148	0.0	0.0
1	IPO9	0.349723231	0.683	0.565	3.26e-272	8.53e-268
1	CD99	0.349626626	0.768	0.688	2.99e-221	7.82e-217
1	ILF3-AS1	0.348828803	0.487	0.37	8.16e-217	2.13e-212
1	MBTD1	0.34865916	0.7	0.604	3.8999999999999998e-230	1.02e-225
1	MSN	0.34865543	0.388	0.222	0.0	0.0
1	GADD45GIP1	0.347797505	0.633	0.528	5.910000000000001e-224	1.55e-219
1	ST8SIA2	0.347232785	0.29	0.108	0.0	0.0
1	POLR2I	0.347207937	0.648	0.541	1.53e-229	4e-225
1	COG6	0.346526788	0.408	0.259	2.4699999999999997e-274	6.459999999999999e-270
1	RALGDS	0.346022969	0.418	0.297	5.48e-220	1.4300000000000001e-215
1	HNRNPDL	0.345926195	0.869	0.783	0.0	0.0
1	PRKG2	0.345083749	0.277	0.117	0.0	0.0
1	NDUFB10	0.344922431	0.768	0.654	5.149999999999999e-250	1.3500000000000001e-245
1	MYADM	0.344842173	0.435	0.324	2.12e-172	5.56e-168
1	PTBP2	0.344367143	0.816	0.713	7.88e-288	2.06e-283
1	ATP6V1G1	0.344246707	0.877	0.765	4.66e-303	1.2199999999999999e-298
1	PAN3	0.344150982	0.689	0.583	1.06e-230	2.7800000000000004e-226
1	PHC2	0.343867591	0.611	0.494	5.02e-237	1.3099999999999999e-232
1	ID1	0.343639815	0.39	0.27	5.66e-158	1.48e-153
1	TMOD2	0.343620891	0.376	0.224	4.91e-291	1.29e-286
1	DIS3	0.342525867	0.405	0.261	1.1599999999999999e-274	3.0399999999999997e-270
1	PRPF8	0.342493984	0.623	0.51	2.0399999999999997e-250	5.33e-246
1	BSN	0.342260207	0.319	0.13	0.0	0.0
1	DDX46	0.342151782	0.759	0.653	1.13e-287	2.95e-283
1	SNRPB2	0.342134985	0.672	0.567	7.340000000000001e-231	1.92e-226
1	ACTG1	0.341302833	0.991	0.969	0.0	0.0
1	HARS	0.341193773	0.466	0.34	7.03e-244	1.84e-239
1	PLD3	0.341030478	0.59	0.491	1.1699999999999999e-225	3.0699999999999997e-221
1	SF3B5	0.340459408	0.603	0.503	4.12e-207	1.08e-202
1	SYT2	0.340419587	0.301	0.152	0.0	0.0
1	CHGA	0.339764184	0.292	0.102	0.0	0.0
1	GPX1	0.339653321	0.747	0.638	3.82e-219	1e-214
1	RABEPK	0.339612542	0.369	0.241	3.8799999999999996e-225	1.02e-220
1	SLC35B1	0.339606084	0.458	0.345	4.9e-207	1.28e-202
1	PLCL2	0.339491551	0.394	0.239	2.04e-255	5.3300000000000004e-251
1	INTS7	0.339355512	0.499	0.349	2.37e-265	6.2e-261
1	TOMM20	0.339275759	0.791	0.694	2.5e-262	6.54e-258
1	CISD1	0.338915494	0.676	0.575	1.17e-233	3.06e-229
1	HIKESHI	0.338423967	0.485	0.364	3.08e-227	8.050000000000001e-223
1	GTF2A2	0.338252318	0.657	0.543	1.43e-231	3.75e-227
1	KANSL1	0.337884997	0.926	0.856	4.49e-306	1.18e-301
1	ARSB	0.337806199	0.289	0.164	3.22e-209	8.42e-205
1	MTURN	0.336961092	0.364	0.295	6.36e-103	1.67e-98
1	ACSL4	0.33635518	0.372	0.237	1.89e-227	4.9500000000000005e-223
1	ELOC	0.336237222	0.812	0.7	5.529999999999999e-268	1.4499999999999998e-263
1	AC010931.2	0.335795894	0.27	0.081	0.0	0.0
1	NSMAF	0.335234211	0.533	0.411	6.99e-221	1.8299999999999998e-216
1	LRRK1	0.335069672	0.443	0.411	1.1599999999999998e-48	3.04e-44
1	EIF3H	0.334879471	0.86	0.771	2.8999999999999997e-298	7.58e-294
1	ATP1B1	0.334846267	0.7	0.543	0.0	0.0
1	PSMA2	0.334796744	0.473	0.345	1.45e-238	3.7799999999999997e-234
1	POLR2G	0.334661865	0.526	0.424	2.4999999999999997e-204	6.550000000000001e-200
1	SELENOK	0.334568258	0.637	0.539	6.92e-191	1.81e-186
1	PCMT1	0.334560444	0.685	0.584	1.59e-253	4.1599999999999996e-249
1	H1FX	0.334503023	0.771	0.628	4.750000000000001e-252	1.24e-247
1	MRPL47	0.334489759	0.55	0.446	2.5400000000000003e-208	6.64e-204
1	PTS	0.334459822	0.614	0.504	7.3099999999999995e-239	1.91e-234
1	LHFPL5	0.334099637	0.29	0.104	0.0	0.0
1	HNRNPA3	0.333392614	0.858	0.764	0.0	0.0
1	RPL35	0.333032258	0.956	0.906	2.06e-305	5.39e-301
1	BAZ1B	0.332796803	0.714	0.596	5.3e-270	1.39e-265
1	SNHG16	0.332588139	0.583	0.481	8.82e-222	2.31e-217
1	SUMF1	0.332486601	0.905	0.824	0.0	0.0
1	DCAF13	0.332471464	0.547	0.443	6.32e-216	1.65e-211
1	SOX4	0.331693717	0.849	0.778	8.35e-127	2.19e-122
1	CCT6A	0.331555337	0.725	0.615	2.56e-254	6.699999999999999e-250
1	DOK6	0.331220946	0.44	0.29	1.7200000000000002e-231	4.51e-227
1	GPR153	0.330972731	0.299	0.127	0.0	0.0
1	ANKRD36B	0.330885639	0.492	0.363	4.2e-220	1.1e-215
1	CLNS1A	0.330753022	0.684	0.593	1.35e-226	3.53e-222
1	SGCE	0.330526716	0.49	0.355	1.2999999999999998e-230	3.41e-226
1	KLF7	0.330524038	0.425	0.301	2.86e-191	7.48e-187
1	DBN1	0.330472059	0.426	0.307	5.11e-209	1.34e-204
1	PSMB7	0.330407376	0.69	0.593	1.61e-228	4.22e-224
1	ZC3H12C	0.330345481	0.362	0.252	2.92e-154	7.64e-150
1	ABCA3	0.330025146	0.386	0.248	4.16e-246	1.0899999999999999e-241
1	CDKN2A	0.329738451	0.762	0.64	2.68e-280	7.02e-276
1	MIDN	0.329444976	0.58	0.457	1.11e-210	2.91e-206
1	BIRC6	0.329313916	0.905	0.833	1.81e-307	4.73e-303
1	RORA	0.329148409	0.715	0.708	5.62e-39	1.47e-34
1	YEATS2	0.3290772	0.613	0.5	2.5300000000000003e-235	6.62e-231
1	NECTIN1	0.328247674	0.375	0.231	1.0700000000000001e-265	2.8e-261
1	KMT2C	0.328057519	0.901	0.833	5.96e-281	1.5600000000000001e-276
1	RNF157	0.327894033	0.423	0.294	3.77e-215	9.87e-211
1	TMEM150C	0.327770178	0.397	0.292	1.8000000000000002e-163	4.7e-159
1	HPCAL1	0.327539237	0.484	0.376	2.47e-182	6.47e-178
1	RAB2A	0.327538533	0.903	0.823	1.35e-277	3.5300000000000003e-273
1	CNR1	0.327269432	0.265	0.099	0.0	0.0
1	PALD1	0.326696047	0.314	0.148	0.0	0.0
1	SLC2A13	0.326642341	0.353	0.28	8.59e-84	2.25e-79
1	FAM168A	0.326482379	0.664	0.567	1.63e-195	4.27e-191
1	USP12	0.326387988	0.461	0.335	2.74e-214	7.180000000000001e-210
1	CST3	0.326330299	0.692	0.608	1.4599999999999998e-172	3.83e-168
1	RPL6	0.326229472	0.959	0.916	0.0	0.0
1	DDX24	0.325463438	0.678	0.586	5.520000000000001e-224	1.44e-219
1	PREP	0.325383228	0.42	0.31	1.62e-166	4.24e-162
1	EXOC2	0.325210034	0.51	0.385	3.0700000000000003e-217	8.020000000000001e-213
1	ATP5C1	0.324952548	0.723	0.621	2.63e-239	6.880000000000001e-235
1	GRK4	0.324481102	0.343	0.204	3.7100000000000004e-251	9.720000000000001e-247
1	FHIT	0.324216465	0.772	0.731	1.0199999999999999e-104	2.66e-100
1	RICTOR	0.323622913	0.606	0.501	6.04e-206	1.58e-201
1	POLR2J	0.323428089	0.613	0.505	2.9599999999999997e-204	7.740000000000001e-200
1	SRP9	0.323352518	0.816	0.705	5.13e-257	1.34e-252
1	SUCLA2	0.323268533	0.439	0.316	5.79e-220	1.52e-215
1	DSCR8	0.323196603	0.345	0.189	1.35e-304	3.53e-300
1	CAMK2B	0.322667217	0.266	0.099	0.0	0.0
1	ILF3	0.322424646	0.73	0.633	1.5900000000000002e-248	4.1699999999999994e-244
1	SGCB	0.322416331	0.471	0.352	5.88e-222	1.54e-217
1	SERGEF	0.322339985	0.362	0.267	2.4600000000000004e-129	6.430000000000001e-125
1	C1orf43	0.322090002	0.671	0.572	8.39e-222	2.2000000000000002e-217
1	ALG5	0.321783516	0.423	0.305	3.3700000000000003e-206	8.82e-202
1	TTL	0.321693279	0.438	0.309	3.21e-213	8.4e-209
1	AP3B2	0.321623391	0.494	0.334	2.2699999999999997e-282	5.94e-278
1	SSRP1	0.3215295	0.539	0.417	1.0600000000000001e-226	2.77e-222
1	DIXDC1	0.321247028	0.512	0.361	1.0399999999999999e-249	2.72e-245
1	UNC5B	0.321001094	0.251	0.124	1.13e-254	2.96e-250
1	AGO2	0.320815295	0.785	0.682	9.54e-245	2.4999999999999997e-240
1	DCTN3	0.32076945	0.603	0.491	8.430000000000001e-200	2.21e-195
1	PRLR	0.320732289	0.298	0.196	8.43e-136	2.21e-131
1	IRF2BPL	0.320446759	0.431	0.312	1.0100000000000001e-202	2.65e-198
1	GTF2I	0.320197086	0.898	0.83	1.57e-298	4.1e-294
1	C3orf70	0.319990853	0.275	0.098	0.0	0.0
1	MTMR6	0.319634065	0.355	0.203	4.4e-296	1.15e-291
1	CPM	0.319582816	0.32	0.23	1.06e-106	2.78e-102
1	PSMB6	0.319164946	0.697	0.595	9.23e-203	2.42e-198
1	NDUFS8	0.318883293	0.67	0.563	8.64e-218	2.2600000000000003e-213
1	PTK7	0.318525763	0.563	0.472	2.7300000000000003e-173	7.16e-169
1	SLC25A3	0.317983458	0.801	0.7	2.6399999999999998e-230	6.920000000000001e-226
1	TBL1XR1	0.317976847	0.924	0.877	4.26e-175	1.1199999999999999e-170
1	HSBP1	0.317962346	0.642	0.534	6.87e-216	1.8e-211
1	FAM126A	0.317376691	0.321	0.276	2.93e-53	7.67e-49
1	NDUFB2	0.317121158	0.788	0.687	7.519999999999999e-219	1.97e-214
1	RTN4	0.316892537	0.943	0.867	3.65e-303	9.549999999999999e-299
1	LSAMP	0.316117928	0.833	0.732	2.6600000000000002e-163	6.96e-159
1	MYO6	0.315532375	0.874	0.79	8.709999999999999e-299	2.2800000000000002e-294
1	RPRD2	0.31544667	0.697	0.612	3.78e-189	9.890000000000001e-185
1	LCORL	0.31488171	0.795	0.678	1.01e-249	2.63e-245
1	NOL4L	0.314498785	0.373	0.258	3.1799999999999997e-191	8.31e-187
1	STMN3	0.314456888	0.294	0.123	0.0	0.0
1	TMEM160	0.31441862	0.439	0.327	1.7e-194	4.4399999999999996e-190
1	SNX10	0.314383121	0.291	0.113	0.0	0.0
1	FSCN1	0.314009931	0.367	0.209	1.54e-295	4.03e-291
1	HSF2	0.313595179	0.386	0.268	6.35e-195	1.6599999999999999e-190
1	KATNAL1	0.313279498	0.437	0.287	9.910000000000001e-247	2.5899999999999998e-242
1	RIC3	0.313111848	0.381	0.252	3.15e-225	8.24e-221
1	PPM1G	0.312865754	0.718	0.619	9.379999999999999e-229	2.46e-224
1	SBK1	0.312799465	0.354	0.224	2.01e-236	5.27e-232
1	ZNF22	0.31276118	0.55	0.446	2.7300000000000002e-194	7.149999999999999e-190
1	CCAR1	0.312430408	0.876	0.784	1.77e-285	4.6200000000000005e-281
1	SPOCK2	0.312048019	0.274	0.099	0.0	0.0
1	CNIH2	0.311879186	0.28	0.121	0.0	0.0
1	TDRD3	0.311540641	0.454	0.34	7.46e-178	1.9500000000000003e-173
1	SNF8	0.311311794	0.646	0.551	4.18e-193	1.09e-188
1	STX2	0.310537304	0.421	0.284	1.1600000000000001e-237	3.0299999999999997e-233
1	STXBP1	0.310254864	0.421	0.305	5.01e-184	1.3100000000000002e-179
1	RPL26L1	0.310055887	0.491	0.393	6.08e-177	1.59e-172
1	MRPL22	0.310007458	0.488	0.381	1.82e-189	4.7700000000000006e-185
1	ST3GAL6	0.309307035	0.315	0.192	2.55e-203	6.66e-199
1	RPL5	0.308452731	0.953	0.9	3.25e-287	8.52e-283
1	NHP2	0.30834359	0.587	0.495	9.12e-186	2.39e-181
1	RPL14	0.308337767	0.932	0.862	2.35e-268	6.16e-264
1	MTX2	0.308335576	0.699	0.607	6.13e-222	1.6e-217
1	RPLP0	0.308060601	0.941	0.874	3.28e-301	8.58e-297
1	MAPK1IP1L	0.307620913	0.594	0.489	1e-206	2.63e-202
1	PIN1	0.307610279	0.517	0.403	3.4e-197	8.89e-193
1	BEX3	0.307588363	0.872	0.772	1.77e-212	4.64e-208
1	AASDHPPT	0.307564819	0.432	0.312	1.26e-215	3.29e-211
1	POLE4	0.307345293	0.544	0.449	8.030000000000001e-177	2.1e-172
1	LINC02562	0.307196933	0.425	0.322	3.62e-175	9.47e-171
1	C1orf21	0.306809051	0.635	0.555	9.519999999999999e-146	2.49e-141
1	PDCD5	0.306803805	0.625	0.535	7.26e-178	1.9e-173
1	SSBP1	0.30679947	0.707	0.614	3.8e-209	9.95e-205
1	ETFA	0.306699594	0.688	0.6	2.76e-202	7.22e-198
1	HMGA1	0.306617319	0.339	0.194	1.3799999999999998e-277	3.6000000000000003e-273
1	OCIAD2	0.305863416	0.7	0.592	1.2500000000000001e-226	3.28e-222
1	RBAK-RBAKDN	0.305783138	0.444	0.333	3.23e-185	8.44e-181
1	SFXN1	0.30547028	0.597	0.503	1.64e-192	4.2899999999999996e-188
1	STK39	0.305444671	0.706	0.611	2.53e-166	6.62e-162
1	DDX50	0.305382322	0.782	0.689	4.279999999999999e-242	1.12e-237
1	QSER1	0.305024678	0.361	0.211	1.4600000000000001e-273	3.8100000000000004e-269
1	IMMP1L	0.30465077	0.462	0.336	9e-207	2.36e-202
1	NARS2	0.30417883	0.479	0.379	1.5100000000000002e-161	3.9500000000000005e-157
1	DZIP1	0.30365795	0.383	0.251	2.5e-222	6.55e-218
1	SCN3B	0.303378783	0.275	0.099	0.0	0.0
1	ABL2	0.303361615	0.618	0.532	3.1e-165	8.12e-161
1	UBE2R2	0.30332825	0.799	0.715	5.8500000000000006e-223	1.53e-218
1	CDK4	0.303158058	0.539	0.443	4.82e-183	1.26e-178
1	TDG	0.30294497	0.566	0.466	1.6e-187	4.19e-183
1	GPATCH8	0.30268771	0.939	0.869	3.62e-292	9.47e-288
1	EPHB2	0.302555476	0.295	0.138	0.0	0.0
1	KCNN2	0.302521358	0.27	0.124	4.3999999999999997e-306	1.15e-301
1	POLR2K	0.302263638	0.722	0.61	9.210000000000001e-213	2.41e-208
1	CBFA2T3	0.302258948	0.251	0.1	0.0	0.0
1	RAB11A	0.302168471	0.796	0.715	8.350000000000001e-213	2.1900000000000004e-208
1	MICU2	0.301937398	0.619	0.526	2.67e-183	6.98e-179
1	FBXO11	0.301867167	0.856	0.766	1.42e-218	3.73e-214
1	GALNT14	0.301374296	0.311	0.183	5.010000000000001e-208	1.31e-203
1	DOPEY1	0.301352997	0.653	0.558	1.45e-184	3.79e-180
1	ITM2B	0.301155831	0.802	0.715	4.0999999999999997e-190	1.07e-185
1	MEST	0.301121029	0.441	0.343	4.05e-164	1.0599999999999999e-159
1	DENND1A	0.300965761	0.76	0.679	1.3899999999999998e-207	3.65e-203
1	LSM3	0.300645537	0.661	0.537	3.88e-217	1.0200000000000001e-212
1	NFKBIB	0.300099235	0.297	0.182	2.38e-194	6.23e-190
1	EIF5A	0.300019256	0.495	0.393	2.47e-175	6.45e-171
1	AL445623.2	0.299695951	0.268	0.131	9.429999999999999e-274	2.4700000000000002e-269
1	PBRM1	0.299158561	0.826	0.733	5.84e-230	1.5299999999999998e-225
1	ZCCHC14	0.298874433	0.354	0.238	4.91e-186	1.29e-181
1	RPS6KA3	0.298700439	0.688	0.61	2.97e-127	7.780000000000001e-123
1	BACE1	0.298661865	0.396	0.282	3.28e-193	8.579999999999999e-189
1	PTPRJ	0.298141975	0.41	0.308	1.9700000000000002e-144	5.17e-140
1	RC3H2	0.298086677	0.578	0.48	5.22e-182	1.3700000000000001e-177
1	DHX36	0.29784433	0.699	0.617	1.2800000000000002e-200	3.35e-196
1	ARID2	0.297582277	0.736	0.637	4.43e-194	1.1599999999999999e-189
1	TRPM7	0.297507546	0.717	0.639	1.49e-187	3.89e-183
1	RPL10	0.29734895	0.973	0.933	0.0	0.0
1	IFNGR2	0.297261121	0.552	0.468	8.99e-159	2.35e-154
1	DAPK2	0.297237966	0.438	0.339	7.16e-137	1.8700000000000002e-132
1	AJAP1	0.296396498	0.252	0.087	0.0	0.0
1	PAPD4	0.295891948	0.717	0.639	4.1300000000000004e-181	1.0799999999999999e-176
1	USMG5	0.295745354	0.686	0.589	2.8499999999999998e-188	7.46e-184
1	DNAJC7	0.295261788	0.721	0.636	4.6e-202	1.2099999999999999e-197
1	ZNF565	0.29451503	0.493	0.392	6.15e-170	1.6099999999999998e-165
1	AL021368.4	0.294367422	0.345	0.222	1.51e-207	3.95e-203
1	SF3B2	0.29431375	0.653	0.566	2.09e-192	5.4599999999999995e-188
1	GRK5	0.294183957	0.266	0.167	6.48e-148	1.7e-143
1	RAB40B	0.293884801	0.333	0.235	2.16e-152	5.66e-148
1	DPYSL2	0.2938696	0.451	0.341	4.6699999999999995e-172	1.22e-167
1	MYT1	0.293809775	0.303	0.155	9.88e-307	2.5900000000000003e-302
1	HELZ	0.293795546	0.787	0.708	1.41e-206	3.68e-202
1	ATL1	0.293500337	0.381	0.261	2.2600000000000003e-185	5.920000000000001e-181
1	SNU13	0.29335974	0.628	0.543	1.8199999999999998e-170	4.76e-166
1	SGK1	0.29329327	0.293	0.186	1.71e-158	4.47e-154
1	CCDC138	0.293088906	0.521	0.428	2.24e-143	5.87e-139
1	RNF212	0.292924571	0.602	0.509	3.36e-187	8.8e-183
1	PCID2	0.291885161	0.405	0.279	9.87e-215	2.5800000000000004e-210
1	FHL1	0.291818063	0.428	0.313	9.81e-170	2.57e-165
1	MRPL57	0.291577835	0.628	0.532	1.49e-178	3.89e-174
1	RPS14	0.291554567	0.968	0.926	9.17e-279	2.3999999999999997e-274
1	MIR17HG	0.291518806	0.275	0.128	0.0	0.0
1	TBC1D5	0.291466701	0.875	0.813	3.09e-186	8.08e-182
1	TRIM13	0.291401458	0.513	0.399	1.11e-183	2.9200000000000002e-179
1	STARD13	0.291373349	0.277	0.185	5.08e-123	1.33e-118
1	TAF2	0.291217058	0.683	0.597	5.49e-187	1.44e-182
1	N4BP2	0.291105071	0.577	0.493	1.57e-146	4.12e-142
1	TOPBP1	0.290728264	0.544	0.438	1.02e-173	2.66e-169
1	SLAIN1	0.290677486	0.299	0.169	4.02e-227	1.0500000000000001e-222
1	LDHA	0.29036182	0.557	0.486	2.16e-100	5.66e-96
1	C3orf14	0.290286546	0.361	0.256	5.77e-163	1.51e-158
1	LRCH2	0.290025277	0.259	0.104	0.0	0.0
1	PRDX5	0.289906824	0.72	0.615	1.55e-194	4.0599999999999997e-190
1	YAF2	0.289731209	0.561	0.465	7.74e-151	2.03e-146
1	TIMM10	0.289392677	0.438	0.331	5.1400000000000006e-167	1.35e-162
1	IRF2BP2	0.289005612	0.617	0.527	7.5299999999999995e-168	1.9700000000000002e-163
1	ETNK1	0.288969518	0.717	0.645	4.679999999999999e-187	1.23e-182
1	CDC42SE2	0.288467278	0.616	0.515	2.31e-168	6.0500000000000005e-164
1	SHC3	0.288364747	0.251	0.117	1.17e-284	3.06e-280
1	FKBP5	0.288341663	0.544	0.442	2.83e-152	7.42e-148
1	LNX1	0.288220054	0.286	0.171	1.05e-180	2.74e-176
1	SREBF2	0.288053595	0.476	0.378	1.05e-142	2.7499999999999996e-138
1	SYT13	0.288053591	0.261	0.103	0.0	0.0
1	WNT4	0.287833652	0.275	0.169	2.21e-174	5.799999999999999e-170
1	BCAS3	0.287717245	0.961	0.912	9.970000000000001e-213	2.6100000000000003e-208
1	PRPF6	0.287316482	0.588	0.5	1.75e-171	4.5800000000000005e-167
1	MARK3	0.287057956	0.753	0.677	1.7e-190	4.44e-186
1	PTRH2	0.286506045	0.559	0.472	5.87e-161	1.54e-156
1	BACH1	0.286066828	0.618	0.561	1.47e-107	3.83e-103
1	HIVEP3	0.285931799	0.726	0.644	1.64e-153	4.2999999999999995e-149
1	SCAMP5	0.28580039	0.398	0.276	5.159999999999999e-197	1.3500000000000002e-192
1	REPS1	0.285730223	0.566	0.474	1.48e-155	3.89e-151
1	ACVR2A	0.285652216	0.443	0.357	1.5200000000000001e-118	3.99e-114
1	ADD2	0.285271558	0.379	0.234	6.94e-236	1.82e-231
1	STOX2	0.285142944	0.389	0.254	5.64e-189	1.48e-184
1	DUSP23	0.284932923	0.368	0.3	9.81e-95	2.57e-90
1	PRRC2C	0.284736692	0.798	0.713	3.9999999999999995e-216	1.05e-211
1	TRAP1	0.284426396	0.465	0.372	1.05e-156	2.7399999999999998e-152
1	ADCY9	0.284387184	0.372	0.259	7.23e-162	1.89e-157
1	RAB11FIP4	0.284271633	0.439	0.349	1.49e-138	3.8999999999999996e-134
1	VIRMA	0.283944459	0.532	0.449	4.82e-148	1.26e-143
1	TMEM38B	0.283729384	0.362	0.238	1.24e-197	3.25e-193
1	CCNB1IP1	0.283447592	0.475	0.384	4.51e-152	1.1799999999999999e-147
1	TNNT1	0.283402858	0.494	0.395	7.59e-156	1.99e-151
1	FRMD4A	0.283301006	0.655	0.563	1.89e-145	4.9499999999999997e-141
1	EIF2B3	0.283118647	0.525	0.43	9.55e-164	2.4999999999999997e-159
1	SH3BP4	0.283061879	0.509	0.435	8.81e-114	2.31e-109
1	CTXN1	0.282948631	0.343	0.225	4.87e-195	1.2799999999999999e-190
1	PUM3	0.28282597	0.552	0.473	2.95e-143	7.71e-139
1	RNF216	0.28272781	0.599	0.51	2.95e-174	7.719999999999999e-170
1	CDR2L	0.282634896	0.327	0.217	5.4599999999999996e-176	1.43e-171
1	COA1	0.282618868	0.735	0.653	7.319999999999999e-191	1.92e-186
1	KIAA1211	0.282592414	0.566	0.467	1.2e-128	3.1400000000000003e-124
1	STOML2	0.282295033	0.55	0.47	3.59e-148	9.4e-144
1	HNRNPUL1	0.282238873	0.666	0.572	7.27e-194	1.8999999999999997e-189
1	TTC3	0.282219113	0.952	0.907	4.91e-207	1.28e-202
1	ATAD2B	0.282195706	0.522	0.421	1.1799999999999998e-159	3.1e-155
1	TRPC1	0.28205557	0.495	0.4	3.94e-140	1.03e-135
1	CIRBP	0.281841666	0.87	0.77	3.2799999999999997e-205	8.58e-201
1	RALA	0.281413178	0.618	0.53	2.6599999999999997e-165	6.95e-161
1	DNMT1	0.281215351	0.631	0.529	1.29e-187	3.38e-183
1	DDX52	0.281086968	0.625	0.545	1.25e-167	3.2600000000000003e-163
1	SVBP	0.280969952	0.387	0.286	1.8200000000000002e-160	4.77e-156
1	POLR3A	0.280853265	0.563	0.469	2.45e-176	6.419999999999999e-172
1	CHCHD3	0.280829225	0.783	0.702	9.279999999999999e-204	2.4299999999999998e-199
1	LDLRAD3	0.280651889	0.381	0.299	1.49e-104	3.89e-100
1	LSM4	0.280380043	0.632	0.527	4.77e-182	1.25e-177
1	HOMER1	0.280210559	0.556	0.358	5.14e-289	1.34e-284
1	VTI1A	0.279856012	0.578	0.485	2.9100000000000002e-145	7.61e-141
1	BACH2	0.279658315	0.404	0.359	4.2799999999999997e-41	1.12e-36
1	SPPL2A	0.279439341	0.631	0.557	3.89e-146	1.02e-141
1	MARK1	0.279205748	0.56	0.467	3.6700000000000005e-124	9.59e-120
1	WDR83OS	0.279049003	0.726	0.64	4.1900000000000005e-167	1.1e-162
1	SKI	0.27877633	0.551	0.465	6.86e-149	1.8e-144
1	EXTL3	0.278378208	0.252	0.164	4.84e-119	1.27e-114
1	CMSS1	0.277619125	0.802	0.674	1.1899999999999999e-287	3.11e-283
1	ANKRD10	0.277602467	0.612	0.522	1.52e-175	3.99e-171
1	PPP2R2C	0.277559557	0.351	0.231	5.98e-191	1.5699999999999999e-186
1	EXOC6	0.277221254	0.563	0.484	1.6399999999999998e-135	4.29e-131
1	MRPS31	0.277038076	0.401	0.291	1.52e-174	3.9799999999999995e-170
1	KPNB1	0.276841141	0.865	0.783	3.64e-221	9.530000000000001e-217
1	MRPS23	0.276588554	0.563	0.484	6.03e-149	1.58e-144
1	TCAIM	0.276055172	0.524	0.449	8.88e-118	2.32e-113
1	TSTD2	0.275690731	0.435	0.34	3.12e-140	8.17e-136
1	ZNF608	0.275497413	0.341	0.266	3.63e-84	9.5e-80
1	HGNC:18790	0.275221348	0.263	0.129	5.95e-279	1.56e-274
1	ME3	0.274658974	0.437	0.352	1.18e-119	3.09e-115
1	SRSF3	0.274645694	0.889	0.802	8.669999999999999e-225	2.27e-220
1	SUGT1	0.274615677	0.521	0.426	1.21e-159	3.15e-155
1	EXOC5	0.274608086	0.564	0.48	1.03e-151	2.69e-147
1	MTSS1	0.274573241	0.681	0.608	7.55e-130	1.98e-125
1	LBH	0.274498291	0.539	0.426	7.070000000000001e-161	1.85e-156
1	CNPY2	0.274450631	0.538	0.466	3.7499999999999998e-134	9.81e-130
1	ZNF254	0.274249895	0.635	0.554	3.49e-152	9.13e-148
1	RFX7	0.27424605	0.583	0.504	7.790000000000001e-127	2.04e-122
1	KDM1A	0.274110885	0.616	0.539	6.62e-156	1.73e-151
1	NDUFA8	0.273990105	0.537	0.457	1.01e-141	2.66e-137
1	RAB39A	0.273755847	0.298	0.169	4.1399999999999996e-221	1.0799999999999999e-216
1	C11orf58	0.273635097	0.658	0.579	5.99e-165	1.57e-160
1	UBE2S	0.273512845	0.776	0.597	5.17e-243	1.35e-238
1	NIFK	0.273326429	0.486	0.402	1.21e-139	3.1799999999999996e-135
1	KCNAB2	0.273099633	0.295	0.164	3.37e-238	8.82e-234
1	RIC8B	0.273079421	0.588	0.472	5.96e-178	1.5600000000000001e-173
1	FAM92A	0.272738692	0.349	0.231	6.870000000000001e-185	1.8e-180
1	SMARCE1	0.272473912	0.7	0.612	6.69e-176	1.75e-171
1	ARL16	0.272140826	0.482	0.401	4.4199999999999997e-135	1.16e-130
1	CELF1	0.272010695	0.604	0.521	8.83e-162	2.3100000000000002e-157
1	SPAST	0.271450336	0.465	0.389	1.81e-120	4.73e-116
1	KRT18	0.270976544	0.752	0.721	3.53e-35	9.25e-31
1	TP53	0.270922011	0.4	0.29	3.6700000000000006e-163	9.6e-159
1	SPOP	0.270842432	0.695	0.621	7.75e-161	2.0300000000000001e-156
1	HDAC9	0.270616329	0.678	0.564	2.45e-154	6.4e-150
1	CCDC74A	0.27059952	0.439	0.353	2.89e-123	7.57e-119
1	RPS21	0.270392775	0.977	0.934	1.03e-297	2.69e-293
1	MAPRE2	0.270159721	0.523	0.41	2.6800000000000002e-148	7.010000000000001e-144
1	NDUFS4	0.269810984	0.61	0.537	1.45e-149	3.81e-145
1	FAF1	0.26960024	0.946	0.879	4.63e-218	1.21e-213
1	USP37	0.269570867	0.631	0.546	3.98e-164	1.04e-159
1	ARL4C	0.269459676	0.37	0.283	1.62e-116	4.25e-112
1	PRPF40A	0.269356675	0.793	0.705	1.05e-203	2.74e-199
1	SSR2	0.268709772	0.687	0.612	1.2499999999999999e-135	3.26e-131
1	TCF12	0.268607983	0.892	0.82	1.69e-187	4.42e-183
1	SCAND1	0.268275603	0.559	0.466	3.6599999999999998e-149	9.58e-145
1	ANAPC10	0.268030339	0.494	0.415	2.6600000000000002e-123	6.95e-119
1	SERBP1	0.268004151	0.827	0.758	2.95e-178	7.72e-174
1	ADGRL1	0.267996201	0.364	0.241	4.58e-198	1.2e-193
1	PRELID2	0.26795589	0.341	0.248	2.37e-113	6.2e-109
1	BLMH	0.267848197	0.425	0.332	7.44e-133	1.95e-128
1	KLHDC10	0.267823189	0.561	0.489	9.829999999999999e-126	2.57e-121
1	TMEM55A	0.267664023	0.369	0.273	1.11e-142	2.9099999999999996e-138
1	MAD2L2	0.267570022	0.409	0.299	1.13e-160	2.95e-156
1	NDUFS7	0.267411995	0.481	0.4	7.460000000000001e-132	1.95e-127
1	SUMO1	0.267131883	0.747	0.656	4.48e-172	1.17e-167
1	DSEL	0.267087537	0.26	0.177	1.33e-112	3.48e-108
1	NLK	0.267001213	0.816	0.746	4.23e-151	1.11e-146
1	BLOC1S1	0.266992954	0.457	0.373	1.54e-131	4.04e-127
1	TMEM64	0.266909716	0.311	0.233	8.42e-101	2.2000000000000002e-96
1	CCT2	0.266745249	0.65	0.57	1.02e-150	2.67e-146
1	ERCC8	0.266702599	0.459	0.366	2.92e-137	7.63e-133
1	EML4	0.266474476	0.705	0.621	2.2200000000000002e-160	5.82e-156
1	OPA1	0.266044205	0.601	0.517	1.1e-152	2.88e-148
1	MRPL11	0.265905364	0.497	0.423	4.1e-123	1.07e-118
1	ARHGDIA	0.265719653	0.509	0.432	3.22e-131	8.42e-127
1	ASB1	0.265666105	0.275	0.172	3.0400000000000005e-163	7.96e-159
1	FAM89B	0.265619551	0.345	0.254	1.27e-136	3.3300000000000006e-132
1	C12orf57	0.265608337	0.58	0.501	9.37e-134	2.4500000000000003e-129
1	NXN	0.265512509	0.487	0.456	4.1700000000000003e-51	1.09e-46
1	ABR	0.265133139	0.484	0.408	2.63e-119	6.889999999999999e-115
1	CHCHD5	0.264814563	0.429	0.353	1.16e-118	3.03e-114
1	UBE3C	0.264712089	0.737	0.666	6.77e-162	1.77e-157
1	RSPRY1	0.26453591	0.408	0.32	6.75e-131	1.77e-126
1	WSB2	0.264485176	0.475	0.389	8.43e-142	2.21e-137
1	PPP2R5E	0.264483481	0.75	0.668	2.3900000000000003e-164	6.26e-160
1	LYST	0.264456207	0.468	0.401	3.11e-90	8.140000000000001e-86
1	ZNF146	0.264395857	0.545	0.479	9.77e-126	2.56e-121
1	IPO5	0.264348203	0.418	0.324	4.8500000000000006e-144	1.27e-139
1	ZNF518A	0.264093972	0.485	0.406	1.6e-118	4.18e-114
1	NETO2	0.263739288	0.366	0.278	6.0500000000000004e-105	1.58e-100
1	STXBP4	0.263733021	0.641	0.565	4.69e-134	1.2300000000000002e-129
1	DCAF10	0.263428667	0.632	0.562	2.07e-127	5.42e-123
1	METTL16	0.26335971	0.587	0.511	4.12e-137	1.0800000000000001e-132
1	SELENOI	0.263279398	0.539	0.45	5.01e-156	1.31e-151
1	PALM	0.26322434	0.326	0.215	5.31e-176	1.39e-171
1	CDC34	0.262852758	0.354	0.265	9.22e-131	2.41e-126
1	MAGOH	0.262691167	0.534	0.461	3.7699999999999996e-128	9.87e-124
1	MORF4L1	0.262658036	0.869	0.789	1.5399999999999998e-188	4.02e-184
1	S100A13	0.262585202	0.417	0.327	3.2500000000000004e-129	8.5e-125
1	MXD4	0.26220504	0.4	0.321	1.33e-120	3.49e-116
1	CLEC16A	0.26217107	0.536	0.452	1.46e-137	3.81e-133
1	DHPS	0.262073649	0.414	0.325	3.11e-130	8.13e-126
1	PSMC4	0.262004979	0.526	0.457	9.740000000000001e-123	2.5500000000000003e-118
1	RTN3	0.261923963	0.858	0.788	1.35e-181	3.55e-177
1	UBE2O	0.261856001	0.507	0.428	1.9600000000000002e-123	5.14e-119
1	NAA15	0.261841931	0.647	0.588	4.8300000000000005e-132	1.26e-127
1	DAD1	0.261774538	0.734	0.647	5.07e-147	1.33e-142
1	SNTG2	0.261664175	0.278	0.152	3.22e-206	8.43e-202
1	TPT1-AS1	0.261072267	0.407	0.302	3.4e-154	8.9e-150
1	RPS25	0.260895199	0.949	0.899	5.66e-236	1.48e-231
1	PTRHD1	0.260640826	0.48	0.398	8.299999999999999e-128	2.17e-123
1	CBR4	0.260573158	0.674	0.624	2.54e-94	6.64e-90
1	RPL4	0.260401736	0.844	0.761	5.72e-159	1.5e-154
1	ACTR10	0.260325932	0.546	0.473	1.64e-137	4.3e-133
1	PPIF	0.259987453	0.466	0.372	1.89e-137	4.9400000000000006e-133
1	LPIN1	0.259780652	0.378	0.28	3.26e-137	8.55e-133
1	EIF6	0.259639357	0.435	0.362	4.76e-114	1.25e-109
1	UIMC1	0.259366889	0.562	0.487	9.399999999999999e-126	2.4600000000000002e-121
1	COPS9	0.259161775	0.737	0.646	3.5299999999999997e-165	9.24e-161
1	MTBP	0.258961321	0.43	0.306	5.4099999999999996e-170	1.42e-165
1	GLCCI1	0.258786246	0.578	0.522	1.1900000000000001e-73	3.1199999999999996e-69
1	PPP2R1A	0.258650435	0.559	0.485	8.620000000000001e-143	2.26e-138
1	SOX6	0.258638347	0.488	0.413	2.24e-75	5.87e-71
1	CASP8AP2	0.258319786	0.519	0.432	2.86e-141	7.5e-137
1	MRPS21	0.258304473	0.676	0.595	5.79e-158	1.52e-153
1	C12orf73	0.258257708	0.369	0.277	4.0499999999999997e-137	1.0600000000000001e-132
1	STAT5B	0.258055031	0.55	0.487	3.77e-105	9.87e-101
1	C1QBP	0.257951998	0.468	0.396	3.06e-116	8e-112
1	ZNF439	0.257271447	0.267	0.132	8.02e-269	2.0999999999999998e-264
1	DDHD1	0.257150476	0.483	0.357	1.3e-181	3.41e-177
1	SYNRG	0.256905	0.7	0.623	6.8e-156	1.78e-151
1	ANKRD44	0.256545547	0.303	0.22	1.1200000000000001e-100	2.94e-96
1	HNRNPA0	0.25650892	0.611	0.514	1.39e-148	3.65e-144
1	PAFAH1B1	0.256053982	0.856	0.783	4.1500000000000005e-179	1.09e-174
1	SH3PXD2B	0.255762937	0.32	0.22	7.06e-145	1.85e-140
1	UTP11	0.255697935	0.39	0.3	1.41e-134	3.68e-130
1	CPSF6	0.255258823	0.752	0.677	7.91e-177	2.07e-172
1	RTL8A	0.255025164	0.527	0.448	8.819999999999999e-134	2.3100000000000003e-129
1	UFM1	0.255004797	0.424	0.349	1.33e-116	3.49e-112
1	EPC2	0.254859092	0.685	0.625	8.17e-130	2.14e-125
1	ZNF292	0.254802403	0.802	0.742	2.97e-147	7.76e-143
1	TOMM40	0.254688518	0.376	0.291	4.52e-124	1.18e-119
1	ANAPC16	0.254536143	0.899	0.826	7.33e-181	1.92e-176
1	UBAC2	0.254375154	0.544	0.473	2.1e-119	5.499999999999999e-115
1	NDUFB6	0.254346201	0.636	0.564	1.3e-139	3.39e-135
1	FSD1L	0.254234973	0.484	0.377	2.53e-150	6.61e-146
1	HNRNPR	0.254207538	0.838	0.761	8.9e-185	2.33e-180
1	TRIM44	0.254155786	0.507	0.44	1.01e-111	2.65e-107
1	CNOT2	0.253740274	0.708	0.64	2.66e-143	6.96e-139
1	GBE1	0.253564119	0.482	0.393	3.74e-111	9.79e-107
1	ZFAND4	0.253552244	0.471	0.392	3.4e-109	8.91e-105
1	GLCE	0.253488221	0.367	0.291	7.6e-91	1.99e-86
1	CYB5R4	0.253297743	0.388	0.301	1.7e-120	4.46e-116
1	UBE3D	0.252991723	0.494	0.399	3.45e-126	9.03e-122
1	ABCA10	0.252952096	0.264	0.12	2.67e-295	6.990000000000001e-291
1	ZRANB3	0.252802689	0.61	0.525	3.6e-125	9.42e-121
1	MRPL3	0.252771985	0.572	0.5	2.32e-136	6.08e-132
1	GOSR1	0.252662074	0.75	0.68	2.38e-152	6.23e-148
1	SEH1L	0.252589878	0.386	0.289	2.51e-142	6.57e-138
1	NCOA1	0.252534751	0.787	0.734	2.07e-120	5.41e-116
1	GON4L	0.252402014	0.566	0.502	1.3100000000000001e-118	3.43e-114
1	MRAS	0.252198982	0.29	0.176	1.1199999999999999e-191	2.94e-187
1	RBBP4	0.252189023	0.765	0.683	6.93e-179	1.81e-174
1	PTPN2	0.252119497	0.614	0.545	3e-131	7.86e-127
1	MRPL12	0.251989011	0.4	0.319	7.85e-117	2.05e-112
1	TRMT11	0.251789594	0.437	0.352	8.170000000000001e-125	2.14e-120
1	RANBP17	0.251761938	0.828	0.749	3.7e-174	9.68e-170
1	ZNF428	0.25176005	0.49	0.401	9.36e-126	2.45e-121
1	STX6	0.251675967	0.456	0.389	8.57e-101	2.24e-96
1	TMEM167A	0.251187659	0.477	0.403	1.18e-118	3.09e-114
1	C19orf53	0.250800864	0.665	0.586	4.41e-133	1.1499999999999999e-128
1	ATXN2L	0.250394054	0.482	0.404	8.300000000000001e-117	2.17e-112
1	ANKRD36	0.250130708	0.648	0.57	2.84e-127	7.45e-123
1	WDR37	0.250110661	0.492	0.427	1.35e-103	3.54e-99
1	PTPRG-AS1	0.250101921	0.287	0.183	1.13e-152	2.95e-148
1	ZFAND3	0.25006572	0.912	0.851	3.09e-153	8.08e-149
2	PCDH11X	2.067884944	0.836	0.397	0.0	0.0
2	TFF1	1.847248818	0.808	0.272	0.0	0.0
2	ACPP	1.557657673	0.914	0.433	0.0	0.0
2	CPNE4	1.276026294	1.0	0.546	0.0	0.0
2	HSPA1A	1.271886173	0.87	0.505	0.0	0.0
2	KCNG3	1.228848293	0.642	0.259	0.0	0.0
2	FAM135A	1.222836536	0.88	0.574	0.0	0.0
2	AGBL1	1.195103147	0.54	0.152	0.0	0.0
2	PPP3CA	1.168930899	0.999	0.897	0.0	0.0
2	ADRA2A	1.161213577	0.647	0.236	0.0	0.0
2	SPON2	1.160267936	0.695	0.311	0.0	0.0
2	DMXL1	1.155154155	0.973	0.725	0.0	0.0
2	AL589182.1	1.127744543	0.773	0.257	0.0	0.0
2	NEFH	1.124527497	0.748	0.316	0.0	0.0
2	AC100768.2	1.109564652	0.709	0.267	0.0	0.0
2	NKX3-1	1.096295004	0.866	0.34	0.0	0.0
2	LUZP2	1.090458291	0.895	0.418	0.0	0.0
2	JUN	1.088854748	0.937	0.769	0.0	0.0
2	CNTNAP2	1.060712148	0.973	0.663	0.0	0.0
2	GATA2	1.039169337	0.79	0.285	0.0	0.0
2	NAALADL2	1.028552122	0.979	0.679	0.0	0.0
2	CACNA1D	1.02180892	0.93	0.711	0.0	0.0
2	UTRN	1.019400839	0.992	0.529	0.0	0.0
2	OPRK1	1.009306822	0.571	0.126	0.0	0.0
2	NTN4	0.98730299	0.463	0.209	0.0	0.0
2	STEAP2	0.979797239	0.924	0.398	0.0	0.0
2	RDH11	0.970816355	0.868	0.504	0.0	0.0
2	ANKH	0.962524507	0.835	0.612	0.0	0.0
2	DNAJB1	0.958077755	0.816	0.481	0.0	0.0
2	FOSB	0.947487158	0.851	0.591	0.0	0.0
2	FOXO3	0.934530154	0.919	0.704	0.0	0.0
2	COL2A1	0.925439365	0.766	0.218	0.0	0.0
2	SERINC5	0.920731847	0.932	0.511	0.0	0.0
2	PRKD1	0.902043348	0.967	0.604	0.0	0.0
2	ZFP36	0.89348676	0.763	0.475	0.0	0.0
2	ADAMTS1	0.892895012	0.666	0.236	0.0	0.0
2	HGD	0.892881171	0.874	0.369	0.0	0.0
2	ARG2	0.888962334	0.853	0.465	0.0	0.0
2	LRRN1	0.878451434	0.961	0.661	0.0	0.0
2	TRIB1	0.876951249	0.82	0.639	0.0	0.0
2	PLPP1	0.875004929	0.958	0.617	0.0	0.0
2	ERG	0.871883652	0.857	0.37	0.0	0.0
2	FTL	0.86856757	0.973	0.829	0.0	0.0
2	NFATC1	0.867058434	0.631	0.264	0.0	0.0
2	SCHLAP1	0.866420696	1.0	0.954	0.0	0.0
2	RNF144B	0.864324936	0.777	0.349	0.0	0.0
2	RPL13	0.864275514	0.987	0.873	0.0	0.0
2	AC138305.1	0.861533004	0.633	0.385	0.0	0.0
2	ANTXR1	0.855181671	0.97	0.687	0.0	0.0
2	TBX3	0.853340497	0.754	0.296	0.0	0.0
2	RPS18	0.847704641	0.997	0.959	0.0	0.0
2	SLC30A4	0.846407693	0.9	0.44	0.0	0.0
2	GULP1	0.844363182	0.709	0.284	0.0	0.0
2	SAMD5	0.838262818	0.727	0.334	0.0	0.0
2	CRISPLD1	0.836866341	0.825	0.402	0.0	0.0
2	OR51E2	0.834038611	0.657	0.232	0.0	0.0
2	GRB10	0.830486257	0.865	0.411	0.0	0.0
2	LINC01297	0.823440998	0.614	0.176	0.0	0.0
2	LAMC1	0.818931633	0.607	0.486	1.36e-143	3.5599999999999996e-139
2	INTS6	0.817778139	0.784	0.588	0.0	0.0
2	TPM4	0.799132086	0.785	0.358	0.0	0.0
2	AR	0.796059156	0.928	0.435	0.0	0.0
2	FOXP1	0.783033529	0.996	0.924	0.0	0.0
2	PDE4C	0.782180102	0.501	0.212	0.0	0.0
2	STEAP1	0.780913062	0.761	0.267	0.0	0.0
2	NFIL3	0.768764764	0.643	0.294	0.0	0.0
2	SLC3A1	0.766844632	0.615	0.222	0.0	0.0
2	SLC12A2	0.761242112	0.815	0.557	0.0	0.0
2	DUSP1	0.759504885	0.755	0.451	0.0	0.0
2	PPP1R13B	0.759124799	0.827	0.593	0.0	0.0
2	NME3	0.757692014	0.85	0.439	0.0	0.0
2	TMEM2	0.757345489	0.751	0.449	0.0	0.0
2	BMPR1B	0.754796018	0.832	0.455	0.0	0.0
2	B3GNT6	0.752986242	0.766	0.272	0.0	0.0
2	CLDN3	0.752376685	0.864	0.44	0.0	0.0
2	RPL12	0.751751029	0.987	0.914	0.0	0.0
2	CEMIP	0.750419149	0.625	0.38	0.0	0.0
2	RBM47	0.749846094	0.964	0.576	0.0	0.0
2	HOXB13	0.748788718	0.872	0.429	0.0	0.0
2	GADD45B	0.741554757	0.681	0.315	0.0	0.0
2	VMP1	0.741267206	0.937	0.854	0.0	0.0
2	SERTAD1	0.731814244	0.714	0.34	0.0	0.0
2	TRPV6	0.729557918	0.542	0.155	0.0	0.0
2	LRRFIP2	0.729451386	0.862	0.686	0.0	0.0
2	RTN1	0.726337139	0.715	0.552	1.42e-250	3.73e-246
2	CNTN4	0.724748542	0.702	0.309	0.0	0.0
2	CAMKMT	0.723453682	0.861	0.656	0.0	0.0
2	HSPA1B	0.723184562	0.705	0.336	0.0	0.0
2	DUXAP8	0.722770508	0.883	0.603	0.0	0.0
2	H2AFJ	0.71971546	0.847	0.402	0.0	0.0
2	IER2	0.716278992	0.86	0.705	0.0	0.0
2	VCL	0.712543742	0.902	0.838	1.33e-208	3.47e-204
2	MAP7	0.712176277	0.878	0.661	0.0	0.0
2	CFAP69	0.706404556	0.886	0.426	0.0	0.0
2	RPL29	0.706078305	0.979	0.881	0.0	0.0
2	ACER3	0.704661289	0.975	0.68	0.0	0.0
2	RASEF	0.704594295	0.732	0.326	0.0	0.0
2	FOS	0.703603116	0.869	0.799	5.1300000000000003e-210	1.34e-205
2	PCSK6	0.701995717	0.66	0.287	0.0	0.0
2	AL365226.2	0.700948772	0.276	0.073	0.0	0.0
2	FAM129A	0.698152939	0.533	0.212	0.0	0.0
2	PSME4	0.697147507	0.814	0.71	3.09e-257	8.08e-253
2	TACSTD2	0.68999312	0.819	0.334	0.0	0.0
2	BTG1	0.687841628	0.894	0.695	0.0	0.0
2	DHRS7	0.684253817	0.877	0.61	0.0	0.0
2	TXNIP	0.683715585	0.855	0.631	0.0	0.0
2	TTC6	0.679109442	0.993	0.548	0.0	0.0
2	ZSWIM6	0.678478606	0.9	0.798	0.0	0.0
2	FOXA1	0.674460749	0.878	0.413	0.0	0.0
2	TSPAN5	0.673720744	0.638	0.336	0.0	0.0
2	NUPR1	0.673697469	0.773	0.367	0.0	0.0
2	PMEPA1	0.673505561	0.835	0.446	0.0	0.0
2	ARHGAP6	0.673445488	0.842	0.478	0.0	0.0
2	NR4A1	0.671719754	0.691	0.362	0.0	0.0
2	RCAN3	0.670585288	0.893	0.559	0.0	0.0
2	DUSP2	0.670112037	0.44	0.115	0.0	0.0
2	ATP8B1	0.66935382	0.602	0.274	0.0	0.0
2	ID2	0.66851806	0.684	0.322	0.0	0.0
2	RPL15	0.663369385	0.98	0.895	0.0	0.0
2	ERRFI1	0.663041725	0.732	0.391	0.0	0.0
2	TNFAIP8	0.658926616	0.607	0.3	0.0	0.0
2	STXBP5L	0.658859252	0.972	0.829	0.0	0.0
2	MYH10	0.65803922	0.897	0.713	0.0	0.0
2	SERPINI1	0.654065139	0.782	0.401	0.0	0.0
2	LRRC23	0.652382778	0.588	0.319	0.0	0.0
2	JUNB	0.652372443	0.82	0.664	0.0	0.0
2	YAP1	0.646454423	0.814	0.422	0.0	0.0
2	CLSTN2	0.64452864	0.417	0.181	0.0	0.0
2	AC025171.5	0.642464798	0.43	0.176	0.0	0.0
2	PAWR	0.641116866	0.809	0.519	0.0	0.0
2	RPL18	0.640669788	0.987	0.908	0.0	0.0
2	FLJ20021	0.639150444	0.662	0.256	0.0	0.0
2	MCL1	0.636330386	0.794	0.546	0.0	0.0
2	ELOVL7	0.635337382	0.641	0.292	0.0	0.0
2	AMD1	0.634222365	0.904	0.633	0.0	0.0
2	PRDX6	0.63202357	0.851	0.524	0.0	0.0
2	JUND	0.63062852	0.92	0.833	0.0	0.0
2	NCOA3	0.62678971	0.895	0.665	0.0	0.0
2	CSGALNACT1	0.624634371	0.847	0.579	0.0	0.0
2	PDLIM5	0.621918847	0.936	0.748	0.0	0.0
2	ALDH3A2	0.605602992	0.691	0.394	0.0	0.0
2	ANKRD37	0.603903786	0.781	0.414	0.0	0.0
2	PHKA2	0.603645639	0.663	0.343	0.0	0.0
2	RPS6	0.601849484	0.986	0.909	0.0	0.0
2	STAT3	0.600501453	0.912	0.803	0.0	0.0
2	CRISPLD2	0.600183452	0.575	0.217	0.0	0.0
2	DOCK4	0.599543155	0.967	0.745	0.0	0.0
2	MROH2A	0.597397181	0.807	0.394	0.0	0.0
2	REXO2	0.591967412	0.787	0.401	0.0	0.0
2	RPL3	0.590102782	0.976	0.858	0.0	0.0
2	ASTN2	0.585862403	0.942	0.692	0.0	0.0
2	RHPN2	0.584085692	0.794	0.422	0.0	0.0
2	RPL13A	0.583779907	0.992	0.918	0.0	0.0
2	ELL2	0.582961965	0.781	0.506	0.0	0.0
2	BACE2	0.58089269	0.468	0.178	0.0	0.0
2	SH3RF1	0.580213262	0.891	0.741	0.0	0.0
2	GAS5	0.579165386	0.868	0.639	0.0	0.0
2	PHLDA2	0.577176514	0.577	0.309	0.0	0.0
2	LURAP1L	0.576860023	0.543	0.378	3.6100000000000004e-185	9.440000000000001e-181
2	MYO1E	0.576767524	0.777	0.613	1.55e-201	4.0599999999999995e-197
2	RAB10	0.576021268	0.893	0.76	0.0	0.0
2	RPS3	0.575273905	0.986	0.904	0.0	0.0
2	CAMK2N1	0.574976719	0.784	0.437	0.0	0.0
2	LINC01695	0.574144409	0.511	0.254	0.0	0.0
2	CYR61	0.573627896	0.659	0.278	0.0	0.0
2	RIPK2	0.57164841	0.586	0.302	0.0	0.0
2	LINC01297.1	0.571648032	0.529	0.148	0.0	0.0
2	COL9A2	0.570693978	0.671	0.333	0.0	0.0
2	NRP1	0.570292771	0.913	0.667	0.0	0.0
2	IL1RAPL2	0.5647443	0.359	0.12	0.0	0.0
2	CCNG2	0.563586665	0.731	0.412	0.0	0.0
2	APLP2	0.560292067	0.951	0.786	0.0	0.0
2	DDC	0.560019563	0.427	0.164	0.0	0.0
2	MAST4	0.557349288	0.848	0.631	0.0	0.0
2	MYO1D	0.555850494	0.958	0.82	0.0	0.0
2	MAP2K4	0.55548428	0.788	0.622	4.5800000000000005e-302	1.2e-297
2	TESK2	0.555134551	0.857	0.553	0.0	0.0
2	CRY1	0.552836032	0.7	0.504	4.29e-283	1.12e-278
2	RPS3A	0.550435828	0.985	0.925	0.0	0.0
2	HSP90AB1	0.548610919	0.983	0.909	0.0	0.0
2	TOB1	0.547834029	0.826	0.52	0.0	0.0
2	HEXIM1	0.547340676	0.815	0.486	0.0	0.0
2	RPL10A	0.546862401	0.975	0.874	0.0	0.0
2	PTPRT	0.545190472	0.64	0.406	5.37e-256	1.41e-251
2	CD9	0.544303723	0.882	0.595	0.0	0.0
2	FAM117A	0.544124775	0.583	0.279	0.0	0.0
2	RPL7A	0.54305057	0.984	0.911	0.0	0.0
2	NACA	0.542242046	0.975	0.87	0.0	0.0
2	HERPUD1	0.540864127	0.665	0.299	0.0	0.0
2	BAIAP2	0.540572199	0.734	0.387	0.0	0.0
2	ZFP36L2	0.539410033	0.839	0.613	0.0	0.0
2	RPS2	0.539091215	0.989	0.942	0.0	0.0
2	WNT2B	0.538996574	0.606	0.248	0.0	0.0
2	ANTXR2	0.538863629	0.699	0.388	0.0	0.0
2	AFDN	0.537690194	0.924	0.726	0.0	0.0
2	TWSG1	0.536319728	0.669	0.415	0.0	0.0
2	ATP13A3	0.536125208	0.724	0.559	5.02e-237	1.3099999999999999e-232
2	RPL19	0.535729398	0.987	0.909	0.0	0.0
2	ZG16B	0.535228883	0.675	0.246	0.0	0.0
2	SMARCA1	0.534763221	0.76	0.388	0.0	0.0
2	GRHL2	0.533004459	0.916	0.488	0.0	0.0
2	PCDH11Y	0.532794217	0.39	0.083	0.0	0.0
2	ACOXL	0.53218995	0.755	0.377	0.0	0.0
2	ODC1	0.53074099	0.854	0.67	2.05e-305	5.36e-301
2	PPP1R15A	0.530617377	0.718	0.424	0.0	0.0
2	MEAF6	0.528176843	0.808	0.547	0.0	0.0
2	ATP11B	0.526548505	0.766	0.456	0.0	0.0
2	ARID5B	0.526481716	0.921	0.765	0.0	0.0
2	GPR160	0.526439194	0.7	0.292	0.0	0.0
2	CAPN5	0.526199481	0.611	0.242	0.0	0.0
2	CTNNA1	0.525936857	0.904	0.742	0.0	0.0
2	HSPA8	0.525906748	0.902	0.759	0.0	0.0
2	EGR2	0.525741781	0.584	0.36	1.12e-288	2.9399999999999997e-284
2	MAPK10	0.525249169	0.955	0.857	2.4599999999999997e-267	6.43e-263
2	RAB27B	0.524398074	0.648	0.391	0.0	0.0
2	ELOVL5	0.522964642	0.787	0.539	0.0	0.0
2	TMEM217	0.521731249	0.349	0.131	0.0	0.0
2	RPL9	0.520769121	0.979	0.907	0.0	0.0
2	OXCT1	0.520282148	0.795	0.519	0.0	0.0
2	AHNAK	0.518462886	0.851	0.434	0.0	0.0
2	WNK4	0.518106389	0.627	0.234	0.0	0.0
2	CHST9	0.517812084	0.798	0.541	0.0	0.0
2	NEDD4L	0.515298497	0.82	0.558	0.0	0.0
2	MIA3	0.514105935	0.778	0.491	0.0	0.0
2	PABPC1	0.513704275	0.968	0.86	0.0	0.0
2	COBL	0.513465936	0.795	0.424	0.0	0.0
2	BRD2	0.51191499	0.856	0.615	0.0	0.0
2	KIZ	0.508942361	0.611	0.357	0.0	0.0
2	ITGA6	0.506832038	0.675	0.32	0.0	0.0
2	PNRC1	0.505271063	0.804	0.523	0.0	0.0
2	RPL30	0.504722901	0.986	0.946	0.0	0.0
2	SLC25A37	0.501666894	0.674	0.312	0.0	0.0
2	TRHDE	0.500997994	0.353	0.08	0.0	0.0
2	FSTL1	0.500995454	0.888	0.51	0.0	0.0
2	RPS4X	0.500550924	0.983	0.9	0.0	0.0
2	RASD1	0.498511053	0.426	0.159	0.0	0.0
2	RPLP1	0.497794663	0.997	0.983	0.0	0.0
2	BRI3	0.497336606	0.889	0.645	0.0	0.0
2	PRAC1	0.496593244	0.957	0.751	0.0	0.0
2	SNTB2	0.496101039	0.589	0.321	0.0	0.0
2	CYTH3	0.495365705	0.599	0.361	1.15e-278	3e-274
2	SLCO5A1	0.49460899	0.796	0.539	0.0	0.0
2	ADRB2	0.494094145	0.523	0.145	0.0	0.0
2	NAMPT	0.494019227	0.765	0.494	0.0	0.0
2	LEF1	0.493881709	0.505	0.254	0.0	0.0
2	CLDN4	0.492674087	0.835	0.51	0.0	0.0
2	RPS9	0.492475652	0.974	0.854	0.0	0.0
2	PPARD	0.490190076	0.587	0.256	0.0	0.0
2	RGS2	0.489745969	0.491	0.186	0.0	0.0
2	LITAF	0.488684576	0.726	0.368	0.0	0.0
2	TLE1	0.48774297	0.737	0.396	0.0	0.0
2	BRINP3	0.484692166	0.394	0.187	1.25e-286	3.28e-282
2	NFIX	0.481358727	0.916	0.613	0.0	0.0
2	ERGIC1	0.480144649	0.698	0.343	0.0	0.0
2	SAT1	0.479728136	0.942	0.594	0.0	0.0
2	UBC	0.477207342	0.956	0.838	0.0	0.0
2	HDLBP	0.476914474	0.899	0.667	0.0	0.0
2	C2CD3	0.476615742	0.705	0.549	2.35e-202	6.1500000000000006e-198
2	CLDN7	0.475657049	0.667	0.268	0.0	0.0
2	UBE2E3	0.473929352	0.951	0.841	5.99e-286	1.5700000000000002e-281
2	PLA2G7	0.473184809	0.685	0.285	0.0	0.0
2	HLA-C	0.472414367	0.882	0.477	0.0	0.0
2	LRRC9	0.471806355	0.449	0.165	0.0	0.0
2	MAN1C1	0.471294013	0.513	0.198	0.0	0.0
2	STARD3NL	0.469869676	0.71	0.444	0.0	0.0
2	ABHD12	0.466884092	0.843	0.562	0.0	0.0
2	COBLL1	0.466043865	0.572	0.395	8.35e-171	2.19e-166
2	SLC16A1	0.464818663	0.675	0.421	0.0	0.0
2	NUDT4	0.46473844	0.802	0.479	0.0	0.0
2	BLVRB	0.46376143	0.684	0.311	0.0	0.0
2	LLGL2	0.462766636	0.753	0.416	0.0	0.0
2	ABCC1	0.462543274	0.553	0.295	0.0	0.0
2	P4HA1	0.462404207	0.93	0.77	0.0	0.0
2	MESP1	0.461914496	0.647	0.356	0.0	0.0
2	ARHGAP29	0.461525961	0.753	0.386	0.0	0.0
2	RSRP1	0.460762199	0.856	0.625	0.0	0.0
2	COX7A2L	0.460513444	0.826	0.617	0.0	0.0
2	PPARG	0.460066989	0.524	0.24	0.0	0.0
2	PGM3	0.457117435	0.65	0.344	0.0	0.0
2	RACK1	0.456790524	0.977	0.872	0.0	0.0
2	BARD1	0.455316171	0.791	0.568	2.7900000000000003e-273	7.31e-269
2	TGFBR3	0.453612258	0.498	0.274	7.58e-287	1.98e-282
2	TMC5	0.453221184	0.577	0.272	0.0	0.0
2	KIAA1217	0.451945479	0.948	0.704	0.0	0.0
2	BASP1	0.451103622	0.882	0.74	3.1099999999999995e-228	8.13e-224
2	ATXN1	0.45023392	0.915	0.779	7e-158	1.83e-153
2	NUFIP2	0.449967655	0.879	0.736	1.29e-304	3.3899999999999996e-300
2	NEAT1	0.448569782	0.99	0.961	1.4699999999999998e-256	3.84e-252
2	GNG5	0.448556755	0.839	0.601	0.0	0.0
2	ZFAND5	0.447735051	0.791	0.584	0.0	0.0
2	EEF1A1	0.447476052	0.997	0.973	0.0	0.0
2	RPL7	0.445164699	0.977	0.895	0.0	0.0
2	TM9SF3	0.444519854	0.786	0.568	0.0	0.0
2	AQP3	0.443950195	0.662	0.349	0.0	0.0
2	EMP2	0.442368303	0.793	0.459	0.0	0.0
2	RHOC	0.442144471	0.682	0.329	0.0	0.0
2	TSPAN15	0.441308221	0.816	0.454	0.0	0.0
2	TRGC1	0.441145138	0.783	0.358	0.0	0.0
2	CAVIN1	0.440694811	0.504	0.186	0.0	0.0
2	SERPINB6	0.439791917	0.791	0.486	0.0	0.0
2	CBR3-AS1	0.439703864	0.717	0.348	0.0	0.0
2	ZNF217	0.439402662	0.741	0.354	0.0	0.0
2	NTRK3	0.438991573	0.37	0.134	0.0	0.0
2	LRRC75A-AS1	0.438059311	0.895	0.695	0.0	0.0
2	SOCS2	0.437362885	0.555	0.188	0.0	0.0
2	P4HB	0.436985285	0.908	0.716	0.0	0.0
2	PHGDH	0.43530574	0.737	0.402	0.0	0.0
2	ERO1B	0.434815691	0.584	0.307	0.0	0.0
2	CDK17	0.434420105	0.828	0.562	0.0	0.0
2	PFDN5	0.433969299	0.947	0.794	0.0	0.0
2	TMPRSS2	0.433754995	0.658	0.261	0.0	0.0
2	DNAH8	0.433499937	0.943	0.728	0.0	0.0
2	ATP5G2	0.432343721	0.947	0.79	0.0	0.0
2	KLF6	0.431954589	0.761	0.684	1.07e-107	2.8e-103
2	PTK2B	0.431894026	0.457	0.204	0.0	0.0
2	RASSF8	0.431860031	0.693	0.401	0.0	0.0
2	DPP7	0.430938955	0.652	0.307	0.0	0.0
2	AFF1	0.430085802	0.843	0.673	1.6100000000000002e-224	4.22e-220
2	TIPARP	0.429123202	0.746	0.423	0.0	0.0
2	DMKN	0.429053183	0.685	0.306	0.0	0.0
2	NECTIN3	0.428062533	0.581	0.265	0.0	0.0
2	TSTD1	0.428006562	0.805	0.537	0.0	0.0
2	PRDX1	0.427308406	0.927	0.735	0.0	0.0
2	RPL28	0.42651009	0.992	0.94	0.0	0.0
2	ACTG1	0.425134304	0.991	0.971	1.06e-301	2.79e-297
2	SLC25A27	0.424583426	0.754	0.358	0.0	0.0
2	TBC1D8	0.424510094	0.767	0.54	1.2199999999999999e-292	3.1999999999999997e-288
2	RRBP1	0.423495763	0.747	0.411	0.0	0.0
2	EPB41L5	0.423025777	0.795	0.616	1.01e-217	2.65e-213
2	LIMCH1	0.421337098	0.821	0.457	0.0	0.0
2	SLC7A2	0.419727493	0.526	0.218	0.0	0.0
2	NDFIP1	0.41914862	0.825	0.617	0.0	0.0
2	ABHD17B	0.418941735	0.654	0.431	2.26e-285	5.910000000000001e-281
2	WWC1	0.418433262	0.736	0.515	2.49e-288	6.53e-284
2	IFRD1	0.418112216	0.766	0.53	0.0	0.0
2	TMEM54	0.417951577	0.652	0.288	0.0	0.0
2	CUX2	0.417354062	0.859	0.6	5.51e-287	1.44e-282
2	SAMD4A	0.416663803	0.563	0.329	3.15e-244	8.26e-240
2	EFNA1	0.415893543	0.628	0.292	0.0	0.0
2	RPS7	0.415565144	0.982	0.914	0.0	0.0
2	PDLIM3	0.415274285	0.893	0.637	0.0	0.0
2	PPP1R10	0.414719386	0.781	0.545	0.0	0.0
2	ERN1	0.414201601	0.726	0.415	0.0	0.0
2	DNAJC19	0.413754406	0.702	0.467	9.340000000000001e-302	2.45e-297
2	SOCS2-AS1	0.413554233	0.481	0.177	0.0	0.0
2	CTSH	0.413198526	0.606	0.252	0.0	0.0
2	PTPN13	0.413079948	0.755	0.481	0.0	0.0
2	TMEM123	0.412441302	0.846	0.576	0.0	0.0
2	CYHR1	0.412426816	0.693	0.373	0.0	0.0
2	FTH1	0.412203028	0.992	0.957	0.0	0.0
2	ATRAID	0.410040305	0.719	0.4	0.0	0.0
2	BICC1	0.409965568	0.838	0.52	0.0	0.0
2	ALCAM	0.409700161	0.786	0.441	0.0	0.0
2	GMPR	0.409096145	0.618	0.276	0.0	0.0
2	TMEM238	0.407970788	0.658	0.341	0.0	0.0
2	BNIP3	0.407537526	0.678	0.413	0.0	0.0
2	CDH1	0.407428124	0.804	0.462	0.0	0.0
2	TPT1	0.406900687	0.972	0.886	0.0	0.0
2	RAB25	0.40681709	0.62	0.26	0.0	0.0
2	TSPO	0.405894876	0.641	0.328	0.0	0.0
2	SRSF9	0.405607853	0.909	0.706	0.0	0.0
2	RALB	0.405501266	0.598	0.272	0.0	0.0
2	RPL8	0.40451336	0.991	0.929	0.0	0.0
2	PPME1	0.402595777	0.776	0.618	3.74e-198	9.8e-194
2	SLC7A8	0.401775262	0.489	0.194	0.0	0.0
2	CALR	0.401536882	0.895	0.696	0.0	0.0
2	KLK4	0.401474341	0.436	0.113	0.0	0.0
2	CDC14A	0.40131266	0.776	0.541	6.43e-290	1.68e-285
2	RPL11	0.40021948	0.987	0.921	0.0	0.0
2	OAZ1	0.399332789	0.934	0.76	0.0	0.0
2	CSTB	0.397571875	0.854	0.623	0.0	0.0
2	LYPD6B	0.396754867	0.562	0.237	0.0	0.0
2	RPS4Y1	0.396313939	0.934	0.791	5.17e-308	1.3500000000000001e-303
2	C4orf32	0.395684208	0.494	0.203	0.0	0.0
2	TRGC2	0.394791639	0.708	0.315	0.0	0.0
2	RPS27A	0.394411736	0.987	0.922	0.0	0.0
2	MAP3K5	0.393766561	0.742	0.569	1.93e-147	5.05e-143
2	SEC11A	0.393720455	0.907	0.72	0.0	0.0
2	COLEC12	0.393246171	0.743	0.409	0.0	0.0
2	VIM	0.39303029	0.539	0.462	3.79e-41	9.93e-37
2	PELI1	0.392887868	0.629	0.354	0.0	0.0
2	TMEM141	0.392254131	0.629	0.315	0.0	0.0
2	SLC37A1	0.392151994	0.758	0.527	1.7099999999999999e-292	4.47e-288
2	EEF2	0.391874089	0.927	0.748	0.0	0.0
2	PCDH7	0.391780686	0.389	0.196	2.5e-224	6.5399999999999996e-220
2	RAMP1	0.391759778	0.693	0.374	0.0	0.0
2	PPM1K	0.390659154	0.652	0.358	0.0	0.0
2	TRNT1	0.390637955	0.588	0.318	0.0	0.0
2	EEF1D	0.389093277	0.908	0.715	0.0	0.0
2	AC009478.1	0.388895074	0.885	0.486	0.0	0.0
2	PDGFA	0.388670759	0.596	0.287	0.0	0.0
2	BZW2	0.388541536	0.623	0.44	4.43e-187	1.16e-182
2	MAN2A1	0.38805467	0.572	0.304	0.0	0.0
2	TEAD1	0.387531024	0.84	0.759	1.58e-114	4.1200000000000006e-110
2	CPNE3	0.382583372	0.842	0.605	0.0	0.0
2	UGDH	0.382437343	0.772	0.479	0.0	0.0
2	PGM2	0.382143344	0.439	0.19	0.0	0.0
2	RAB13	0.38180344	0.674	0.381	0.0	0.0
2	MT-ND1	0.381311422	0.998	0.994	0.0	0.0
2	ITGAV	0.381241514	0.695	0.428	5.04e-305	1.3199999999999998e-300
2	SCCPDH	0.381165626	0.746	0.456	0.0	0.0
2	DUSP14	0.379795247	0.51	0.261	0.0	0.0
2	XBP1	0.379772532	0.628	0.294	0.0	0.0
2	TLE4	0.379527977	0.572	0.307	0.0	0.0
2	IRF1	0.379506327	0.465	0.224	0.0	0.0
2	CTNNAL1	0.379475835	0.727	0.539	6.47e-227	1.69e-222
2	TMC4	0.379197604	0.615	0.277	0.0	0.0
2	UBE2D1	0.379175084	0.738	0.513	1.74e-303	4.56e-299
2	RAI2	0.379131961	0.392	0.138	0.0	0.0
2	OCRL	0.377661847	0.416	0.238	7.96e-208	2.08e-203
2	PLEKHH1	0.375533503	0.476	0.183	0.0	0.0
2	RPS8	0.375196933	0.985	0.911	0.0	0.0
2	SLC9A1	0.374046108	0.63	0.366	0.0	0.0
2	TGFB1	0.373993814	0.507	0.281	4.4099999999999996e-297	1.15e-292
2	C4orf47	0.37343405	0.559	0.327	2.3100000000000002e-276	6.04e-272
2	RPL10	0.373388959	0.989	0.934	0.0	0.0
2	PDE9A	0.371434963	0.604	0.294	0.0	0.0
2	HIPK2	0.37135682	0.827	0.69	5.82e-150	1.52e-145
2	FBP1	0.370266186	0.52	0.172	0.0	0.0
2	KANK1	0.370061017	0.781	0.447	0.0	0.0
2	HSP90AA1	0.369913531	0.982	0.96	9.34e-265	2.45e-260
2	PTPRK	0.36927185	0.876	0.797	3.84e-103	1e-98
2	GLS	0.368832693	0.677	0.502	4.39e-186	1.1500000000000001e-181
2	ECHDC2	0.367955509	0.782	0.484	0.0	0.0
2	IL17RB	0.367635765	0.558	0.269	0.0	0.0
2	NOV	0.367345552	0.512	0.235	0.0	0.0
2	BRAF	0.367296658	0.914	0.826	5.41e-156	1.42e-151
2	GDF15	0.367188417	0.603	0.339	1.71e-256	4.48e-252
2	CRNDE	0.367044244	0.735	0.483	0.0	0.0
2	GDE1	0.366633585	0.614	0.34	0.0	0.0
2	SPDEF	0.366389167	0.531	0.198	0.0	0.0
2	APPL2	0.365993662	0.823	0.557	0.0	0.0
2	ZNF503	0.365890836	0.719	0.492	1.75e-276	4.57e-272
2	SLC31A1	0.3649865	0.628	0.363	0.0	0.0
2	AC109779.1	0.364372265	0.469	0.229	1.94e-286	5.07e-282
2	MYRIP	0.364358793	0.794	0.448	0.0	0.0
2	ABTB2	0.364097791	0.485	0.24	0.0	0.0
2	TMEM98	0.363798644	0.724	0.434	0.0	0.0
2	DIP2B	0.363654215	0.829	0.657	9.19e-218	2.4100000000000002e-213
2	DYNLL1	0.363504805	0.904	0.754	3.2299999999999995e-297	8.45e-293
2	KIAA1324	0.362565414	0.743	0.442	0.0	0.0
2	MLPH	0.362510342	0.68	0.327	0.0	0.0
2	GUCY1A3	0.36220937	0.522	0.238	0.0	0.0
2	DDIT3	0.362016436	0.624	0.331	0.0	0.0
2	AUH	0.361966813	0.787	0.589	5.94e-185	1.55e-180
2	TMEM263	0.361416314	0.636	0.366	0.0	0.0
2	ZNF277	0.36119757	0.643	0.444	1.8399999999999998e-190	4.82e-186
2	COL9A1	0.360163435	0.257	0.069	0.0	0.0
2	AL512310.12	0.359595295	0.349	0.08	0.0	0.0
2	AFDN-AS1	0.35885894	0.367	0.126	0.0	0.0
2	RPS11	0.358511473	0.982	0.898	0.0	0.0
2	ARFGAP3	0.35795516	0.733	0.458	0.0	0.0
2	PTGR1	0.356502933	0.726	0.446	0.0	0.0
2	ADM	0.356143537	0.423	0.143	0.0	0.0
2	LINC01934	0.354033315	0.332	0.119	0.0	0.0
2	GLO1	0.353584575	0.909	0.71	0.0	0.0
2	ROCK2	0.353014986	0.745	0.626	6.630000000000001e-79	1.73e-74
2	MYLIP	0.352793172	0.707	0.416	0.0	0.0
2	GALNT1	0.351740482	0.852	0.642	1.36e-274	3.5499999999999997e-270
2	TMBIM6	0.351738499	0.938	0.767	0.0	0.0
2	B3GNT5	0.351617061	0.492	0.219	0.0	0.0
2	B3GALNT2	0.350656199	0.707	0.455	2.5299999999999998e-297	6.61e-293
2	SLC3A2	0.350415001	0.699	0.449	0.0	0.0
2	FAM84A	0.349900322	0.535	0.243	0.0	0.0
2	DNAJA1	0.349636381	0.896	0.784	2.23e-248	5.85e-244
2	SELENOH	0.34916751	0.716	0.441	0.0	0.0
2	IL1RAPL1	0.348143071	0.723	0.412	0.0	0.0
2	C4orf3	0.347674351	0.749	0.498	4.35e-303	1.14e-298
2	HIVEP1	0.347436514	0.545	0.389	3.3699999999999996e-126	8.81e-122
2	RGS10	0.347052008	0.63	0.28	0.0	0.0
2	EGFL7	0.346615581	0.416	0.118	0.0	0.0
2	DAPK1	0.346300389	0.552	0.313	2.78e-274	7.289999999999999e-270
2	RPS14	0.345984387	0.989	0.927	0.0	0.0
2	RAB4A	0.345960913	0.733	0.475	0.0	0.0
2	IRF6	0.345516055	0.529	0.246	0.0	0.0
2	ARHGEF38	0.345340779	0.898	0.5	0.0	0.0
2	TAOK3	0.345176623	0.704	0.442	5.11e-292	1.34e-287
2	TC2N	0.344921899	0.577	0.262	0.0	0.0
2	HES4	0.344142771	0.539	0.227	0.0	0.0
2	PLPP2	0.343906099	0.634	0.335	0.0	0.0
2	ARRDC3	0.343611136	0.641	0.379	0.0	0.0
2	CCNI	0.34337227	0.951	0.838	3.99e-268	1.0399999999999999e-263
2	MT-ATP6	0.342645913	0.998	0.997	0.0	0.0
2	AC069368.1	0.341892441	0.327	0.088	0.0	0.0
2	NEU1	0.340741318	0.573	0.27	0.0	0.0
2	RAB7A	0.340481162	0.856	0.726	2.8e-212	7.33e-208
2	BUD23	0.340415426	0.722	0.498	2.36e-278	6.17e-274
2	METRN	0.34033688	0.578	0.255	0.0	0.0
2	FABP5	0.339964561	0.737	0.577	6.09e-135	1.59e-130
2	RPLP0	0.339157289	0.974	0.875	0.0	0.0
2	KLF4	0.338946966	0.564	0.295	0.0	0.0
2	HLA-B	0.338473751	0.868	0.473	0.0	0.0
2	TMEM59	0.338328346	0.917	0.741	1.9e-303	4.979999999999999e-299
2	SNHG8	0.337304172	0.67	0.409	0.0	0.0
2	CCNL1	0.337196594	0.812	0.613	2.1599999999999999e-268	5.64e-264
2	SOX9	0.336925844	0.734	0.487	6.0100000000000005e-269	1.57e-264
2	SYNJ2	0.336152293	0.636	0.344	0.0	0.0
2	POLG2	0.33588565	0.606	0.407	2.6e-189	6.810000000000001e-185
2	AC099489.1	0.335728429	0.258	0.107	5.549999999999999e-242	1.45e-237
2	MAFB	0.335604247	0.546	0.307	5.25e-306	1.38e-301
2	SMCO4	0.335437	0.605	0.297	0.0	0.0
2	AC090092.1	0.335393421	0.397	0.126	0.0	0.0
2	SC5D	0.334905878	0.556	0.26	0.0	0.0
2	CIRBP	0.334730242	0.934	0.77	3.32e-234	8.68e-230
2	ALKBH7	0.334475995	0.65	0.369	0.0	0.0
2	FAM43A	0.334406348	0.485	0.212	0.0	0.0
2	EGFR	0.33352826	0.663	0.347	0.0	0.0
2	PTPN14	0.332995022	0.705	0.382	0.0	0.0
2	DIAPH2	0.332761212	0.929	0.631	0.0	0.0
2	FOLH1	0.332317858	0.658	0.321	0.0	0.0
2	FAM84B	0.332010699	0.514	0.198	0.0	0.0
2	EEF1B2	0.33175123	0.908	0.751	2.23e-229	5.839999999999999e-225
2	NDRG1	0.331358667	0.748	0.383	0.0	0.0
2	C6orf132	0.330360865	0.49	0.212	0.0	0.0
2	VSTM2L	0.330230011	0.417	0.153	0.0	0.0
2	ACER2	0.330172992	0.62	0.387	5.6500000000000005e-269	1.48e-264
2	VAMP8	0.329897964	0.634	0.327	0.0	0.0
2	CHKA	0.329885173	0.772	0.521	1.03e-288	2.69e-284
2	GOLGA4	0.329476371	0.919	0.78	4.1099999999999996e-234	1.07e-229
2	CRYM	0.329208131	0.46	0.164	0.0	0.0
2	RPL24	0.328750192	0.982	0.902	1.2799999999999998e-285	3.34e-281
2	MKNK2	0.328661386	0.572	0.298	0.0	0.0
2	SQSTM1	0.328507336	0.903	0.691	0.0	0.0
2	TMEM134	0.328434396	0.679	0.419	0.0	0.0
2	EIF4A3	0.327579934	0.828	0.619	1.0699999999999999e-282	2.7999999999999998e-278
2	TM7SF2	0.327206874	0.573	0.299	0.0	0.0
2	H3F3B	0.327196606	0.979	0.928	4.18e-217	1.0900000000000001e-212
2	USP54	0.326737611	0.808	0.74	5.29e-17	1.39e-12
2	AP000526.1	0.326666429	0.472	0.211	0.0	0.0
2	RPS16	0.324651004	0.982	0.899	8e-273	2.0899999999999999e-268
2	RPL23A	0.324326338	0.987	0.931	1.3300000000000001e-291	3.48e-287
2	FAM3B	0.323670724	0.574	0.278	0.0	0.0
2	RPS24	0.323627387	0.999	0.98	0.0	0.0
2	TMEM223	0.323491215	0.521	0.283	0.0	0.0
2	ITPR1	0.323463261	0.622	0.351	0.0	0.0
2	SSBP3	0.322327889	0.879	0.695	2.3499999999999998e-220	6.15e-216
2	FLNB	0.320883384	0.881	0.587	0.0	0.0
2	RPL18A	0.320848327	0.983	0.882	4.33e-299	1.13e-294
2	CDKN1C	0.320676399	0.48	0.232	0.0	0.0
2	TMEM219	0.320676294	0.708	0.445	0.0	0.0
2	VPS28	0.320579467	0.785	0.557	3.3200000000000003e-273	8.700000000000001e-269
2	SLC25A36	0.319678629	0.751	0.527	3.7799999999999997e-262	9.9e-258
2	ELF3	0.318964283	0.698	0.364	0.0	0.0
2	DCXR	0.31851894	0.693	0.436	0.0	0.0
2	THBS1	0.317941132	0.457	0.196	0.0	0.0
2	ANXA3	0.317757011	0.727	0.349	0.0	0.0
2	RORB	0.317739805	0.723	0.428	0.0	0.0
2	FAM160A1	0.317473045	0.708	0.461	6.1399999999999996e-242	1.61e-237
2	EEPD1	0.317338802	0.533	0.284	0.0	0.0
2	KDM3B	0.317274329	0.651	0.531	3.78e-74	9.900000000000001e-70
2	DNAJA4	0.317258621	0.44	0.246	2.6299999999999996e-230	6.89e-226
2	STXBP5	0.316881267	0.981	0.838	1.03e-288	2.7e-284
2	SERP1	0.316684725	0.861	0.655	8.17e-272	2.14e-267
2	PPA2	0.316412647	0.88	0.659	1.4900000000000002e-251	3.9e-247
2	NOP53	0.316249861	0.627	0.37	0.0	0.0
2	CREB3L4	0.315601955	0.519	0.217	0.0	0.0
2	CPT1A	0.315581289	0.582	0.307	0.0	0.0
2	DDIT4	0.315313956	0.53	0.318	1.63e-237	4.27e-233
2	PDCD4	0.315310502	0.832	0.503	0.0	0.0
2	CEBPB	0.315285474	0.544	0.293	0.0	0.0
2	MT-CYB	0.315159621	0.998	0.995	0.0	0.0
2	PRKDC	0.314449853	0.956	0.891	1.25e-101	3.27e-97
2	TMEM220	0.31403821	0.606	0.341	0.0	0.0
2	S100A10	0.313815723	0.89	0.535	0.0	0.0
2	SLC2A4RG	0.313193783	0.548	0.277	0.0	0.0
2	LRIG1	0.31282994	0.623	0.381	3.37e-269	8.820000000000001e-265
2	PPCS	0.311873966	0.625	0.325	0.0	0.0
2	FP236383.1	0.311660203	0.44	0.353	4.25e-29	1.11e-24
2	MMP26	0.311573304	0.374	0.16	0.0	0.0
2	ZFP36L1	0.311307198	0.851	0.473	0.0	0.0
2	DNPH1	0.311044658	0.684	0.411	0.0	0.0
2	MSMB	0.31080965	0.62	0.284	0.0	0.0
2	SLC35F1	0.310591343	0.816	0.563	0.0	0.0
2	NCOA4	0.310049531	0.645	0.387	0.0	0.0
2	TMEM50A	0.309825467	0.761	0.533	1.0199999999999999e-267	2.6699999999999997e-263
2	GSDMD	0.309219183	0.546	0.252	0.0	0.0
2	NARF	0.308814919	0.7	0.51	1.6e-219	4.2e-215
2	FAM189A1	0.308729004	0.449	0.2	0.0	0.0
2	NDRG3	0.308360774	0.583	0.333	1.84e-299	4.82e-295
2	ELK4	0.308128379	0.645	0.37	0.0	0.0
2	KDELR2	0.307898612	0.72	0.464	0.0	0.0
2	SS18L2	0.307745076	0.686	0.44	7.530000000000001e-293	1.97e-288
2	NME4	0.307420671	0.695	0.444	1.8900000000000002e-296	4.96e-292
2	FIS1	0.307302707	0.703	0.446	0.0	0.0
2	AKIRIN1	0.306871706	0.7	0.481	4.4e-253	1.15e-248
2	CEP89	0.305790898	0.657	0.448	1.32e-195	3.44e-191
2	CDKL5	0.305694902	0.763	0.503	5.73e-271	1.5e-266
2	ZNF462	0.305616199	0.778	0.465	0.0	0.0
2	EXOC7	0.305045812	0.695	0.44	4.1e-286	1.07e-281
2	ARHGAP32	0.304906547	0.848	0.73	3.28e-116	8.58e-112
2	PPM1B	0.304793713	0.785	0.58	5.169999999999999e-190	1.3500000000000001e-185
2	NPDC1	0.304529659	0.662	0.407	1.94e-303	5.07e-299
2	RPS5	0.30434928	0.97	0.861	4.47e-253	1.1700000000000002e-248
2	APRT	0.304311277	0.632	0.372	0.0	0.0
2	CIB1	0.304049957	0.642	0.303	0.0	0.0
2	NLGN1	0.303077039	0.945	0.891	1.7e-96	4.44e-92
2	HSPB1	0.30268271	0.848	0.655	5.490000000000001e-248	1.44e-243
2	OSER1	0.302453243	0.621	0.375	1.72e-303	4.49e-299
2	PLA2G2A	0.302210257	0.583	0.313	9.579999999999999e-307	2.51e-302
2	NIPAL3	0.302054931	0.778	0.554	2.52e-202	6.59e-198
2	MYL12A	0.301964313	0.843	0.611	1.2800000000000001e-281	3.35e-277
2	BRK1	0.301958006	0.85	0.662	7.009999999999999e-230	1.8299999999999998e-225
2	FREM1	0.301464813	0.257	0.123	7.78e-169	2.04e-164
2	NPAS2	0.300954406	0.656	0.331	0.0	0.0
2	IQANK1	0.300410663	0.52	0.246	0.0	0.0
2	CENPX	0.300166776	0.802	0.575	4.56e-268	1.1899999999999999e-263
2	MYL6	0.299767253	0.98	0.917	1.6499999999999997e-228	4.31e-224
2	NFKBIA	0.299359846	0.639	0.396	1.7900000000000002e-269	4.69e-265
2	CBR3	0.299242523	0.638	0.309	0.0	0.0
2	SLC22A3	0.29903228	0.283	0.072	0.0	0.0
2	EPCAM	0.29898954	0.924	0.745	2.89e-236	7.56e-232
2	SRI	0.298931459	0.759	0.498	0.0	0.0
2	AMPD3	0.298847091	0.285	0.133	3.57e-211	9.35e-207
2	JMJD6	0.298678834	0.529	0.264	0.0	0.0
2	ZFHX3	0.298015084	0.782	0.498	6.35e-283	1.66e-278
2	ZNF844	0.297821302	0.481	0.237	0.0	0.0
2	ELF1	0.297444428	0.669	0.49	6.1e-143	1.6e-138
2	MYO7A	0.297301945	0.35	0.13	0.0	0.0
2	LGALS8	0.297153702	0.643	0.335	0.0	0.0
2	SCPEP1	0.29683558	0.607	0.342	0.0	0.0
2	BMPR1A	0.296182134	0.714	0.531	1.79e-148	4.6900000000000004e-144
2	PEX11A	0.296115106	0.452	0.169	0.0	0.0
2	CTSL	0.296026646	0.592	0.309	0.0	0.0
2	SHROOM3	0.295834646	0.791	0.448	0.0	0.0
2	TMEM178A	0.295438412	0.465	0.271	2.32e-210	6.08e-206
2	ARFGEF3	0.295428102	0.912	0.679	3.42e-243	8.94e-239
2	CITED1	0.295251083	0.315	0.126	0.0	0.0
2	ECH1	0.294892838	0.667	0.411	8.97e-304	2.35e-299
2	TCEA3	0.294872839	0.685	0.372	0.0	0.0
2	BZW1	0.294708223	0.855	0.691	2.53e-207	6.61e-203
2	FAM214A	0.294540928	0.618	0.441	3.31e-154	8.659999999999999e-150
2	CEBPD	0.294481862	0.473	0.257	1.85e-251	4.85e-247
2	PRKAG2	0.294413793	0.761	0.473	8.399999999999999e-282	2.2e-277
2	BCAM	0.293709667	0.47	0.201	0.0	0.0
2	CERS4	0.293368119	0.549	0.293	0.0	0.0
2	DHRS3	0.293195639	0.568	0.293	0.0	0.0
2	TLL2	0.292938757	0.262	0.073	0.0	0.0
2	CITED2	0.292822357	0.444	0.217	0.0	0.0
2	CD164	0.29261624	0.77	0.517	7.26e-290	1.8999999999999997e-285
2	FAM46C	0.292213396	0.408	0.163	0.0	0.0
2	MYL9	0.291857398	0.443	0.16	0.0	0.0
2	SEC14L1	0.29174673	0.838	0.637	8.560000000000001e-223	2.24e-218
2	WHRN	0.291433464	0.614	0.365	1.22e-279	3.18e-275
2	SHOC2	0.291422414	0.718	0.495	2.1600000000000003e-200	5.66e-196
2	AL033504.1	0.291220328	0.469	0.231	2.7000000000000002e-303	7.079999999999999e-299
2	SUZ12	0.291108669	0.892	0.779	4.0600000000000005e-129	1.06e-124
2	KIF13B	0.291021318	0.515	0.325	1.22e-182	3.19e-178
2	POR	0.290571213	0.624	0.376	2.74e-298	7.17e-294
2	CLIC1	0.289458662	0.78	0.528	7.99e-276	2.0900000000000001e-271
2	KRAS	0.288767142	0.674	0.453	6.6399999999999996e-242	1.74e-237
2	CTTNBP2NL	0.288765056	0.661	0.446	5.93e-210	1.55e-205
2	UPK3A	0.288528438	0.455	0.171	0.0	0.0
2	PRKAA1	0.288415406	0.62	0.401	2.19e-246	5.73e-242
2	LASP1	0.288335457	0.671	0.445	1.38e-240	3.6199999999999997e-236
2	HAP1	0.288162179	0.406	0.178	0.0	0.0
2	LRRC8B	0.28804889	0.639	0.461	1.9400000000000003e-163	5.09e-159
2	PARD3B	0.287926985	0.879	0.519	0.0	0.0
2	SYNGR2	0.287710235	0.618	0.343	0.0	0.0
2	CBX4	0.287468341	0.612	0.39	6.36e-244	1.66e-239
2	KDELR1	0.287261724	0.842	0.628	1.1399999999999999e-216	2.9900000000000003e-212
2	GPX4	0.287195094	0.867	0.648	3.0099999999999997e-249	7.87e-245
2	SMAD5	0.287046372	0.773	0.677	6.5100000000000005e-43	1.6999999999999998e-38
2	LRRFIP1	0.286968489	0.878	0.627	9.08e-251	2.38e-246
2	TRAPPC6A	0.286906423	0.562	0.299	0.0	0.0
2	FKBP14	0.286278493	0.461	0.236	6.04e-306	1.58e-301
2	ZC3HAV1	0.285961022	0.557	0.297	3.48e-306	9.11e-302
2	MT1E	0.285634632	0.702	0.523	1.57e-129	4.1100000000000004e-125
2	OVOL1	0.285545335	0.356	0.096	0.0	0.0
2	AL121790.1	0.284944268	0.599	0.323	1.5299999999999998e-249	4.01e-245
2	LGMN	0.284897841	0.535	0.271	0.0	0.0
2	GABRG3	0.28456081	0.502	0.252	0.0	0.0
2	KLF5	0.284173537	0.571	0.297	0.0	0.0
2	PCSK5	0.283862357	0.49	0.286	4.76e-208	1.25e-203
2	ZBTB7A	0.283663548	0.531	0.291	0.0	0.0
2	SEPT10	0.283434773	0.566	0.287	0.0	0.0
2	HDAC1	0.283324469	0.729	0.478	4.3e-258	1.13e-253
2	TNFRSF12A	0.282496623	0.435	0.229	4.1299999999999995e-261	1.08e-256
2	MT-ND4	0.282369227	0.998	0.994	4.17e-274	1.09e-269
2	CDK19	0.281683886	0.919	0.747	3.27e-194	8.57e-190
2	PGLS	0.281422495	0.724	0.486	1.01e-253	2.6499999999999997e-249
2	SEMA4A	0.281224592	0.356	0.144	0.0	0.0
2	DUSP16	0.280972869	0.609	0.401	8.860000000000001e-193	2.32e-188
2	PLPP5	0.280293231	0.748	0.471	1.99e-296	5.199999999999999e-292
2	GNPDA1	0.279552671	0.568	0.311	0.0	0.0
2	C6orf48	0.279455444	0.753	0.54	8.640000000000001e-209	2.2599999999999998e-204
2	TRPS1	0.27928727	0.823	0.529	6.14e-274	1.6100000000000002e-269
2	AP1M2	0.278619577	0.483	0.209	0.0	0.0
2	MAFF	0.278603528	0.479	0.245	1.16e-307	3.0400000000000003e-303
2	ENPP5	0.278576136	0.541	0.252	0.0	0.0
2	ATF4	0.27817775	0.501	0.268	0.0	0.0
2	ATF3	0.277770424	0.792	0.569	5.810000000000001e-215	1.5200000000000002e-210
2	ATP6V1G1	0.277238429	0.925	0.767	1.2199999999999998e-170	3.2e-166
2	WDR44	0.276759907	0.576	0.395	3.98e-163	1.04e-158
2	RPS20	0.276613444	0.979	0.912	6.54e-269	1.71e-264
2	RNF11	0.276414536	0.669	0.468	3.5e-201	9.149999999999999e-197
2	ITPRIPL2	0.276146977	0.495	0.228	0.0	0.0
2	TACC1	0.275802986	0.696	0.519	8.61e-150	2.25e-145
2	CWH43	0.275436164	0.479	0.211	0.0	0.0
2	COPRS	0.275218686	0.719	0.46	1.17e-284	3.06e-280
2	PHPT1	0.275015604	0.78	0.567	1.63e-217	4.2700000000000005e-213
2	CLIC4	0.274995046	0.661	0.533	5.78e-96	1.51e-91
2	GREB1L	0.274730588	0.583	0.349	1.97e-236	5.16e-232
2	RPL27A	0.27393846	0.918	0.755	2.6099999999999997e-214	6.82e-210
2	RPL27	0.273721336	0.979	0.885	6.619999999999999e-216	1.73e-211
2	GATAD1	0.273322596	0.645	0.392	1.09e-289	2.86e-285
2	STEAP2-AS1	0.273180849	0.364	0.138	0.0	0.0
2	CD151	0.272917285	0.522	0.268	0.0	0.0
2	LINC01090	0.27283622	0.359	0.121	0.0	0.0
2	SLC9A3R1	0.272768907	0.593	0.34	0.0	0.0
2	EPHX1	0.272658783	0.689	0.39	0.0	0.0
2	LIFR	0.272039048	0.528	0.294	3.37e-268	8.83e-264
2	GTF3C1	0.271756523	0.686	0.464	9.95e-214	2.6e-209
2	AC068533.4	0.271673697	0.395	0.162	0.0	0.0
2	GABARAPL2	0.271268914	0.705	0.485	1.3699999999999999e-230	3.58e-226
2	TGIF1	0.270689885	0.635	0.326	0.0	0.0
2	ZFYVE21	0.270309523	0.507	0.249	0.0	0.0
2	SPSB1	0.270228831	0.463	0.222	0.0	0.0
2	SGMS2	0.269870027	0.511	0.243	0.0	0.0
2	NUP37	0.26950807	0.474	0.296	3.1800000000000003e-163	8.33e-159
2	SYPL1	0.269500872	0.697	0.427	5.55e-294	1.45e-289
2	HADHB	0.268626545	0.742	0.504	4.4999999999999993e-250	1.18e-245
2	RPSA	0.268284954	0.964	0.854	2.11e-193	5.5199999999999994e-189
2	PNRC2	0.26790627	0.726	0.487	1.6699999999999998e-260	4.3599999999999997e-256
2	CYTH1	0.267552936	0.822	0.584	2.35e-212	6.150000000000001e-208
2	PDIA3	0.267475381	0.877	0.695	2.86e-185	7.5e-181
2	CAMSAP2	0.267418503	0.702	0.54	6.71e-120	1.7599999999999999e-115
2	SFT2D1	0.267314722	0.606	0.348	0.0	0.0
2	EML5	0.267180845	0.506	0.278	9.92e-252	2.6000000000000003e-247
2	TMEM254	0.265992791	0.692	0.432	2.2e-278	5.76e-274
2	KDM5B	0.265948627	0.857	0.683	2.59e-175	6.7799999999999995e-171
2	MSX1	0.265873739	0.354	0.113	0.0	0.0
2	RAB8B	0.265542114	0.553	0.312	1.0899999999999998e-285	2.85e-281
2	PNKD	0.265436986	0.744	0.521	1.05e-232	2.75e-228
2	ATP1A1	0.264917159	0.794	0.576	3.3e-216	8.64e-212
2	KRT18	0.264516923	0.898	0.705	1.77e-244	4.6299999999999997e-240
2	OSBPL10	0.264500173	0.545	0.35	7.03e-154	1.84e-149
2	PHYH	0.264102494	0.533	0.245	0.0	0.0
2	SELENOM	0.263913155	0.484	0.216	0.0	0.0
2	SVIL	0.263841206	0.909	0.708	2.0800000000000001e-184	5.449999999999999e-180
2	TBL1Y	0.263582628	0.451	0.198	0.0	0.0
2	CYB561	0.26283593	0.646	0.384	2.07e-292	5.42e-288
2	SLC26A2	0.262634318	0.602	0.321	0.0	0.0
2	ARHGEF3	0.262558625	0.719	0.449	4e-242	1.05e-237
2	ATP6V0E1	0.262370763	0.813	0.608	2.32e-203	6.08e-199
2	ADAM9	0.262140204	0.672	0.432	5.54e-228	1.45e-223
2	PHF21B	0.261812351	0.628	0.404	1.6900000000000002e-215	4.43e-211
2	SOWAHC	0.261788884	0.381	0.14	0.0	0.0
2	RHOB	0.261606084	0.703	0.495	2.4300000000000004e-185	6.37e-181
2	REST	0.261186752	0.559	0.264	0.0	0.0
2	LIMA1	0.261172861	0.713	0.476	4.860000000000001e-224	1.2699999999999999e-219
2	MERTK	0.260784727	0.385	0.16	0.0	0.0
2	SMAD3	0.260753293	0.551	0.292	0.0	0.0
2	EPPK1	0.260493742	0.397	0.15	0.0	0.0
2	CTSF	0.26018811	0.529	0.271	0.0	0.0
2	DIAPH1	0.259508206	0.769	0.611	1.7599999999999998e-128	4.6e-124
2	PLEC	0.259403279	0.538	0.295	6.84e-300	1.79e-295
2	FAM117B	0.259067199	0.576	0.419	8.18e-96	2.14e-91
2	PPDPF	0.258706554	0.85	0.653	2.25e-176	5.88e-172
2	CPA6	0.258099578	0.544	0.284	8.71e-274	2.28e-269
2	SPECC1	0.257725783	0.725	0.488	1.97e-228	5.17e-224
2	MPG	0.256987838	0.558	0.303	0.0	0.0
2	SLC25A16	0.256722548	0.82	0.641	9.49e-159	2.48e-154
2	PYGO1	0.256309371	0.493	0.296	3.66e-202	9.57e-198
2	WWTR1	0.256298304	0.57	0.385	3.39e-155	8.87e-151
2	SLC19A2	0.25580545	0.558	0.335	2.42e-233	6.33e-229
2	SPINT2	0.255783774	0.926	0.73	2.7499999999999998e-188	7.210000000000001e-184
2	TAF4B	0.255427695	0.285	0.136	3.5199999999999998e-199	9.21e-195
2	RPL23	0.255418918	0.979	0.915	1.69e-218	4.41e-214
2	CHORDC1	0.255085697	0.607	0.413	1.22e-182	3.19e-178
2	MAGI3	0.254947744	0.801	0.666	1.9799999999999999e-91	5.2e-87
2	ARID4A	0.254835436	0.675	0.48	2.4799999999999998e-172	6.49e-168
2	TMBIM4	0.254776906	0.679	0.437	3.05e-254	7.97e-250
2	SNHG5	0.254764479	0.868	0.74	7.48e-112	1.96e-107
2	SECISBP2	0.254437335	0.739	0.626	2.9599999999999998e-53	7.75e-49
2	PRDM2	0.253937497	0.696	0.502	2.96e-169	7.76e-165
2	HSPA5	0.253758671	0.767	0.559	6.5299999999999996e-186	1.71e-181
2	BHLHE40	0.253620542	0.486	0.297	8.809999999999999e-172	2.3e-167
2	RCOR3	0.253297825	0.703	0.538	1.77e-116	4.64e-112
2	SPOCK1	0.252638511	0.775	0.546	1.25e-178	3.26e-174
2	LRRC8A	0.252462747	0.529	0.315	1.6800000000000002e-235	4.41e-231
2	BICD1	0.252431355	0.776	0.583	1.5799999999999999e-136	4.13e-132
2	HNRNPF	0.252072052	0.874	0.696	5.02e-183	1.31e-178
2	GRN	0.251864482	0.602	0.342	2.1e-302	5.5e-298
2	B4GALT4	0.251593102	0.508	0.284	4.71e-266	1.23e-261
2	NRIP1	0.251493695	0.765	0.596	3.71e-142	9.709999999999999e-138
2	IDI1	0.251303128	0.619	0.399	3.76e-221	9.840000000000001e-217
2	VAMP7	0.251251648	0.435	0.242	1.14e-217	3.0000000000000005e-213
2	NUMA1	0.250547335	0.758	0.544	1.15e-182	3e-178
2	ASAH1	0.250326524	0.486	0.222	0.0	0.0
2	ANXA11	0.250117735	0.758	0.431	0.0	0.0
2	MRPL41	0.250103696	0.737	0.517	8.11e-211	2.12e-206
3	HIST1H4C	3.109533111	0.968	0.549	0.0	0.0
3	UBE2C	1.970922853	0.908	0.143	0.0	0.0
3	TOP2A	1.954437776	0.992	0.331	0.0	0.0
3	HMGB2	1.882591685	0.99	0.564	0.0	0.0
3	DIAPH3	1.798541101	0.948	0.193	0.0	0.0
3	CDK1	1.784127817	0.953	0.221	0.0	0.0
3	CENPF	1.765132951	0.96	0.257	0.0	0.0
3	HMGB1	1.736879728	0.999	0.847	0.0	0.0
3	TUBA1B	1.713618234	0.99	0.663	0.0	0.0
3	NRG3	1.692784856	0.96	0.44	0.0	0.0
3	AC016205.1	1.672843585	0.951	0.429	0.0	0.0
3	STMN1	1.658614796	0.999	0.755	0.0	0.0
3	NNAT	1.564240302	0.988	0.311	0.0	0.0
3	TUBB	1.55939474	0.991	0.703	0.0	0.0
3	HIST1H1C	1.548544385	0.792	0.319	0.0	0.0
3	PTTG1	1.548041896	0.915	0.25	0.0	0.0
3	UBE2S	1.530168758	0.985	0.591	0.0	0.0
3	HES6	1.530138401	0.977	0.445	0.0	0.0
3	ATAD2	1.528115894	0.948	0.527	0.0	0.0
3	HMGN2	1.502086807	0.998	0.864	0.0	0.0
3	H2AFZ	1.494244127	0.992	0.692	0.0	0.0
3	CKS1B	1.476648413	0.914	0.297	0.0	0.0
3	RTKN2	1.455405774	0.942	0.29	0.0	0.0
3	UBE2T	1.449953046	0.942	0.297	0.0	0.0
3	TUBA1A	1.435391367	0.996	0.661	0.0	0.0
3	CALM2	1.424200119	0.998	0.808	0.0	0.0
3	RBFOX1	1.418625951	0.99	0.407	0.0	0.0
3	MYBL2	1.412545655	0.889	0.179	0.0	0.0
3	PRC1	1.386296076	0.925	0.241	0.0	0.0
3	DEFA6	1.383564377	0.696	0.174	0.0	0.0
3	ARHGAP15	1.346257739	0.9	0.257	0.0	0.0
3	SPC25	1.345132848	0.875	0.122	0.0	0.0
3	CCER2	1.340894576	0.982	0.325	0.0	0.0
3	IGFBP2	1.333090572	0.997	0.615	0.0	0.0
3	NUSAP1	1.328741992	0.912	0.211	0.0	0.0
3	TYMS	1.308530802	0.915	0.326	0.0	0.0
3	ATRNL1	1.30406538	0.981	0.321	0.0	0.0
3	BIRC5	1.298752095	0.879	0.166	0.0	0.0
3	ASPM	1.297139487	0.826	0.148	0.0	0.0
3	TENM3	1.289707625	0.966	0.324	0.0	0.0
3	TUBB2B	1.275293684	0.939	0.317	0.0	0.0
3	SMC4	1.26511388	0.96	0.407	0.0	0.0
3	OLFM1	1.263422315	0.919	0.314	0.0	0.0
3	TPX2	1.255856686	0.895	0.215	0.0	0.0
3	PCSK2	1.250967057	0.984	0.324	0.0	0.0
3	NEGR1	1.24866365	0.966	0.337	0.0	0.0
3	DUT	1.230617862	0.933	0.6	0.0	0.0
3	KPNA2	1.228845352	0.914	0.411	0.0	0.0
3	CENPW	1.205233494	0.84	0.13	0.0	0.0
3	MELK	1.193442811	0.854	0.185	0.0	0.0
3	KIF18B	1.191986998	0.827	0.106	0.0	0.0
3	CENPP	1.179896178	0.931	0.458	0.0	0.0
3	EBF1	1.176612871	0.989	0.4	0.0	0.0
3	RFC3	1.174886622	0.88	0.226	0.0	0.0
3	DNA2	1.1591278	0.926	0.472	0.0	0.0
3	LHFPL3	1.155681927	0.819	0.236	0.0	0.0
3	THSD7A	1.147991725	0.932	0.289	0.0	0.0
3	HIST1H1D	1.141827389	0.603	0.131	0.0	0.0
3	ISL1	1.137668998	0.939	0.272	0.0	0.0
3	PCP4	1.136637283	0.932	0.276	0.0	0.0
3	TMPO	1.132628983	0.973	0.595	0.0	0.0
3	COL22A1	1.127056314	0.938	0.347	0.0	0.0
3	ECT2	1.126257674	0.869	0.228	0.0	0.0
3	HS3ST5	1.12570304	0.967	0.309	0.0	0.0
3	FOXA2	1.125403983	0.89	0.215	0.0	0.0
3	NUF2	1.116623562	0.821	0.15	0.0	0.0
3	NYAP2	1.115959959	0.939	0.284	0.0	0.0
3	CKAP2	1.113639234	0.857	0.23	0.0	0.0
3	KIRREL3	1.111363556	0.826	0.234	0.0	0.0
3	MAD2L1	1.110576541	0.858	0.196	0.0	0.0
3	PLEKHH2	1.108075443	0.965	0.534	0.0	0.0
3	SOX11	1.106965832	0.926	0.284	0.0	0.0
3	ROBO2	1.099190439	0.945	0.31	0.0	0.0
3	SLC36A4	1.087298154	0.981	0.558	0.0	0.0
3	BRIP1	1.086391119	0.854	0.331	0.0	0.0
3	INSM1	1.086066222	0.888	0.223	0.0	0.0
3	PPM1E	1.078902105	0.972	0.534	0.0	0.0
3	CDH12	1.077310875	0.971	0.325	0.0	0.0
3	PRR11	1.071098365	0.775	0.118	0.0	0.0
3	PCDH9	1.061917511	0.876	0.286	0.0	0.0
3	USH2A	1.061100785	0.973	0.324	0.0	0.0
3	PKIB	1.055432301	0.952	0.477	0.0	0.0
3	CHN2	1.054318527	0.95	0.366	0.0	0.0
3	KIF15	1.05317263	0.803	0.129	0.0	0.0
3	NCAM1	1.043747609	0.91	0.265	0.0	0.0
3	CDKN3	1.041490529	0.805	0.189	0.0	0.0
3	PCLAF	1.035330461	0.8	0.234	0.0	0.0
3	TOX	1.02912902	0.941	0.458	0.0	0.0
3	THSD7B	1.025245966	0.768	0.23	0.0	0.0
3	YBX1	1.025188816	0.992	0.809	0.0	0.0
3	DLGAP5	1.018709712	0.744	0.098	0.0	0.0
3	NAV2	1.018146907	0.931	0.409	0.0	0.0
3	NPW	1.016959625	0.769	0.208	0.0	0.0
3	CKB	1.013631963	0.971	0.556	0.0	0.0
3	NRXN1	1.011516515	0.985	0.397	0.0	0.0
3	SEMA6D	1.007704674	0.97	0.349	0.0	0.0
3	ADARB2	1.00757787	0.853	0.249	0.0	0.0
3	MKI67	1.007046203	0.81	0.151	0.0	0.0
3	H2AFX	1.005906326	0.87	0.319	0.0	0.0
3	KIF4A	1.002174429	0.788	0.136	0.0	0.0
3	TFAP2B	1.000323066	0.811	0.225	0.0	0.0
3	JPT1	0.992888579	0.986	0.734	0.0	0.0
3	GPC6	0.988474941	0.972	0.751	0.0	0.0
3	ZNF536	0.983916135	0.933	0.317	0.0	0.0
3	PEG10	0.979801505	0.944	0.38	0.0	0.0
3	GGH	0.974669549	0.854	0.26	0.0	0.0
3	H1FX	0.970057042	0.962	0.621	0.0	0.0
3	CCNB2	0.967952528	0.721	0.138	0.0	0.0
3	ARHGAP11B	0.967696865	0.77	0.16	0.0	0.0
3	AKAP12	0.967415851	0.73	0.267	0.0	0.0
3	DACH1	0.967072712	0.988	0.6	0.0	0.0
3	LSM3	0.964928713	0.937	0.519	0.0	0.0
3	DPP10	0.964108909	0.878	0.278	0.0	0.0
3	CSRNP3	0.956592484	0.866	0.243	0.0	0.0
3	PITPNC1	0.955792222	0.792	0.254	0.0	0.0
3	VRK1	0.951413454	0.818	0.214	0.0	0.0
3	LNPEP	0.948829569	0.954	0.588	0.0	0.0
3	DGUOK	0.944414413	0.977	0.653	0.0	0.0
3	CALN1	0.944213452	0.922	0.386	0.0	0.0
3	CIT	0.944158828	0.788	0.167	0.0	0.0
3	ZWINT	0.943274659	0.855	0.258	0.0	0.0
3	ATP8A2	0.941794314	0.946	0.327	0.0	0.0
3	GPC5	0.9393851	0.8	0.257	0.0	0.0
3	FBXO5	0.935759017	0.762	0.173	0.0	0.0
3	HS3ST3A1	0.930820581	0.807	0.235	0.0	0.0
3	EPHA5	0.9281152	0.874	0.293	0.0	0.0
3	SMC2	0.927479118	0.876	0.344	0.0	0.0
3	FAM19A1	0.925985351	0.855	0.279	0.0	0.0
3	SHC4	0.92408378	0.827	0.295	0.0	0.0
3	SIPA1L2	0.922970819	0.908	0.331	0.0	0.0
3	PTMA	0.920985819	0.999	0.973	0.0	0.0
3	DISC1	0.920227365	0.887	0.328	0.0	0.0
3	TMSB4X	0.918522463	0.986	0.821	0.0	0.0
3	FANCI	0.916019919	0.815	0.261	0.0	0.0
3	FHL2	0.915992356	0.9	0.366	0.0	0.0
3	POLQ	0.915724897	0.748	0.135	0.0	0.0
3	MZT1	0.912668996	0.783	0.227	0.0	0.0
3	SLC38A1	0.912567161	0.961	0.455	0.0	0.0
3	CENPE	0.909860574	0.694	0.144	0.0	0.0
3	CPE	0.902332714	0.994	0.787	0.0	0.0
3	KRT20	0.902038273	0.758	0.223	0.0	0.0
3	NDUFC2	0.899534619	0.963	0.603	0.0	0.0
3	SYNE1	0.89947067	0.924	0.474	0.0	0.0
3	NDC80	0.899196606	0.733	0.095	0.0	0.0
3	DTYMK	0.895445207	0.866	0.37	0.0	0.0
3	CEP152	0.892019719	0.841	0.244	0.0	0.0
3	CKS2	0.89115791	0.913	0.471	0.0	0.0
3	CENPU	0.891019435	0.832	0.247	0.0	0.0
3	TMEM108	0.888421205	0.907	0.312	0.0	0.0
3	GABBR2	0.887862254	0.718	0.186	0.0	0.0
3	ROBO1	0.885537223	0.918	0.293	0.0	0.0
3	PROX1	0.883583964	0.9	0.298	0.0	0.0
3	SRGAP1	0.882380033	0.968	0.624	0.0	0.0
3	SNRPG	0.87945449	0.981	0.729	0.0	0.0
3	NCAPG	0.879000345	0.74	0.122	0.0	0.0
3	KCND2	0.878742026	0.862	0.31	0.0	0.0
3	COX8A	0.878514194	0.973	0.678	0.0	0.0
3	RHOBTB3	0.877561994	0.899	0.44	0.0	0.0
3	PCSK1	0.875510931	0.82	0.217	0.0	0.0
3	ALK	0.875186473	0.79	0.259	0.0	0.0
3	HINT1	0.873004519	0.994	0.864	0.0	0.0
3	RAN	0.872268166	0.981	0.705	0.0	0.0
3	GTSE1	0.871557462	0.709	0.093	0.0	0.0
3	KCNMA1	0.870899407	0.996	0.746	0.0	0.0
3	ATAD5	0.867472825	0.868	0.364	0.0	0.0
3	CDCA8	0.865355372	0.697	0.103	0.0	0.0
3	ANLN	0.864040702	0.759	0.139	0.0	0.0
3	RUNX1T1	0.862534108	0.897	0.275	0.0	0.0
3	CEP128	0.859501131	0.843	0.338	0.0	0.0
3	ELAVL2	0.858145393	0.875	0.33	0.0	0.0
3	NRXN3	0.85742364	0.975	0.495	0.0	0.0
3	SNAP25	0.856804838	0.892	0.352	0.0	0.0
3	NSD2	0.852395715	0.96	0.674	0.0	0.0
3	HIST1H2BH	0.85045569	0.663	0.152	0.0	0.0
3	SKA2	0.849784573	0.955	0.61	0.0	0.0
3	ELMO1	0.848832064	0.816	0.266	0.0	0.0
3	KLHL29	0.844302152	0.876	0.322	0.0	0.0
3	ATP11A	0.843755689	0.923	0.486	0.0	0.0
3	DTL	0.842662418	0.675	0.164	0.0	0.0
3	SEZ6L	0.842004963	0.872	0.267	0.0	0.0
3	ANP32B	0.839611219	0.95	0.622	0.0	0.0
3	RANBP1	0.838114816	0.9	0.479	0.0	0.0
3	FEZ1	0.836075606	0.779	0.219	0.0	0.0
3	CGA	0.835840936	0.365	0.093	0.0	0.0
3	CFL1	0.834921468	0.992	0.802	0.0	0.0
3	GPC3	0.834267639	0.729	0.229	0.0	0.0
3	AURKB	0.833472327	0.685	0.076	0.0	0.0
3	LMNA	0.833009712	0.942	0.631	0.0	0.0
3	PCNA	0.830882163	0.859	0.483	0.0	0.0
3	ETV1	0.830550068	0.791	0.246	0.0	0.0
3	CDC25C	0.82924098	0.67	0.093	0.0	0.0
3	CHCHD2	0.826560524	0.989	0.808	0.0	0.0
3	CRYBA2	0.824922625	0.768	0.209	0.0	0.0
3	RACGAP1	0.823056728	0.751	0.163	0.0	0.0
3	KIF2C	0.822353663	0.688	0.092	0.0	0.0
3	CDKN2D	0.82232554	0.701	0.156	0.0	0.0
3	CYCS	0.82212155	0.957	0.607	0.0	0.0
3	ZEB1	0.821235806	0.869	0.327	0.0	0.0
3	COX7A2	0.821154162	0.99	0.803	0.0	0.0
3	MLLT11	0.819478844	0.831	0.245	0.0	0.0
3	TMSB10	0.819385348	0.993	0.84	0.0	0.0
3	ASAP1	0.818017562	0.975	0.712	0.0	0.0
3	MGAT4C	0.817050683	0.87	0.273	0.0	0.0
3	CELF2	0.815896256	0.926	0.507	0.0	0.0
3	ZNF367	0.814766925	0.703	0.194	0.0	0.0
3	ENY2	0.809742391	0.982	0.713	0.0	0.0
3	PPP1R1A	0.808953152	0.72	0.163	0.0	0.0
3	PPP1R1C	0.808208494	0.822	0.254	0.0	0.0
3	AES	0.806725516	0.957	0.61	0.0	0.0
3	CENPK	0.806614125	0.841	0.328	0.0	0.0
3	TACC3	0.804053075	0.72	0.119	0.0	0.0
3	KIFC1	0.800056671	0.695	0.096	0.0	0.0
3	CACNA2D1	0.798041496	0.978	0.642	0.0	0.0
3	NCKAP5	0.796572524	0.622	0.226	0.0	0.0
3	DST	0.796128597	0.972	0.679	0.0	0.0
3	PRKCA	0.794584907	0.962	0.654	0.0	0.0
3	FRMD3	0.794327838	0.855	0.349	0.0	0.0
3	CDC20	0.790450342	0.575	0.109	0.0	0.0
3	EZH2	0.785372991	0.951	0.605	0.0	0.0
3	SNRPD1	0.784297452	0.941	0.591	0.0	0.0
3	CENPV	0.781886025	0.842	0.328	0.0	0.0
3	KCNH7	0.781558092	0.932	0.323	0.0	0.0
3	SPARCL1	0.779175273	0.675	0.245	0.0	0.0
3	H3F3A	0.771480562	0.999	0.938	0.0	0.0
3	AFF3	0.770031983	0.775	0.3	0.0	0.0
3	HNRNPAB	0.76988251	0.939	0.6	0.0	0.0
3	NUCKS1	0.769054717	0.991	0.855	0.0	0.0
3	LMNB1	0.767264942	0.807	0.3	0.0	0.0
3	DSCAML1	0.766880166	0.851	0.283	0.0	0.0
3	MDK	0.766490922	0.974	0.697	0.0	0.0
3	ARC	0.765345544	0.707	0.256	0.0	0.0
3	GAPDH	0.763967558	0.987	0.798	0.0	0.0
3	SNRPE	0.760358238	0.963	0.657	0.0	0.0
3	H2AFY	0.760213027	0.956	0.678	0.0	0.0
3	AC099850.2	0.760102708	0.612	0.066	0.0	0.0
3	RGS3	0.756652751	0.764	0.26	0.0	0.0
3	LSM5	0.756591748	0.927	0.558	0.0	0.0
3	TENM4	0.756179347	0.824	0.286	0.0	0.0
3	SPSB4	0.75548654	0.797	0.219	0.0	0.0
3	KNL1	0.755075622	0.644	0.087	0.0	0.0
3	POMP	0.754211806	0.943	0.577	0.0	0.0
3	BRCA1	0.752654799	0.802	0.362	0.0	0.0
3	TAGLN2	0.751805134	0.91	0.543	0.0	0.0
3	SGO1	0.751746404	0.647	0.08	0.0	0.0
3	NME1	0.750822936	0.928	0.574	0.0	0.0
3	MCM10	0.750085986	0.637	0.086	0.0	0.0
3	PPP1R14B	0.749534197	0.933	0.545	0.0	0.0
3	SLCO3A1	0.747132638	0.79	0.274	0.0	0.0
3	HIST2H2AC	0.746036688	0.544	0.112	0.0	0.0
3	SRRM3	0.745359279	0.849	0.273	0.0	0.0
3	PTPRG	0.745016469	0.965	0.675	0.0	0.0
3	LINC00698	0.744701285	0.657	0.155	0.0	0.0
3	AKR1B10	0.744687029	0.714	0.168	0.0	0.0
3	GPR137C	0.740479638	0.873	0.447	0.0	0.0
3	SCG3	0.740270724	0.86	0.247	0.0	0.0
3	MZT2A	0.73982291	0.939	0.601	0.0	0.0
3	TIAM1	0.739628446	0.907	0.493	0.0	0.0
3	LINC00616	0.739060437	0.784	0.22	0.0	0.0
3	IRX2	0.736852935	0.76	0.361	0.0	0.0
3	BARHL1	0.735434057	0.754	0.168	0.0	0.0
3	RAD21	0.733247947	0.968	0.739	0.0	0.0
3	PITPNM2	0.732865358	0.752	0.229	0.0	0.0
3	BLM	0.732491295	0.622	0.09	0.0	0.0
3	KIF14	0.73248393	0.62	0.097	0.0	0.0
3	NMU	0.730079646	0.639	0.128	0.0	0.0
3	CCK	0.729857805	0.366	0.101	0.0	0.0
3	IDH2	0.729271955	0.917	0.555	0.0	0.0
3	MPHOSPH9	0.728164015	0.862	0.409	0.0	0.0
3	BUB1	0.727240289	0.634	0.097	0.0	0.0
3	SOGA1	0.726866713	0.833	0.398	0.0	0.0
3	ESRRG	0.725744465	0.969	0.656	0.0	0.0
3	PBK	0.725199802	0.641	0.08	0.0	0.0
3	ATP5L	0.724386361	0.99	0.805	0.0	0.0
3	SDK2	0.723952119	0.73	0.266	0.0	0.0
3	SNRPB	0.720691276	0.975	0.712	0.0	0.0
3	PSMA7	0.720662823	0.987	0.788	0.0	0.0
3	CBX3	0.71924763	0.952	0.639	0.0	0.0
3	TSHZ3	0.718956201	0.788	0.318	0.0	0.0
3	FMN2	0.718308475	0.822	0.264	0.0	0.0
3	RRM2	0.717768132	0.606	0.08	0.0	0.0
3	WDR62	0.717645208	0.65	0.11	0.0	0.0
3	EFNA5	0.714881979	0.572	0.17	0.0	0.0
3	RBM3	0.714678822	0.956	0.648	0.0	0.0
3	LINC02055	0.713722129	0.9	0.282	0.0	0.0
3	MINOS1	0.713543707	0.893	0.501	0.0	0.0
3	RBMS3	0.713278659	0.732	0.199	0.0	0.0
3	CCNA2	0.712895022	0.627	0.081	0.0	0.0
3	CA10	0.712365714	0.69	0.302	0.0	0.0
3	ADAMTS14	0.710002347	0.798	0.238	0.0	0.0
3	ENDOG	0.708909383	0.68	0.228	0.0	0.0
3	GCG	0.708561451	0.25	0.055	0.0	0.0
3	MIS18BP1	0.708520365	0.812	0.355	0.0	0.0
3	SLC25A6	0.706273451	0.929	0.556	0.0	0.0
3	GNG4	0.705197248	0.909	0.594	0.0	0.0
3	CCDC88A	0.702781445	0.862	0.472	0.0	0.0
3	KIAA1524	0.702692905	0.682	0.151	0.0	0.0
3	LINC01572	0.702611186	0.728	0.237	0.0	0.0
3	LBR	0.701703674	0.804	0.382	0.0	0.0
3	MYT1L	0.697135457	0.868	0.278	0.0	0.0
3	ANP32E	0.696792581	0.821	0.367	0.0	0.0
3	IGFBP5	0.696228604	0.833	0.416	0.0	0.0
3	CDK2AP1	0.696132064	0.887	0.495	0.0	0.0
3	CENPA	0.694451008	0.623	0.159	0.0	0.0
3	TNIK	0.691710721	0.913	0.565	0.0	0.0
3	TCERG1L	0.691264876	0.755	0.247	0.0	0.0
3	APLP1	0.690116895	0.77	0.255	0.0	0.0
3	CDH2	0.68862304	0.738	0.199	0.0	0.0
3	FYN	0.688515588	0.932	0.478	0.0	0.0
3	ZGRF1	0.688167132	0.685	0.18	0.0	0.0
3	DCTN3	0.685002626	0.859	0.474	0.0	0.0
3	SPDL1	0.684198299	0.682	0.16	0.0	0.0
3	CADPS	0.683460572	0.978	0.692	0.0	0.0
3	SEPT7	0.682240028	0.976	0.753	0.0	0.0
3	PHF19	0.682025759	0.656	0.145	0.0	0.0
3	DNM3	0.681793812	0.841	0.357	0.0	0.0
3	HDAC2	0.680988705	0.935	0.584	0.0	0.0
3	TMEM178B	0.680977515	0.872	0.417	0.0	0.0
3	CCDC150	0.679814846	0.608	0.086	0.0	0.0
3	DHFR	0.679200151	0.691	0.252	0.0	0.0
3	TCF4	0.676520102	0.761	0.212	0.0	0.0
3	PALLD	0.676376096	0.946	0.676	0.0	0.0
3	MMS22L	0.676086297	0.815	0.412	0.0	0.0
3	RIPOR2	0.675277701	0.793	0.238	0.0	0.0
3	CBX5	0.673645922	0.95	0.66	0.0	0.0
3	MRPL57	0.673174095	0.885	0.513	0.0	0.0
3	NDUFB11	0.67310792	0.97	0.686	0.0	0.0
3	TUBA1C	0.672295141	0.813	0.477	0.0	0.0
3	KIF22	0.671892947	0.776	0.309	0.0	0.0
3	KIAA1456	0.671792274	0.781	0.267	0.0	0.0
3	CTHRC1	0.670564659	0.73	0.213	0.0	0.0
3	TBCB	0.669575603	0.883	0.51	0.0	0.0
3	ENOX1	0.669254717	0.763	0.336	0.0	0.0
3	CDK5RAP2	0.668311899	0.877	0.502	0.0	0.0
3	CMIP	0.667247442	0.856	0.456	0.0	0.0
3	RHEB	0.666778543	0.949	0.659	0.0	0.0
3	CCNB1	0.666713916	0.616	0.158	0.0	0.0
3	CORO2B	0.665737996	0.731	0.199	0.0	0.0
3	ELAVL3	0.664441164	0.671	0.156	0.0	0.0
3	NCS1	0.663932951	0.762	0.283	0.0	0.0
3	EFR3B	0.663029137	0.809	0.349	0.0	0.0
3	NCAPG2	0.662981042	0.77	0.308	0.0	0.0
3	GSE1	0.662218119	0.906	0.541	0.0	0.0
3	RAD51C	0.661855902	0.818	0.394	0.0	0.0
3	AC073529.1	0.661662166	0.558	0.147	0.0	0.0
3	ERH	0.661515221	0.968	0.697	0.0	0.0
3	CDCA5	0.660986902	0.603	0.089	0.0	0.0
3	SGO2	0.66051397	0.628	0.161	0.0	0.0
3	CLSPN	0.660038728	0.611	0.126	0.0	0.0
3	SET	0.659127311	0.987	0.825	0.0	0.0
3	KIF23	0.657774711	0.647	0.118	0.0	0.0
3	KCNQ3	0.656067615	0.576	0.123	0.0	0.0
3	GJC1	0.655515343	0.694	0.174	0.0	0.0
3	NKAIN3	0.655150249	0.572	0.165	0.0	0.0
3	GTF3A	0.653292046	0.8	0.351	0.0	0.0
3	STIL	0.652419872	0.684	0.188	0.0	0.0
3	KIF20B	0.651708446	0.625	0.131	0.0	0.0
3	RDX	0.651073691	0.878	0.506	0.0	0.0
3	ILF2	0.650806893	0.894	0.513	0.0	0.0
3	HNRNPA0	0.650048695	0.877	0.495	0.0	0.0
3	TAGLN3	0.649374696	0.7	0.175	0.0	0.0
3	SDK1	0.648143884	0.936	0.656	0.0	0.0
3	DBF4	0.647794844	0.697	0.244	0.0	0.0
3	PFN1	0.645853566	0.97	0.747	0.0	0.0
3	PAFAH1B3	0.645722254	0.855	0.457	0.0	0.0
3	GAS2L3	0.645708435	0.581	0.153	0.0	0.0
3	H2AFY2	0.645380078	0.931	0.603	0.0	0.0
3	GUCY1A2	0.644083545	0.66	0.175	0.0	0.0
3	RNASEH2A	0.644080135	0.735	0.274	0.0	0.0
3	PHYHIPL	0.643447457	0.852	0.389	0.0	0.0
3	CKAP2L	0.641942523	0.565	0.064	0.0	0.0
3	CCDC141	0.640547262	0.649	0.144	0.0	0.0
3	NEIL3	0.640277722	0.556	0.056	0.0	0.0
3	AC092691.1	0.639552168	0.863	0.469	0.0	0.0
3	SSH2	0.639431631	0.973	0.764	0.0	0.0
3	UBE2M	0.639389195	0.859	0.475	0.0	0.0
3	CKAP5	0.638534385	0.768	0.335	0.0	0.0
3	PIN1	0.637882425	0.803	0.383	0.0	0.0
3	PDS5B	0.637624437	0.879	0.483	0.0	0.0
3	S100A6	0.637589053	0.957	0.56	0.0	0.0
3	AUTS2	0.637291276	0.979	0.813	0.0	0.0
3	CXXC5	0.636436186	0.799	0.403	0.0	0.0
3	CDKN2C	0.63582426	0.792	0.341	0.0	0.0
3	APP	0.634389054	0.972	0.795	0.0	0.0
3	ITGB3BP	0.633948326	0.867	0.479	0.0	0.0
3	SNRNP200	0.633721034	0.916	0.6	0.0	0.0
3	VDAC2	0.633361882	0.978	0.765	0.0	0.0
3	SUMO2	0.63321018	0.992	0.869	0.0	0.0
3	SEMA6A	0.632878934	0.786	0.309	0.0	0.0
3	UCHL1	0.632479724	0.865	0.473	0.0	0.0
3	CRMP1	0.631716373	0.806	0.27	0.0	0.0
3	SAC3D1	0.631266971	0.669	0.218	0.0	0.0
3	ENO1	0.630229491	0.926	0.678	0.0	0.0
3	ATP2B4	0.629540415	0.73	0.232	0.0	0.0
3	ARHGAP18	0.628016299	0.773	0.304	0.0	0.0
3	PRDX2	0.627868131	0.972	0.736	0.0	0.0
3	SSRP1	0.626756903	0.81	0.399	0.0	0.0
3	MAD2L2	0.626077197	0.727	0.275	0.0	0.0
3	ELAVL4	0.625863529	0.75	0.218	0.0	0.0
3	MCUB	0.624900921	0.795	0.384	0.0	0.0
3	PLCB1	0.62402962	0.86	0.56	0.0	0.0
3	SCGN	0.623167432	0.743	0.284	0.0	0.0
3	KIF2A	0.622042558	0.927	0.619	0.0	0.0
3	BANF1	0.621905845	0.92	0.608	0.0	0.0
3	PDE4B	0.61985	0.838	0.498	0.0	0.0
3	HYLS1	0.618911866	0.667	0.194	0.0	0.0
3	NT5DC2	0.618729246	0.751	0.309	0.0	0.0
3	GAP43	0.618229114	0.49	0.13	0.0	0.0
3	PPIA	0.617696702	0.991	0.855	0.0	0.0
3	CSMD3	0.617332206	0.569	0.15	0.0	0.0
3	BUB3	0.61628015	0.767	0.354	0.0	0.0
3	CHD7	0.616102423	0.903	0.491	0.0	0.0
3	CSE1L	0.615030998	0.801	0.358	0.0	0.0
3	EXO1	0.613769203	0.537	0.073	0.0	0.0
3	MZT2B	0.613288385	0.973	0.737	0.0	0.0
3	USP1	0.613250499	0.859	0.496	0.0	0.0
3	COX17	0.613179136	0.89	0.536	0.0	0.0
3	PLCXD3	0.61288568	0.578	0.189	0.0	0.0
3	CHSY3	0.612846237	0.658	0.22	0.0	0.0
3	PSMB3	0.612738141	0.962	0.7	0.0	0.0
3	RBX1	0.611298959	0.891	0.538	0.0	0.0
3	KIF11	0.610861718	0.587	0.099	0.0	0.0
3	PSIP1	0.610659132	0.925	0.591	0.0	0.0
3	TIMM10	0.606371032	0.738	0.309	0.0	0.0
3	CDCA4	0.606079735	0.637	0.165	0.0	0.0
3	ELOB	0.605147476	0.982	0.78	0.0	0.0
3	CDKAL1	0.60506365	0.973	0.795	0.0	0.0
3	EPHA5-AS1	0.604318015	0.689	0.188	0.0	0.0
3	ERC2	0.603374152	0.861	0.48	0.0	0.0
3	RFX2	0.603178743	0.852	0.543	0.0	0.0
3	SPC24	0.602724396	0.583	0.078	0.0	0.0
3	NDUFA4	0.602587361	0.987	0.812	0.0	0.0
3	CTNNA2	0.602533272	0.522	0.151	0.0	0.0
3	FBXL5	0.60235266	0.893	0.539	0.0	0.0
3	NCAPD3	0.59951116	0.789	0.372	0.0	0.0
3	PTCHD4	0.59906468	0.624	0.137	0.0	0.0
3	FBN1	0.597745913	0.756	0.256	0.0	0.0
3	GRM3	0.597514401	0.565	0.142	0.0	0.0
3	SESTD1	0.597176961	0.839	0.405	0.0	0.0
3	ABCA5	0.597050757	0.875	0.422	0.0	0.0
3	TANC2	0.596748202	0.983	0.84	0.0	0.0
3	KHDRBS3	0.594533579	0.961	0.668	0.0	0.0
3	NDUFAB1	0.59233274	0.92	0.593	0.0	0.0
3	AC034195.1	0.591844659	0.832	0.353	0.0	0.0
3	NAV1	0.591175929	0.721	0.294	0.0	0.0
3	DOCK10	0.590064825	0.697	0.25	0.0	0.0
3	DDX39A	0.589094165	0.692	0.246	0.0	0.0
3	TROAP	0.58878233	0.503	0.072	0.0	0.0
3	NCAPH	0.58762838	0.566	0.073	0.0	0.0
3	TP73	0.586786293	0.721	0.231	0.0	0.0
3	DEPDC1B	0.586754743	0.625	0.151	0.0	0.0
3	C14orf132	0.586640428	0.771	0.325	0.0	0.0
3	SNRPF	0.586458084	0.941	0.639	0.0	0.0
3	ACTB	0.585121915	0.997	0.915	0.0	0.0
3	MIR4713HG	0.585024212	0.588	0.17	0.0	0.0
3	GNAI1	0.584827023	0.73	0.261	0.0	0.0
3	TFF3	0.583525346	0.851	0.538	0.0	0.0
3	LSM4	0.583106678	0.864	0.512	0.0	0.0
3	TUBG1	0.582564931	0.712	0.305	0.0	0.0
3	CMC2	0.582432147	0.76	0.332	0.0	0.0
3	KPNB1	0.582309044	0.973	0.779	0.0	0.0
3	MAP2	0.581968778	0.937	0.517	0.0	0.0
3	GMDS	0.581819029	0.928	0.631	0.0	0.0
3	FABP5	0.581579831	0.925	0.56	0.0	0.0
3	E2F7	0.581151271	0.575	0.109	0.0	0.0
3	EIF1	0.579707419	0.998	0.913	0.0	0.0
3	AMPH	0.578474911	0.67	0.191	0.0	0.0
3	HMGB3	0.57828775	0.709	0.287	0.0	0.0
3	TRIR	0.578003722	0.912	0.598	0.0	0.0
3	PLP2	0.577377246	0.81	0.434	0.0	0.0
3	RIC8B	0.57715162	0.827	0.457	0.0	0.0
3	CEP192	0.57646123	0.837	0.485	0.0	0.0
3	SIVA1	0.5754785	0.904	0.582	0.0	0.0
3	HEPACAM2	0.574698196	0.585	0.159	0.0	0.0
3	CHEK1	0.574005012	0.72	0.283	0.0	0.0
3	AURKA	0.57278524	0.545	0.106	0.0	0.0
3	EIF4EBP1	0.572412674	0.739	0.322	0.0	0.0
3	COX6A1	0.571932634	0.986	0.769	0.0	0.0
3	CAMK4	0.571704577	0.653	0.173	0.0	0.0
3	FCHSD2	0.571187789	0.932	0.625	0.0	0.0
3	HNRNPUL1	0.570596778	0.891	0.557	0.0	0.0
3	HECW2	0.570447946	0.624	0.184	0.0	0.0
3	XRCC2	0.569608365	0.562	0.108	0.0	0.0
3	ATP5B	0.569299446	0.932	0.642	0.0	0.0
3	SRP9	0.569052694	0.954	0.7	0.0	0.0
3	HRAS	0.567839193	0.696	0.247	0.0	0.0
3	UNC79	0.56750501	0.815	0.295	0.0	0.0
3	KIF5C	0.566887614	0.982	0.82	0.0	0.0
3	TUBA4A	0.564851048	0.642	0.18	0.0	0.0
3	MEGF11	0.563490343	0.657	0.221	0.0	0.0
3	NUDT1	0.563226515	0.645	0.207	0.0	0.0
3	SLC25A5	0.562383198	0.938	0.664	0.0	0.0
3	HMMR	0.560815449	0.545	0.101	0.0	0.0
3	MARCKSL1	0.56011925	0.984	0.808	0.0	0.0
3	GEN1	0.559975738	0.63	0.174	0.0	0.0
3	CENPO	0.559134568	0.591	0.124	0.0	0.0
3	ATP6V0B	0.55827617	0.911	0.61	0.0	0.0
3	C21orf58	0.557980029	0.692	0.231	0.0	0.0
3	GNB2	0.557924274	0.886	0.543	0.0	0.0
3	SLIRP	0.557769945	0.951	0.681	0.0	0.0
3	TRMT112	0.557502905	0.95	0.684	0.0	0.0
3	SCLT1	0.557368769	0.764	0.37	0.0	0.0
3	TTN	0.556961936	0.658	0.175	0.0	0.0
3	CCT5	0.556839544	0.883	0.549	0.0	0.0
3	SYT1	0.5563718	0.926	0.498	0.0	0.0
3	MRPL51	0.556252377	0.831	0.468	0.0	0.0
3	DEPDC1	0.555633207	0.53	0.08	0.0	0.0
3	ATP5O	0.55559132	0.899	0.563	0.0	0.0
3	BTG3	0.554868108	0.701	0.288	0.0	0.0
3	ASF1B	0.554115711	0.584	0.135	0.0	0.0
3	SHISA2	0.553656796	0.549	0.14	0.0	0.0
3	MYEF2	0.553565387	0.876	0.547	0.0	0.0
3	MYBL1	0.553347611	0.581	0.125	0.0	0.0
3	SLC7A1	0.552869526	0.731	0.316	0.0	0.0
3	TTK	0.55264826	0.527	0.082	0.0	0.0
3	GPSM2	0.551676346	0.72	0.312	0.0	0.0
3	CCNF	0.551433772	0.586	0.134	0.0	0.0
3	AURKAIP1	0.55094268	0.896	0.566	0.0	0.0
3	LIN9	0.550899243	0.611	0.152	0.0	0.0
3	PBX1	0.550640068	0.963	0.761	0.0	0.0
3	COL25A1	0.550601871	0.696	0.283	0.0	0.0
3	EID1	0.550557855	0.97	0.747	0.0	0.0
3	SMC3	0.550552646	0.78	0.389	0.0	0.0
3	CENPH	0.550392491	0.632	0.187	0.0	0.0
3	MASTL	0.549825561	0.595	0.149	0.0	0.0
3	KCNH1	0.548664079	0.642	0.192	0.0	0.0
3	BUB1B	0.547996228	0.527	0.074	0.0	0.0
3	KIF24	0.547797879	0.581	0.139	0.0	0.0
3	UQCR11	0.547749302	0.959	0.709	0.0	0.0
3	PARP1	0.547667385	0.871	0.55	0.0	0.0
3	SKA3	0.547478502	0.515	0.057	0.0	0.0
3	EIF1B	0.547268427	0.884	0.523	0.0	0.0
3	PSMB5	0.546857521	0.918	0.602	0.0	0.0
3	EXT1	0.545422447	0.955	0.734	0.0	0.0
3	SSBP2	0.54389327	0.913	0.563	0.0	0.0
3	LCORL	0.543003863	0.938	0.674	0.0	0.0
3	ATP2B2	0.542230433	0.691	0.196	0.0	0.0
3	HNRNPR	0.541924886	0.964	0.754	0.0	0.0
3	PLEKHA5	0.540830535	0.958	0.71	0.0	0.0
3	TOPBP1	0.539990148	0.81	0.419	0.0	0.0
3	FEN1	0.539949504	0.576	0.163	0.0	0.0
3	ITGB1	0.538833964	0.956	0.739	0.0	0.0
3	GNAQ	0.53857239	0.951	0.698	0.0	0.0
3	ADD2	0.538211791	0.653	0.218	0.0	0.0
3	NDUFS6	0.537472566	0.94	0.657	0.0	0.0
3	ATP5J	0.536875304	0.968	0.731	0.0	0.0
3	VKORC1	0.534031465	0.777	0.416	0.0	0.0
3	DNAJC9	0.532365744	0.947	0.724	0.0	0.0
3	CENPI	0.531274541	0.536	0.085	0.0	0.0
3	TTC28	0.530597735	0.91	0.641	0.0	0.0
3	CAPZB	0.530117035	0.948	0.686	0.0	0.0
3	PRAC2	0.530073667	0.649	0.342	0.0	0.0
3	SNRPD2	0.52956478	0.972	0.767	0.0	0.0
3	KIF1A	0.528943072	0.732	0.236	0.0	0.0
3	PBRM1	0.528452476	0.947	0.729	0.0	0.0
3	UHRF1	0.528115877	0.636	0.24	0.0	0.0
3	ATP5J2	0.527018149	0.914	0.6	0.0	0.0
3	CHGB	0.525519376	0.696	0.197	0.0	0.0
3	FANCD2	0.525195905	0.558	0.117	0.0	0.0
3	LINC01091	0.524815419	0.621	0.283	0.0	0.0
3	STAG1	0.52436236	0.975	0.824	0.0	0.0
3	ZNF519	0.523482312	0.639	0.195	0.0	0.0
3	PCBP3	0.522812264	0.844	0.5	0.0	0.0
3	NFIB	0.522505722	0.869	0.706	5.75e-271	1.5e-266
3	CALM3	0.522219814	0.828	0.466	0.0	0.0
3	COX6C	0.522142252	0.985	0.83	0.0	0.0
3	HACD3	0.522058511	0.947	0.687	0.0	0.0
3	UBE2I	0.521250668	0.879	0.553	0.0	0.0
3	PPM1G	0.521233045	0.9	0.609	0.0	0.0
3	SAP18	0.518965868	0.912	0.582	0.0	0.0
3	MTBP	0.518946645	0.729	0.286	0.0	0.0
3	G2E3	0.518739437	0.686	0.332	0.0	0.0
3	MND1	0.518122139	0.53	0.108	0.0	0.0
3	CAMTA1	0.518045315	0.97	0.77	0.0	0.0
3	JAKMIP2	0.517890898	0.694	0.195	0.0	0.0
3	ACOT7	0.517830028	0.719	0.301	0.0	0.0
3	IGF2BP3	0.516495168	0.633	0.168	0.0	0.0
3	EVL	0.515506955	0.879	0.516	0.0	0.0
3	LSM7	0.515363119	0.912	0.621	0.0	0.0
3	NECAB1	0.514949462	0.57	0.129	0.0	0.0
3	UNC80	0.512848042	0.756	0.281	0.0	0.0
3	LSM8	0.512197672	0.816	0.443	0.0	0.0
3	DGKH	0.512157723	0.662	0.258	0.0	0.0
3	ID1	0.512103223	0.647	0.254	0.0	0.0
3	CUEDC1	0.511919036	0.808	0.446	0.0	0.0
3	RNF182	0.511125893	0.589	0.136	0.0	0.0
3	LHFPL6	0.510540039	0.556	0.186	0.0	0.0
3	MMP16	0.510538251	0.592	0.175	0.0	0.0
3	CLIP2	0.509452909	0.712	0.33	0.0	0.0
3	ITGAE	0.508776956	0.761	0.377	0.0	0.0
3	DEFB1	0.508761825	0.535	0.123	0.0	0.0
3	NHSL1	0.50829258	0.834	0.491	0.0	0.0
3	CEP135	0.507547192	0.627	0.202	0.0	0.0
3	RSRC1	0.507339133	0.884	0.546	0.0	0.0
3	NUP58	0.507327727	0.861	0.491	0.0	0.0
3	SNHG6	0.506755869	0.984	0.818	0.0	0.0
3	ANKS1B	0.505496413	0.952	0.733	0.0	0.0
3	MYCBP2	0.505412583	0.886	0.555	0.0	0.0
3	GNAO1	0.505340225	0.622	0.16	0.0	0.0
3	ORC6	0.505187236	0.512	0.086	0.0	0.0
3	CCDC34	0.505171349	0.573	0.177	0.0	0.0
3	SMAD9	0.503933182	0.429	0.19	0.0	0.0
3	HIST1H1E	0.503880602	0.489	0.164	0.0	0.0
3	ALYREF	0.50385942	0.772	0.414	0.0	0.0
3	GABRB3	0.502903002	0.832	0.477	0.0	0.0
3	GNGT1	0.502404379	0.461	0.126	0.0	0.0
3	GTF2A2	0.501879375	0.866	0.531	0.0	0.0
3	PFDN2	0.501746401	0.878	0.558	0.0	0.0
3	BRCA2	0.500682647	0.492	0.082	0.0	0.0
3	STRAP	0.500267297	0.905	0.602	0.0	0.0
3	UNK	0.499498568	0.868	0.537	0.0	0.0
3	DENND5B	0.499207869	0.797	0.437	0.0	0.0
3	HNRNPA1	0.498838307	0.978	0.789	0.0	0.0
3	SEC61G	0.49745327	0.937	0.667	0.0	0.0
3	MRPL20	0.496340788	0.931	0.673	0.0	0.0
3	DBF4B	0.496288256	0.556	0.146	0.0	0.0
3	BAZ1B	0.495913596	0.891	0.588	0.0	0.0
3	CENPJ	0.495912193	0.553	0.118	0.0	0.0
3	PLK1	0.495850848	0.4	0.056	0.0	0.0
3	WDR76	0.495829928	0.697	0.34	0.0	0.0
3	RAD18	0.495761742	0.689	0.282	0.0	0.0
3	OSBPL3	0.49544055	0.645	0.221	0.0	0.0
3	UQCRH	0.494955908	0.979	0.807	0.0	0.0
3	LIN28B	0.494534737	0.679	0.239	0.0	0.0
3	NDUFA11	0.494050412	0.865	0.514	0.0	0.0
3	HNRNPA3	0.493402014	0.959	0.762	0.0	0.0
3	UBALD2	0.492575885	0.628	0.272	0.0	0.0
3	MXD3	0.491743154	0.499	0.083	0.0	0.0
3	C15orf61	0.490686783	0.731	0.363	0.0	0.0
3	HJURP	0.49051705	0.625	0.186	0.0	0.0
3	AL589740.1	0.489298121	0.65	0.208	0.0	0.0
3	DCAF7	0.489196018	0.925	0.685	0.0	0.0
3	OSBPL6	0.489189837	0.871	0.548	0.0	0.0
3	CRIP2	0.488883236	0.72	0.329	0.0	0.0
3	AC010615.2	0.48864009	0.643	0.239	0.0	0.0
3	CDC27	0.488565183	0.922	0.679	0.0	0.0
3	AC097717.1	0.48851652	0.44	0.065	0.0	0.0
3	PPIF	0.488406686	0.728	0.353	0.0	0.0
3	SNRPC	0.48793946	0.8	0.436	0.0	0.0
3	EPHA3	0.48774391	0.674	0.196	0.0	0.0
3	CSNK2B	0.487100928	0.827	0.484	0.0	0.0
3	ARL6IP1	0.487043672	0.84	0.593	9.45e-270	2.47e-265
3	GPX1	0.486844899	0.896	0.632	0.0	0.0
3	HNRNPDL	0.486500372	0.973	0.78	0.0	0.0
3	CEP85L	0.486318932	0.675	0.239	0.0	0.0
3	NRSN1	0.484362027	0.609	0.157	0.0	0.0
3	TK1	0.484249396	0.542	0.129	0.0	0.0
3	KIF18A	0.483929452	0.483	0.086	0.0	0.0
3	CEP57	0.483568098	0.82	0.485	0.0	0.0
3	FANCB	0.483514759	0.526	0.102	0.0	0.0
3	ACYP1	0.483183779	0.741	0.372	0.0	0.0
3	EYA2	0.482896158	0.782	0.437	0.0	0.0
3	TUBGCP3	0.482833826	0.696	0.319	0.0	0.0
3	TIMELESS	0.48207504	0.613	0.212	0.0	0.0
3	DRGX	0.481513245	0.543	0.129	0.0	0.0
3	TFDP1	0.480884298	0.76	0.399	0.0	0.0
3	RBM8A	0.480827192	0.911	0.624	0.0	0.0
3	IFI27L2	0.480314547	0.604	0.166	0.0	0.0
3	WASF1	0.47993136	0.785	0.377	0.0	0.0
3	MARCH11	0.479848237	0.514	0.109	0.0	0.0
3	LRR1	0.478807896	0.581	0.178	0.0	0.0
3	KRT10	0.477717014	0.968	0.738	0.0	0.0
3	MEX3A	0.476519393	0.615	0.233	0.0	0.0
3	CCDC18	0.475896563	0.647	0.257	0.0	0.0
3	CHST8	0.4756872	0.831	0.436	0.0	0.0
3	GADD45A	0.475585819	0.695	0.352	0.0	0.0
3	TXN	0.475426044	0.975	0.786	0.0	0.0
3	UNCX	0.475400122	0.538	0.122	0.0	0.0
3	SAP30	0.47502934	0.659	0.274	0.0	0.0
3	CDCA2	0.473848682	0.479	0.08	0.0	0.0
3	MNX1	0.473579168	0.581	0.212	0.0	0.0
3	GINS1	0.473165478	0.592	0.191	0.0	0.0
3	H2AFV	0.472711737	0.948	0.682	0.0	0.0
3	COX5B	0.472405007	0.971	0.757	0.0	0.0
3	TPD52	0.472281435	0.972	0.782	0.0	0.0
3	FBXO43	0.472082097	0.451	0.056	0.0	0.0
3	PARPBP	0.472076228	0.701	0.235	0.0	0.0
3	CDC25B	0.472052768	0.546	0.137	0.0	0.0
3	L3MBTL4	0.471599337	0.882	0.554	0.0	0.0
3	BACH2	0.47127995	0.66	0.336	0.0	0.0
3	KIF19	0.471265828	0.614	0.189	0.0	0.0
3	DNMT1	0.471139783	0.832	0.517	0.0	0.0
3	DPYSL5	0.469418107	0.742	0.373	0.0	0.0
3	NDUFA6	0.468853469	0.71	0.344	0.0	0.0
3	SPATS2L	0.468792844	0.962	0.757	0.0	0.0
3	HNRNPD	0.468119319	0.977	0.812	0.0	0.0
3	LIG1	0.468064465	0.582	0.212	0.0	0.0
3	ALDOA	0.468045139	0.922	0.678	0.0	0.0
3	CACNG4	0.467894762	0.645	0.24	0.0	0.0
3	CORO1C	0.467880153	0.858	0.5	0.0	0.0
3	PSMB2	0.46740665	0.766	0.408	0.0	0.0
3	TMSB15A	0.466889436	0.768	0.393	0.0	0.0
3	KATNAL1	0.466369755	0.677	0.275	0.0	0.0
3	ATP5G1	0.466342605	0.933	0.673	0.0	0.0
3	PHIP	0.466324388	0.917	0.654	0.0	0.0
3	NKX2-2	0.466174267	0.539	0.129	0.0	0.0
3	NREP	0.465847881	0.77	0.41	0.0	0.0
3	RB1	0.465582119	0.805	0.472	0.0	0.0
3	KLF12	0.464961352	0.856	0.512	0.0	0.0
3	RAD51AP1	0.463677797	0.485	0.089	0.0	0.0
3	NUP107	0.462964203	0.772	0.406	0.0	0.0
3	SOX2	0.462548185	0.477	0.117	0.0	0.0
3	KSR1	0.462492977	0.699	0.331	0.0	0.0
3	SELENOK	0.46210498	0.859	0.524	0.0	0.0
3	E2F3	0.461448243	0.798	0.497	0.0	0.0
3	KHDRBS1	0.461357804	0.959	0.748	0.0	0.0
3	MARCKS	0.461017608	0.977	0.796	0.0	0.0
3	CEP78	0.460816214	0.704	0.313	0.0	0.0
3	MPP6	0.460082865	0.846	0.461	0.0	0.0
3	CEP295	0.459600087	0.617	0.225	0.0	0.0
3	DSCC1	0.459527519	0.505	0.121	0.0	0.0
3	LGALS1	0.459024946	0.655	0.385	7.88e-290	2.0599999999999997e-285
3	GNB1	0.458984522	0.973	0.812	0.0	0.0
3	IPO9	0.456879406	0.856	0.558	0.0	0.0
3	MCM3	0.456487571	0.725	0.396	0.0	0.0
3	DNAJC12	0.455835767	0.836	0.468	0.0	0.0
3	NEK2	0.45577832	0.418	0.066	0.0	0.0
3	CCNE2	0.455327811	0.718	0.419	0.0	0.0
3	XRCC5	0.454531402	0.975	0.806	0.0	0.0
3	LINC01122	0.454133961	0.58	0.179	0.0	0.0
3	LINC02113	0.45368008	0.652	0.2	0.0	0.0
3	SRSF10	0.45364924	0.948	0.728	0.0	0.0
3	MAZ	0.453545019	0.791	0.44	0.0	0.0
3	LIN54	0.453213295	0.701	0.323	0.0	0.0
3	E2F1	0.453113271	0.49	0.137	0.0	0.0
3	BCL11B	0.4528082	0.537	0.119	0.0	0.0
3	NDUFAF8	0.452482912	0.863	0.558	0.0	0.0
3	MYL6B	0.45230312	0.813	0.471	0.0	0.0
3	NDUFS5	0.452299534	0.962	0.726	0.0	0.0
3	SATB1	0.4522811	0.564	0.137	0.0	0.0
3	TTL	0.452068675	0.682	0.295	0.0	0.0
3	ID4	0.451760035	0.578	0.189	0.0	0.0
3	SMC1A	0.451699478	0.811	0.484	0.0	0.0
3	PTPRZ1	0.451671451	0.595	0.166	0.0	0.0
3	SEM1	0.451612991	0.971	0.769	0.0	0.0
3	ILF3	0.451476827	0.902	0.624	0.0	0.0
3	PKMYT1	0.450458433	0.435	0.047	0.0	0.0
3	ETV5	0.450344298	0.595	0.158	0.0	0.0
3	SEZ6	0.450194054	0.649	0.241	0.0	0.0
3	HMGN1	0.449786505	0.921	0.639	0.0	0.0
3	GDAP1	0.449574631	0.811	0.412	0.0	0.0
3	MBNL2	0.44935132	0.91	0.572	0.0	0.0
3	MIB1	0.448951934	0.94	0.726	0.0	0.0
3	PHACTR1	0.448394143	0.792	0.475	0.0	0.0
3	CEP170	0.447717092	0.843	0.509	0.0	0.0
3	LINGO1	0.447259708	0.561	0.146	0.0	0.0
3	BCL11A	0.446882432	0.531	0.123	0.0	0.0
3	PBX3	0.445822116	0.905	0.667	0.0	0.0
3	ZNF711	0.445381063	0.583	0.14	0.0	0.0
3	RAP1GDS1	0.445198669	0.829	0.489	0.0	0.0
3	SYN2	0.445087865	0.661	0.268	0.0	0.0
3	PSMC3IP	0.444899192	0.505	0.146	0.0	0.0
3	SRSF3	0.444745912	0.978	0.801	0.0	0.0
3	SOX6	0.444577152	0.68	0.399	0.0	0.0
3	POLE4	0.444347568	0.763	0.435	0.0	0.0
3	TRAK1	0.444197642	0.725	0.342	0.0	0.0
3	AP3S1	0.444102471	0.833	0.482	0.0	0.0
3	CTNNA3	0.4434779	0.8	0.434	0.0	0.0
3	CHAF1A	0.4434717	0.641	0.279	0.0	0.0
3	PKM	0.442639377	0.942	0.703	0.0	0.0
3	ASRGL1	0.442376412	0.736	0.376	0.0	0.0
3	CDKN2A	0.442356224	0.925	0.634	0.0	0.0
3	HMGA1	0.442238146	0.562	0.184	0.0	0.0
3	ELOC	0.441922456	0.954	0.695	0.0	0.0
3	TBC1D31	0.441454645	0.59	0.209	0.0	0.0
3	ATP1B1	0.441011225	0.879	0.539	0.0	0.0
3	GTDC1	0.440599806	0.718	0.357	0.0	0.0
3	PIBF1	0.440514807	0.902	0.595	0.0	0.0
3	POLR2J	0.440448839	0.814	0.493	0.0	0.0
3	GAB2	0.440069054	0.75	0.375	0.0	0.0
3	HNRNPA2B1	0.439622719	0.991	0.898	0.0	0.0
3	RELN	0.439540745	0.428	0.143	0.0	0.0
3	UQCRQ	0.439320492	0.976	0.781	0.0	0.0
3	GNG2	0.438418609	0.569	0.17	0.0	0.0
3	ST18	0.437983394	0.689	0.211	0.0	0.0
3	ABLIM1	0.437138437	0.673	0.337	0.0	0.0
3	FAU	0.436555972	0.991	0.828	0.0	0.0
3	C3orf67	0.435861312	0.692	0.312	0.0	0.0
3	PDE6D	0.435844788	0.668	0.293	0.0	0.0
3	FAM111B	0.43552204	0.641	0.295	0.0	0.0
3	MAP4K4	0.435387283	0.935	0.689	0.0	0.0
3	C14orf2	0.435165984	0.945	0.687	0.0	0.0
3	DHPS	0.434876744	0.657	0.307	0.0	0.0
3	PRIM2	0.434374032	0.801	0.493	0.0	0.0
3	MED4	0.434001707	0.793	0.438	0.0	0.0
3	SESN3	0.433968551	0.814	0.469	0.0	0.0
3	RGS7	0.433914479	0.7	0.219	0.0	0.0
3	MAD1L1	0.433411975	0.771	0.401	0.0	0.0
3	DEK	0.433177936	0.976	0.801	0.0	0.0
3	TXNL4A	0.432653551	0.779	0.437	0.0	0.0
3	ANO3	0.432578128	0.527	0.141	0.0	0.0
3	POLA2	0.432395281	0.574	0.201	0.0	0.0
3	PSMB1	0.432063796	0.961	0.736	0.0	0.0
3	LINP1	0.431860283	0.416	0.09	0.0	0.0
3	RBL1	0.431363428	0.729	0.39	0.0	0.0
3	JPH1	0.429476781	0.632	0.252	0.0	0.0
3	RPS16	0.42922961	0.996	0.899	0.0	0.0
3	ARHGEF7	0.429171574	0.812	0.447	0.0	0.0
3	DNMT3A	0.428919592	0.804	0.449	0.0	0.0
3	CMSS1	0.428879861	0.933	0.672	0.0	0.0
3	CLTB	0.4277092	0.769	0.447	0.0	0.0
3	ATP5D	0.42761848	0.891	0.608	0.0	0.0
3	PTPRM	0.427110527	0.703	0.308	0.0	0.0
3	FGF12	0.426398474	0.67	0.357	0.0	0.0
3	RPS10	0.426148501	0.888	0.58	0.0	0.0
3	KLHL23	0.426029278	0.891	0.607	0.0	0.0
3	GPRIN1	0.424599071	0.571	0.174	0.0	0.0
3	SMARCD1	0.424509016	0.712	0.349	0.0	0.0
3	MYO10	0.424363087	0.906	0.693	0.0	0.0
3	RPS5	0.424207791	0.992	0.861	0.0	0.0
3	AC106798.1	0.424016519	0.573	0.157	0.0	0.0
3	MYO1B	0.423219985	0.817	0.504	0.0	0.0
3	POLR2K	0.422749236	0.894	0.603	0.0	0.0
3	FABP6	0.422616474	0.555	0.15	0.0	0.0
3	MIS18A	0.422371988	0.586	0.22	0.0	0.0
3	PCBP4	0.422348792	0.586	0.19	0.0	0.0
3	SUPT16H	0.422033589	0.893	0.633	0.0	0.0
3	ATP6V1F	0.422021597	0.837	0.537	0.0	0.0
3	ZNF738	0.421961805	0.601	0.216	0.0	0.0
3	TMPRSS3	0.421845672	0.606	0.259	0.0	0.0
3	HAUS8	0.421816537	0.489	0.119	0.0	0.0
3	UBA2	0.421595769	0.903	0.632	0.0	0.0
3	IRF2BPL	0.421442621	0.643	0.301	0.0	0.0
3	POU3F1	0.421161452	0.509	0.153	0.0	0.0
3	CDH4	0.42115154	0.471	0.157	0.0	0.0
3	CARHSP1	0.420963477	0.736	0.393	0.0	0.0
3	NRGN	0.420859805	0.505	0.135	0.0	0.0
3	PHTF2	0.42078625	0.819	0.477	0.0	0.0
3	CNIH2	0.420311889	0.483	0.115	0.0	0.0
3	NBL1	0.419917357	0.48	0.187	0.0	0.0
3	AGO2	0.419668006	0.923	0.677	0.0	0.0
3	POLR1D	0.418466489	0.799	0.468	0.0	0.0
3	KIF21A	0.417479434	0.874	0.557	0.0	0.0
3	PPP1CC	0.417312501	0.83	0.54	0.0	0.0
3	YAF2	0.417146471	0.775	0.451	0.0	0.0
3	CDC6	0.41630356	0.472	0.128	0.0	0.0
3	SYNE2	0.416149141	0.945	0.753	0.0	0.0
3	BLOC1S1	0.415224489	0.689	0.356	0.0	0.0
3	ARL16	0.415197132	0.722	0.382	0.0	0.0
3	PLCL2	0.415143909	0.615	0.23	0.0	0.0
3	DPYSL3	0.414822844	0.786	0.463	0.0	0.0
3	NDUFB10	0.414800852	0.918	0.649	0.0	0.0
3	NR6A1	0.414507869	0.627	0.221	0.0	0.0
3	ZNF706	0.414355815	0.921	0.673	0.0	0.0
3	N4BP2	0.414126946	0.786	0.478	0.0	0.0
3	ZNF93	0.414086384	0.603	0.24	0.0	0.0
3	NDUFA12	0.413913744	0.864	0.564	0.0	0.0
3	JADE1	0.413667967	0.658	0.308	0.0	0.0
3	HID1	0.413645724	0.714	0.348	0.0	0.0
3	SORCS2	0.413095321	0.488	0.12	0.0	0.0
3	HSPA12A	0.412629561	0.55	0.176	0.0	0.0
3	CAMK2D	0.412323091	0.78	0.461	0.0	0.0
3	SRRM4	0.41210434	0.602	0.176	0.0	0.0
3	SPAG5	0.412046658	0.449	0.073	0.0	0.0
3	HDGF	0.411726201	0.725	0.391	0.0	0.0
3	RIPPLY3	0.411636511	0.478	0.146	0.0	0.0
3	KIAA1324L	0.411191243	0.626	0.217	0.0	0.0
3	CYP7B1	0.411148651	0.769	0.438	0.0	0.0
3	FAM49B	0.411083154	0.913	0.643	0.0	0.0
3	GRIK2	0.411070343	0.603	0.27	0.0	0.0
3	DTD1	0.410914912	0.836	0.518	0.0	0.0
3	CRABP1	0.410863136	0.442	0.131	0.0	0.0
3	SSX2IP	0.410695239	0.69	0.345	0.0	0.0
3	RRM1	0.410278677	0.606	0.256	0.0	0.0
3	MED27	0.410219999	0.829	0.507	0.0	0.0
3	LHX3	0.41017666	0.433	0.095	0.0	0.0
3	TENM2	0.409992143	0.458	0.154	0.0	0.0
3	IQGAP3	0.409178895	0.442	0.065	0.0	0.0
3	AGMO	0.409132984	0.475	0.14	0.0	0.0
3	SRPK1	0.408756849	0.845	0.532	0.0	0.0
3	PODXL	0.408749325	0.662	0.252	0.0	0.0
3	RAD54B	0.406621773	0.496	0.115	0.0	0.0
3	ARL6IP6	0.406268474	0.748	0.414	0.0	0.0
3	ADAMTS7	0.405423692	0.488	0.132	0.0	0.0
3	HNRNPM	0.405364907	0.96	0.743	0.0	0.0
3	AGAP1	0.405092522	0.943	0.759	0.0	0.0
3	SNCG	0.40453749	0.482	0.105	0.0	0.0
3	ATP5G3	0.404402919	0.94	0.68	0.0	0.0
3	CPLX2	0.404112382	0.536	0.124	0.0	0.0
3	PPM1D	0.403513079	0.805	0.485	0.0	0.0
3	COX5A	0.403307882	0.89	0.603	0.0	0.0
3	KIF26B	0.402858777	0.437	0.151	0.0	0.0
3	RPS7	0.402744681	0.998	0.914	0.0	0.0
3	ONECUT2	0.40211155	0.657	0.3	0.0	0.0
3	VPS29	0.402095278	0.817	0.512	0.0	0.0
3	NUP160	0.40140656	0.753	0.396	0.0	0.0
3	EPHA4	0.401358173	0.462	0.196	0.0	0.0
3	ANK1	0.401306729	0.514	0.128	0.0	0.0
3	EBF3	0.401252677	0.375	0.071	0.0	0.0
3	MAGOH	0.401001405	0.763	0.443	0.0	0.0
3	CCP110	0.400707986	0.73	0.402	0.0	0.0
3	GUK1	0.398807257	0.866	0.57	0.0	0.0
3	CCT3	0.398153747	0.926	0.674	0.0	0.0
3	UBE2D2	0.398003171	0.953	0.743	0.0	0.0
3	LRRK1	0.397973278	0.628	0.394	1.75e-243	4.57e-239
3	ADD3	0.397734518	0.554	0.196	0.0	0.0
3	LOXL1	0.397667877	0.546	0.187	0.0	0.0
3	SPRED2	0.397426217	0.907	0.695	8.57e-295	2.24e-290
3	KPNA3	0.397407123	0.762	0.407	0.0	0.0
3	EIF3K	0.396720148	0.891	0.629	0.0	0.0
3	DLEU1	0.396469454	0.784	0.454	0.0	0.0
3	TEX30	0.395876958	0.474	0.11	0.0	0.0
3	DSN1	0.395535654	0.57	0.237	0.0	0.0
3	AMIGO2	0.395126969	0.521	0.203	0.0	0.0
3	TMEM106C	0.394724515	0.795	0.499	0.0	0.0
3	CDK14	0.393324044	0.931	0.758	4.85e-254	1.2699999999999998e-249
3	DAB1	0.393131936	0.698	0.413	0.0	0.0
3	NDUFB9	0.392727776	0.934	0.685	0.0	0.0
3	FOXM1	0.391855112	0.428	0.067	0.0	0.0
3	RTN3	0.391839721	0.956	0.784	0.0	0.0
3	PRPF8	0.391763349	0.81	0.501	0.0	0.0
3	GPI	0.391164274	0.819	0.55	0.0	0.0
3	PPIH	0.390800793	0.642	0.296	0.0	0.0
3	SCN11A	0.390408414	0.488	0.111	0.0	0.0
3	UQCR10	0.390084671	0.93	0.68	0.0	0.0
3	CEP112	0.389877383	0.715	0.455	2.3499999999999997e-267	6.16e-263
3	ALG5	0.388800714	0.641	0.293	0.0	0.0
3	CCM2	0.388378055	0.66	0.314	0.0	0.0
3	MCM7	0.388036847	0.595	0.266	0.0	0.0
3	CACNA2D2	0.387838962	0.723	0.347	0.0	0.0
3	PSMD8	0.387823563	0.884	0.601	0.0	0.0
3	XPO1	0.387681056	0.9	0.644	0.0	0.0
3	C12orf57	0.387583427	0.794	0.486	0.0	0.0
3	CEP85	0.387243295	0.57	0.209	0.0	0.0
3	NIM1K	0.387043359	0.569	0.202	0.0	0.0
3	BEST3	0.386941011	0.418	0.107	0.0	0.0
3	SF3B2	0.386875798	0.841	0.554	0.0	0.0
3	ASXL3	0.386431913	0.558	0.151	0.0	0.0
3	PRELID2	0.386195846	0.561	0.233	0.0	0.0
3	PSPC1	0.386192664	0.885	0.623	0.0	0.0
3	DCP2	0.386087218	0.67	0.325	0.0	0.0
3	NDUFB8	0.386073293	0.699	0.359	0.0	0.0
3	RPL18A	0.385877779	0.993	0.883	0.0	0.0
3	IGFBP4	0.385716158	0.405	0.062	0.0	0.0
3	PELI2	0.385125744	0.633	0.273	0.0	0.0
3	PER2	0.384558677	0.651	0.303	0.0	0.0
3	PCMT1	0.383710513	0.869	0.574	0.0	0.0
3	CELF4	0.383109715	0.542	0.147	0.0	0.0
3	NCAPD2	0.383012851	0.456	0.101	0.0	0.0
3	APOLD1	0.382940942	0.398	0.115	0.0	0.0
3	SLC16A7	0.382785923	0.509	0.136	0.0	0.0
3	MAOB	0.382715557	0.561	0.154	0.0	0.0
3	PGAP1	0.382615038	0.763	0.455	0.0	0.0
3	HDAC5	0.382521395	0.694	0.366	0.0	0.0
3	NPM1	0.38234752	0.983	0.826	0.0	0.0
3	NDC1	0.382188988	0.542	0.2	0.0	0.0
3	ZNF85	0.38217101	0.524	0.162	0.0	0.0
3	LRRTM3	0.381561564	0.54	0.185	0.0	0.0
3	TRIM13	0.381483993	0.737	0.386	0.0	0.0
3	AF241726.2	0.38094536	0.528	0.204	0.0	0.0
3	TNNT1	0.380868487	0.697	0.383	0.0	0.0
3	RPS19	0.380850691	0.997	0.94	0.0	0.0
3	RPS13	0.380132064	0.987	0.841	1.34e-297	3.5e-293
3	PEX5L	0.379955618	0.57	0.192	0.0	0.0
3	HSBP1	0.379659466	0.83	0.524	0.0	0.0
3	LPAR3	0.379607168	0.526	0.169	0.0	0.0
3	RIMBP2	0.37930139	0.63	0.247	0.0	0.0
3	SETBP1	0.378931598	0.824	0.517	0.0	0.0
3	GNA11	0.37890623	0.684	0.343	0.0	0.0
3	PRPF6	0.378902597	0.793	0.486	0.0	0.0
3	SNX10	0.378484481	0.489	0.109	0.0	0.0
3	JAK1	0.37842862	0.754	0.469	0.0	0.0
3	PKP4	0.37810551	0.885	0.625	1.2599999999999999e-304	3.2899999999999996e-300
3	C3orf14	0.37784682	0.584	0.241	0.0	0.0
3	RPL21	0.377740435	0.992	0.886	0.0	0.0
3	GPRIN3	0.377507507	0.511	0.146	0.0	0.0
3	TRIP13	0.377167743	0.41	0.061	0.0	0.0
3	MYO16	0.376822715	0.359	0.09	0.0	0.0
3	PHC2	0.376546893	0.798	0.485	0.0	0.0
3	DIXDC1	0.376533163	0.701	0.355	0.0	0.0
3	NDUFB7	0.375772902	0.886	0.609	0.0	0.0
3	BRINP1	0.375742983	0.542	0.187	0.0	0.0
3	ZNF43	0.375538966	0.783	0.452	0.0	0.0
3	IMMP1L	0.375347481	0.68	0.325	0.0	0.0
3	NDUFB3	0.375311875	0.829	0.527	0.0	0.0
3	FANCA	0.375102555	0.509	0.16	0.0	0.0
3	XRCC4	0.375000847	0.54	0.196	0.0	0.0
3	HP1BP3	0.37453339	0.946	0.756	0.0	0.0
3	LARGE1	0.374048007	0.727	0.412	0.0	0.0
3	MRPL22	0.374018325	0.696	0.369	0.0	0.0
3	PKD2	0.373619662	0.785	0.467	0.0	0.0
3	FSCN1	0.373109727	0.55	0.205	0.0	0.0
3	LIMD2	0.373017623	0.59	0.231	0.0	0.0
3	RAB3C	0.373015508	0.47	0.126	0.0	0.0
3	BSG	0.372998425	0.851	0.577	0.0	0.0
3	ARSB	0.372142545	0.483	0.155	0.0	0.0
3	EIF4EBP2	0.372112004	0.882	0.608	0.0	0.0
3	CSMD2	0.371990226	0.388	0.087	0.0	0.0
3	TRAPPC9	0.371706118	0.949	0.784	0.0	0.0
3	AC074237.1	0.371434437	0.458	0.125	0.0	0.0
3	DLG2	0.371314864	0.8	0.6	1.24e-178	3.26e-174
3	SMARCA4	0.370988277	0.878	0.618	0.0	0.0
3	BOLA3	0.370773975	0.748	0.438	0.0	0.0
3	GPR173	0.370578924	0.583	0.165	0.0	0.0
3	USP49	0.370567114	0.65	0.317	0.0	0.0
3	TMEM97	0.370433816	0.67	0.348	0.0	0.0
3	TPI1	0.37041842	0.866	0.591	9.85e-288	2.58e-283
3	EXOSC8	0.370352942	0.533	0.188	0.0	0.0
3	SPATA5	0.370178146	0.784	0.467	0.0	0.0
3	LMNB2	0.370033945	0.547	0.196	0.0	0.0
3	PRELID1	0.369351243	0.818	0.536	0.0	0.0
3	POP7	0.369336902	0.609	0.281	0.0	0.0
3	EPHB1	0.369224983	0.554	0.176	0.0	0.0
3	MIAT	0.368753159	0.638	0.2	0.0	0.0
3	ZNF66	0.368621847	0.558	0.201	0.0	0.0
3	ZNF682	0.368498052	0.55	0.197	0.0	0.0
3	LSM2	0.368057435	0.749	0.434	0.0	0.0
3	LNPK	0.367971464	0.775	0.449	0.0	0.0
3	ARID1A	0.367835059	0.909	0.665	0.0	0.0
3	DYNLT1	0.367430266	0.928	0.674	1.67e-306	4.3600000000000005e-302
3	PSMA2	0.367327916	0.671	0.336	0.0	0.0
3	SNRNP25	0.366985578	0.663	0.348	0.0	0.0
3	SYP	0.366740166	0.55	0.175	0.0	0.0
3	DNAJC6	0.366661356	0.674	0.308	0.0	0.0
3	KIF20A	0.366660212	0.353	0.05	0.0	0.0
3	CDC25A	0.366656973	0.412	0.079	0.0	0.0
3	AKAP6	0.366378024	0.695	0.354	0.0	0.0
3	ZNF385A	0.365784591	0.515	0.172	0.0	0.0
3	PDE7A	0.36470899	0.884	0.599	0.0	0.0
3	INTS7	0.364705792	0.681	0.344	0.0	0.0
3	DUSP6	0.364433065	0.554	0.209	0.0	0.0
3	ST8SIA2	0.364312375	0.456	0.108	0.0	0.0
3	C9orf40	0.364236539	0.46	0.132	0.0	0.0
3	PCSK1N	0.363974356	0.895	0.635	2.6600000000000002e-291	6.96e-287
3	MREG	0.363967576	0.629	0.249	0.0	0.0
3	CALM1	0.363592028	0.984	0.796	0.0	0.0
3	AC016717.2	0.363521228	0.466	0.095	0.0	0.0
3	IKBIP	0.362643128	0.563	0.228	0.0	0.0
3	ESCO2	0.362620998	0.372	0.046	0.0	0.0
3	RAB3IP	0.361565576	0.841	0.553	0.0	0.0
3	QSER1	0.361288691	0.563	0.203	0.0	0.0
3	CHCHD3	0.361166709	0.926	0.694	0.0	0.0
3	RFC4	0.360884014	0.539	0.21	0.0	0.0
3	SIK3	0.360709304	0.942	0.723	2.2699999999999998e-280	5.9300000000000006e-276
3	HS3ST3B1	0.360364349	0.499	0.163	0.0	0.0
3	PPP1CA	0.360210071	0.758	0.462	0.0	0.0
3	RPL8	0.360151485	0.998	0.929	5.9e-279	1.55e-274
3	HGNC:24955	0.359604951	0.481	0.107	0.0	0.0
3	AMTN	0.359331431	0.289	0.046	0.0	0.0
3	KLF10	0.359285201	0.705	0.404	0.0	0.0
3	ATP5E	0.358440879	0.992	0.871	0.0	0.0
3	POLA1	0.358315444	0.78	0.527	5.699999999999999e-270	1.49e-265
3	PARK7	0.358309175	0.957	0.738	1.96e-273	5.13e-269
3	EIF5A	0.358201211	0.704	0.38	0.0	0.0
3	C1orf112	0.358072712	0.466	0.131	0.0	0.0
3	TSHZ2	0.357899013	0.805	0.613	3.2e-194	8.38e-190
3	TMA7	0.357583939	0.983	0.828	2.9000000000000003e-272	7.59e-268
3	MSH2	0.357388195	0.804	0.532	0.0	0.0
3	BRINP2	0.35656273	0.407	0.114	0.0	0.0
3	YWHAH	0.356293241	0.748	0.437	0.0	0.0
3	PLEKHO1	0.356028154	0.561	0.224	0.0	0.0
3	GNAS	0.356015059	0.991	0.907	2.4999999999999997e-298	6.53e-294
3	SLC25A3	0.355862363	0.93	0.696	9.849999999999999e-277	2.5800000000000002e-272
3	POLE2	0.355682749	0.578	0.252	0.0	0.0
3	PCLO	0.355307621	0.811	0.483	0.0	0.0
3	TMEM38B	0.355132498	0.56	0.228	0.0	0.0
3	PLCB4	0.355111572	0.746	0.449	0.0	0.0
3	PTPRO	0.355070096	0.465	0.135	0.0	0.0
3	FOXK2	0.354771786	0.915	0.685	0.0	0.0
3	NEURL1B	0.354682525	0.561	0.215	0.0	0.0
3	CIRBP	0.354555654	0.962	0.77	1.6e-265	4.2e-261
3	COX4I1	0.354527854	0.919	0.665	1.3599999999999999e-288	3.57e-284
3	HADH	0.354265375	0.635	0.333	0.0	0.0
3	PSMB6	0.35408123	0.865	0.587	3.66e-299	9.59e-295
3	TCERG1	0.35366408	0.843	0.559	0.0	0.0
3	HMGN3	0.353077743	0.954	0.762	1.22e-240	3.18e-236
3	ARMC1	0.35306909	0.744	0.438	0.0	0.0
3	LINC00261	0.352962533	0.434	0.093	0.0	0.0
3	TMEM160	0.352355864	0.637	0.316	0.0	0.0
3	CKLF	0.352253679	0.561	0.255	0.0	0.0
3	RPA3	0.352210944	0.76	0.462	0.0	0.0
3	PSMD14	0.351851142	0.885	0.618	0.0	0.0
3	NDUFS8	0.351827683	0.844	0.555	0.0	0.0
3	SEPT6	0.351793294	0.675	0.35	0.0	0.0
3	USP11	0.351253129	0.726	0.418	0.0	0.0
3	EIF5	0.351154601	0.916	0.675	6.26e-268	1.6399999999999997e-263
3	CCAR1	0.351105567	0.95	0.785	1.0600000000000001e-302	2.78e-298
3	IFI27L1	0.350929844	0.593	0.264	0.0	0.0
3	AC007240.1	0.350748647	0.359	0.042	0.0	0.0
3	MRPL47	0.350461551	0.75	0.434	0.0	0.0
3	PCBP2	0.350383931	0.955	0.766	5.6200000000000005e-276	1.4700000000000002e-271
3	CCDC74A	0.350055776	0.651	0.338	0.0	0.0
3	HMGCS1	0.349704147	0.796	0.494	0.0	0.0
3	CDK4	0.349585941	0.734	0.431	0.0	0.0
3	RAB39A	0.349535353	0.489	0.16	0.0	0.0
3	FGGY	0.349486585	0.854	0.582	0.0	0.0
3	SLC35G2	0.349393682	0.633	0.268	0.0	0.0
3	INCENP	0.349261119	0.386	0.062	0.0	0.0
3	RPA2	0.34900154	0.63	0.316	0.0	0.0
3	BEX3	0.348900211	0.967	0.771	2.3200000000000003e-252	6.06e-248
3	PTPRD	0.348650052	0.832	0.704	5.71e-88	1.49e-83
3	HIRIP3	0.348576996	0.49	0.169	0.0	0.0
3	PRICKLE2	0.347723504	0.561	0.216	0.0	0.0
3	PSMC5	0.34751364	0.817	0.537	7.499999999999999e-304	1.96e-299
3	PCDH15	0.347384593	0.462	0.105	0.0	0.0
3	SLIT1	0.347190894	0.523	0.164	0.0	0.0
3	AC010931.2	0.347024222	0.423	0.083	0.0	0.0
3	LMO3	0.346901332	0.434	0.125	0.0	0.0
3	SDCCAG8	0.346867911	0.906	0.683	4.6399999999999997e-256	1.2100000000000001e-251
3	RPS15A	0.346749724	0.995	0.912	1.9199999999999998e-268	5.02e-264
3	PTBP1	0.346602785	0.802	0.509	0.0	0.0
3	PPDPF	0.346468196	0.916	0.649	1.61e-275	4.22e-271
3	NEMP1	0.346128386	0.515	0.187	0.0	0.0
3	RAPGEF1	0.346059229	0.686	0.372	0.0	0.0
3	PDCD5	0.345546841	0.81	0.524	0.0	0.0
3	CTCF	0.34546385	0.697	0.387	0.0	0.0
3	CUL4A	0.345231456	0.735	0.426	0.0	0.0
3	POU4F1	0.345156484	0.475	0.13	0.0	0.0
3	MVB12B	0.344914447	0.711	0.371	0.0	0.0
3	ARHGAP11A	0.344867339	0.383	0.062	0.0	0.0
3	NELL1	0.344525254	0.513	0.168	0.0	0.0
3	RNASEH2B	0.344457667	0.428	0.12	0.0	0.0
3	XPO4	0.344158673	0.686	0.332	0.0	0.0
3	KCNH6	0.344100493	0.603	0.235	0.0	0.0
3	DDX46	0.343802114	0.89	0.649	1.76e-298	4.6e-294
3	VDAC3	0.343771147	0.637	0.325	0.0	0.0
3	CD163L1	0.343769014	0.478	0.147	0.0	0.0
3	CBX1	0.343477515	0.902	0.651	8.03e-294	2.1000000000000002e-289
3	YEATS4	0.342936074	0.678	0.36	0.0	0.0
3	SEL1L3	0.342597893	0.727	0.44	0.0	0.0
3	ANAPC11	0.342496612	0.949	0.721	3.51e-248	9.169999999999999e-244
3	PLS1	0.341885301	0.686	0.33	0.0	0.0
3	ACTG1	0.341705497	1.0	0.97	7.44e-227	1.95e-222
3	TMEM163	0.340633676	0.359	0.094	0.0	0.0
3	PROX1-AS1	0.340515638	0.586	0.181	0.0	0.0
3	CYC1	0.340362929	0.769	0.476	0.0	0.0
3	DDIAS	0.340226916	0.362	0.045	0.0	0.0
3	DPYSL2	0.340203363	0.658	0.329	0.0	0.0
3	C9orf16	0.340197894	0.743	0.448	0.0	0.0
3	RHBDL3	0.339809069	0.459	0.147	0.0	0.0
3	SPTSSA	0.339454835	0.749	0.453	0.0	0.0
3	ACTN1	0.339232262	0.688	0.427	1.15e-290	3.02e-286
3	RBBP4	0.338999974	0.907	0.676	2.5299999999999998e-279	6.609999999999999e-275
3	NRCAM	0.338207729	0.567	0.189	0.0	0.0
3	GNG3	0.338003428	0.363	0.077	0.0	0.0
3	MEGF9	0.337916319	0.821	0.535	0.0	0.0
3	FBLN1	0.337895496	0.548	0.206	0.0	0.0
3	FAM83D	0.337684934	0.433	0.116	0.0	0.0
3	PIF1	0.33748592	0.256	0.038	0.0	0.0
3	FMC1	0.337314301	0.649	0.344	0.0	0.0
3	MARK1	0.337152108	0.754	0.455	0.0	0.0
3	ZRANB3	0.336728114	0.808	0.512	0.0	0.0
3	HBEGF	0.336068218	0.555	0.286	0.0	0.0
3	SERPINE1	0.335742013	0.423	0.13	0.0	0.0
3	CCT6A	0.335700447	0.869	0.61	1.9e-286	4.9699999999999995e-282
3	SAMD1	0.3356575	0.606	0.321	0.0	0.0
3	CACYBP	0.335468124	0.795	0.491	0.0	0.0
3	ST3GAL3	0.335359082	0.719	0.432	0.0	0.0
3	ARL4C	0.334922492	0.575	0.269	0.0	0.0
3	RNF157	0.334703116	0.599	0.287	0.0	0.0
3	FKBP5	0.334349386	0.732	0.431	0.0	0.0
3	LDHA	0.334134388	0.755	0.471	3.1e-281	8.12e-277
3	NIN	0.333985668	0.772	0.461	0.0	0.0
3	USPL1	0.333741619	0.663	0.313	0.0	0.0
3	FRG1	0.33362505	0.695	0.388	0.0	0.0
3	FMNL2	0.33359636	0.723	0.392	0.0	0.0
3	HIST1H3B	0.333478995	0.302	0.027	0.0	0.0
3	FAM46A	0.333345966	0.783	0.517	1.08e-269	2.83e-265
3	HNRNPH3	0.333078329	0.96	0.781	1.5299999999999999e-258	4e-254
3	FOXN3	0.333002141	0.748	0.515	1.83e-220	4.7999999999999994e-216
3	AP1S2	0.33269714	0.65	0.348	0.0	0.0
3	TSEN34	0.332631661	0.676	0.399	0.0	0.0
3	PRMT1	0.332387266	0.771	0.485	0.0	0.0
3	UBE2R2	0.331894806	0.93	0.709	2.1499999999999997e-285	5.64e-281
3	POLH	0.33175236	0.569	0.265	0.0	0.0
3	UQCRC1	0.331496454	0.703	0.403	0.0	0.0
3	TMEM258	0.331370727	0.936	0.698	6.839999999999999e-249	1.79e-244
3	RAD23A	0.331161303	0.799	0.52	1.0599999999999999e-285	2.78e-281
3	WDHD1	0.330552204	0.588	0.277	0.0	0.0
3	NSL1	0.330547466	0.717	0.397	0.0	0.0
3	XKR6	0.330471196	0.78	0.48	0.0	0.0
3	ODC1	0.329998017	0.931	0.665	9.01e-290	2.36e-285
3	ARL4A	0.329967898	0.621	0.306	0.0	0.0
3	TAF15	0.329686613	0.978	0.872	3.46e-287	9.05e-283
3	NDUFB6	0.329420172	0.83	0.55	0.0	0.0
3	UBA52	0.329323152	0.989	0.869	2.85e-236	7.45e-232
3	E2F2	0.328803838	0.322	0.04	0.0	0.0
3	GDAP1L1	0.328793523	0.508	0.144	0.0	0.0
3	MGST1	0.328091135	0.692	0.538	1.29e-107	3.38e-103
3	CHST3	0.327784961	0.429	0.105	0.0	0.0
3	PET100	0.327594702	0.759	0.446	0.0	0.0
3	PCDH8	0.327510559	0.427	0.099	0.0	0.0
3	ADCY3	0.327475528	0.562	0.264	0.0	0.0
3	TUBB2A	0.327444556	0.568	0.303	0.0	0.0
3	DFNA5	0.32716845	0.554	0.2	0.0	0.0
3	GTF2F2	0.327144431	0.751	0.425	0.0	0.0
3	MED30	0.327115427	0.578	0.272	0.0	0.0
3	SPPL2A	0.326604288	0.812	0.544	5.4099999999999996e-304	1.42e-299
3	GLRX5	0.32639139	0.803	0.508	0.0	0.0
3	PLK4	0.326192679	0.385	0.077	0.0	0.0
3	TAF3	0.326175272	0.771	0.46	0.0	0.0
3	MRPS18C	0.325761377	0.748	0.45	0.0	0.0
3	TRPC5	0.325694235	0.341	0.081	0.0	0.0
3	STMN3	0.325268475	0.448	0.122	0.0	0.0
3	CAMK1D	0.325170252	0.815	0.554	5.95e-261	1.56e-256
3	RTN4	0.325149373	0.987	0.869	0.0	0.0
3	NDUFV1	0.325075461	0.686	0.399	0.0	0.0
3	CEP57L1	0.32401474	0.538	0.235	0.0	0.0
3	SCN3B	0.323781857	0.441	0.097	0.0	0.0
3	SLC4A8	0.323636049	0.443	0.157	0.0	0.0
3	PA2G4	0.323393397	0.841	0.572	8.39e-279	2.2e-274
3	CTDSPL2	0.323392458	0.856	0.617	7.86e-262	2.0600000000000002e-257
3	NDUFS7	0.323345883	0.685	0.386	0.0	0.0
3	PPP2R3C	0.323337141	0.662	0.356	0.0	0.0
3	MAPK1IP1L	0.323315795	0.776	0.48	0.0	0.0
3	AC124254.1	0.322679567	0.561	0.242	0.0	0.0
3	CD99	0.322593717	0.905	0.681	1.51e-244	3.9399999999999996e-240
3	HTRA1	0.322198076	0.423	0.099	0.0	0.0
3	TPGS1	0.321771379	0.589	0.284	0.0	0.0
3	SLIT3	0.321742663	0.402	0.121	0.0	0.0
3	TICRR	0.321632249	0.355	0.063	0.0	0.0
3	SLBP	0.321370448	0.68	0.422	1.83e-271	4.79e-267
3	LSM6	0.321261132	0.641	0.334	0.0	0.0
3	NCK2	0.320789283	0.675	0.345	0.0	0.0
3	CYTOR	0.320728831	0.391	0.104	0.0	0.0
3	CSRP2	0.320506413	0.395	0.096	0.0	0.0
3	DUSP23	0.320433212	0.545	0.288	0.0	0.0
3	AL359922.1	0.320266543	0.687	0.362	0.0	0.0
3	ORC3	0.320205136	0.715	0.4	0.0	0.0
3	NDUFB2	0.32013899	0.924	0.682	2.81e-234	7.37e-230
3	TP53	0.319816206	0.59	0.28	0.0	0.0
3	LIN7A	0.319654535	0.466	0.134	0.0	0.0
3	PTP4A2	0.31932452	0.844	0.56	9.189999999999999e-299	2.41e-294
3	KCNH8	0.318780732	0.732	0.358	0.0	0.0
3	CCT2	0.318591229	0.838	0.557	3.42e-300	8.940000000000001e-296
3	ST7	0.318532227	0.589	0.257	0.0	0.0
3	TMEM237	0.31835516	0.568	0.249	0.0	0.0
3	TIMM17B	0.318314672	0.607	0.316	0.0	0.0
3	DNAJC7	0.317995143	0.878	0.627	1.44e-282	3.76e-278
3	RBBP8	0.317921369	0.699	0.423	3.48e-302	9.11e-298
3	LRRTM4	0.317674288	0.298	0.096	0.0	0.0
3	LHX1	0.317421837	0.349	0.064	0.0	0.0
3	DDT	0.317347525	0.681	0.397	0.0	0.0
3	ZC3H12C	0.317215584	0.547	0.242	0.0	0.0
3	SCN3A	0.317063176	0.637	0.207	0.0	0.0
3	PGK1	0.316694045	0.885	0.622	3.0799999999999998e-288	8.05e-284
3	ARHGDIA	0.316577087	0.712	0.417	0.0	0.0
3	GNAL	0.316309077	0.496	0.222	0.0	0.0
3	SGCB	0.316303732	0.652	0.344	0.0	0.0
3	ADRM1	0.31626656	0.652	0.363	0.0	0.0
3	UTP11	0.315685292	0.596	0.287	0.0	0.0
3	ESPL1	0.315625997	0.368	0.054	0.0	0.0
3	C3orf70	0.315624448	0.429	0.098	0.0	0.0
3	MTHFD1L	0.315526401	0.455	0.14	0.0	0.0
3	BCL2	0.315497319	0.425	0.16	0.0	0.0
3	AJAP1	0.315435673	0.395	0.088	0.0	0.0
3	NAA16	0.315284483	0.658	0.32	0.0	0.0
3	F13A1	0.315207277	0.305	0.065	0.0	0.0
3	CCDC82	0.315176049	0.527	0.213	0.0	0.0
3	ORAI2	0.315120688	0.693	0.396	0.0	0.0
3	LINC01748	0.31501744	0.79	0.486	0.0	0.0
3	DBN1	0.314707497	0.614	0.298	0.0	0.0
3	TMEM61	0.314607433	0.364	0.121	0.0	0.0
3	DCX	0.314362794	0.518	0.145	0.0	0.0
3	XRCC6	0.314144527	0.74	0.453	0.0	0.0
3	CASP8AP2	0.313805078	0.705	0.42	0.0	0.0
3	POLE	0.313450934	0.558	0.257	0.0	0.0
3	ACTL6A	0.31340287	0.672	0.36	0.0	0.0
3	HIST3H2A	0.313142245	0.56	0.332	8.4e-230	2.1999999999999998e-225
3	IRS2	0.313126844	0.779	0.498	1.89e-275	4.95e-271
3	CLDND1	0.313105153	0.685	0.38	0.0	0.0
3	ATCAY	0.312608049	0.439	0.139	0.0	0.0
3	SLC35B1	0.312552602	0.63	0.337	0.0	0.0
3	PEBP1	0.312187462	0.946	0.749	1.39e-193	3.63e-189
3	PHF20	0.311971535	0.837	0.566	3.18e-297	8.33e-293
3	RPL35	0.31174956	0.993	0.907	2.51e-226	6.58e-222
3	NDUFAF6	0.311705573	0.913	0.701	1.68e-221	4.39e-217
3	NFASC	0.310883338	0.731	0.41	0.0	0.0
3	ZMYND8	0.310677068	0.866	0.619	2.64e-277	6.900000000000001e-273
3	RFC5	0.310489015	0.498	0.204	0.0	0.0
3	NDFIP2	0.310379243	0.668	0.334	0.0	0.0
3	SPATS2	0.310322526	0.875	0.63	6e-268	1.5699999999999999e-263
3	MTMR6	0.309975139	0.524	0.199	0.0	0.0
3	MSI2	0.309751384	0.985	0.901	1.25e-265	3.2799999999999998e-261
3	RWDD1	0.309495831	0.849	0.573	1.0699999999999999e-277	2.8000000000000003e-273
3	RPH3A	0.309335438	0.425	0.1	0.0	0.0
3	MGME1	0.308831301	0.607	0.306	0.0	0.0
3	CCDC15	0.308821585	0.431	0.129	0.0	0.0
3	GRID1	0.308785377	0.477	0.15	0.0	0.0
3	INA	0.308506626	0.464	0.138	0.0	0.0
3	IP6K1	0.308393345	0.794	0.489	0.0	0.0
3	GLRA2	0.30839293	0.347	0.076	0.0	0.0
3	CRIM1	0.308266942	0.826	0.541	9.999999999999998e-283	2.63e-278
3	STX2	0.308261496	0.601	0.277	0.0	0.0
3	NDUFA13	0.308118061	0.693	0.394	0.0	0.0
3	STOML2	0.30768634	0.741	0.457	2.3500000000000002e-303	6.15e-299
3	ZNF22	0.307516603	0.729	0.437	0.0	0.0
3	PMF1	0.307478099	0.573	0.292	0.0	0.0
3	OPA1	0.307213143	0.782	0.505	9.079999999999999e-297	2.3799999999999996e-292
3	LONRF2	0.306935023	0.622	0.325	0.0	0.0
3	TRIM28	0.306750751	0.727	0.439	0.0	0.0
3	SERBP1	0.306659112	0.948	0.751	7.87e-223	2.06e-218
3	MRPL11	0.306522721	0.693	0.409	0.0	0.0
3	GOSR1	0.306409877	0.897	0.671	2.0600000000000003e-247	5.39e-243
3	CDC45	0.306321102	0.341	0.058	0.0	0.0
3	RPL27	0.306131832	0.992	0.885	8.17e-218	2.1400000000000002e-213
3	ODF2	0.305939771	0.577	0.278	0.0	0.0
3	CAV1	0.305811016	0.313	0.049	0.0	0.0
3	SHC1	0.305760987	0.542	0.229	0.0	0.0
3	AP2S1	0.30563694	0.798	0.518	8.61e-270	2.25e-265
3	LAMTOR5-AS1	0.305619033	0.749	0.458	0.0	0.0
3	COX6B1	0.305210719	0.951	0.742	7.92e-208	2.07e-203
3	PTS	0.304977531	0.782	0.497	2.8199999999999998e-304	7.37e-300
3	HNRNPL	0.304715816	0.794	0.506	0.0	0.0
3	UNC5C	0.304690325	0.401	0.206	5.48e-218	1.4300000000000001e-213
3	COA1	0.304507681	0.883	0.645	5.13e-266	1.34e-261
3	RPL39L	0.304395467	0.475	0.185	0.0	0.0
3	LMO7	0.304210048	0.612	0.304	0.0	0.0
3	RMI1	0.304110076	0.621	0.33	0.0	0.0
3	CHAMP1	0.30400059	0.561	0.251	0.0	0.0
3	PAM	0.303983988	0.791	0.463	0.0	0.0
3	AC004852.2	0.303937177	0.36	0.09	0.0	0.0
3	HDGFL3	0.30388295	0.881	0.623	1.76e-266	4.5999999999999996e-262
3	NEFM	0.303870651	0.339	0.07	0.0	0.0
3	CACNA1A	0.30381863	0.737	0.271	0.0	0.0
3	ATL1	0.303274563	0.569	0.252	0.0	0.0
3	ADAM11	0.303024543	0.492	0.145	0.0	0.0
3	ELP6	0.302784936	0.644	0.347	0.0	0.0
3	EMC10	0.302773288	0.708	0.419	0.0	0.0
3	AC073050.1	0.302433842	0.576	0.254	0.0	0.0
3	FAM200B	0.302302982	0.685	0.406	0.0	0.0
3	HAGLROS	0.302068798	0.399	0.115	0.0	0.0
3	ZNF714	0.301775648	0.503	0.201	0.0	0.0
3	BAALC	0.301667724	0.422	0.116	0.0	0.0
3	MORF4L1	0.301556313	0.963	0.786	5.0399999999999993e-228	1.32e-223
3	MYADM	0.300056052	0.588	0.318	2.79e-301	7.309999999999999e-297
3	TDP1	0.299621621	0.48	0.181	0.0	0.0
3	RPSA	0.299548641	0.989	0.853	1.9e-191	4.98e-187
3	CDCA3	0.299495311	0.33	0.055	0.0	0.0
3	ARPC2	0.299481149	0.917	0.697	5.79e-224	1.52e-219
3	RBFOX3	0.299372246	0.358	0.091	0.0	0.0
3	PIMREG	0.299224965	0.296	0.035	0.0	0.0
3	MCAM	0.29872167	0.414	0.085	0.0	0.0
3	MIDN	0.298569727	0.739	0.451	2.64e-289	6.91e-285
3	LGI2	0.298289084	0.366	0.072	0.0	0.0
3	ATPIF1	0.29824924	0.926	0.692	4.16e-201	1.09e-196
3	MCM8	0.297871917	0.53	0.233	0.0	0.0
3	REEP3	0.297799256	0.967	0.844	1.4900000000000001e-223	3.89e-219
3	UPF3A	0.297606644	0.84	0.567	9.26e-281	2.4200000000000002e-276
3	EXOSC9	0.297151227	0.531	0.242	0.0	0.0
3	UQCRFS1	0.297146716	0.764	0.486	2.3700000000000002e-272	6.2e-268
3	FAM96B	0.297115489	0.667	0.383	0.0	0.0
3	CDCA7	0.29707744	0.441	0.159	0.0	0.0
3	PHACTR4	0.296959718	0.915	0.714	5.02e-234	1.31e-229
3	B4GALT5	0.296957716	0.715	0.436	6.83e-306	1.79e-301
3	TTF2	0.296881716	0.415	0.115	0.0	0.0
3	RPAIN	0.296519948	0.703	0.41	0.0	0.0
3	KCNK13	0.296076756	0.266	0.077	0.0	0.0
3	SP3	0.295998993	0.836	0.58	7.54e-260	1.97e-255
3	BTF3	0.295686501	0.976	0.802	5.14e-193	1.3499999999999999e-188
3	MTHFD2	0.295463543	0.654	0.367	0.0	0.0
3	PPP2R5E	0.295261715	0.884	0.661	6.559999999999999e-230	1.7199999999999998e-225
3	RALA	0.294841798	0.795	0.519	8.96e-290	2.3399999999999997e-285
3	PSMB7	0.294749671	0.843	0.586	1.8100000000000002e-248	4.73e-244
3	USP12	0.294480711	0.635	0.328	0.0	0.0
3	BTBD17	0.293866717	0.425	0.112	0.0	0.0
3	RPL14	0.293609784	0.99	0.863	9.060000000000001e-213	2.3700000000000004e-208
3	BRI3BP	0.29350892	0.499	0.24	0.0	0.0
3	C16orf45	0.293406781	0.522	0.218	0.0	0.0
3	FIBP	0.293348911	0.65	0.373	0.0	0.0
3	PPA1	0.293002158	0.97	0.812	1.07e-210	2.79e-206
3	SBK1	0.292989853	0.526	0.218	0.0	0.0
3	ENSA	0.292851152	0.921	0.725	1.13e-237	2.9599999999999997e-233
3	SUN2	0.292789595	0.49	0.196	0.0	0.0
3	SORT1	0.292584942	0.663	0.387	0.0	0.0
3	UBB	0.292485657	0.982	0.825	6.26e-183	1.64e-178
3	POLR2G	0.292447779	0.698	0.415	8.79e-307	2.3e-302
3	STK24	0.292406899	0.793	0.512	8.93e-284	2.34e-279
3	FADS2	0.292368937	0.607	0.309	0.0	0.0
3	ANK2	0.292044467	0.425	0.131	0.0	0.0
3	HELLS	0.291822928	0.625	0.357	1.14e-295	2.9800000000000002e-291
3	ANAPC15	0.291459392	0.49	0.206	0.0	0.0
3	AP3B2	0.29142545	0.641	0.333	0.0	0.0
3	DAXX	0.291228903	0.519	0.238	0.0	0.0
3	CDK8	0.29116398	0.742	0.43	0.0	0.0
3	FAF2	0.291117495	0.839	0.594	4.4699999999999995e-242	1.17e-237
3	CENPM	0.290949467	0.35	0.075	0.0	0.0
3	GABPB1	0.290934333	0.712	0.443	1.99e-279	5.21e-275
3	MRPL27	0.290114146	0.714	0.432	2.9799999999999997e-297	7.8e-293
3	ARL3	0.290034325	0.682	0.398	0.0	0.0
3	CALB1	0.289999248	0.289	0.052	0.0	0.0
3	ENO2	0.289938053	0.432	0.14	0.0	0.0
3	KCNAB2	0.289931145	0.473	0.157	0.0	0.0
3	NUP85	0.289840623	0.634	0.349	0.0	0.0
3	ATP2B1	0.289748232	0.811	0.597	2.43e-190	6.36e-186
3	SNF8	0.289532912	0.81	0.542	1.9e-261	4.980000000000001e-257
3	RAD54L	0.289515291	0.367	0.102	0.0	0.0
3	C11orf58	0.289128489	0.831	0.567	1.04e-257	2.72e-253
3	DDX50	0.288898982	0.906	0.685	2.3e-244	6.02e-240
3	RGS9	0.288889921	0.455	0.175	0.0	0.0
3	NENF	0.28880374	0.84	0.576	1.1e-236	2.87e-232
3	ZC3H13	0.288407832	0.771	0.481	0.0	0.0
3	C14orf144	0.288308492	0.417	0.096	0.0	0.0
3	METTL4	0.288246839	0.502	0.216	0.0	0.0
3	TPRKB	0.28818938	0.554	0.275	0.0	0.0
3	UNC13A	0.28807441	0.549	0.201	0.0	0.0
3	SEC61B	0.288063517	0.925	0.692	4.46e-204	1.17e-199
3	VAV2	0.287919016	0.695	0.422	0.0	0.0
3	ABCA3	0.287890255	0.545	0.244	0.0	0.0
3	INIP	0.28774996	0.628	0.332	0.0	0.0
3	MAML3	0.287630153	0.988	0.923	3.11e-177	8.15e-173
3	VGF	0.287233978	0.39	0.124	0.0	0.0
3	PODXL2	0.287131407	0.552	0.236	0.0	0.0
3	PUF60	0.286989445	0.745	0.476	1.68e-259	4.41e-255
3	USP14	0.286846695	0.86	0.597	6.71e-263	1.7599999999999998e-258
3	TOMM40	0.286612131	0.563	0.279	0.0	0.0
3	EBP	0.286454537	0.633	0.347	0.0	0.0
3	RNF219	0.286401589	0.452	0.156	0.0	0.0
3	ARPC5L	0.286238892	0.69	0.416	1.31e-288	3.42e-284
3	CERS6	0.286227702	0.928	0.724	5.13e-220	1.34e-215
3	ARPP19	0.286124062	0.794	0.518	5.189999999999999e-282	1.36e-277
3	EEF1B2	0.285783566	0.95	0.749	5.74e-182	1.5e-177
3	LRRN3	0.285469699	0.401	0.131	0.0	0.0
3	NKAIN2	0.285336896	0.364	0.123	0.0	0.0
3	C1orf43	0.285156664	0.832	0.564	3.6399999999999997e-249	9.530000000000001e-245
3	FNDC3A	0.285107393	0.869	0.634	1.13e-254	2.96e-250
3	SASS6	0.284858921	0.477	0.182	0.0	0.0
3	RFC2	0.284821451	0.52	0.255	0.0	0.0
3	CNTRL	0.284759327	0.678	0.389	0.0	0.0
3	CCT8	0.284535142	0.813	0.543	8.91e-267	2.33e-262
3	KNSTRN	0.284525776	0.336	0.065	0.0	0.0
3	AC084033.3	0.284489054	0.58	0.304	0.0	0.0
3	CDC7	0.284476198	0.589	0.295	0.0	0.0
3	CBX2	0.284441173	0.396	0.101	0.0	0.0
3	SMC6	0.284276285	0.699	0.414	1.7300000000000001e-307	4.53e-303
3	POLD3	0.284080234	0.627	0.36	8.439999999999999e-297	2.2099999999999997e-292
3	NABP2	0.284074889	0.506	0.229	0.0	0.0
3	FANCM	0.283989161	0.566	0.261	0.0	0.0
3	NECTIN1	0.283929643	0.528	0.228	0.0	0.0
3	PGBD5	0.283724055	0.455	0.157	0.0	0.0
3	RNF168	0.283645443	0.704	0.433	8.46e-281	2.2100000000000002e-276
3	NUCB2	0.283604132	0.55	0.255	0.0	0.0
3	PRPH	0.283314301	0.337	0.08	0.0	0.0
3	PRPF3	0.283314103	0.726	0.425	0.0	0.0
3	HAUS6	0.283059029	0.55	0.243	0.0	0.0
3	DYNLL1	0.283038269	0.954	0.752	5.16e-206	1.35e-201
3	CEP55	0.282710044	0.312	0.047	0.0	0.0
3	CENPN	0.282545696	0.354	0.089	0.0	0.0
3	PPP2CA	0.281853116	0.715	0.43	4.92e-289	1.29e-284
3	KIAA0586	0.281494556	0.65	0.378	2.13e-292	5.56e-288
3	CHCHD5	0.281402306	0.619	0.34	0.0	0.0
3	CISD1	0.281354835	0.838	0.567	5.2e-249	1.36e-244
3	EIF4E3	0.281203811	0.502	0.213	0.0	0.0
3	BORA	0.281173788	0.31	0.055	0.0	0.0
3	CRLF3	0.2809668	0.845	0.59	1.6400000000000002e-257	4.3e-253
3	SAE1	0.280874577	0.832	0.554	9.079999999999999e-288	2.3800000000000002e-283
3	EXOC5	0.280692046	0.75	0.468	3.34e-300	8.740000000000001e-296
3	DCTN2	0.280353925	0.728	0.456	8.49e-279	2.22e-274
3	NUP205	0.280308285	0.6	0.306	0.0	0.0
3	SSBP1	0.280190077	0.856	0.607	1.2700000000000001e-223	3.33e-219
3	RBM26	0.279520748	0.855	0.602	6.4699999999999996e-260	1.69e-255
3	SMARCB1	0.279361996	0.6	0.313	0.0	0.0
3	ATP5C1	0.279292902	0.865	0.615	1.4500000000000001e-217	3.79e-213
3	AGTPBP1	0.278927915	0.673	0.37	0.0	0.0
3	ATP8B2	0.278056113	0.529	0.243	0.0	0.0
3	HTATSF1	0.277950503	0.741	0.466	2.5800000000000002e-273	6.75e-269
3	SEMA5A	0.277822004	0.677	0.416	4.5e-262	1.1800000000000001e-257
3	NUDCD1	0.277754699	0.642	0.34	0.0	0.0
3	PSRC1	0.277735593	0.317	0.059	0.0	0.0
3	CBFB	0.277569347	0.706	0.417	0.0	0.0
3	CEP76	0.277451857	0.449	0.161	0.0	0.0
3	C4orf48	0.277355603	0.806	0.537	4.42e-236	1.16e-231
3	KHSRP	0.276834523	0.656	0.389	1.9000000000000002e-291	4.96e-287
3	NUP62	0.276714679	0.551	0.28	0.0	0.0
3	AGPAT4	0.276441014	0.555	0.245	0.0	0.0
3	VPS45	0.276380896	0.761	0.48	4.15e-283	1.0899999999999999e-278
3	SRSF4	0.275995299	0.938	0.761	2.31e-219	6.04e-215
3	UBE2Q1	0.275945174	0.613	0.335	0.0	0.0
3	LRP8	0.275928454	0.487	0.162	0.0	0.0
3	CNKSR2	0.27582144	0.385	0.101	0.0	0.0
3	GPHN	0.275582982	0.95	0.801	1.03e-187	2.7e-183
3	SVBP	0.275503779	0.561	0.277	0.0	0.0
3	DDHD1	0.275270887	0.671	0.349	0.0	0.0
3	ILF3-AS1	0.275089457	0.641	0.364	8.650000000000001e-303	2.27e-298
3	NEBL	0.274848378	0.852	0.643	4.9200000000000004e-194	1.29e-189
3	CACNG5	0.274768678	0.305	0.057	0.0	0.0
3	TSPAN12	0.274423001	0.524	0.254	0.0	0.0
3	ATXN2L	0.27440932	0.678	0.39	0.0	0.0
3	RNF5	0.274139861	0.587	0.323	6e-304	1.5699999999999998e-299
3	SAPCD2	0.274126053	0.336	0.09	0.0	0.0
3	RP9	0.274018369	0.541	0.263	0.0	0.0
3	TMEM45A	0.274001616	0.362	0.083	0.0	0.0
3	SEC11C	0.273795398	0.844	0.596	6.19e-182	1.62e-177
3	BLMH	0.273744578	0.609	0.321	0.0	0.0
3	HIKESHI	0.273653786	0.659	0.357	0.0	0.0
3	PRUNE2	0.273602108	0.857	0.658	2.85e-162	7.47e-158
3	NAP1L4	0.273305567	0.745	0.475	1.41e-274	3.6999999999999997e-270
3	KIAA1549	0.27316658	0.607	0.316	0.0	0.0
3	CACNA1C	0.273136278	0.83	0.591	9.029999999999999e-225	2.36e-220
3	ZCCHC14	0.272888369	0.527	0.231	0.0	0.0
3	LINC01087	0.272545479	0.415	0.113	0.0	0.0
3	NCL	0.272489631	0.96	0.779	6.78e-178	1.78e-173
3	SH3GL2	0.272472399	0.553	0.264	0.0	0.0
3	LMOD2	0.27243448	0.349	0.074	0.0	0.0
3	CENPQ	0.272319892	0.39	0.129	0.0	0.0
3	MTCL1	0.272305643	0.581	0.289	0.0	0.0
3	KIAA1211	0.271910259	0.732	0.458	5.78e-241	1.5099999999999999e-236
3	WDR34	0.271867482	0.654	0.382	1.48e-285	3.86e-281
3	DCK	0.271790542	0.402	0.139	0.0	0.0
3	JMJD1C	0.27148118	0.999	0.972	2.29e-232	5.989999999999999e-228
3	ZWILCH	0.27140692	0.481	0.198	0.0	0.0
3	UPF3B	0.271362977	0.753	0.471	7.669999999999999e-282	2.0099999999999998e-277
3	RPL18	0.270831363	0.996	0.908	2.9000000000000003e-194	7.58e-190
3	MLX	0.270739902	0.607	0.348	2.9e-287	7.590000000000001e-283
3	FRMPD4	0.270733525	0.315	0.095	0.0	0.0
3	UGT8	0.27071336	0.412	0.114	0.0	0.0
3	AC104073.4	0.270607745	0.264	0.026	0.0	0.0
3	CERK	0.270452102	0.382	0.091	0.0	0.0
3	SIX1	0.270390133	0.622	0.367	2.83e-262	7.399999999999999e-258
3	VPS53	0.270329221	0.852	0.613	1.9900000000000003e-247	5.219999999999999e-243
3	FAM168A	0.270096717	0.815	0.56	1.29e-231	3.39e-227
3	METTL16	0.269480329	0.759	0.5	1.13e-253	2.9499999999999996e-249
3	HIF1A	0.269397288	0.78	0.52	1.2499999999999999e-254	3.27e-250
3	CCDC138	0.269392072	0.701	0.417	1.38e-282	3.61e-278
3	ELAVL1	0.269240079	0.733	0.468	3.39e-266	8.879999999999999e-262
3	TNPO2	0.269074049	0.609	0.312	0.0	0.0
3	OIP5	0.268725937	0.339	0.073	0.0	0.0
3	ASTN1	0.268259257	0.357	0.093	0.0	0.0
3	PGAM2	0.268192859	0.357	0.082	0.0	0.0
3	WWC2	0.268112138	0.612	0.319	0.0	0.0
3	RPS23	0.268058737	0.992	0.885	4.81e-174	1.26e-169
3	CDC34	0.268024356	0.519	0.255	0.0	0.0
3	BSN	0.267880891	0.452	0.134	0.0	0.0
3	POC1A	0.267876759	0.33	0.062	0.0	0.0
3	SNRPB2	0.267805091	0.839	0.559	7.690000000000001e-252	2.01e-247
3	TSN	0.267748363	0.638	0.356	0.0	0.0
3	FAM92A	0.267624944	0.528	0.222	0.0	0.0
3	CBL	0.267087053	0.71	0.425	9.2e-291	2.41e-286
3	AP2M1	0.267079907	0.713	0.459	5.94e-231	1.5500000000000001e-226
3	FRMD5	0.266718791	0.856	0.622	1.9e-204	4.9700000000000006e-200
3	MTF2	0.266502365	0.805	0.545	7.46e-245	1.9499999999999998e-240
3	ZZEF1	0.266419278	0.75	0.478	5.3900000000000005e-276	1.41e-271
3	C12orf65	0.266036312	0.704	0.423	8.649999999999999e-282	2.26e-277
3	BICDL1	0.265960099	0.56	0.317	2.29e-241	5.99e-237
3	PAPD7	0.26593143	0.612	0.326	0.0	0.0
3	PSMD3	0.265847132	0.766	0.497	5.74e-243	1.5e-238
3	MDH2	0.2657049	0.802	0.558	1.1799999999999999e-199	3.09e-195
3	H3F3B	0.265614006	0.998	0.927	3.09e-177	8.1e-173
3	PTMS	0.265592518	0.912	0.682	9.11e-203	2.38e-198
3	RPA1	0.265537058	0.656	0.39	1.55e-283	4.05e-279
3	THAP12	0.265015407	0.667	0.394	4.15e-300	1.09e-295
3	SSR4	0.264985527	0.872	0.631	2.2999999999999998e-191	6.02e-187
3	AL365361.1	0.264979565	0.299	0.053	0.0	0.0
3	SNTG2	0.264857509	0.427	0.148	0.0	0.0
3	DHTKD1	0.264835077	0.658	0.389	3.31e-289	8.67e-285
3	RFWD3	0.264831105	0.438	0.172	0.0	0.0
3	RTTN	0.264691548	0.441	0.163	0.0	0.0
3	SATB1-AS1	0.2646088	0.476	0.149	0.0	0.0
3	AC090630.1	0.264576035	0.339	0.081	0.0	0.0
3	ACTL6B	0.264518681	0.409	0.103	0.0	0.0
3	SUV39H2	0.264404045	0.438	0.169	0.0	0.0
3	FERMT2	0.264352113	0.712	0.429	3.2e-261	8.370000000000001e-257
3	MRPL21	0.264342817	0.672	0.401	3.81e-277	9.970000000000001e-273
3	FSTL4	0.264337471	0.454	0.203	0.0	0.0
3	SPTBN1	0.263869836	0.926	0.73	2.8399999999999995e-197	7.42e-193
3	ISOC1	0.263777262	0.492	0.226	0.0	0.0
3	IGSF11	0.263651331	0.502	0.18	0.0	0.0
3	BUD31	0.263351913	0.708	0.447	3.05e-242	7.97e-238
3	DCLRE1C	0.262956834	0.557	0.266	0.0	0.0
3	RIMS2	0.262921644	0.994	0.93	3.14e-194	8.209999999999999e-190
3	LINC01515	0.262454154	0.934	0.751	2.91e-182	7.61e-178
3	C10orf35	0.262358918	0.639	0.391	2.78e-236	7.28e-232
3	LINC01346	0.262270515	0.36	0.081	0.0	0.0
3	PCBP1	0.26211711	0.828	0.567	1.18e-214	3.1000000000000005e-210
3	POU6F2	0.262041469	0.361	0.122	0.0	0.0
3	STXBP1	0.261822018	0.589	0.298	0.0	0.0
3	SNRPA1	0.26166713	0.626	0.361	8.14e-286	2.13e-281
3	ILKAP	0.261505215	0.706	0.433	3.46e-272	9.05e-268
3	SMARCE1	0.26143491	0.851	0.604	1.34e-219	3.5100000000000003e-215
3	EIF6	0.261316825	0.609	0.35	1.42e-274	3.73e-270
3	C7orf50	0.261069958	0.724	0.445	8.74e-280	2.29e-275
3	HAUS2	0.261005939	0.532	0.267	0.0	0.0
3	NNT	0.26097536	0.669	0.389	3.16e-301	8.27e-297
3	PAFAH1B1	0.260532353	0.941	0.781	3.0999999999999996e-191	8.13e-187
3	CDK5R1	0.260417636	0.388	0.115	0.0	0.0
3	AL445623.2	0.2602959	0.404	0.13	0.0	0.0
3	NFATC2IP	0.260067281	0.629	0.357	3.85e-299	1.01e-294
3	LSAMP	0.259891049	0.916	0.732	1.98e-182	5.2e-178
3	PPP3CB	0.259698333	0.943	0.776	2.95e-214	7.72e-210
3	FAM174B	0.2596823	0.67	0.4	3.58e-270	9.37e-266
3	JAZF1	0.259632814	0.786	0.511	7.380000000000001e-247	1.93e-242
3	SEPHS1	0.259316363	0.589	0.322	1.83e-303	4.789999999999999e-299
3	RPLP0	0.259267745	0.992	0.875	3.4599999999999997e-188	9.05e-184
3	CDR2L	0.258973316	0.484	0.21	0.0	0.0
3	TRIM9	0.25880041	0.437	0.152	0.0	0.0
3	REV3L	0.258196963	0.897	0.692	1.29e-183	3.3900000000000004e-179
3	SCML2	0.258031795	0.515	0.242	0.0	0.0
3	IMMT	0.257818576	0.754	0.485	5.44e-267	1.4199999999999998e-262
3	AGPAT1	0.257773957	0.501	0.245	0.0	0.0
3	MRPS23	0.257436646	0.732	0.473	1.6199999999999998e-234	4.25e-230
3	ST8SIA3	0.257321322	0.364	0.076	0.0	0.0
3	C17orf53	0.256873926	0.299	0.045	0.0	0.0
3	CA8	0.25644903	0.637	0.349	1.23e-292	3.21e-288
3	GDI1	0.25639412	0.622	0.351	3.8799999999999996e-300	1.02e-295
3	OLA1	0.256129816	0.917	0.721	7.359999999999999e-191	1.93e-186
3	SNRNP40	0.25606143	0.667	0.391	6.17e-293	1.6099999999999999e-288
3	TDG	0.255914206	0.728	0.458	1.5800000000000002e-257	4.12e-253
3	MFGE8	0.25587911	0.442	0.168	0.0	0.0
3	ZNF608	0.255790409	0.514	0.254	1.01e-301	2.6399999999999998e-297
3	NETO2	0.255767691	0.535	0.268	7.37e-306	1.93e-301
3	SIMC1	0.255490543	0.615	0.345	1.48e-281	3.8699999999999997e-277
3	ETFB	0.25527297	0.757	0.5	7.39e-217	1.9300000000000002e-212
3	MRPL12	0.255268789	0.564	0.309	5.22e-279	1.37e-274
3	EIF4E	0.255003636	0.833	0.562	2.56e-256	6.700000000000001e-252
3	ZNF100	0.25498103	0.514	0.246	0.0	0.0
3	HUNK	0.254927462	0.495	0.245	3.04e-305	7.96e-301
3	ELF2	0.254630612	0.927	0.73	5.2800000000000006e-185	1.3799999999999999e-180
3	FAM222A	0.254611217	0.434	0.166	0.0	0.0
3	TUBB4B	0.254551275	0.938	0.683	5.3e-232	1.39e-227
3	PSMA3	0.254529446	0.851	0.598	2.2500000000000002e-209	5.89e-205
3	SGCE	0.254239301	0.643	0.352	0.0	0.0
3	COPS9	0.25401923	0.884	0.638	8.620000000000001e-200	2.26e-195
3	GLOD4	0.253873075	0.724	0.45	2.03e-266	5.3e-262
3	PPP2R1A	0.253819483	0.738	0.473	5.52e-248	1.45e-243
3	C5orf34	0.253462576	0.331	0.078	0.0	0.0
3	SKI	0.253421956	0.721	0.455	5.96e-260	1.56e-255
3	PLPPR1	0.252821525	0.436	0.141	0.0	0.0
3	CLPP	0.252569413	0.583	0.321	1.4e-290	3.67e-286
3	YAE1D1	0.252567141	0.549	0.285	1.16e-307	3.0400000000000003e-303
3	RPL26L1	0.252556378	0.649	0.386	3.45e-264	9.02e-260
3	REXO5	0.252149546	0.373	0.117	0.0	0.0
3	NAA38	0.251577755	0.791	0.544	4.4399999999999997e-203	1.16e-198
3	RBMX	0.251423649	0.936	0.748	1.09e-172	2.8599999999999997e-168
3	SFXN1	0.251320659	0.755	0.495	1.17e-239	3.0700000000000003e-235
3	TMX4	0.251160983	0.826	0.543	4.18e-281	1.0900000000000001e-276
3	AC008543.1	0.25110729	0.432	0.167	0.0	0.0
3	SUGT1	0.250966498	0.697	0.416	5.34e-285	1.3999999999999998e-280
3	ETFA	0.250921646	0.832	0.593	4.33e-214	1.13e-209
3	SF3B6	0.250443843	0.921	0.679	3.78e-183	9.900000000000001e-179
3	RAB2A	0.250236869	0.966	0.824	2.87e-170	7.510000000000001e-166
4	KRT19	1.834237758	0.827	0.692	0.0	0.0
4	SQSTM1	1.738730791	0.92	0.698	0.0	0.0
4	SAT1	1.734641036	0.957	0.606	0.0	0.0
4	GDF15	1.704561286	0.734	0.338	0.0	0.0
4	USP54	1.645579244	0.835	0.74	0.0	0.0
4	CLDN4	1.544620241	0.834	0.522	0.0	0.0
4	HES1	1.541148746	0.716	0.518	0.0	0.0
4	S100A10	1.52651549	0.821	0.554	0.0	0.0
4	TSPAN5	1.503807257	0.705	0.342	0.0	0.0
4	ERRFI1	1.487354176	0.794	0.399	0.0	0.0
4	MAST4	1.48123578	0.875	0.637	0.0	0.0
4	ATF3	1.454455592	0.842	0.573	0.0	0.0
4	AREG	1.44118111	0.384	0.076	0.0	0.0
4	TM4SF1	1.409496022	0.505	0.191	0.0	0.0
4	ANXA2	1.402489341	0.853	0.682	0.0	0.0
4	LAMC2	1.385102342	0.536	0.244	0.0	0.0
4	MTRNR2L12	1.373976536	0.907	0.639	0.0	0.0
4	SOD2	1.365452445	0.769	0.625	0.0	0.0
4	ELF3	1.364817403	0.78	0.37	0.0	0.0
4	ITGB8	1.349323192	0.546	0.236	0.0	0.0
4	TSC22D2	1.347998031	0.794	0.587	0.0	0.0
4	DTNA	1.347256074	0.628	0.581	2.37e-55	6.19e-51
4	ARHGEF12	1.342532243	0.815	0.728	0.0	0.0
4	CEBPD	1.33404399	0.533	0.26	0.0	0.0
4	NFKBIZ	1.330186495	0.814	0.481	0.0	0.0
4	ZFP36L1	1.309429963	0.817	0.491	0.0	0.0
4	UGDH	1.284884245	0.772	0.49	0.0	0.0
4	LAMC1	1.281420081	0.652	0.487	3.73e-254	9.769999999999999e-250
4	TGFB2	1.277275276	0.397	0.154	0.0	0.0
4	RNF144B	1.273752826	0.705	0.372	0.0	0.0
4	LTBP1	1.258341461	0.597	0.386	3.59e-264	9.39e-260
4	NAMPT	1.254152524	0.796	0.501	0.0	0.0
4	SLC12A2	1.248998354	0.818	0.566	0.0	0.0
4	ZNF217	1.247298309	0.768	0.366	0.0	0.0
4	PLK2	1.241017859	0.594	0.277	0.0	0.0
4	TIAM2	1.237792538	0.666	0.528	2.6899999999999997e-268	7.0399999999999995e-264
4	LIPH	1.208864532	0.456	0.129	0.0	0.0
4	TMEM2	1.205947875	0.748	0.46	0.0	0.0
4	AGR2	1.204046695	0.464	0.216	0.0	0.0
4	CBR3	1.19189769	0.66	0.32	0.0	0.0
4	MARCH3	1.17845735	0.66	0.424	0.0	0.0
4	SFN	1.168747906	0.507	0.239	0.0	0.0
4	GADD45B	1.162602524	0.617	0.334	0.0	0.0
4	NFATC2	1.16078899	0.603	0.326	0.0	0.0
4	UBE2H	1.15782037	0.843	0.706	0.0	0.0
4	KLF6	1.154445915	0.828	0.681	0.0	0.0
4	VMP1	1.151833466	0.948	0.856	0.0	0.0
4	IFRD1	1.147887726	0.779	0.538	0.0	0.0
4	TGIF1	1.147696692	0.676	0.334	0.0	0.0
4	RUNX1	1.142789424	0.639	0.291	0.0	0.0
4	THBS1	1.135317868	0.569	0.197	0.0	0.0
4	TEX14	1.133275318	0.574	0.458	3.64e-94	9.539999999999999e-90
4	LURAP1L	1.128302961	0.598	0.38	0.0	0.0
4	HSPA1A	1.12587885	0.77	0.528	0.0	0.0
4	PLCG2	1.112393417	0.715	0.374	0.0	0.0
4	EZR	1.111062205	0.893	0.785	0.0	0.0
4	NARF	1.106264385	0.646	0.522	1.59e-158	4.16e-154
4	C3orf52	1.105157825	0.572	0.248	0.0	0.0
4	ZFP36	1.102342907	0.713	0.49	0.0	0.0
4	FOSB	1.10104835	0.842	0.602	0.0	0.0
4	TACSTD2	1.097187185	0.7	0.363	0.0	0.0
4	TRIB1	1.095509144	0.823	0.646	0.0	0.0
4	LGALS3	1.091944524	0.628	0.321	0.0	0.0
4	ITPKC	1.09126371	0.612	0.293	0.0	0.0
4	PSME4	1.09094872	0.816	0.713	8.91e-307	2.3300000000000002e-302
4	S100A6	1.078246791	0.492	0.608	1.05e-26	2.7600000000000002e-22
4	MTRNR2L8	1.071364048	0.814	0.513	0.0	0.0
4	NCOA7	1.066840661	0.366	0.224	1.6399999999999998e-152	4.28e-148
4	RND3	1.059028062	0.633	0.356	0.0	0.0
4	CLDN3	1.056433299	0.72	0.468	0.0	0.0
4	ARHGAP29	1.050771958	0.724	0.403	0.0	0.0
4	IRF1	1.045482219	0.541	0.227	0.0	0.0
4	KLF5	1.031892737	0.621	0.304	0.0	0.0
4	HSPA1B	1.012816831	0.622	0.357	0.0	0.0
4	OCLN	1.012240245	0.722	0.397	0.0	0.0
4	SGMS2	1.008005648	0.589	0.247	0.0	0.0
4	ANKH	1.007615976	0.785	0.625	2.74e-297	7.16e-293
4	POLR2A	0.995665587	0.612	0.511	5.79e-115	1.52e-110
4	TMC5	0.994188483	0.552	0.286	0.0	0.0
4	PMEPA1	0.994021225	0.702	0.473	0.0	0.0
4	CDH1	0.993261919	0.79	0.477	0.0	0.0
4	PTPRK	0.993159461	0.876	0.8	0.0	0.0
4	ELOVL5	0.99230082	0.72	0.554	5.43e-289	1.42e-284
4	SERINC5	0.990884147	0.86	0.533	0.0	0.0
4	PAWR	0.984262826	0.775	0.532	0.0	0.0
4	ATXN1	0.983634064	0.887	0.786	3.63e-292	9.49e-288
4	GAB1	0.979739438	0.644	0.45	2.65e-282	6.94e-278
4	NCEH1	0.979282699	0.472	0.257	5.31e-291	1.39e-286
4	ANKRD37	0.975777865	0.632	0.441	1.38e-193	3.62e-189
4	RAB11FIP1	0.971000113	0.692	0.504	0.0	0.0
4	MYLIP	0.969409821	0.654	0.432	2.48e-302	6.48e-298
4	YAP1	0.966490316	0.763	0.441	0.0	0.0
4	PPP1R15A	0.964753012	0.715	0.436	0.0	0.0
4	LINC01285	0.963343357	0.573	0.305	0.0	0.0
4	KCNG3	0.962760748	0.536	0.282	0.0	0.0
4	CTNNA1	0.951957264	0.892	0.749	0.0	0.0
4	ATP1A1	0.951299127	0.777	0.586	0.0	0.0
4	PPP3CB-AS1	0.949364607	0.451	0.281	9.63e-193	2.5199999999999997e-188
4	LRRFIP2	0.948878008	0.816	0.696	0.0	0.0
4	KLF4	0.943299933	0.565	0.305	0.0	0.0
4	RNF19B	0.942762638	0.526	0.326	7.85e-253	2.06e-248
4	CDKN2B	0.938832271	0.479	0.2	0.0	0.0
4	FSTL1	0.935578436	0.833	0.529	0.0	0.0
4	AHNAK	0.934502343	0.797	0.454	0.0	0.0
4	MXD1	0.92928087	0.594	0.441	1.72e-181	4.5e-177
4	MT-ATP6	0.928572307	0.996	0.997	0.0	0.0
4	GPRC5A	0.928447659	0.427	0.123	0.0	0.0
4	DDIT3	0.92843546	0.587	0.346	0.0	0.0
4	ITGAV	0.915469898	0.663	0.441	0.0	0.0
4	ALCAM	0.9142597	0.755	0.457	0.0	0.0
4	BRD2	0.913292453	0.78	0.631	5.84e-280	1.53e-275
4	CDR2	0.912825646	0.742	0.513	0.0	0.0
4	JUNB	0.910417004	0.784	0.673	4.82e-252	1.2600000000000001e-247
4	P4HA1	0.909822698	0.9	0.779	0.0	0.0
4	WWTR1	0.909557371	0.607	0.389	7.75e-290	2.0299999999999998e-285
4	MYO1E	0.909105696	0.814	0.616	1.36e-298	3.55e-294
4	HSPB1	0.905801795	0.803	0.666	0.0	0.0
4	OSBPL10	0.903143587	0.574	0.355	2.99e-254	7.84e-250
4	TSPAN15	0.901479679	0.764	0.472	0.0	0.0
4	JUN	0.895213681	0.904	0.778	0.0	0.0
4	S100A11	0.894661747	0.644	0.582	3.93e-108	1.0300000000000001e-103
4	SLFN5	0.892746929	0.618	0.332	0.0	0.0
4	FOXO3	0.892432207	0.851	0.718	5.35e-210	1.4e-205
4	RIPK2	0.891340327	0.58	0.313	0.0	0.0
4	ANXA1	0.891137092	0.474	0.268	1.3e-214	3.41e-210
4	UBC	0.890748523	0.895	0.848	0.0	0.0
4	NEAT1	0.890234403	0.987	0.962	0.0	0.0
4	MAP1B	0.887676364	0.755	0.692	3.73e-182	9.77e-178
4	COBLL1	0.884775223	0.595	0.4	7.88e-229	2.0600000000000001e-224
4	ZSWIM6	0.884164463	0.923	0.8	0.0	0.0
4	ELF1	0.878970423	0.706	0.494	0.0	0.0
4	STAT3	0.877289148	0.897	0.808	0.0	0.0
4	MAFB	0.877063984	0.424	0.327	8.54e-77	2.24e-72
4	RBM47	0.875738837	0.885	0.598	0.0	0.0
4	DNAJA1	0.872183826	0.85	0.792	5.859999999999999e-263	1.5299999999999999e-258
4	ACER2	0.870977357	0.548	0.402	7.26e-150	1.9e-145
4	RHOB	0.868815352	0.657	0.507	1.75e-254	4.58e-250
4	HEXIM1	0.86631675	0.636	0.513	3.52e-122	9.22e-118
4	CBR3-AS1	0.86369768	0.693	0.364	0.0	0.0
4	RSRP1	0.856207881	0.803	0.638	0.0	0.0
4	PIK3R3	0.85390142	0.409	0.269	4.41e-137	1.15e-132
4	ERN1	0.851691565	0.646	0.434	4.37e-254	1.14e-249
4	TBX3	0.849483357	0.664	0.321	0.0	0.0
4	AFF1	0.848878571	0.82	0.681	1.9e-267	4.97e-263
4	SAMD4A	0.847530467	0.582	0.337	1.2399999999999999e-274	3.26e-270
4	TNFRSF21	0.846508663	0.564	0.309	0.0	0.0
4	CNTD1	0.838749113	0.366	0.205	1.74e-162	4.54e-158
4	MAP3K8	0.83713035	0.429	0.114	0.0	0.0
4	WTAP	0.836294981	0.75	0.685	6.7299999999999995e-115	1.7600000000000002e-110
4	ARL5B	0.836187444	0.594	0.441	1.26e-225	3.29e-221
4	ALDH1A3	0.833171147	0.63	0.397	0.0	0.0
4	NDRG1	0.83187981	0.647	0.405	4.04e-273	1.06e-268
4	ID2	0.830037913	0.505	0.351	4.88e-140	1.28e-135
4	SNHG5	0.829040682	0.761	0.754	6.900000000000001e-37	1.81e-32
4	B2M	0.828685865	0.857	0.808	5.82e-293	1.5199999999999999e-288
4	PPARG	0.828064558	0.424	0.259	1.3e-155	3.39e-151
4	MCL1	0.827557337	0.751	0.559	0.0	0.0
4	PIPOX	0.825619697	0.405	0.238	1.23e-181	3.23e-177
4	PELI1	0.824751523	0.588	0.368	6.46e-253	1.6900000000000002e-248
4	TPM4	0.821027189	0.712	0.38	0.0	0.0
4	MT-CO1	0.818746673	0.997	0.997	0.0	0.0
4	FAM46C	0.817391421	0.366	0.176	3.6899999999999995e-241	9.65e-237
4	ARHGAP26	0.814578621	0.615	0.377	0.0	0.0
4	ADAMTS1	0.814231246	0.493	0.267	4.48e-241	1.1699999999999998e-236
4	MT-ND1	0.813501705	0.995	0.994	0.0	0.0
4	FRMD4B	0.813383079	0.577	0.388	1.86e-232	4.88e-228
4	YPEL2	0.811925391	0.55	0.414	1.62e-146	4.24e-142
4	CHSY1	0.810242293	0.627	0.455	7.3299999999999995e-255	1.9199999999999997e-250
4	BARX2	0.809426627	0.437	0.182	0.0	0.0
4	C15orf48	0.809078553	0.528	0.319	1.7100000000000001e-208	4.49e-204
4	HAP1	0.808713311	0.356	0.191	4.8700000000000006e-185	1.27e-180
4	RC3H1	0.802771585	0.796	0.698	1.97e-217	5.1600000000000006e-213
4	MT-ATP8	0.801933867	0.868	0.732	0.0	0.0
4	MT-CO2	0.7984835	0.998	0.998	0.0	0.0
4	RASSF3	0.798408867	0.484	0.245	0.0	0.0
4	TLE4	0.797582419	0.572	0.317	0.0	0.0
4	CDC42EP3	0.797160611	0.541	0.341	7.94e-248	2.0799999999999999e-243
4	ITGA6	0.796573895	0.551	0.344	4.0299999999999994e-228	1.0500000000000001e-223
4	HLA-B	0.793846565	0.73	0.499	1.59e-287	4.15e-283
4	ERO1B	0.792638414	0.51	0.324	1.0600000000000001e-173	2.77e-169
4	CYR61	0.791471853	0.593	0.298	0.0	0.0
4	RBMS1	0.79017664	0.573	0.435	1.05e-152	2.75e-148
4	NPNT	0.787218098	0.672	0.414	0.0	0.0
4	FOXP1	0.786769505	0.974	0.928	4.88e-305	1.28e-300
4	SPTAN1	0.786549712	0.784	0.688	3.74e-163	9.8e-159
4	NR4A1	0.783944689	0.624	0.38	0.0	0.0
4	EPAS1	0.783824383	0.44	0.179	0.0	0.0
4	CLIC4	0.782978773	0.691	0.536	4.66e-201	1.2199999999999999e-196
4	SPSB1	0.78246306	0.494	0.229	0.0	0.0
4	MYO5B	0.782311546	0.429	0.208	1.27e-299	3.33e-295
4	MT-ND4	0.782010991	0.994	0.994	0.0	0.0
4	MED29	0.781916483	0.543	0.413	1.02e-131	2.66e-127
4	ADAMTSL4-AS1	0.778447464	0.569	0.499	2.87e-58	7.509999999999999e-54
4	EDN1	0.777655957	0.344	0.107	0.0	0.0
4	PTPN13	0.775182858	0.666	0.499	1.3800000000000001e-173	3.62e-169
4	TPM1	0.774687739	0.658	0.611	2.83e-102	7.42e-98
4	FGD6	0.774299671	0.527	0.314	1.2200000000000001e-276	3.2e-272
4	MT-CYB	0.770745986	0.995	0.995	0.0	0.0
4	EMP1	0.769089218	0.302	0.047	0.0	0.0
4	DNAJB1	0.76890399	0.714	0.502	1.36e-264	3.55e-260
4	FLNB	0.765386281	0.8	0.605	4.5300000000000004e-276	1.1900000000000002e-271
4	SMAD3	0.763625307	0.555	0.301	0.0	0.0
4	GEM	0.763221512	0.406	0.215	7.59e-224	1.99e-219
4	HIVEP2	0.760542668	0.533	0.314	1.62e-271	4.25e-267
4	NFIL3	0.757723342	0.567	0.314	0.0	0.0
4	ZBTB10	0.757699778	0.612	0.458	1.69e-193	4.42e-189
4	NFKBIA	0.757251343	0.595	0.408	2.15e-248	5.6299999999999996e-244
4	MIR99AHG	0.752533443	0.699	0.67	1.33e-72	3.4899999999999996e-68
4	BAIAP2	0.751782797	0.61	0.411	1.07e-222	2.81e-218
4	NUFIP2	0.751680649	0.833	0.745	1.4600000000000002e-161	3.83e-157
4	KRT80	0.749181829	0.298	0.076	0.0	0.0
4	VCL	0.748865928	0.931	0.838	6.57e-237	1.72e-232
4	YBX3	0.747831833	0.576	0.292	0.0	0.0
4	SIRT1	0.747368467	0.791	0.703	1.05e-165	2.75e-161
4	MT-CO3	0.747352109	0.999	0.999	0.0	0.0
4	TOB1	0.745852414	0.686	0.543	6.46e-172	1.6900000000000002e-167
4	SYNJ2	0.740646839	0.586	0.359	1.5e-284	3.9299999999999997e-280
4	KRT8	0.739927136	0.77	0.735	8.0499999999999995e-140	2.11e-135
4	CAPN2	0.739319036	0.549	0.333	2.55e-292	6.66e-288
4	UNC13B	0.737941113	0.589	0.431	1.77e-157	4.63e-153
4	USP6NL	0.737706855	0.631	0.446	4.71e-264	1.23e-259
4	PLA2G2A	0.737019001	0.442	0.335	8.53e-41	2.23e-36
4	MYH9	0.736920302	0.756	0.604	1.24e-266	3.24e-262
4	FAM107B	0.736842892	0.667	0.49	3.58e-251	9.38e-247
4	ATP11B	0.736466884	0.663	0.477	1.06e-196	2.7600000000000003e-192
4	GLS	0.736312805	0.604	0.514	1.71e-87	4.48e-83
4	ZFP36L2	0.735743853	0.747	0.629	2.69e-198	7.04e-194
4	CEBPB	0.734382395	0.522	0.304	4.49e-287	1.17e-282
4	MT-ND2	0.733564561	0.991	0.987	0.0	0.0
4	GLIS3	0.731339188	0.345	0.163	1.5500000000000003e-210	4.07e-206
4	METTL12	0.731061815	0.334	0.187	1.31e-154	3.43e-150
4	ERG	0.730590476	0.696	0.402	2.2899999999999998e-304	5.999999999999999e-300
4	NTN4	0.728618578	0.37	0.226	9.54e-110	2.5000000000000002e-105
4	C6orf132	0.728413168	0.487	0.223	0.0	0.0
4	LSR	0.724760831	0.723	0.515	1.25e-302	3.27e-298
4	SLC19A2	0.723565121	0.556	0.343	4.3400000000000003e-265	1.14e-260
4	EPB41L5	0.721336958	0.754	0.627	5.2500000000000004e-185	1.37e-180
4	WWC1	0.718933636	0.68	0.528	3.77e-187	9.88e-183
4	AMD1	0.715824781	0.822	0.65	3.28e-282	8.58e-278
4	SLC37A1	0.712277914	0.676	0.542	3.84e-188	1e-183
4	HLA-C	0.711331822	0.689	0.508	1.43e-204	3.74e-200
4	AL691403.1	0.709627798	0.307	0.156	1.78e-165	4.66e-161
4	MAP3K14	0.709364423	0.688	0.619	1.1399999999999999e-98	2.99e-94
4	CCNL1	0.707706802	0.8	0.622	1.05e-306	2.7600000000000003e-302
4	HLA-E	0.707274328	0.534	0.357	2.4699999999999998e-230	6.4700000000000004e-226
4	FAM13A	0.705952751	0.64	0.524	8.96e-77	2.3500000000000003e-72
4	SLC16A1	0.700388836	0.519	0.444	1.38e-57	3.62e-53
4	BACE2	0.699471335	0.428	0.192	0.0	0.0
4	OAT	0.699135552	0.328	0.22	2.59e-88	6.77e-84
4	HIST1H4H	0.696949133	0.375	0.25	1.34e-93	3.51e-89
4	SHROOM3	0.695285485	0.707	0.468	3.6399999999999995e-229	9.539999999999999e-225
4	FAM53C	0.694554159	0.551	0.407	1.14e-150	2.9899999999999997e-146
4	TACC1	0.69025043	0.671	0.527	1.5799999999999999e-220	4.1199999999999995e-216
4	TIPARP	0.689901183	0.66	0.442	2.2e-255	5.76e-251
4	IL17RB	0.689801064	0.41	0.293	4.57e-95	1.1999999999999999e-90
4	GATA6	0.689647352	0.51	0.349	1.08e-162	2.83e-158
4	CREB5	0.686495599	0.38	0.237	1.03e-126	2.68e-122
4	NSUN6	0.685924336	0.547	0.51	5.619999999999999e-45	1.47e-40
4	RASEF	0.685376798	0.618	0.351	0.0	0.0
4	ATP2A2	0.684603147	0.776	0.667	1.46e-184	3.82e-180
4	RPS6KA5	0.682505691	0.688	0.643	5.14e-84	1.3400000000000002e-79
4	GCH1	0.678362626	0.378	0.205	1.79e-190	4.68e-186
4	MAP7	0.674773685	0.789	0.677	4.2999999999999996e-147	1.13e-142
4	FAM129A	0.672467087	0.442	0.232	7.25e-224	1.8999999999999998e-219
4	MDM2	0.672465155	0.637	0.591	1.4300000000000002e-73	3.7399999999999996e-69
4	NEDD9	0.671433129	0.507	0.266	0.0	0.0
4	HSPH1	0.670944847	0.523	0.519	6.79e-18	1.78e-13
4	NUDT4	0.669727702	0.688	0.501	3.44e-184	9e-180
4	ABHD3	0.669119914	0.698	0.567	8.08e-170	2.12e-165
4	PDLIM3	0.666685449	0.809	0.653	1.48e-196	3.8800000000000004e-192
4	USP53	0.66632444	0.532	0.333	1.1e-233	2.88e-229
4	FRMD6	0.666147551	0.353	0.189	9.099999999999999e-176	2.38e-171
4	FAM160A1	0.666126892	0.658	0.474	8.21e-209	2.1499999999999998e-204
4	EGLN3	0.665975304	0.355	0.185	1.45e-191	3.78e-187
4	PGM2L1	0.664661901	0.655	0.544	1.3399999999999999e-141	3.51e-137
4	ACTN4	0.663930372	0.762	0.65	2.3400000000000003e-251	6.110000000000001e-247
4	ATP13A3	0.66375301	0.65	0.571	2.57e-105	6.74e-101
4	SOX9	0.662164227	0.639	0.505	1.5400000000000001e-173	4.04e-169
4	TC2N	0.660351689	0.528	0.278	7.7e-308	2.0200000000000002e-303
4	MT-ND5	0.660115586	0.98	0.947	0.0	0.0
4	IER5	0.660112984	0.459	0.317	2.23e-141	5.84e-137
4	KLHL15	0.659818742	0.336	0.242	1.6699999999999997e-67	4.36e-63
4	ANKRD42	0.65512132	0.495	0.296	3.25e-207	8.51e-203
4	SH3RF1	0.651505657	0.823	0.753	7.399999999999999e-147	1.94e-142
4	FOS	0.650913553	0.844	0.804	9.560000000000001e-121	2.5e-116
4	DUSP1	0.650489633	0.643	0.472	2.2000000000000002e-156	5.76e-152
4	ABHD17B	0.6497112	0.57	0.447	4.44e-132	1.16e-127
4	SPAG1	0.647487085	0.756	0.644	3.1300000000000004e-173	8.19e-169
4	PARD3B	0.646938697	0.786	0.541	1.6200000000000002e-200	4.23e-196
4	UBE2D1	0.646395326	0.615	0.532	4.35e-80	1.14e-75
4	CSNK1A1	0.644573009	0.818	0.755	8.03e-180	2.1e-175
4	AC091271.1	0.644509002	0.345	0.229	8.189999999999999e-94	2.14e-89
4	MAPKAPK2	0.644321096	0.484	0.229	0.0	0.0
4	AP1S3	0.638969353	0.451	0.256	1.28e-229	3.3499999999999994e-225
4	SLC20A1	0.635781177	0.557	0.436	2.86e-118	7.49e-114
4	MTUS1	0.634573679	0.488	0.34	2.73e-148	7.14e-144
4	AFDN	0.632845168	0.858	0.739	3.03e-243	7.93e-239
4	PDLIM5	0.63162384	0.87	0.761	1.33e-177	3.48e-173
4	ADAM9	0.631207505	0.619	0.446	1.6200000000000001e-201	4.2399999999999993e-197
4	SLC7A2	0.630479739	0.421	0.238	2.06e-189	5.3900000000000005e-185
4	SRSF7	0.629934962	0.811	0.801	5.12e-36	1.34e-31
4	PCSK6	0.629689474	0.484	0.316	2.99e-144	7.839999999999999e-140
4	MYL12A	0.627922905	0.707	0.631	3.33e-142	8.71e-138
4	SOCS3	0.627276126	0.37	0.17	1.6400000000000002e-271	4.3e-267
4	MT-ND3	0.627062126	0.995	0.995	0.0	0.0
4	SERTAD1	0.626723655	0.559	0.367	1.03e-214	2.7000000000000003e-210
4	CTSV	0.626451853	0.355	0.117	0.0	0.0
4	PLAGL1	0.62177794	0.372	0.173	7.64e-250	2.0000000000000003e-245
4	DIP2B	0.621043506	0.757	0.669	1.62e-153	4.24e-149
4	NFATC1	0.620967184	0.484	0.29	2.37e-183	6.190000000000001e-179
4	SUSD6	0.620118244	0.585	0.465	3.2899999999999996e-134	8.6e-130
4	CRY1	0.618896856	0.639	0.516	1.02e-114	2.66e-110
4	IER3	0.618322694	0.29	0.117	4.640000000000001e-252	1.2100000000000001e-247
4	TGFBR3	0.614607361	0.436	0.288	2.4100000000000002e-129	6.3e-125
4	LGMN	0.614314457	0.467	0.286	3.0500000000000004e-192	7.979999999999999e-188
4	AL135925.1	0.614196928	0.347	0.268	1.41e-54	3.68e-50
4	RAPGEF2	0.614023805	0.73	0.634	7.82e-130	2.0500000000000001e-125
4	HIST1H2BD	0.612414754	0.439	0.334	2.74e-63	7.17e-59
4	TJP1	0.612369808	0.631	0.517	3.0800000000000005e-144	8.069999999999999e-140
4	GCLC	0.611538409	0.519	0.396	9.54e-104	2.5000000000000003e-99
4	SOX4	0.611236771	0.792	0.791	3.86e-50	1.0099999999999999e-45
4	SLC9A1	0.607587842	0.532	0.384	1.77e-138	4.639999999999999e-134
4	IQGAP1	0.605792626	0.772	0.654	4.94e-240	1.29e-235
4	TOM1L2	0.605220257	0.541	0.412	1.79e-138	4.69e-134
4	TLE1	0.605192418	0.625	0.419	2.1799999999999997e-216	5.72e-212
4	NABP1	0.604500301	0.382	0.175	1.8899999999999998e-287	4.94e-283
4	CDKN1A	0.603833734	0.476	0.272	1.99e-260	5.1999999999999996e-256
4	USP43	0.60337613	0.503	0.283	3.44e-259	9e-255
4	DDX3X	0.603028964	0.704	0.586	2.05e-153	5.35e-149
4	GALM	0.602583918	0.421	0.357	7.979999999999999e-38	2.09e-33
4	NPAS2	0.601438752	0.553	0.352	3.67e-175	9.61e-171
4	TP53BP2	0.598866216	0.544	0.368	8.51e-209	2.23e-204
4	HIST1H2AC	0.598865728	0.463	0.358	7.97e-69	2.09e-64
4	CROCC	0.598464274	0.398	0.325	5.5700000000000005e-43	1.46e-38
4	SLC7A8	0.597075856	0.393	0.213	1.33e-192	3.49e-188
4	ITPR1	0.596668084	0.523	0.37	1.41e-141	3.6899999999999997e-137
4	RIPK1	0.595107514	0.496	0.355	8.930000000000001e-125	2.34e-120
4	PERP	0.59169985	0.646	0.575	3.16e-103	8.260000000000001e-99
4	PPP1R13B	0.589542608	0.717	0.612	2.37e-95	6.2e-91
4	DDX58	0.587419404	0.467	0.328	2.31e-120	6.030000000000001e-116
4	TNFRSF10D	0.587106453	0.27	0.123	6.7500000000000005e-177	1.7699999999999998e-172
4	BAIAP2L1	0.584971326	0.725	0.637	1.66e-141	4.35e-137
4	MKNK2	0.58445412	0.507	0.314	6.04e-220	1.5800000000000002e-215
4	IL6ST	0.582094587	0.523	0.349	2.02e-197	5.29e-193
4	FAM84A	0.582028404	0.416	0.264	1.0099999999999999e-135	2.63e-131
4	COBL	0.581557345	0.639	0.451	4.92e-150	1.29e-145
4	ADM	0.581152771	0.374	0.157	0.0	0.0
4	MT-ND4L	0.580731411	0.915	0.753	0.0	0.0
4	B4GALT1	0.580442705	0.456	0.327	5.97e-116	1.56e-111
4	B3GNT5	0.57889741	0.446	0.233	1.2899999999999999e-254	3.36e-250
4	CLU	0.57878432	0.45	0.267	2.3500000000000001e-181	6.15e-177
4	RAI2	0.577546925	0.287	0.156	7.090000000000001e-123	1.86e-118
4	WLS	0.576155485	0.652	0.474	8.72e-187	2.28e-182
4	SVIL	0.575139315	0.849	0.72	2.9e-178	7.59e-174
4	SAMD5	0.574666434	0.57	0.362	3.33e-173	8.710000000000001e-169
4	BMPR1B	0.574639122	0.775	0.474	1.9299999999999998e-240	5.04e-236
4	RHPN2	0.574406707	0.68	0.446	9.21e-247	2.4099999999999997e-242
4	STK38L	0.572528771	0.467	0.36	6.96e-88	1.82e-83
4	JAG1	0.57234539	0.664	0.471	7.51e-205	1.9700000000000003e-200
4	ZFAND5	0.570408057	0.717	0.598	7.34e-200	1.92e-195
4	SLC38A2	0.570029342	0.61	0.534	3.7499999999999996e-68	9.81e-64
4	JUP	0.570023198	0.676	0.543	3.16e-202	8.260000000000001e-198
4	RAB7A	0.567599346	0.808	0.735	6.42e-142	1.68e-137
4	ELOVL7	0.567595373	0.512	0.316	1.28e-187	3.34e-183
4	PPP1R10	0.565899196	0.645	0.565	8.88e-69	2.3300000000000002e-64
4	CFAP69	0.564058687	0.666	0.462	8.59e-139	2.2499999999999998e-134
4	VEGFA	0.55798076	0.413	0.259	5.51e-143	1.44e-138
4	NUPR1	0.556216313	0.553	0.401	1.72e-90	4.5000000000000005e-86
4	KITLG	0.555420505	0.423	0.271	2.23e-135	5.83e-131
4	NCOA3	0.55496189	0.791	0.682	2.8200000000000002e-130	7.37e-126
4	PTPN1	0.553543308	0.582	0.514	2.66e-72	6.97e-68
4	SDC4	0.553476892	0.529	0.344	1.61e-205	4.21e-201
4	RDH10	0.549541701	0.331	0.223	5.2099999999999996e-83	1.36e-78
4	BZW2	0.549421884	0.525	0.456	4.03e-48	1.05e-43
4	EHF	0.548853717	0.541	0.313	4.0200000000000006e-235	1.05e-230
4	USP25	0.547510046	0.553	0.474	5.1100000000000004e-70	1.34e-65
4	CD63	0.545548922	0.773	0.826	2.93e-62	7.66e-58
4	INTS12	0.545313965	0.68	0.571	2.2899999999999997e-95	5.999999999999999e-91
4	LDLR	0.544902885	0.384	0.228	1.67e-153	4.38e-149
4	RALGPS2	0.543743244	0.699	0.602	2.38e-118	6.23e-114
4	PSAP	0.543313198	0.883	0.848	5.999999999999999e-188	1.57e-183
4	ABTB2	0.541708129	0.429	0.254	3.4200000000000004e-166	8.95e-162
4	FGF13	0.541663575	0.826	0.764	2.6800000000000004e-66	7.01e-62
4	LIMA1	0.540566304	0.667	0.489	1.64e-206	4.3e-202
4	POLG2	0.538440194	0.516	0.422	5.47e-57	1.4299999999999998e-52
4	ZNF844	0.536185808	0.343	0.258	5.41e-55	1.42e-50
4	HIST1H3D	0.536048834	0.272	0.165	1.8900000000000002e-86	4.96e-82
4	ICAM1	0.534833432	0.314	0.125	6.27e-268	1.6399999999999997e-263
4	BCL6	0.53281256	0.382	0.199	7.29e-215	1.9100000000000003e-210
4	PTK2B	0.532388477	0.362	0.222	1.57e-119	4.1e-115
4	MAFF	0.531837982	0.452	0.256	4.9e-231	1.28e-226
4	DALRD3	0.53114335	0.414	0.302	1.25e-82	3.28e-78
4	CSRNP2	0.529258682	0.397	0.312	1.76e-57	4.6e-53
4	TGFB1	0.528698666	0.411	0.298	9.69e-78	2.54e-73
4	BTG1	0.527449944	0.765	0.713	3.63e-105	9.5e-101
4	BAG3	0.526274565	0.266	0.115	1.66e-195	4.34e-191
4	EXPH5	0.524230431	0.549	0.388	1.55e-143	4.07e-139
4	PCSK5	0.523903256	0.431	0.299	8.130000000000001e-103	2.13e-98
4	WSB1	0.523362733	0.862	0.788	9.199999999999999e-176	2.41e-171
4	PHLDA2	0.52298393	0.486	0.327	2.35e-141	6.1399999999999995e-137
4	GTF2B	0.522734119	0.532	0.425	4.27e-94	1.12e-89
4	MAL2	0.522243275	0.541	0.448	1.52e-75	3.99e-71
4	FTL	0.522055611	0.801	0.849	3.02e-41	7.910000000000001e-37
4	PRDM2	0.52200703	0.646	0.513	9.020000000000001e-132	2.36e-127
4	ASPH	0.520882282	0.646	0.62	2.43e-59	6.35e-55
4	BUD23	0.520293198	0.591	0.518	9.9e-59	2.5899999999999997e-54
4	TNFAIP8	0.520192624	0.511	0.32	8.830000000000001e-161	2.31e-156
4	BAMBI	0.518125026	0.355	0.234	5.63e-92	1.47e-87
4	SKIL	0.517877146	0.625	0.494	3.8999999999999996e-142	1.0199999999999999e-137
4	LYN	0.517326725	0.349	0.184	5.2e-178	1.36e-173
4	GLUD1	0.51678789	0.357	0.293	6.86e-35	1.7999999999999998e-30
4	TNFSF10	0.516740095	0.402	0.225	2.89e-177	7.57e-173
4	PABPC1	0.514826852	0.898	0.87	1.13e-147	2.96e-143
4	LRRC23	0.514707186	0.421	0.343	3.89e-41	1.02e-36
4	PRSS23	0.513452162	0.352	0.247	5.79e-77	1.52e-72
4	C3orf58	0.513407371	0.571	0.512	8.539999999999999e-52	2.24e-47
4	LONRF3	0.512978406	0.319	0.164	2.75e-167	7.19e-163
4	ASS1	0.511672401	0.322	0.124	6.55e-304	1.71e-299
4	SLC3A2	0.511623223	0.608	0.466	7.94e-159	2.08e-154
4	SEMA4B	0.510301212	0.477	0.329	5.79e-143	1.51e-138
4	CDC14A	0.509651338	0.682	0.557	6.450000000000001e-103	1.69e-98
4	NT5DC3	0.509604574	0.491	0.422	2.63e-46	6.889999999999999e-42
4	MYO1D	0.509203329	0.893	0.831	2.2e-105	5.76e-101
4	RAB10	0.508173148	0.813	0.772	8.36e-96	2.1899999999999998e-91
4	TNFRSF12A	0.508075811	0.399	0.239	2e-159	5.24e-155
4	CLDN7	0.507421095	0.532	0.295	9.18e-274	2.4e-269
4	PMAIP1	0.507066413	0.33	0.149	7.65e-238	2e-233
4	DIAPH1	0.503114854	0.719	0.621	4.17e-137	1.09e-132
4	TMEM217	0.502456363	0.29	0.144	1.05e-152	2.74e-148
4	PPARD	0.50177837	0.455	0.28	3.97e-165	1.0400000000000001e-160
4	SLC45A4	0.501253082	0.439	0.325	1.01e-85	2.6299999999999998e-81
4	ASXL1	0.500475159	0.756	0.705	5.71e-81	1.5e-76
4	MACC1	0.498955046	0.259	0.092	1.6599999999999998e-258	4.33e-254
4	AC007952.4	0.497653731	0.257	0.195	2.23e-32	5.83e-28
4	EFNA1	0.497180821	0.492	0.316	1e-176	2.62e-172
4	EGFR	0.496440436	0.562	0.367	1.54e-170	4.04e-166
4	EIF4A3	0.4963675	0.672	0.64	4.31e-37	1.1300000000000001e-32
4	ZC3HAV1	0.494972532	0.493	0.312	2.4699999999999997e-159	6.46e-155
4	PTPN14	0.494589008	0.601	0.403	9.39e-154	2.46e-149
4	TIMP2	0.494553831	0.634	0.509	4.54e-144	1.19e-139
4	CPNE8	0.49409971	0.336	0.194	8.84e-129	2.3100000000000004e-124
4	ABCC1	0.492886752	0.451	0.313	3.82e-115	1e-110
4	CAST	0.492711883	0.71	0.523	9.97e-177	2.61e-172
4	TFAP2C	0.49204435	0.363	0.211	4.8999999999999995e-146	1.28e-141
4	FBXO32	0.491491805	0.464	0.405	1.68e-27	4.39e-23
4	LEF1	0.490857671	0.39	0.274	8.68e-78	2.2700000000000002e-73
4	SERPINE2	0.489532996	0.276	0.149	2.21e-120	5.79e-116
4	TWSG1	0.489071626	0.536	0.436	1.7e-76	4.44e-72
4	ABHD5	0.488993583	0.452	0.408	4.07e-28	1.0699999999999998e-23
4	SERTAD2	0.488703429	0.525	0.394	1.67e-116	4.37e-112
4	CTNNAL1	0.488521435	0.633	0.554	6.07e-90	1.5900000000000002e-85
4	HSP90AA1	0.488357084	0.963	0.963	1.31e-159	3.43e-155
4	ABHD2	0.488063133	0.56	0.488	5.27e-69	1.3800000000000002e-64
4	MAP2K4	0.487535013	0.701	0.636	3.47e-75	9.08e-71
4	PLOD2	0.487305172	0.359	0.281	1.0000000000000001e-47	2.6200000000000002e-43
4	RRBP1	0.486109154	0.645	0.432	1.0200000000000001e-208	2.6699999999999997e-204
4	MACF1	0.485924471	0.829	0.806	7.53e-85	1.97e-80
4	CCDC6	0.485539223	0.724	0.676	1.75e-101	4.59e-97
4	TEAD1	0.484947638	0.775	0.768	2.6999999999999997e-34	7.06e-30
4	RNF213	0.484917091	0.713	0.627	1.54e-100	4.02e-96
4	HLA-A	0.483728146	0.56	0.505	1.51e-62	3.96e-58
4	RNF19A	0.483327865	0.798	0.772	2.64e-86	6.92e-82
4	CDC14B	0.482408299	0.36	0.23	3.12e-102	8.15e-98
4	FOSL2	0.481824634	0.409	0.192	1.44e-290	3.78e-286
4	AQP3	0.480990018	0.459	0.378	1.2e-59	3.15e-55
4	BHLHE40	0.480922612	0.464	0.306	1.38e-143	3.6e-139
4	PHF12	0.479081149	0.595	0.492	9.64e-110	2.52e-105
4	TFF1	0.477495838	0.429	0.324	2.5e-40	6.53e-36
4	RUNX2	0.477227305	0.332	0.163	4.1399999999999996e-191	1.08e-186
4	FADS3	0.476544948	0.269	0.143	2.7100000000000004e-124	7.09e-120
4	RHOU	0.47653599	0.377	0.187	4.91e-230	1.2899999999999998e-225
4	ELL2	0.475648688	0.667	0.526	4.9500000000000004e-107	1.3e-102
4	IER5L	0.474900353	0.356	0.244	1.84e-83	4.8300000000000005e-79
4	SAE1	0.474667742	0.604	0.579	8.899999999999999e-24	2.33e-19
4	C4orf32	0.473938509	0.361	0.225	1.09e-107	2.8600000000000003e-103
4	TMPRSS2	0.473644053	0.504	0.29	6.16e-205	1.61e-200
4	FN1	0.473504505	0.443	0.324	2.17e-75	5.68e-71
4	BTG2	0.471192899	0.609	0.624	1.52e-12	3.98e-08
4	LASP1	0.471101518	0.612	0.458	1.7e-148	4.46e-144
4	OSER1	0.470926328	0.532	0.392	1.4900000000000002e-132	3.91e-128
4	RASD1	0.470530512	0.34	0.176	1.29e-171	3.3600000000000003e-167
4	SNX9	0.468563662	0.67	0.599	1.78e-78	4.6599999999999994e-74
4	SSFA2	0.467672383	0.504	0.41	2.92e-82	7.64e-78
4	LIMS1	0.467616082	0.643	0.583	2.6800000000000002e-70	7e-66
4	CLK1	0.466878417	0.583	0.451	2.06e-130	5.3799999999999997e-126
4	GCLM	0.466663579	0.469	0.339	2.09e-117	5.48e-113
4	HSPA8	0.466480654	0.809	0.773	4.63e-83	1.21e-78
4	SPAG9	0.466478027	0.819	0.773	8.41e-87	2.2e-82
4	KRT18	0.466157982	0.754	0.725	2.46e-64	6.43e-60
4	MALAT1	0.465613566	1.0	0.999	1.38e-223	3.62e-219
4	RIPK4	0.465524435	0.349	0.129	0.0	0.0
4	CPA6	0.465286691	0.426	0.304	1.9499999999999998e-61	5.1e-57
4	NEU1	0.463668648	0.445	0.292	6.52e-139	1.71e-134
4	STK17A	0.462073664	0.447	0.297	1.6499999999999998e-137	4.31e-133
4	NXF1	0.460622627	0.322	0.234	6.2e-60	1.6199999999999999e-55
4	HBP1	0.459334203	0.518	0.354	6.21e-157	1.62e-152
4	APLP2	0.458433631	0.882	0.798	7.58e-164	1.9799999999999998e-159
4	SDC1	0.45792811	0.333	0.232	5.46e-77	1.43e-72
4	ROCK2	0.457834418	0.667	0.637	1.0999999999999999e-42	2.87e-38
4	MYOF	0.457571114	0.368	0.16	2.15e-266	5.63e-262
4	PNRC1	0.457534508	0.643	0.547	1.07e-114	2.79e-110
4	CDKN1C	0.456932182	0.335	0.254	2.37e-49	6.2e-45
4	FAM117A	0.456397148	0.404	0.306	2.3999999999999997e-61	6.29e-57
4	SLC7A11	0.455948267	0.255	0.159	2.17e-69	5.67e-65
4	ANXA3	0.454628606	0.598	0.375	9.770000000000001e-200	2.56e-195
4	IRF6	0.454526374	0.453	0.263	6.21e-201	1.62e-196
4	USP3	0.454374594	0.68	0.635	9.13e-69	2.39e-64
4	FAM43A	0.454107289	0.336	0.235	7.369999999999999e-69	1.93e-64
4	MICU3	0.452649907	0.373	0.301	1.35e-44	3.53e-40
4	AFF4	0.451964185	0.828	0.752	1.6e-129	4.2e-125
4	JUND	0.451621388	0.879	0.84	4.0000000000000006e-124	1.05e-119
4	GAN	0.451536371	0.369	0.279	1.5200000000000001e-58	3.9799999999999994e-54
4	UTRN	0.451532173	0.901	0.554	4.06e-183	1.06e-178
4	GPR37	0.44866183	0.325	0.147	8.13e-231	2.13e-226
4	RAB32	0.448019357	0.431	0.3	6.94e-121	1.8200000000000002e-116
4	CTSB	0.446678148	0.371	0.201	1.5099999999999998e-188	3.96e-184
4	FRK	0.446477186	0.365	0.208	8.03e-145	2.0999999999999997e-140
4	C2CD3	0.445558279	0.596	0.564	5.97e-35	1.5599999999999999e-30
4	RBBP6	0.445228792	0.655	0.611	4.06e-50	1.0599999999999999e-45
4	NHS	0.444917431	0.344	0.26	2.64e-44	6.9199999999999994e-40
4	AC020916.1	0.443317777	0.399	0.232	2.72e-164	7.13e-160
4	PRR3	0.443021522	0.306	0.294	4.55e-09	0.000118977
4	CTBP2	0.442161921	0.623	0.53	4.2100000000000004e-79	1.0999999999999999e-74
4	SULF2	0.441247731	0.434	0.285	3.29e-126	8.620000000000001e-122
4	EFNB2	0.441244837	0.359	0.206	2.23e-143	5.83e-139
4	ABCA1	0.440302992	0.424	0.269	1.75e-122	4.58e-118
4	UGP2	0.439419227	0.596	0.551	6.79e-52	1.78e-47
4	PARM1	0.439365593	0.38	0.271	1.39e-74	3.64e-70
4	MAN2A1	0.43725836	0.468	0.323	6.88e-107	1.8e-102
4	LINC00511	0.436941248	0.791	0.725	1.84e-62	4.82e-58
4	OXCT1	0.436918727	0.651	0.542	1.48e-84	3.88e-80
4	LBH	0.435780314	0.5	0.442	6.170000000000001e-43	1.6099999999999998e-38
4	MALT1	0.435536255	0.507	0.368	1.72e-88	4.49e-84
4	ID3	0.433098986	0.255	0.186	1.49e-38	3.89e-34
4	PFKFB3	0.430680647	0.333	0.25	1.7299999999999998e-54	4.54e-50
4	LIMCH1	0.429977884	0.698	0.481	1.06e-148	2.7800000000000004e-144
4	TLCD1	0.42964043	0.297	0.133	3.15e-211	8.25e-207
4	MAT2A	0.428381909	0.638	0.568	2.3600000000000002e-64	6.19e-60
4	MKL1	0.427947997	0.61	0.536	3.39e-72	8.869999999999999e-68
4	ARHGAP42	0.427393554	0.305	0.167	1.17e-126	3.06e-122
4	NFKB1	0.427106867	0.345	0.238	3.4e-70	8.9e-66
4	ATP2C2	0.427051543	0.434	0.286	2.9799999999999998e-111	7.81e-107
4	WHRN	0.425516978	0.524	0.382	6.23e-100	1.6299999999999998e-95
4	JDP2	0.425279143	0.274	0.13	1.91e-155	4.99e-151
4	ID1	0.424690119	0.31	0.29	1.88e-07	0.004933787
4	CRIP1	0.424480203	0.375	0.23	6.77e-118	1.77e-113
4	TSPAN13	0.423820061	0.474	0.37	1.4699999999999999e-89	3.85e-85
4	TFRC	0.422026503	0.412	0.418	2.67e-06	0.070010152
4	TMEM123	0.422024427	0.668	0.602	5.66e-84	1.48e-79
4	CLIP1	0.421421014	0.453	0.394	1.06e-39	2.78e-35
4	CRYBG1	0.421254716	0.556	0.421	4.35e-105	1.14e-100
4	HIST2H2BF	0.420954761	0.264	0.183	8.36e-51	2.19e-46
4	PLSCR1	0.420296323	0.448	0.315	8.71e-116	2.28e-111
4	MUC12	0.420292482	0.332	0.192	2.65e-116	6.9399999999999995e-112
4	APPL2	0.420243615	0.694	0.578	2.16e-100	5.65e-96
4	WDR44	0.420123189	0.484	0.409	1.4099999999999998e-45	3.7e-41
4	OSMR	0.419868606	0.281	0.139	4.54e-150	1.19e-145
4	ERBB2	0.419690511	0.53	0.332	3.5299999999999997e-199	9.23e-195
4	ST6GAL2	0.419555111	0.314	0.252	4.78e-31	1.25e-26
4	TES	0.41858428	0.361	0.191	3.38e-185	8.850000000000001e-181
4	SRSF5	0.41851849	0.792	0.711	8.46e-129	2.2200000000000004e-124
4	UBAP1	0.418046045	0.625	0.534	4.64e-87	1.2199999999999999e-82
4	LITAF	0.417633177	0.567	0.395	1.14e-151	2.99e-147
4	DICER1	0.416892372	0.645	0.623	1.52e-45	3.97e-41
4	LLGL2	0.416660429	0.605	0.442	3.7799999999999996e-136	9.88e-132
4	RGS2	0.415955356	0.334	0.211	4.54e-98	1.19e-93
4	CAVIN1	0.414872774	0.384	0.208	4.68e-178	1.2200000000000001e-173
4	INTS6	0.414850815	0.621	0.61	5.11e-15	1.34e-10
4	MAF	0.414094665	0.499	0.369	2.78e-98	7.259999999999999e-94
4	SUZ12	0.413643192	0.788	0.792	2.08e-40	5.4600000000000004e-36
4	MID1	0.412273702	0.804	0.594	2.1100000000000002e-133	5.52e-129
4	SNHG25	0.411619292	0.485	0.374	2e-87	5.23e-83
4	SOCS1	0.411559895	0.262	0.13	7.36e-143	1.93e-138
4	TMEM165	0.411238122	0.67	0.624	1.33e-63	3.4800000000000004e-59
4	NUDT2	0.411096034	0.331	0.268	7.28e-38	1.9e-33
4	UAP1	0.410952281	0.327	0.271	3.03e-28	7.92e-24
4	RAB27B	0.410161892	0.503	0.413	1.66e-57	4.34e-53
4	MYL12B	0.409807873	0.738	0.76	1.28e-50	3.3499999999999997e-46
4	IDI1	0.407698696	0.457	0.421	1.18e-21	3.1e-17
4	LINC00513	0.407678104	0.268	0.131	1.63e-145	4.28e-141
4	NOCT	0.407639496	0.427	0.32	3.58e-78	9.36e-74
4	MPZL3	0.406855587	0.435	0.252	1.4299999999999998e-172	3.73e-168
4	SNHG9	0.405871377	0.526	0.437	4.77e-78	1.2500000000000001e-73
4	FAM102A	0.405838012	0.412	0.265	2.1800000000000002e-130	5.7e-126
4	ST14	0.404018305	0.448	0.281	2.3e-153	6.03e-149
4	PRR16	0.403972743	0.343	0.204	1.16e-97	3.05e-93
4	ZFHX3	0.403867326	0.667	0.519	5.77e-118	1.51e-113
4	KDM3A	0.401424597	0.464	0.376	2.7200000000000004e-57	7.12e-53
4	RTN4	0.401363691	0.873	0.881	2.3e-25	6.03e-21
4	ERCC1	0.401269137	0.601	0.538	1.24e-55	3.26e-51
4	NEK8	0.400824481	0.292	0.16	7.51e-130	1.9700000000000002e-125
4	USP38	0.400583488	0.384	0.316	6.87e-41	1.8e-36
4	CRABP2	0.399547612	0.369	0.223	2.2900000000000003e-132	6e-128
4	JMJD6	0.399189888	0.374	0.287	4.74e-55	1.24e-50
4	ACSL1	0.398614303	0.429	0.341	8.2e-53	2.1499999999999997e-48
4	SMC5	0.397132765	0.764	0.739	2.7e-61	7.06e-57
4	SEC24A	0.397058785	0.418	0.376	1.59e-26	4.16e-22
4	RASSF8	0.397056471	0.544	0.425	4.3e-75	1.1300000000000001e-70
4	MCF2L2	0.396723273	0.359	0.213	3.82e-128	9.99e-124
4	NRIP1	0.396254075	0.662	0.611	9.699999999999999e-45	2.54e-40
4	DENND2C	0.394762158	0.341	0.196	1.9000000000000002e-132	4.97e-128
4	NPC2	0.393641166	0.604	0.518	1.57e-58	4.0999999999999995e-54
4	ABI1	0.392535162	0.593	0.52	1.15e-70	3.01e-66
4	DSC2	0.389451638	0.484	0.417	4.12e-53	1.08e-48
4	TRPV6	0.389438678	0.341	0.187	1.56e-135	4.0699999999999997e-131
4	ANKRD36C	0.388840024	0.395	0.489	6.12e-12	1.6e-07
4	NECTIN2	0.38808951	0.563	0.431	1.03e-113	2.71e-109
4	CYP20A1	0.38798703	0.561	0.577	9.04e-05	1.0
4	SIM2	0.386775016	0.602	0.497	3.91e-81	1.02e-76
4	LUZP1	0.38646564	0.501	0.401	1.1699999999999999e-68	3.06e-64
4	AP2B1	0.385947761	0.762	0.769	2.4200000000000004e-47	6.33e-43
4	ANXA11	0.38558631	0.614	0.456	4.81e-120	1.2599999999999998e-115
4	RAP2B	0.384497643	0.339	0.234	6.28e-79	1.64e-74
4	CSGALNACT1	0.383858969	0.625	0.608	1.33e-12	3.48e-08
4	TEC	0.383713636	0.378	0.236	5.38e-116	1.41e-111
4	LRRC8A	0.383441196	0.425	0.332	7.65e-55	2e-50
4	HIVEP1	0.382407703	0.472	0.401	9.769999999999999e-40	2.56e-35
4	FBXO34	0.382177029	0.633	0.559	2.31e-73	6.05e-69
4	CEMIP	0.382030762	0.403	0.408	0.00104347	1.0
4	AC008770.1	0.381798942	0.478	0.423	2.53e-35	6.630000000000001e-31
4	PRDX1	0.381657626	0.778	0.755	1.23e-85	3.22e-81
4	GADD45A	0.381620982	0.463	0.379	2.58e-53	6.76e-49
4	ERBB3	0.381482392	0.46	0.282	2.9299999999999997e-165	7.68e-161
4	ARHGAP12	0.380988922	0.595	0.535	2.3799999999999998e-48	6.23e-44
4	IL4R	0.380572529	0.297	0.131	3.2400000000000006e-210	8.48e-206
4	CCNG2	0.379966416	0.531	0.441	1.86e-49	4.8599999999999995e-45
4	PPME1	0.379795524	0.646	0.635	9.45e-29	2.47e-24
4	KIAA0040	0.379489556	0.314	0.161	4.25e-162	1.11e-157
4	CKS2	0.379426852	0.524	0.513	8.17e-12	2.14e-07
4	STX3	0.379325811	0.424	0.282	8.59e-122	2.2500000000000002e-117
4	TANC1	0.379019658	0.549	0.424	2.37e-81	6.21e-77
4	OSER1-AS1	0.377779143	0.286	0.205	1.04e-52	2.7199999999999997e-48
4	CAMSAP1	0.377424565	0.479	0.448	5.36e-23	1.4e-18
4	PGM2	0.37671176	0.352	0.207	5.3000000000000005e-124	1.39e-119
4	ENAH	0.376554493	0.837	0.842	1.23e-34	3.23e-30
4	SLC44A1	0.376182371	0.554	0.449	2.43e-76	6.350000000000001e-72
4	HEG1	0.375783524	0.31	0.181	6.1600000000000004e-105	1.61e-100
4	PDZD8	0.375061486	0.438	0.352	1.11e-58	2.8999999999999996e-54
4	DSP	0.374697017	0.445	0.316	3.89e-93	1.02e-88
4	NOS1AP	0.374078269	0.48	0.392	3.28e-57	8.59e-53
4	DUSP16	0.373372578	0.529	0.416	2.44e-71	6.39e-67
4	TMCC3	0.373201596	0.323	0.193	5.95e-111	1.56e-106
4	GLO1	0.373129647	0.781	0.728	1.1999999999999999e-104	3.1500000000000003e-100
4	AL033504.1	0.372891745	0.373	0.248	8.89e-81	2.33e-76
4	ARRDC3	0.372822112	0.483	0.402	1.24e-44	3.25e-40
4	DNAJA4	0.372659742	0.335	0.262	2.47e-39	6.46e-35
4	TCF7L2	0.372055545	0.463	0.411	6.999999999999999e-30	1.8299999999999999e-25
4	EIF4A2	0.371211325	0.821	0.776	7.37e-101	1.93e-96
4	PLK3	0.37104665	0.256	0.12	2.03e-159	5.31e-155
4	ALAS1	0.36958729	0.342	0.266	7.91e-46	2.07e-41
4	GCNT1	0.36924897	0.26	0.123	7.22e-151	1.89e-146
4	GLUL	0.369095968	0.396	0.304	5.48e-58	1.43e-53
4	AC016831.1	0.369039606	0.259	0.125	4.5300000000000004e-145	1.19e-140
4	PLEC	0.368509481	0.402	0.315	2.9499999999999995e-54	7.72e-50
4	MYC	0.367398821	0.295	0.204	8.869999999999999e-61	2.32e-56
4	DOCK4	0.366021781	0.875	0.761	3.89e-74	1.0199999999999999e-69
4	FNIP2	0.365646868	0.461	0.436	6.540000000000001e-21	1.71e-16
4	ADRB2	0.365217589	0.301	0.178	9.93e-100	2.5999999999999997e-95
4	RCC1	0.363067246	0.379	0.315	2.04e-32	5.33e-28
4	CYTH1	0.363055548	0.712	0.602	5.15e-96	1.35e-91
4	TRA2B	0.362384819	0.735	0.677	1.1700000000000001e-66	3.05e-62
4	AZIN1	0.361169223	0.662	0.581	2.61e-80	6.83e-76
4	SLC25A25	0.359396425	0.533	0.457	6.37e-60	1.6699999999999998e-55
4	TMEM51	0.358832692	0.364	0.236	3.6e-101	9.420000000000001e-97
4	GNA14	0.358094528	0.314	0.232	5.1999999999999995e-40	1.36e-35
4	MORC4	0.357491125	0.354	0.308	2.82e-18	7.38e-14
4	CDC42EP4	0.357266322	0.362	0.226	3.2299999999999997e-115	8.46e-111
4	HSPA5	0.356285791	0.604	0.58	6.53e-29	1.71e-24
4	CD46	0.355917653	0.646	0.574	2.5e-67	6.54e-63
4	NQO1	0.355459356	0.334	0.226	3.53e-70	9.230000000000001e-66
4	NET1	0.35456212	0.583	0.492	4.04e-69	1.06e-64
4	ACHE	0.353976731	0.306	0.139	4.380000000000001e-208	1.15e-203
4	USP9X	0.353525578	0.728	0.703	3.12e-36	8.17e-32
4	SDC2	0.353083329	0.636	0.488	3.59e-108	9.399999999999999e-104
4	NPTN	0.352413734	0.556	0.49	1.43e-47	3.740000000000001e-43
4	C11orf84	0.352324504	0.306	0.273	1.89e-16	4.93e-12
4	STEAP4	0.351862368	0.295	0.176	6.19e-90	1.62e-85
4	ETV6	0.351837045	0.545	0.474	6.97e-48	1.82e-43
4	MSX1	0.351045933	0.251	0.131	2.7900000000000003e-117	7.3e-113
4	C16orf72	0.350789783	0.4	0.295	9.02e-71	2.36e-66
4	CA5B	0.350787462	0.465	0.403	2.6699999999999998e-39	6.98e-35
4	VCP	0.350475503	0.681	0.601	6.7e-86	1.75e-81
4	GSTCD	0.350153016	0.728	0.643	1.34e-59	3.4999999999999995e-55
4	ATP9A	0.350083231	0.695	0.651	2.05e-67	5.36e-63
4	SPTSSB	0.349854365	0.331	0.255	3.41e-39	8.930000000000001e-35
4	KIF13B	0.349241404	0.424	0.34	4.2e-45	1.1e-40
4	TBPL1	0.348974876	0.395	0.379	9.23e-10	2.42e-05
4	C6orf62	0.347948794	0.634	0.61	5.9600000000000006e-27	1.56e-22
4	ITGB5	0.347695505	0.369	0.214	1.64e-136	4.3100000000000004e-132
4	TBC1D8	0.347179873	0.634	0.56	2.68e-49	7.02e-45
4	UACA	0.346820425	0.498	0.345	1.84e-115	4.83e-111
4	TOR1AIP1	0.346786235	0.474	0.372	7.49e-72	1.96e-67
4	PLEKHF2	0.346132217	0.44	0.333	4.14e-82	1.08e-77
4	LAMP2	0.34586415	0.574	0.446	2.3399999999999998e-94	6.11e-90
4	FP236383.1	0.345494196	0.508	0.351	2.47e-110	6.48e-106
4	CD9	0.345208995	0.683	0.622	7.38e-72	1.93e-67
4	AC021078.1	0.344803035	0.521	0.462	9.789999999999999e-48	2.5600000000000004e-43
4	CNNM4	0.344291574	0.358	0.283	2.34e-42	6.13e-38
4	TIMP3	0.343566766	0.264	0.246	3.74e-05	0.979963507
4	RAP1B	0.342081761	0.71	0.68	1.79e-56	4.67e-52
4	SDCBP	0.341305621	0.578	0.5	4.95e-60	1.3e-55
4	AAK1	0.340649383	0.632	0.596	6.12e-32	1.6000000000000001e-27
4	CLSTN2	0.339818908	0.272	0.202	3.3900000000000003e-31	8.860000000000001e-27
4	IL13RA1	0.339277612	0.401	0.279	5.39e-88	1.41e-83
4	STX5	0.339050029	0.553	0.467	1.68e-58	4.3999999999999993e-54
4	CNN3	0.338740663	0.641	0.61	2.3900000000000003e-59	6.2499999999999995e-55
4	SGMS1	0.338071415	0.732	0.676	3.99e-58	1.04e-53
4	AFMID	0.337566302	0.413	0.392	6.21e-12	1.63e-07
4	GNG12	0.337553992	0.392	0.223	2.46e-155	6.44e-151
4	CYTH3	0.337429183	0.444	0.383	1.92e-21	5.01e-17
4	ATP8B1	0.337311099	0.406	0.303	6.910000000000001e-56	1.81e-51
4	SLC10A1	0.335860598	0.284	0.206	1.3300000000000001e-43	3.47e-39
4	IRAK2	0.335378631	0.333	0.226	3.89e-75	1.02e-70
4	RGMB	0.33517224	0.282	0.159	3.9200000000000003e-109	1.0299999999999999e-104
4	FZD5	0.335078627	0.258	0.101	8.6e-225	2.25e-220
4	B3GALNT2	0.334455779	0.541	0.479	6.08e-40	1.5900000000000002e-35
4	RAMP1	0.333974689	0.531	0.4	1.53e-74	3.9900000000000005e-70
4	RRAS2	0.333214048	0.332	0.232	8.99e-64	2.35e-59
4	SH3D19	0.332732893	0.6	0.551	7.19e-35	1.88e-30
4	GK	0.332205965	0.303	0.251	1.36e-23	3.55e-19
4	NSMCE2	0.332130797	0.836	0.847	6.44e-25	1.69e-20
4	XBP1	0.332078651	0.447	0.322	4.24e-87	1.1099999999999999e-82
4	SPECC1	0.331708915	0.624	0.506	1.39e-90	3.64e-86
4	NID1	0.331432109	0.258	0.157	3.68e-75	9.64e-71
4	PABPC4	0.331417018	0.41	0.328	5.779999999999999e-52	1.51e-47
4	SLC25A33	0.331249793	0.589	0.516	2.26e-49	5.91e-45
4	ASL	0.330548428	0.283	0.196	6.830000000000001e-57	1.7899999999999998e-52
4	MPP7	0.330385516	0.455	0.299	9.580000000000001e-110	2.51e-105
4	SLC4A7	0.330368482	0.593	0.575	1.15e-16	3.02e-12
4	STRN	0.330064687	0.516	0.478	2.88e-28	7.53e-24
4	TULP2	0.32990206	0.255	0.149	8.27e-83	2.16e-78
4	PACSIN2	0.3283176	0.499	0.436	1.88e-43	4.93e-39
4	HSPD1	0.328295968	0.763	0.752	4.86e-26	1.27e-21
4	DDX5	0.327885556	0.955	0.951	1.2400000000000001e-105	3.2399999999999997e-101
4	AFDN-AS1	0.327310034	0.27	0.144	1.12e-118	2.92e-114
4	RAB31	0.326942511	0.297	0.157	6.39e-131	1.67e-126
4	ATL2	0.326788941	0.54	0.462	1.9499999999999997e-55	5.1e-51
4	ITPR2	0.325456364	0.367	0.225	9.459999999999999e-104	2.48e-99
4	PCF11	0.32495745	0.527	0.443	3.89e-57	1.0199999999999999e-52
4	CCNC	0.324893978	0.684	0.612	7.83e-69	2.05e-64
4	SMURF1	0.324844428	0.538	0.483	5.5e-43	1.44e-38
4	FOXJ3	0.324639113	0.68	0.705	6.52e-08	0.001706658
4	EPCAM	0.324564871	0.776	0.765	2.05e-64	5.36e-60
4	ARHGEF3	0.323899432	0.617	0.468	2.88e-93	7.53e-89
4	IL6R	0.323813945	0.271	0.167	6.17e-79	1.6199999999999999e-74
4	DUSP14	0.323627612	0.386	0.281	9.33e-69	2.44e-64
4	ZYG11A	0.32292471	0.307	0.209	7.620000000000001e-64	1.9900000000000002e-59
4	VPS37B	0.322805503	0.476	0.387	3.73e-58	9.759999999999999e-54
4	OVOL1	0.321486977	0.253	0.115	1.44e-162	3.78e-158
4	NDEL1	0.321450984	0.414	0.332	1.9e-50	4.98e-46
4	REXO2	0.321164445	0.525	0.438	1.89e-56	4.9599999999999995e-52
4	MATN2	0.321063903	0.46	0.299	3.46e-113	9.04e-109
4	IER2	0.32044839	0.757	0.72	2.35e-31	6.1500000000000005e-27
4	RAPH1	0.32030543	0.568	0.541	1.27e-25	3.33e-21
4	TACC2	0.320246791	0.417	0.277	6.809999999999999e-94	1.78e-89
4	CD59	0.319314	0.434	0.312	3.53e-90	9.24e-86
4	SYTL2	0.319252958	0.588	0.6	1.51e-05	0.396129139
4	DRAIC	0.31894579	0.357	0.321	6.34e-17	1.66e-12
4	MFHAS1	0.317910079	0.296	0.227	2.63e-37	6.87e-33
4	KCTD5	0.317528304	0.303	0.231	1.5699999999999999e-40	4.12e-36
4	MIA3	0.317298402	0.595	0.517	3.22e-42	8.43e-38
4	TUBA1C	0.317152908	0.607	0.501	3.74e-76	9.79e-72
4	YWHAG	0.316135098	0.641	0.614	9.329999999999999e-24	2.44e-19
4	RP2	0.31520313	0.3	0.188	4.12e-86	1.08e-81
4	PRSS22	0.314084065	0.252	0.077	0.0	0.0
4	DHCR24	0.313170061	0.355	0.254	5.93e-68	1.55e-63
4	NAA25	0.31254994	0.491	0.502	5.35e-06	0.139923761
4	SRPK2	0.312469399	0.828	0.827	8.27e-28	2.1599999999999998e-23
4	PPP2CB	0.312068051	0.537	0.439	2.39e-74	6.25e-70
4	MCU	0.312010599	0.808	0.775	9.029999999999999e-40	2.36e-35
4	STAT2	0.311928111	0.418	0.31	4.29e-71	1.12e-66
4	KIAA0368	0.3117885	0.615	0.568	2.53e-39	6.620000000000001e-35
4	PTPN3	0.311306126	0.459	0.376	5.21e-46	1.36e-41
4	PHAX	0.311281562	0.469	0.449	3.75e-14	9.81e-10
4	TRPS1	0.311252808	0.701	0.55	5.56e-79	1.45e-74
4	GALNT10	0.310943979	0.412	0.315	5.6299999999999994e-55	1.47e-50
4	CCNE2	0.310617859	0.447	0.448	4.7e-05	1.0
4	QKI	0.310498179	0.661	0.637	1.96e-22	5.13e-18
4	CHL1	0.310324639	0.394	0.246	1.2899999999999999e-101	3.3700000000000003e-97
4	GULP1	0.309804707	0.495	0.319	1.89e-98	4.95e-94
4	ARHGAP5	0.308864596	0.725	0.706	1.17e-50	3.07e-46
4	DNAJB6	0.308826532	0.682	0.668	2.2e-20	5.76e-16
4	CHORDC1	0.308201986	0.469	0.432	8.42e-19	2.2e-14
4	TRAF4	0.308014841	0.432	0.328	1.8e-77	4.7200000000000003e-73
4	CDK17	0.307318052	0.691	0.584	2.46e-61	6.43e-57
4	CCDC88C	0.306638566	0.476	0.438	8.96e-26	2.35e-21
4	IFI6	0.306491881	0.494	0.432	1.99e-33	5.22e-29
4	ABCC3	0.306388525	0.274	0.144	8.84e-118	2.31e-113
4	NUP210L	0.305923181	0.277	0.232	7.62e-18	2e-13
4	ALDH3A2	0.30524207	0.475	0.423	2.92e-28	7.65e-24
4	DNAH8	0.304363374	0.828	0.746	2.3500000000000002e-57	6.14e-53
4	CHCHD7	0.304360699	0.272	0.214	2.13e-28	5.5799999999999996e-24
4	RNF10	0.303723254	0.542	0.489	3.84e-36	1e-31
4	CD2AP	0.303314216	0.655	0.615	6.19e-42	1.6200000000000001e-37
4	GRB10	0.303166083	0.658	0.446	8.28e-113	2.17e-108
4	PLPP1	0.302746157	0.793	0.644	6.31e-62	1.65e-57
4	MAN1C1	0.302591664	0.3	0.228	1.27e-36	3.3300000000000003e-32
4	GSPT1	0.302475592	0.719	0.676	3.65e-54	9.55e-50
4	IBTK	0.302185332	0.554	0.518	9.78e-27	2.5600000000000003e-22
4	PNP	0.301524347	0.325	0.263	6.56e-30	1.72e-25
4	SERPINH1	0.301227861	0.292	0.211	5.940000000000001e-47	1.5499999999999998e-42
4	MPZL2	0.301199334	0.32	0.157	6.1e-181	1.6e-176
4	EMP2	0.301046807	0.619	0.486	1.54e-91	4.02e-87
4	EGR2	0.300826113	0.426	0.382	4.25e-19	1.11e-14
4	AKAP13	0.300565909	0.678	0.632	1.01e-39	2.65e-35
4	ZFAND6	0.300542963	0.69	0.666	1.81e-37	4.74e-33
4	BPGM	0.300265281	0.27	0.228	1.2e-17	3.14e-13
4	MYH14	0.300259059	0.37	0.271	6.06e-64	1.59e-59
4	B4GALT4	0.300035712	0.384	0.303	1.18e-46	3.08e-42
4	KCNS3	0.298797809	0.296	0.173	3.03e-102	7.939999999999999e-98
4	UBR1	0.298488946	0.54	0.627	2.28e-07	0.005974302
4	ESYT2	0.297978786	0.62	0.577	3.7200000000000004e-35	9.74e-31
4	PPP2R2A	0.297829731	0.588	0.558	2.3800000000000002e-29	6.23e-25
4	NMRK1	0.297824973	0.259	0.234	4.72e-09	0.000123474
4	ANO6	0.297565459	0.455	0.427	2.39e-17	6.26e-13
4	WEE1	0.297178915	0.447	0.372	2.97e-41	7.77e-37
4	SATB2	0.297012335	0.295	0.2	1.16e-53	3.04e-49
4	H3F3B	0.296960893	0.924	0.934	2.26e-39	5.92e-35
4	HERPUD1	0.296810938	0.433	0.333	1.1000000000000002e-59	2.8899999999999997e-55
4	FUS	0.296779048	0.886	0.856	1.3599999999999999e-30	3.55e-26
4	LINC00963	0.296432546	0.377	0.277	4.4300000000000004e-66	1.16e-61
4	GSN	0.295630388	0.284	0.193	8.73e-60	2.29e-55
4	CTNNB1	0.295605022	0.758	0.734	1.41e-34	3.69e-30
4	NUP98	0.295564237	0.488	0.439	6.160000000000001e-31	1.61e-26
4	CHST15	0.295541747	0.268	0.148	7e-106	1.83e-101
4	TMEM263	0.294445669	0.478	0.39	4.35e-53	1.1399999999999999e-48
4	LINC01619	0.293409393	0.387	0.376	3.45e-06	0.090393362
4	KPNA4	0.292912366	0.633	0.572	7.820000000000001e-49	2.05e-44
4	PHYH	0.292870307	0.386	0.268	2.62e-74	6.86e-70
4	SFMBT2	0.292847678	0.737	0.753	3.11e-06	0.081324332
4	DDIT4	0.292691104	0.361	0.341	1.55e-10	4.06e-06
4	TRIO	0.292109493	0.741	0.778	1.64e-08	0.000429188
4	PITRM1	0.291909755	0.319	0.229	2.2000000000000003e-59	5.75e-55
4	EPHX1	0.291718662	0.512	0.416	4.46e-51	1.1699999999999999e-46
4	MFSD14B	0.291447643	0.515	0.472	2.1e-24	5.49e-20
4	ZNF552	0.290260515	0.351	0.262	1.31e-54	3.44e-50
4	KMT2E	0.289345724	0.821	0.804	1.5e-37	3.9200000000000004e-33
4	PDXK	0.289154602	0.429	0.338	2.46e-58	6.439999999999999e-54
4	SCARB1	0.288831323	0.292	0.23	5.740000000000001e-32	1.5e-27
4	MAGI3	0.288466437	0.719	0.678	1.54e-25	4.040000000000001e-21
4	MYH10	0.288450293	0.726	0.734	7.55e-07	0.019768224
4	RCOR1	0.288172348	0.693	0.667	9.95e-29	2.61e-24
4	FBXW11	0.288132112	0.682	0.685	1.51e-24	3.95e-20
4	MAFK	0.287197442	0.255	0.097	2.0300000000000002e-231	5.32e-227
4	MRPS27	0.287025709	0.441	0.392	9.49e-29	2.48e-24
4	PIEZO1	0.28688579	0.273	0.159	9.23e-93	2.42e-88
4	CAMSAP2	0.286378315	0.587	0.556	1.43e-21	3.73e-17
4	CDKN2AIP	0.285884474	0.363	0.284	4.0799999999999996e-48	1.07e-43
4	PARP14	0.285484524	0.52	0.356	1.1199999999999998e-104	2.93e-100
4	SURF4	0.284069523	0.434	0.369	6.670000000000001e-35	1.7499999999999998e-30
4	MED13	0.283620853	0.854	0.84	3.51e-32	9.18e-28
4	TBC1D1	0.283372506	0.532	0.504	6.319999999999999e-23	1.65e-18
4	RORB	0.28306127	0.477	0.46	0.000118756	1.0
4	P4HA3	0.282655283	0.309	0.233	2.5000000000000003e-37	6.54e-33
4	ENC1	0.282407942	0.296	0.248	1.02e-19	2.67e-15
4	SLC35F3	0.28211538	0.626	0.527	9.9e-44	2.59e-39
4	TRNAU1AP	0.282027281	0.403	0.37	1.12e-16	2.94e-12
4	SLC5A3	0.281926067	0.399	0.327	1.65e-39	4.3300000000000004e-35
4	ZBTB11	0.281763257	0.444	0.402	4.11e-20	1.08e-15
4	STEAP2	0.281734368	0.68	0.439	1.17e-117	3.06e-113
4	MT1M	0.281533959	0.24	0.286	2.53e-07	0.00662706
4	CEP70	0.28006393	0.601	0.513	6.46e-53	1.69e-48
4	PPP1R15B	0.278956695	0.365	0.271	2.04e-59	5.34e-55
4	MIRLET7BHG	0.278144187	0.55	0.537	2.87e-15	7.51e-11
4	LRRC8B	0.276440432	0.538	0.476	1.5100000000000002e-35	3.96e-31
4	BCOR	0.275906821	0.575	0.555	6.66e-20	1.74e-15
4	UBE2Q2	0.27486383	0.51	0.499	2.85e-08	0.000745665
4	GDE1	0.274753854	0.447	0.364	5.999999999999999e-52	1.57e-47
4	ST6GAL1	0.274438623	0.389	0.279	2.3900000000000003e-59	6.2499999999999995e-55
4	FEM1C	0.274028555	0.295	0.218	8.230000000000001e-43	2.1499999999999998e-38
4	ABHD12	0.27372899	0.678	0.587	2.76e-63	7.220000000000001e-59
4	FKBP14	0.273681994	0.347	0.254	4.7799999999999996e-54	1.25e-49
4	RPS6KA2	0.273475054	0.37	0.266	6.82e-61	1.79e-56
4	BLVRB	0.273215962	0.475	0.343	8.939999999999999e-83	2.34e-78
4	RNF11	0.2721199	0.555	0.485	6.219999999999999e-48	1.63e-43
4	DOCK5	0.272084288	0.259	0.156	1.41e-75	3.68e-71
4	AF117829.1	0.271648387	0.534	0.459	1.02e-38	2.67e-34
4	HS3ST4	0.271596453	0.43	0.295	1.7e-66	4.45e-62
4	LINC01135	0.271457897	0.295	0.188	2.0599999999999997e-74	5.4e-70
4	ARF4	0.271435801	0.755	0.739	2.2499999999999997e-42	5.9e-38
4	CRISPLD1	0.27065847	0.566	0.44	2.75e-40	7.19e-36
4	CTNND1	0.270601279	0.626	0.573	5.68e-54	1.49e-49
4	SYBU	0.270558635	0.527	0.535	4.64e-07	0.012133477
4	ELMSAN1	0.270340006	0.38	0.328	1.2300000000000001e-26	3.21e-22
4	ACVR1	0.270151043	0.395	0.332	5.55e-31	1.4500000000000002e-26
4	DEGS1	0.269842969	0.651	0.581	9.3e-55	2.43e-50
4	ZNF277	0.269798633	0.499	0.464	1.26e-14	3.29e-10
4	NPLOC4	0.26936543	0.67	0.623	5.52e-47	1.44e-42
4	LAP3	0.269004435	0.306	0.275	2.41e-11	6.3e-07
4	ASMTL	0.268738586	0.274	0.252	2.68e-08	0.000702471
4	MAP4	0.268612339	0.667	0.646	5.84e-29	1.5299999999999999e-24
4	ZSWIM4	0.268473168	0.306	0.257	5.34e-21	1.4e-16
4	CLMN	0.268448129	0.45	0.337	5.9700000000000004e-64	1.56e-59
4	CDK7	0.268171097	0.367	0.308	2.6200000000000003e-27	6.859999999999999e-23
4	PDGFA	0.267421487	0.423	0.313	5.5999999999999995e-67	1.46e-62
4	MAPRE2	0.267106059	0.449	0.429	2.83e-10	7.41e-06
4	SEPHS2	0.265765674	0.372	0.308	4.19e-33	1.1e-28
4	MAP3K21	0.26533772	0.257	0.185	1.79e-39	4.6900000000000003e-35
4	EIF5	0.264770632	0.739	0.695	2.71e-44	7.0899999999999995e-40
4	MAP2K3	0.264753546	0.511	0.443	3.33e-38	8.72e-34
4	PGM3	0.264105482	0.471	0.37	6.88e-56	1.8e-51
4	ALDH1A2	0.263915974	0.276	0.232	2e-15	5.23e-11
4	HSP90AB1	0.263234669	0.925	0.916	1.71e-63	4.48e-59
4	ING1	0.262941253	0.301	0.245	9.97e-28	2.6099999999999997e-23
4	RNF115	0.26234199	0.577	0.598	2.57e-07	0.006733349
4	MTHFD2	0.261935371	0.397	0.395	5.7e-05	1.0
4	STXBP5L	0.261770232	0.851	0.844	8.98e-19	2.35e-14
4	RAB1A	0.261695118	0.696	0.658	1.98e-39	5.17e-35
4	INTS6L	0.261584892	0.321	0.269	1.05e-22	2.75e-18
4	TBC1D4	0.26060454	0.335	0.291	2.62e-16	6.87e-12
4	HOOK2	0.260548103	0.563	0.514	2.1e-33	5.49e-29
4	PDP1	0.260355765	0.313	0.244	3.15e-38	8.249999999999999e-34
4	RAB5A	0.260254998	0.558	0.501	1.62e-39	4.2400000000000004e-35
4	P4HB	0.260078628	0.783	0.734	1.33e-50	3.4899999999999997e-46
4	TAPBP	0.258673472	0.447	0.353	1.17e-57	3.07e-53
4	AMOTL2	0.258620733	0.292	0.165	5.49e-111	1.44e-106
4	ARIH1	0.256652778	0.844	0.827	2.43e-17	6.37e-13
4	LINC01138	0.256544127	0.489	0.427	1.0500000000000001e-29	2.75e-25
4	ELF2	0.254997785	0.733	0.751	1.34e-05	0.350515051
4	NAALADL2	0.254908072	0.914	0.696	3.2499999999999997e-165	8.51e-161
4	NCKAP5L	0.254741974	0.29	0.272	1.01e-07	0.002641971
4	MBP	0.253358464	0.341	0.256	3.13e-47	8.200000000000001e-43
4	RHOBTB1	0.253149173	0.351	0.32	5.99e-12	1.57e-07
4	GRB7	0.252815234	0.25	0.14	6.01e-93	1.57e-88
4	PIK3CB	0.252796702	0.615	0.574	1.01e-30	2.65e-26
4	SORBS1	0.252729816	0.329	0.278	5.37e-22	1.4e-17
4	TCF7L1	0.252571378	0.362	0.235	1.02e-85	2.66e-81
4	CRISPLD2	0.252262549	0.277	0.255	5.08e-07	0.013297199
4	GALNT1	0.252182751	0.689	0.664	2.87e-29	7.52e-25
4	LPP	0.251998238	0.807	0.784	2.25e-33	5.88e-29
4	RHOQ	0.251775833	0.44	0.385	1.7500000000000001e-29	4.59e-25
4	C4orf36	0.251514455	0.308	0.211	1.65e-60	4.32e-56
4	MT2A	0.250096196	0.588	0.68	2.92e-14	7.65e-10
4	FDFT1	0.250066308	0.378	0.317	6.749999999999999e-30	1.77e-25
4	KIAA1683	0.250062875	0.379	0.344	3.12e-16	8.17e-12
5	XACT	4.273616524	0.821	0.107	0.0	0.0
5	TNFRSF11B	2.360649929	0.819	0.086	0.0	0.0
5	JAG1	2.235825901	0.966	0.459	0.0	0.0
5	AC097480.1	1.951667509	0.934	0.181	0.0	0.0
5	DTNA	1.884943609	0.816	0.571	0.0	0.0
5	RORB	1.782579134	0.926	0.434	0.0	0.0
5	FAM237B	1.717606576	0.748	0.046	0.0	0.0
5	GRIK1	1.687124669	0.733	0.188	0.0	0.0
5	SAT1	1.64120244	0.981	0.614	0.0	0.0
5	STXBP5	1.567862995	0.999	0.846	0.0	0.0
5	GRM7	1.539044657	0.684	0.434	2.62e-257	6.87e-253
5	LINC01285	1.45549808	0.736	0.303	0.0	0.0
5	STEAP2	1.454359944	0.974	0.428	0.0	0.0
5	POTEI	1.397842656	0.749	0.06	0.0	0.0
5	DEGS1	1.389152473	0.937	0.566	0.0	0.0
5	IL1RAPL1	1.322735885	0.904	0.421	0.0	0.0
5	POTEJ	1.302411693	0.698	0.054	0.0	0.0
5	SCHLAP1	1.269167982	1.0	0.957	0.0	0.0
5	RPS4X	1.244747878	0.983	0.905	0.0	0.0
5	CFAP69	1.21680598	0.93	0.452	0.0	0.0
5	UNC13B	1.205801547	0.776	0.424	0.0	0.0
5	TRGC1	1.180024948	0.923	0.376	0.0	0.0
5	SPATA6	1.167920312	0.97	0.668	0.0	0.0
5	BICC1	1.163991708	0.941	0.534	0.0	0.0
5	ANXA1	1.142702077	0.756	0.257	0.0	0.0
5	IFI27	1.127811379	0.355	0.066	0.0	0.0
5	MIR2052HG	1.122528822	0.804	0.323	0.0	0.0
5	STEAP1	1.118914124	0.852	0.292	0.0	0.0
5	AMD1	1.11608784	0.952	0.647	0.0	0.0
5	HSPA1A	1.105582071	0.849	0.529	0.0	0.0
5	TRGC2	1.102440006	0.88	0.329	0.0	0.0
5	CHL1	1.069967042	0.775	0.227	0.0	0.0
5	RAMP1	1.063882637	0.847	0.385	0.0	0.0
5	FOLH1	1.063584626	0.79	0.334	0.0	0.0
5	SLC30A4	1.056579004	0.933	0.467	0.0	0.0
5	GMNN	1.033234132	0.8	0.461	0.0	0.0
5	PCSK1N	1.031447709	0.92	0.645	0.0	0.0
5	TMEFF2	1.010317678	0.475	0.176	0.0	0.0
5	PDLIM5	0.966109835	0.938	0.76	0.0	0.0
5	PLPP1	0.956904981	0.971	0.637	0.0	0.0
5	NEAT1	0.941942662	0.995	0.962	0.0	0.0
5	TRIB1	0.934667112	0.829	0.65	1.9200000000000002e-271	5.04e-267
5	PI15	0.927563375	0.675	0.158	0.0	0.0
5	AC010624.1	0.92336636	0.477	0.066	0.0	0.0
5	RPL10	0.913527971	0.986	0.938	0.0	0.0
5	LINC01695	0.912412755	0.666	0.261	0.0	0.0
5	FLNB	0.909909514	0.92	0.603	0.0	0.0
5	ACER3	0.902850374	0.983	0.698	0.0	0.0
5	CACNB2	0.892398665	0.856	0.71	4.2e-157	1.1e-152
5	EDA	0.890579832	0.657	0.211	0.0	0.0
5	AR	0.89018728	0.918	0.466	0.0	0.0
5	CDK19	0.88455478	0.972	0.755	0.0	0.0
5	TSPAN15	0.881782149	0.877	0.473	0.0	0.0
5	CNTNAP2	0.881743213	0.975	0.682	0.0	0.0
5	LURAP1L	0.881626602	0.575	0.387	4.4299999999999997e-159	1.16e-154
5	MME	0.878781769	0.619	0.115	0.0	0.0
5	AC109588.1	0.877109009	0.565	0.039	0.0	0.0
5	OCLN	0.873008473	0.801	0.401	0.0	0.0
5	ZNF680	0.866765213	0.932	0.565	0.0	0.0
5	MAST4	0.862820568	0.812	0.647	1.12e-178	2.94e-174
5	NFIL3	0.854767639	0.64	0.316	0.0	0.0
5	DNAH8	0.845900998	0.974	0.74	0.0	0.0
5	C3orf52	0.838734512	0.578	0.256	0.0	0.0
5	TLE4	0.835610893	0.645	0.319	0.0	0.0
5	ARHGEF38	0.834239581	0.949	0.521	0.0	0.0
5	RBM47	0.824561544	0.959	0.601	0.0	0.0
5	EPB41L5	0.823838782	0.859	0.624	0.0	0.0
5	MID1	0.820615519	0.953	0.591	0.0	0.0
5	MAP7	0.819880238	0.902	0.673	2.56e-267	6.699999999999999e-263
5	LAMP2	0.819107987	0.856	0.433	0.0	0.0
5	H2AFJ	0.813812169	0.871	0.428	0.0	0.0
5	SERPINI1	0.809466684	0.818	0.423	0.0	0.0
5	ADAMTS1	0.807474869	0.693	0.261	0.0	0.0
5	SGCD	0.806209774	0.798	0.535	4.67e-214	1.22e-209
5	PSME4	0.803284503	0.858	0.714	1.33e-200	3.49e-196
5	TGIF1	0.801563827	0.711	0.341	0.0	0.0
5	AL121790.1	0.798446721	0.766	0.331	0.0	0.0
5	INTS6	0.798267855	0.747	0.603	1.02e-135	2.66e-131
5	AC008415.1	0.798208713	0.391	0.117	0.0	0.0
5	KDM6A	0.798134978	0.906	0.661	0.0	0.0
5	CRY1	0.795805159	0.762	0.512	8.220000000000001e-293	2.15e-288
5	TSPAN5	0.793574352	0.703	0.351	0.0	0.0
5	PDE7B	0.786345531	0.634	0.317	1.15e-295	3.01e-291
5	JUN	0.784378211	0.912	0.781	2.6199999999999996e-249	6.87e-245
5	ENPP5	0.781187981	0.707	0.261	0.0	0.0
5	CLDN4	0.780641824	0.849	0.529	0.0	0.0
5	PCDH7	0.77732585	0.504	0.201	1.5599999999999999e-304	4.0799999999999996e-300
5	C15orf48	0.776625027	0.784	0.309	0.0	0.0
5	C8orf4	0.775690279	0.448	0.067	0.0	0.0
5	BHLHE40	0.769007132	0.694	0.297	0.0	0.0
5	MED14	0.753237319	0.742	0.484	3.1600000000000004e-259	8.28e-255
5	GK	0.751374246	0.603	0.235	0.0	0.0
5	ALCAM	0.747116341	0.891	0.456	0.0	0.0
5	ARG2	0.745698988	0.88	0.488	0.0	0.0
5	SQSTM1	0.743516351	0.922	0.703	0.0	0.0
5	ZNF217	0.743022964	0.802	0.374	0.0	0.0
5	MAN2A1	0.741317472	0.699	0.313	0.0	0.0
5	HSPA1B	0.738305072	0.708	0.359	0.0	0.0
5	FOSB	0.735882868	0.821	0.609	4.06e-245	1.06e-240
5	KLHL13	0.733216776	0.678	0.296	0.0	0.0
5	RPS6KA3	0.730095608	0.84	0.612	4.75e-290	1.24e-285
5	BRWD3	0.727984768	0.753	0.389	0.0	0.0
5	GDF15	0.723732134	0.667	0.352	6.51e-231	1.7e-226
5	NTN4	0.721720533	0.518	0.221	6.29e-302	1.65e-297
5	LUADT1	0.710499101	0.573	0.125	0.0	0.0
5	DDX3X	0.710394444	0.864	0.579	0.0	0.0
5	NKX3-1	0.708460606	0.851	0.373	0.0	0.0
5	SMS	0.704764609	0.909	0.674	0.0	0.0
5	USP9X	0.694681202	0.897	0.694	0.0	0.0
5	LAMC1	0.693054013	0.667	0.49	2.1e-131	5.5e-127
5	FAM19A2	0.692830107	0.664	0.36	6.17e-257	1.6100000000000001e-252
5	LUZP2	0.692480799	0.917	0.447	0.0	0.0
5	GNPTAB	0.687547931	0.79	0.417	0.0	0.0
5	PDE4C	0.68630945	0.475	0.232	2.1e-206	5.51e-202
5	OPHN1	0.685937749	0.849	0.407	0.0	0.0
5	SLC10A7	0.685486197	0.85	0.578	2.36e-268	6.18e-264
5	HS6ST3	0.682759193	0.803	0.441	0.0	0.0
5	LRRFIP2	0.681631218	0.856	0.697	8.35e-205	2.1900000000000003e-200
5	DNAJB1	0.681264019	0.786	0.503	1.48e-280	3.87e-276
5	AC138305.1	0.680966354	0.641	0.4	7.08e-153	1.85e-148
5	DLGAP1	0.68077808	0.721	0.298	0.0	0.0
5	FGF13	0.678456744	0.912	0.761	1.19e-202	3.12e-198
5	LINC01697	0.677815923	0.569	0.177	0.0	0.0
5	RDH11	0.67322953	0.875	0.526	0.0	0.0
5	PAWR	0.672761981	0.844	0.535	0.0	0.0
5	SLC12A2	0.669229563	0.804	0.573	5.45e-235	1.43e-230
5	EGR2	0.666025802	0.607	0.373	4.7599999999999994e-188	1.25e-183
5	HGD	0.665250591	0.829	0.403	0.0	0.0
5	ANKH	0.660853438	0.8	0.628	1.84e-147	4.83e-143
5	FAM110B	0.6604671	0.699	0.305	0.0	0.0
5	B3GNT6	0.660164735	0.76	0.303	0.0	0.0
5	ATF3	0.65843202	0.791	0.583	4.38e-189	1.15e-184
5	GSTCD	0.658139314	0.881	0.637	3.7599999999999997e-230	9.850000000000001e-226
5	ELF3	0.658019262	0.769	0.381	0.0	0.0
5	CDK17	0.658017964	0.889	0.575	0.0	0.0
5	UGDH	0.657816857	0.795	0.496	0.0	0.0
5	PLAGL1	0.652030241	0.515	0.17	0.0	0.0
5	RC3H1	0.648999664	0.847	0.697	8.67e-204	2.27e-199
5	MORC4	0.648554439	0.66	0.292	0.0	0.0
5	VMP1	0.6446341	0.946	0.859	3.8799999999999996e-219	1.02e-214
5	PRDX4	0.642801897	0.817	0.514	0.0	0.0
5	MAGT1	0.642669414	0.817	0.501	0.0	0.0
5	TPM4	0.641070181	0.722	0.388	1.47e-287	3.84e-283
5	KIAA1324	0.640235994	0.834	0.455	0.0	0.0
5	ASB3	0.639822114	0.457	0.178	0.0	0.0
5	CASK	0.639477214	0.863	0.612	4.35e-281	1.1400000000000001e-276
5	WDR44	0.637238157	0.721	0.398	0.0	0.0
5	ERO1B	0.636590286	0.632	0.321	9.549999999999999e-277	2.5000000000000002e-272
5	HSP90AB1	0.632377876	0.98	0.913	0.0	0.0
5	PDSS2	0.63021556	0.908	0.701	1.3199999999999999e-270	3.45e-266
5	MMP10	0.626821662	0.251	0.064	9.44e-299	2.4700000000000002e-294
5	CDR2	0.626615744	0.758	0.517	4.85e-232	1.27e-227
5	GAB1	0.622424269	0.697	0.452	9.769999999999999e-203	2.56e-198
5	ADAM9	0.617129672	0.779	0.441	0.0	0.0
5	AC116049.2	0.612412404	0.403	0.038	0.0	0.0
5	CDH1	0.610016193	0.82	0.483	0.0	0.0
5	AC100768.2	0.608503216	0.724	0.294	0.0	0.0
5	MAPKAPK2	0.606020113	0.61	0.228	0.0	0.0
5	CFC1	0.605447095	0.381	0.013	0.0	0.0
5	HIVEP2	0.605278641	0.65	0.312	0.0	0.0
5	ROCK2	0.604829307	0.761	0.632	2.1600000000000001e-103	5.65e-99
5	MORF4L2	0.60220709	0.926	0.761	0.0	0.0
5	CLDN3	0.600813415	0.809	0.469	5.13e-267	1.3399999999999998e-262
5	RBBP7	0.599048216	0.845	0.556	0.0	0.0
5	PTPRB	0.597944492	0.419	0.112	0.0	0.0
5	CDC42EP3	0.597235893	0.631	0.34	5.19e-268	1.36e-263
5	SAMD12	0.595799679	0.848	0.515	0.0	0.0
5	APLP2	0.59579816	0.952	0.796	5.72e-300	1.5e-295
5	ATRX	0.59350849	0.967	0.841	0.0	0.0
5	NUPR1	0.592154611	0.785	0.392	0.0	0.0
5	HUWE1	0.591282662	0.918	0.712	0.0	0.0
5	WNK3	0.590049713	0.686	0.314	0.0	0.0
5	TMC5	0.588481518	0.617	0.288	0.0	0.0
5	SPOPL	0.588477807	0.775	0.492	1.6000000000000002e-276	4.1800000000000004e-272
5	MSMB	0.585993472	0.809	0.294	0.0	0.0
5	PARD3B	0.581498625	0.922	0.539	0.0	0.0
5	SERINC5	0.579306249	0.895	0.539	1.7800000000000002e-212	4.6500000000000005e-208
5	TBX3	0.578389983	0.713	0.327	0.0	0.0
5	MRC1	0.577722852	0.266	0.032	0.0	0.0
5	PGRMC1	0.577244244	0.775	0.419	0.0	0.0
5	RANBP3L	0.577035789	0.511	0.144	0.0	0.0
5	SPATS2L	0.57254089	0.898	0.77	9.07e-122	2.3700000000000003e-117
5	BCAP31	0.572143147	0.807	0.488	0.0	0.0
5	AFF1	0.571145481	0.887	0.681	1.99e-212	5.2e-208
5	DOCK3	0.569001097	0.747	0.408	0.0	0.0
5	UBC	0.568964482	0.949	0.846	3.6e-295	9.43e-291
5	RAI2	0.564684961	0.506	0.147	0.0	0.0
5	CLDN7	0.563862358	0.711	0.29	0.0	0.0
5	FTX	0.563228446	0.992	0.926	0.0	0.0
5	SATB2	0.560120631	0.516	0.19	0.0	0.0
5	KIAA1217	0.559566902	0.951	0.719	1.97e-244	5.159999999999999e-240
5	IER2	0.557997014	0.835	0.716	7.29e-127	1.91e-122
5	CNTN4	0.556415878	0.705	0.333	0.0	0.0
5	FAM117B	0.555755294	0.671	0.424	2.78e-175	7.27e-171
5	MYO5B	0.555009944	0.539	0.207	0.0	0.0
5	ANXA2	0.552932975	0.882	0.685	4.36e-214	1.1400000000000001e-209
5	SAMD4A	0.547632147	0.654	0.339	3e-249	7.86e-245
5	RPL39	0.546673051	0.981	0.945	0.0	0.0
5	NPTN	0.54550056	0.749	0.48	1.82e-268	4.75e-264
5	CITED1	0.542070029	0.455	0.13	0.0	0.0
5	YAP1	0.540543938	0.802	0.447	1.97e-270	5.16e-266
5	PRDX1	0.539695176	0.924	0.747	6.68e-281	1.75e-276
5	OFD1	0.539536101	0.776	0.454	0.0	0.0
5	NLGN4X	0.538857404	0.418	0.134	0.0	0.0
5	PPP3CA	0.536666605	0.998	0.903	4.08e-234	1.07e-229
5	PRKD1	0.536404416	0.954	0.628	3.58e-286	9.36e-282
5	MT-CO1	0.530248657	0.999	0.997	0.0	0.0
5	ITPR1	0.529961632	0.715	0.362	0.0	0.0
5	BCORL1	0.527498671	0.596	0.261	0.0	0.0
5	COBLL1	0.525939666	0.634	0.402	1.02e-149	2.68e-145
5	FAM189A1	0.525420181	0.582	0.208	0.0	0.0
5	ARSD	0.522506943	0.563	0.176	0.0	0.0
5	SVIL	0.515962911	0.94	0.718	1.59e-233	4.1599999999999995e-229
5	IL13RA1	0.51473539	0.624	0.27	0.0	0.0
5	RASSF3	0.512855566	0.531	0.248	4.2099999999999996e-262	1.1000000000000001e-257
5	ZSWIM6	0.510608652	0.889	0.805	1.16e-153	3.04e-149
5	TACSTD2	0.509097424	0.782	0.366	0.0	0.0
5	LASP1	0.506478596	0.741	0.455	1.68e-265	4.41e-261
5	PIPOX	0.50583539	0.517	0.236	5.96e-274	1.56e-269
5	RNF144B	0.504797939	0.774	0.376	0.0	0.0
5	LONRF3	0.502685144	0.48	0.158	0.0	0.0
5	NRIP1	0.502052815	0.812	0.603	2.2300000000000003e-185	5.840000000000001e-181
5	EIF1AX	0.499736295	0.908	0.735	2.59e-265	6.79e-261
5	SLC25A5	0.499697728	0.874	0.68	1.8700000000000002e-215	4.9e-211
5	WWTR1	0.499315331	0.637	0.393	1.3e-171	3.41e-167
5	TC2N	0.497471309	0.63	0.279	0.0	0.0
5	CAMK2N1	0.497430552	0.776	0.459	3.15e-275	8.23e-271
5	SLC3A2	0.496755287	0.752	0.461	5.37e-255	1.41e-250
5	HOXB13	0.496385684	0.838	0.458	2.87e-305	7.52e-301
5	RAB18	0.496175248	0.822	0.586	1.08e-247	2.83e-243
5	NPNT	0.495481564	0.786	0.414	0.0	0.0
5	RBMS1	0.495415632	0.662	0.434	6.12e-145	1.5999999999999998e-140
5	SYAP1	0.491509007	0.826	0.571	5.89e-283	1.5399999999999998e-278
5	YIPF6	0.491108023	0.73	0.431	8.16e-301	2.14e-296
5	PGK1	0.49065825	0.834	0.637	2.23e-125	5.84e-121
5	MALT1	0.490324893	0.739	0.358	0.0	0.0
5	PPM1H	0.486556067	0.615	0.269	0.0	0.0
5	OSBPL10	0.485740771	0.63	0.357	2.07e-185	5.42e-181
5	BRD2	0.485281029	0.833	0.632	2.53e-197	6.63e-193
5	FAM13A	0.483466082	0.749	0.521	8.13e-109	2.1299999999999997e-104
5	CCNG2	0.483445661	0.704	0.434	2.54e-215	6.65e-211
5	AUH	0.481509781	0.774	0.602	1.89e-90	4.96e-86
5	FOXA1	0.480945006	0.861	0.443	1.12e-291	2.94e-287
5	FTL	0.479903752	0.955	0.839	3.5300000000000004e-224	9.229999999999999e-220
5	TXNIP	0.479651821	0.859	0.645	9.88e-143	2.5899999999999998e-138
5	PRDX6	0.479301753	0.851	0.544	1.8e-307	4.7100000000000005e-303
5	FUNDC2	0.4792909	0.718	0.424	9.61e-292	2.5199999999999998e-287
5	AKAP13	0.479051512	0.834	0.624	2.1800000000000002e-156	5.6999999999999995e-152
5	TWSG1	0.475562193	0.677	0.43	2.27e-188	5.95e-184
5	PCBD1	0.475431118	0.875	0.677	6.05e-208	1.5799999999999998e-203
5	USP3	0.474772053	0.831	0.628	2.9099999999999998e-176	7.63e-172
5	SLC19A2	0.47459562	0.626	0.345	1.31e-235	3.4400000000000003e-231
5	AC010967.1	0.473942901	0.309	0.064	0.0	0.0
5	RPL13	0.473534723	0.973	0.881	2.64e-271	6.919999999999999e-267
5	PPP1R13B	0.473331067	0.78	0.611	1.2700000000000002e-125	3.32e-121
5	ATP6AP2	0.473151005	0.757	0.458	1.4e-294	3.67e-290
5	LTBP1	0.472890355	0.719	0.385	1.08e-273	2.84e-269
5	APPL2	0.471649524	0.857	0.572	5.91e-229	1.55e-224
5	CWH43	0.47065061	0.596	0.221	0.0	0.0
5	NR4A1	0.470649792	0.654	0.385	2.31e-188	6.04e-184
5	LINC01297	0.470243552	0.579	0.205	0.0	0.0
5	BAMBI	0.46931749	0.478	0.23	3.7200000000000005e-213	9.73e-209
5	NBDY	0.467559814	0.74	0.432	2.29e-295	6e-291
5	PHF12	0.466729818	0.744	0.486	2.6300000000000003e-213	6.9e-209
5	DANT2	0.464641183	0.84	0.58	8.12e-216	2.13e-211
5	SCML1	0.464234285	0.519	0.159	0.0	0.0
5	FAM135B	0.464111053	0.302	0.1	1.6e-246	4.1799999999999996e-242
5	DIAPH1	0.464099962	0.815	0.618	1.03e-173	2.69e-169
5	CRNDE	0.463964946	0.77	0.496	5.19e-240	1.3600000000000001e-235
5	RPL15	0.463949633	0.968	0.901	1.45e-258	3.79e-254
5	ARMCX3	0.463030855	0.73	0.427	2.45e-286	6.41e-282
5	MT-ATP6	0.462815647	0.999	0.997	4.11e-252	1.08e-247
5	ARL5B	0.462451727	0.632	0.442	6.669999999999999e-134	1.7500000000000002e-129
5	AC092809.2	0.462009519	0.33	0.037	0.0	0.0
5	ANXA11	0.459763505	0.813	0.449	3.01e-291	7.89e-287
5	ANKRD37	0.459750432	0.762	0.438	2.55e-221	6.67e-217
5	HSPB1	0.458984819	0.861	0.666	5.810000000000001e-192	1.52e-187
5	PHKA2	0.458604857	0.662	0.363	1.5400000000000001e-245	4.0399999999999995e-241
5	HEXIM1	0.458338116	0.794	0.507	4.89e-255	1.28e-250
5	ATXN1	0.457046141	0.927	0.786	2.06e-115	5.4e-111
5	JUNB	0.456698289	0.799	0.675	5.8e-106	1.52e-101
5	RHPN2	0.456082358	0.763	0.447	1.7199999999999998e-242	4.51e-238
5	PCSK6	0.454412348	0.635	0.312	4.77e-275	1.25e-270
5	TSTD1	0.454116662	0.813	0.553	1.8100000000000002e-223	4.74e-219
5	ZFP36	0.453112363	0.7	0.497	3.2800000000000002e-124	8.58e-120
5	C19orf60	0.453078962	0.679	0.357	1.68e-303	4.41e-299
5	ALG13	0.452944474	0.756	0.493	1.43e-210	3.75e-206
5	MAGED2	0.452353537	0.784	0.517	1.3100000000000001e-226	3.42e-222
5	PELI1	0.451871847	0.658	0.369	7.409999999999999e-219	1.94e-214
5	HLA-C	0.451529198	0.885	0.502	2.15e-271	5.63e-267
5	OAZ1	0.450496733	0.923	0.772	5.68e-202	1.4899999999999997e-197
5	EPCAM	0.449901939	0.928	0.756	3.32e-227	8.700000000000001e-223
5	LUZP1	0.448535649	0.638	0.395	8.13e-180	2.13e-175
5	ARFGEF3	0.44826013	0.933	0.692	1.15e-192	2.9999999999999995e-188
5	CD276	0.446371644	0.508	0.19	0.0	0.0
5	ELOVL5	0.446316294	0.784	0.555	1.05e-176	2.74e-172
5	PTPN12	0.446228889	0.751	0.549	1.5e-151	3.9299999999999996e-147
5	PGM2	0.445932584	0.456	0.205	9.890000000000001e-235	2.59e-230
5	PDE8B	0.445873353	0.713	0.311	0.0	0.0
5	NT5DC3	0.445070903	0.598	0.418	1.48e-101	3.87e-97
5	PIR	0.444826821	0.517	0.2	0.0	0.0
5	LAMA3	0.444779824	0.517	0.201	0.0	0.0
5	SSR4	0.443146933	0.875	0.642	1.7100000000000002e-206	4.48e-202
5	RIPK2	0.442599288	0.592	0.319	2.02e-206	5.29e-202
5	GABARAPL2	0.442001446	0.745	0.496	3.41e-210	8.92e-206
5	LRRC23	0.44155741	0.534	0.338	3.09e-118	8.08e-114
5	ADGRV1	0.440808005	0.905	0.72	2.4500000000000002e-164	6.42e-160
5	TSC22D2	0.440524891	0.793	0.593	4.98e-175	1.2999999999999999e-170
5	CXorf38	0.440436797	0.487	0.21	4.71e-292	1.23e-287
5	VCP	0.43957574	0.826	0.595	5.5699999999999995e-216	1.46e-211
5	ESD	0.439142991	0.627	0.474	1.1199999999999999e-82	2.93e-78
5	VCL	0.438943319	0.91	0.842	5.08e-76	1.33e-71
5	MCL1	0.437645065	0.77	0.563	7.470000000000001e-169	1.95e-164
5	AC002064.1	0.437594667	0.444	0.119	0.0	0.0
5	STAG2	0.437540007	0.883	0.689	1.76e-198	4.6e-194
5	UBE2D1	0.437116629	0.75	0.526	7.37e-181	1.93e-176
5	POTEE	0.43395059	0.358	0.022	0.0	0.0
5	ERRFI1	0.433433704	0.725	0.413	4.33e-238	1.13e-233
5	HSP90AA1	0.432589363	0.984	0.961	1.54e-193	4.02e-189
5	PHGDH	0.432406013	0.745	0.422	3.95e-253	1.03e-248
5	OGT	0.431985206	0.808	0.562	1.5e-202	3.91e-198
5	PPP1R10	0.431794375	0.793	0.559	2.27e-190	5.9399999999999996e-186
5	HDAC8	0.431605693	0.871	0.668	1.07e-159	2.81e-155
5	DDIT3	0.429250982	0.634	0.349	2.04e-215	5.34e-211
5	NME3	0.428847115	0.784	0.469	3.6099999999999997e-242	9.45e-238
5	FMR1	0.428191924	0.666	0.356	8.35e-295	2.19e-290
5	KIF13B	0.427874073	0.586	0.333	8.66e-191	2.27e-186
5	ATP1A1	0.42755822	0.832	0.588	3.64e-194	9.53e-190
5	KCNG3	0.426694347	0.58	0.286	4.83e-237	1.27e-232
5	CTNNA1	0.426613447	0.902	0.752	1.25e-167	3.27e-163
5	ARHGEF12	0.426323227	0.847	0.729	1.04e-92	2.7300000000000003e-88
5	NADK2	0.425885843	0.564	0.254	0.0	0.0
5	FAM129A	0.425173558	0.539	0.232	1.43e-270	3.74e-266
5	MYL12A	0.422345966	0.844	0.625	1.56e-175	4.09e-171
5	FOXO3	0.422297618	0.885	0.719	9.929999999999999e-113	2.6e-108
5	NFE2L2	0.420611014	0.717	0.457	2.12e-206	5.54e-202
5	CAST	0.420362331	0.839	0.521	1.3500000000000001e-194	3.54e-190
5	KLHL15	0.420121303	0.514	0.234	6.37e-258	1.67e-253
5	APOOL	0.419541761	0.632	0.328	6.63e-287	1.74e-282
5	EPHA6	0.4189269	0.731	0.466	1.2400000000000002e-163	3.2399999999999997e-159
5	SLC44A1	0.418438808	0.74	0.441	6.590000000000001e-226	1.72e-221
5	CDH10	0.417587828	0.27	0.044	0.0	0.0
5	HEBP2	0.417171779	0.818	0.565	7.82e-219	2.05e-214
5	RPL10A	0.416963897	0.963	0.881	1.73e-200	4.52e-196
5	DLG3	0.416362835	0.65	0.343	5.63e-275	1.4699999999999999e-270
5	NET1	0.414075839	0.762	0.484	3.5900000000000003e-215	9.4e-211
5	HIVEP1	0.413596246	0.593	0.396	3.1299999999999998e-114	8.190000000000001e-110
5	ABLIM3	0.411937498	0.5	0.229	4.7400000000000006e-247	1.24e-242
5	ATP7A	0.410497652	0.631	0.331	9.03e-259	2.36e-254
5	NFKB1	0.40999865	0.484	0.233	3.12e-206	8.17e-202
5	CPNE4	0.409577378	1.0	0.574	2.24e-196	5.86e-192
5	PLEKHH1	0.408546766	0.506	0.199	0.0	0.0
5	MYL6	0.408454735	0.974	0.922	2.3699999999999998e-189	6.21e-185
5	TMEM131L	0.406587714	0.811	0.582	4.69e-131	1.23e-126
5	NHS	0.406151052	0.471	0.255	4.29e-140	1.12e-135
5	CCDC6	0.405531566	0.831	0.671	4.13e-113	1.08e-108
5	PHF8	0.403842079	0.571	0.296	5.4e-238	1.41e-233
5	ARRDC3	0.403735334	0.664	0.394	1.59e-175	4.16e-171
5	VAMP8	0.403622594	0.676	0.344	6.9599999999999995e-286	1.82e-281
5	MT-ND4	0.403297766	0.999	0.994	1.4e-207	3.65e-203
5	PHLDA2	0.403106882	0.539	0.328	1.4e-116	3.68e-112
5	LAGE3	0.40283641	0.719	0.448	3.0400000000000004e-210	7.96e-206
5	AC134511.1	0.40243491	0.573	0.258	2.53e-280	6.620000000000001e-276
5	NR1D2	0.40240761	0.592	0.328	3.45e-209	9.03e-205
5	ACPP	0.401804444	0.879	0.465	5.74e-289	1.5e-284
5	NFIX	0.401672072	0.913	0.632	3.1899999999999996e-197	8.34e-193
5	SAMD5	0.40144241	0.672	0.362	1.52e-203	3.99e-199
5	ELOVL7	0.401077994	0.606	0.315	1.34e-222	3.51e-218
5	SLC9A7	0.401074547	0.64	0.334	1.02e-255	2.6600000000000003e-251
5	WDR26	0.401044713	0.742	0.504	7.97e-172	2.0900000000000003e-167
5	FBP1	0.399762358	0.539	0.193	0.0	0.0
5	CLIC1	0.399104895	0.805	0.542	7.99e-204	2.0899999999999999e-199
5	AC140481.3	0.397885273	0.339	0.013	0.0	0.0
5	UBE2A	0.397403019	0.647	0.336	1.09e-289	2.86e-285
5	SECISBP2	0.397402784	0.738	0.633	1.0999999999999999e-52	2.87e-48
5	MAL2	0.397182612	0.745	0.439	2.45e-258	6.42e-254
5	SLX4IP	0.396837708	0.686	0.454	7.08e-144	1.85e-139
5	GPR37	0.396717401	0.42	0.146	0.0	0.0
5	NUFIP2	0.396194276	0.864	0.745	4.47e-108	1.17e-103
5	DNAJA4	0.396003135	0.463	0.257	1.5e-145	3.9199999999999997e-141
5	C6orf132	0.395786402	0.524	0.227	8.380000000000001e-283	2.19e-278
5	SERTAD1	0.39549666	0.639	0.367	7.43e-198	1.94e-193
5	HSPA8	0.395374313	0.892	0.769	9.87e-136	2.58e-131
5	UBE2E3	0.394985048	0.943	0.849	1.6200000000000002e-103	4.2400000000000004e-99
5	TMEM2	0.392023175	0.705	0.47	1.27e-145	3.3299999999999997e-141
5	TJP1	0.391659807	0.755	0.513	5.25e-182	1.3700000000000001e-177
5	MAP2K4	0.391624723	0.793	0.632	4.7e-123	1.23e-118
5	RBM41	0.391274664	0.65	0.418	1.04e-151	2.73e-147
5	TSPAN8	0.389277821	0.431	0.134	0.0	0.0
5	INTS12	0.388684953	0.811	0.566	7.76e-170	2.0299999999999998e-165
5	TMEM117	0.388574428	0.678	0.417	8.310000000000001e-167	2.18e-162
5	MT-CO3	0.388308775	0.999	0.999	5.3e-181	1.39e-176
5	FP236383.1	0.388155306	0.497	0.355	2.1300000000000002e-47	5.5700000000000005e-43
5	FOXP1	0.387667645	0.991	0.928	1.08e-146	2.82e-142
5	CD2AP	0.385171673	0.808	0.607	4.36e-146	1.14e-141
5	RTL8A	0.384764443	0.715	0.448	1.06e-203	2.77e-199
5	USP9Y	0.38431736	0.703	0.493	4.7600000000000004e-122	1.25e-117
5	LLGL2	0.384188102	0.751	0.437	1.71e-221	4.47e-217
5	IGBP1	0.384095181	0.694	0.425	4.88e-212	1.2799999999999999e-207
5	STX3	0.383627099	0.542	0.278	2.04e-225	5.35e-221
5	HEG1	0.383385464	0.407	0.178	6.71e-198	1.76e-193
5	BTG1	0.383208478	0.868	0.708	3.78e-127	9.880000000000001e-123
5	NVL	0.382166869	0.721	0.52	7.53e-113	1.97e-108
5	TMEM238	0.381770657	0.662	0.36	1.12e-241	2.94e-237
5	HSPD1	0.38138373	0.877	0.746	5.7300000000000005e-118	1.5e-113
5	THOC2	0.380138285	0.863	0.652	1.99e-176	5.2e-172
5	B3GNT5	0.379485314	0.5	0.235	2.53e-218	6.62e-214
5	NDRG1	0.379419003	0.75	0.405	2.27e-251	5.94e-247
5	INTS6L	0.379184987	0.521	0.259	9.86e-217	2.58e-212
5	MARVELD2	0.379139849	0.59	0.291	4.75e-262	1.2400000000000002e-257
5	TAF1	0.378679101	0.751	0.521	2.2200000000000002e-160	5.81e-156
5	STRN	0.378291933	0.675	0.47	1e-122	2.63e-118
5	SRI	0.377856146	0.772	0.513	3.1500000000000004e-185	8.24e-181
5	MIA3	0.377829108	0.759	0.51	1.6400000000000002e-160	4.2900000000000004e-156
5	BLVRB	0.377375113	0.681	0.334	3.94e-288	1.03e-283
5	RP2	0.377264617	0.472	0.181	0.0	0.0
5	MYO1E	0.377080576	0.752	0.624	7.299999999999999e-67	1.91e-62
5	COL4A5	0.376710109	0.695	0.417	1.15e-194	3e-190
5	RPS3	0.37650189	0.975	0.909	2.25e-168	5.88e-164
5	C4orf32	0.376339433	0.512	0.22	8.83e-267	2.3099999999999998e-262
5	EDN1	0.376198506	0.318	0.115	2.04e-216	5.34e-212
5	POLG2	0.375926094	0.592	0.42	1.37e-88	3.58e-84
5	FRMD4B	0.375764665	0.601	0.391	1.26e-112	3.2899999999999998e-108
5	ASMTL	0.374394262	0.468	0.241	3.04e-177	7.95e-173
5	SGMS2	0.373230952	0.563	0.257	1.3299999999999998e-268	3.48e-264
5	CHRM3	0.372576841	0.252	0.111	7.1e-114	1.8600000000000002e-109
5	LINC01278	0.372211842	0.751	0.492	4.2400000000000004e-173	1.11e-168
5	SMARCA2	0.372165686	0.639	0.338	4.73e-222	1.24e-217
5	SLC25A37	0.371116617	0.656	0.336	1.47e-245	3.85e-241
5	DIP2B	0.370517581	0.832	0.667	5.34e-113	1.4e-108
5	MYO1D	0.369934744	0.951	0.829	2.5200000000000002e-117	6.61e-113
5	FRK	0.369900103	0.458	0.207	2.66e-215	6.96e-211
5	UBE2H	0.369466515	0.846	0.71	1.42e-101	3.71e-97
5	NPC2	0.369320801	0.81	0.508	3.3299999999999996e-180	8.71e-176
5	SYNJ2	0.36917057	0.648	0.361	3.62e-194	9.47e-190
5	CRYBG1	0.369076863	0.701	0.416	1.52e-192	3.98e-188
5	RGS10	0.368879867	0.668	0.299	0.0	0.0
5	PTPN18	0.368224996	0.601	0.31	2.2199999999999997e-241	5.82e-237
5	RPS9	0.367321123	0.963	0.862	3.62e-173	9.480000000000001e-169
5	ABTB2	0.366241513	0.499	0.255	6.84e-183	1.7899999999999998e-178
5	RPS6	0.366040581	0.976	0.914	1.2299999999999998e-189	3.21e-185
5	EEPD1	0.365249924	0.561	0.298	9.53e-192	2.5e-187
5	RANBP9	0.364435421	0.688	0.535	8.51e-54	2.23e-49
5	SLC39A6	0.364084701	0.629	0.345	6.7e-226	1.75e-221
5	MAGI3	0.363378771	0.831	0.673	5.329999999999999e-104	1.4e-99
5	HOMER1	0.362823712	0.485	0.389	7.26e-29	1.8999999999999998e-24
5	H3F3B	0.362514968	0.979	0.931	8.96e-157	2.35e-152
5	NPAS2	0.362425566	0.67	0.35	1.41e-209	3.6999999999999996e-205
5	UXT	0.3616448	0.712	0.453	4.91e-184	1.28e-179
5	AL589182.1	0.3611854	0.693	0.294	0.0	0.0
5	RPL12	0.361184229	0.979	0.919	1.29e-180	3.3799999999999995e-176
5	S100A10	0.360507888	0.882	0.557	9.12e-212	2.39e-207
5	UBXN4	0.360131208	0.895	0.732	1.16e-155	3.03e-151
5	ENPP4	0.359222699	0.47	0.174	0.0	0.0
5	CD81	0.359015947	0.741	0.487	1.2199999999999999e-176	3.1999999999999996e-172
5	DAPK1	0.358986008	0.568	0.327	1.3400000000000001e-148	3.51e-144
5	FAM160A1	0.358023979	0.729	0.475	1.4e-152	3.65e-148
5	XIAP	0.357841667	0.716	0.474	2.8099999999999997e-180	7.37e-176
5	NDUFB11	0.357551456	0.899	0.703	1.38e-147	3.61e-143
5	RRAGB	0.356991792	0.535	0.246	1.0400000000000001e-271	2.7099999999999997e-267
5	MT-CO2	0.35654337	0.999	0.998	1.63e-177	4.26e-173
5	BBX	0.354951925	0.899	0.725	1.86e-146	4.87e-142
5	ARHGAP29	0.354694301	0.74	0.41	1.18e-176	3.0899999999999996e-172
5	PRPS2	0.354475516	0.559	0.26	8.6e-279	2.25e-274
5	TMEM205	0.354292039	0.664	0.378	1.27e-209	3.3199999999999997e-205
5	SERPINB6	0.353123724	0.78	0.505	4.2e-183	1.1e-178
5	CAPN5	0.352262565	0.573	0.267	2.4e-248	6.29e-244
5	MT-CYB	0.352090924	0.999	0.995	8.86e-174	2.32e-169
5	ERG	0.350595767	0.787	0.404	7.169999999999999e-250	1.8800000000000002e-245
5	RPL29	0.349310955	0.966	0.888	2.14e-153	5.59e-149
5	PLOD2	0.34926846	0.459	0.277	2.05e-105	5.37e-101
5	F8	0.349245655	0.421	0.135	0.0	0.0
5	PDCD4	0.349118679	0.837	0.524	1.01e-185	2.64e-181
5	ZC3H12B	0.347751959	0.569	0.279	8.09e-220	2.1200000000000002e-215
5	PPA2	0.347398052	0.874	0.673	4.55e-125	1.1899999999999999e-120
5	SNX9	0.346327908	0.787	0.594	1.3699999999999999e-120	3.59e-116
5	ERBIN	0.34542357	0.838	0.68	6.69e-102	1.75e-97
5	RAB7A	0.345351161	0.858	0.733	1.42e-113	3.7200000000000003e-109
5	CAMSAP1	0.344395151	0.583	0.443	2.76e-70	7.22e-66
5	SUB1	0.344254469	0.907	0.768	3.82e-131	1e-126
5	PPARA	0.344236374	0.367	0.21	6.87e-95	1.8e-90
5	ATP6AP1	0.344119595	0.631	0.358	3.7e-206	9.69e-202
5	PPP1R15A	0.343967983	0.668	0.445	1.41e-133	3.7e-129
5	NDRG3	0.343672293	0.618	0.347	2.4799999999999997e-191	6.5e-187
5	NPEPPS	0.343198353	0.869	0.712	1.01e-128	2.6500000000000003e-124
5	TCEAL4	0.343081391	0.823	0.585	1.3900000000000001e-164	3.63e-160
5	AC025171.5	0.34287971	0.434	0.192	2.6600000000000003e-206	6.95e-202
5	KIAA0368	0.341758682	0.778	0.56	9.459999999999999e-140	2.48e-135
5	COX7B	0.34109384	0.869	0.699	6.219999999999999e-126	1.63e-121
5	JUND	0.340855628	0.91	0.839	2.68e-78	7.0199999999999994e-74
5	APLN	0.340244905	0.343	0.052	0.0	0.0
5	STX19	0.340162478	0.38	0.115	0.0	0.0
5	DYNLT3	0.340145286	0.579	0.297	1.84e-241	4.81e-237
5	B2M	0.338851363	0.936	0.805	8.03e-157	2.1e-152
5	CCNL1	0.338718243	0.816	0.625	2.3000000000000002e-125	6.03e-121
5	STEAP4	0.33820858	0.438	0.171	3.3e-261	8.63e-257
5	PRAC1	0.337820533	0.944	0.765	1.29e-144	3.37e-140
5	NFATC2	0.337239174	0.604	0.333	3.66e-183	9.58e-179
5	FOS	0.336699137	0.832	0.806	4.85e-36	1.27e-31
5	FAM199X	0.335915557	0.601	0.315	3.94e-238	1.03e-233
5	MICU3	0.335654284	0.459	0.297	1.34e-83	3.51e-79
5	FCGRT	0.334908568	0.542	0.248	2.92e-269	7.630000000000001e-265
5	EXPH5	0.333603205	0.634	0.387	1.86e-139	4.8599999999999995e-135
5	UBE2E2	0.333309413	0.866	0.598	1.07e-142	2.8e-138
5	ZMAT1	0.33307115	0.568	0.265	1.78e-252	4.67e-248
5	GADD45B	0.332809961	0.589	0.343	4.92e-144	1.29e-139
5	NFKBIA	0.332672463	0.649	0.41	1.5699999999999998e-147	4.11e-143
5	SMARCA1	0.3326468	0.772	0.411	6.49e-236	1.7e-231
5	TMEM54	0.332168624	0.632	0.312	1.41e-251	3.7e-247
5	ISG15	0.332137466	0.471	0.183	2.87e-296	7.519999999999999e-292
5	SPAG9	0.33200403	0.865	0.771	3.32e-82	8.69e-78
5	COLEC12	0.331265625	0.742	0.429	5.7399999999999995e-180	1.5e-175
5	IQSEC2	0.330508093	0.408	0.125	0.0	0.0
5	ST14	0.330489317	0.578	0.278	2.07e-254	5.4099999999999995e-250
5	STEAP2-AS1	0.330468738	0.422	0.149	5.4999999999999996e-307	1.4400000000000002e-302
5	TSC22D1	0.328079431	0.893	0.743	3.5199999999999994e-104	9.22e-100
5	KIF13A	0.327981888	0.644	0.376	7.750000000000001e-167	2.03e-162
5	FAM107B	0.327353336	0.702	0.493	9.02e-124	2.36e-119
5	MMP24-AS1	0.326905758	0.594	0.332	2.6499999999999998e-188	6.95e-184
5	TLE1	0.325673011	0.702	0.42	3.24e-158	8.47e-154
5	TBXAS1	0.325216611	0.275	0.114	1.61e-146	4.2e-142
5	CNIH4	0.325149972	0.673	0.441	2.79e-142	7.289999999999999e-138
5	TMEM165	0.325101824	0.792	0.619	1.3e-107	3.4e-103
5	ERN1	0.324734828	0.703	0.436	4e-158	1.05e-153
5	FAM3A	0.324111133	0.45	0.168	0.0	0.0
5	TMCO4	0.324014669	0.605	0.299	1.7099999999999998e-233	4.4799999999999994e-229
5	USP38	0.323066352	0.538	0.309	9.93e-154	2.6e-149
5	LYN	0.322901478	0.463	0.182	2.98e-286	7.809999999999999e-282
5	PBDC1	0.322554292	0.542	0.265	2.6e-238	6.809999999999999e-234
5	DPYD	0.322249491	0.524	0.326	6.47e-101	1.69e-96
5	EMD	0.321847266	0.583	0.319	1.3899999999999999e-204	3.63e-200
5	ERBB2	0.321187385	0.631	0.331	2.96e-211	7.74e-207
5	PLEKHB2	0.321027973	0.578	0.355	4.16e-149	1.0900000000000001e-144
5	PABPC1	0.320802689	0.958	0.867	1.55e-153	4.07e-149
5	CLIC4	0.320388864	0.681	0.54	1.25e-71	3.2599999999999995e-67
5	OTUD5	0.319425719	0.601	0.329	3.4600000000000003e-208	9.059999999999999e-204
5	EHF	0.318708881	0.637	0.314	1.45e-225	3.79e-221
5	RPL7	0.317844389	0.965	0.901	1.93e-134	5.05e-130
5	LIPH	0.317718867	0.368	0.142	5.9e-222	1.54e-217
5	COBL	0.317489656	0.754	0.449	3.38e-146	8.849999999999999e-142
5	PNRC1	0.316952338	0.769	0.542	1.2499999999999999e-131	3.28e-127
5	PRKCD	0.31651251	0.414	0.127	0.0	0.0
5	SOD1	0.316455704	0.935	0.812	5.22e-129	1.3700000000000001e-124
5	EPHX1	0.316432197	0.697	0.408	2.6000000000000003e-184	6.7899999999999995e-180
5	FAM69A	0.316363324	0.539	0.33	7.95e-122	2.08e-117
5	PTPN3	0.31632266	0.592	0.371	4.72e-130	1.2300000000000002e-125
5	DNAJA1	0.315300975	0.895	0.791	1.7900000000000002e-110	4.6899999999999995e-106
5	NACA	0.315090218	0.959	0.878	2.22e-134	5.82e-130
5	SLC44A5	0.314369605	0.699	0.49	9.53e-110	2.4900000000000002e-105
5	SLC6A8	0.314050756	0.461	0.19	3.0099999999999997e-277	7.88e-273
5	HSD17B10	0.313963327	0.647	0.397	3.94e-167	1.03e-162
5	TMBIM6	0.313930889	0.932	0.777	3.39e-142	8.86e-138
5	USP25	0.313479443	0.653	0.471	5.839999999999999e-89	1.53e-84
5	NCOA4	0.31345702	0.658	0.402	1.97e-166	5.16e-162
5	VBP1	0.31329121	0.704	0.475	1.68e-145	4.39e-141
5	TACC1	0.312340183	0.707	0.529	2.21e-92	5.79e-88
5	RPL13A	0.312293852	0.981	0.923	6.38e-155	1.67e-150
5	RASSF8	0.312204115	0.68	0.42	1.19e-138	3.1099999999999996e-134
5	AFDN	0.311795886	0.895	0.74	8.68e-97	2.27e-92
5	NECTIN2	0.311728807	0.675	0.427	4.19e-158	1.1e-153
5	EPAS1	0.311406328	0.44	0.186	2.94e-232	7.7e-228
5	MAGED1	0.310673438	0.873	0.686	5.8e-120	1.5199999999999998e-115
5	RBBP6	0.310638084	0.794	0.604	9.4e-115	2.4600000000000003e-110
5	ELF1	0.310430549	0.703	0.499	5.03e-105	1.32e-100
5	APOO	0.309535243	0.575	0.325	7.29e-178	1.9100000000000003e-173
5	ZFX	0.30944419	0.651	0.407	1.58e-156	4.14e-152
5	CPD	0.30904148	0.72	0.548	5.89e-87	1.54e-82
5	ALKBH7	0.308767481	0.643	0.387	8.71e-171	2.2800000000000003e-166
5	JPX	0.308429692	0.859	0.669	3.33e-117	8.72e-113
5	ADAM10	0.307755202	0.821	0.623	8.6e-111	2.25e-106
5	SH3D19	0.307452176	0.75	0.544	2.9999999999999997e-101	7.86e-97
5	NRDC	0.307218538	0.837	0.668	2.81e-97	7.35e-93
5	UBA1	0.306935235	0.621	0.374	3.57e-172	9.36e-168
5	RALGAPA2	0.306494747	0.891	0.736	9.6e-85	2.5100000000000002e-80
5	ID2	0.306298155	0.58	0.351	2.1800000000000003e-124	5.6999999999999996e-120
5	FHOD3	0.306157421	0.455	0.19	9.119999999999999e-241	2.3899999999999997e-236
5	MYO6	0.306155822	0.89	0.8	5.2e-25	1.36e-20
5	AF117829.1	0.3058815	0.696	0.452	7.349999999999999e-134	1.9200000000000003e-129
5	AC069368.1	0.305859885	0.308	0.104	3.63e-244	9.51e-240
5	SKIL	0.305720434	0.705	0.492	8.63e-118	2.26e-113
5	RERE	0.304882136	0.988	0.937	2.07e-118	5.43e-114
5	UBE2E1	0.304726142	0.733	0.507	5.08e-119	1.3299999999999999e-114
5	SOBP	0.304181491	0.701	0.458	1.11e-119	2.91e-115
5	RNF149	0.303951079	0.687	0.462	1.28e-134	3.36e-130
5	MGST1	0.303820318	0.777	0.54	4.04e-133	1.06e-128
5	IL6ST	0.303511501	0.584	0.349	7.299999999999999e-147	1.91e-142
5	JADE3	0.303382646	0.498	0.267	4.2600000000000004e-163	1.12e-158
5	RBMX	0.302846985	0.899	0.759	3.8e-105	9.96e-101
5	RPL19	0.302579253	0.976	0.914	1.42e-127	3.71e-123
5	NONO	0.302422972	0.864	0.69	7.96e-127	2.0800000000000002e-122
5	NARF	0.301996325	0.677	0.523	9.179999999999999e-82	2.4e-77
5	PPARD	0.301658826	0.537	0.279	1.1300000000000001e-183	2.95e-179
5	SIRT1	0.301133508	0.831	0.703	4.8e-77	1.2600000000000002e-72
5	TMEM123	0.300904973	0.827	0.594	9.88e-130	2.59e-125
5	HLCS	0.300658783	0.851	0.701	1.46e-84	3.82e-80
5	ITGB8	0.300426417	0.413	0.251	3.28e-76	8.58e-72
5	TOB1	0.300365598	0.786	0.541	1.3099999999999998e-140	3.43e-136
5	GRIPAP1	0.30031795	0.568	0.307	5.99e-191	1.5699999999999999e-186
5	SELENBP1	0.300281047	0.347	0.092	0.0	0.0
5	TMEM217	0.300149131	0.312	0.146	1.0500000000000001e-123	2.74e-119
5	MT-ND5	0.300031206	0.996	0.947	1.12e-93	2.9199999999999996e-89
5	GSDMD	0.299040276	0.552	0.27	1.1e-224	2.8799999999999997e-220
5	CD99	0.298619827	0.88	0.692	6.71e-119	1.76e-114
5	MYH9	0.298492737	0.747	0.608	8.810000000000001e-70	2.3100000000000002e-65
5	ATF5	0.298349114	0.508	0.274	2.28e-165	5.9700000000000005e-161
5	PRR16	0.297998307	0.404	0.204	1.7600000000000002e-124	4.62e-120
5	TBC1D4	0.297802859	0.465	0.285	2.8799999999999998e-92	7.540000000000001e-88
5	RAB32	0.296817792	0.543	0.297	2.63e-169	6.89e-165
5	HLA-B	0.29678949	0.861	0.497	7.130000000000001e-184	1.8700000000000003e-179
5	FERMT2	0.296725647	0.633	0.446	8.8e-92	2.3e-87
5	RUNX1	0.296096664	0.599	0.302	1.24e-220	3.24e-216
5	YES1	0.295622191	0.757	0.581	4.63e-99	1.21e-94
5	NDUFB4	0.295377101	0.859	0.707	4.29e-92	1.12e-87
5	CRABP2	0.295320392	0.486	0.22	1.3100000000000001e-226	3.43e-222
5	CHPT1	0.295270099	0.663	0.407	7.0899999999999995e-152	1.86e-147
5	MAP3K14	0.294753272	0.669	0.622	6.98e-20	1.83e-15
5	MT-ND2	0.294448507	0.998	0.987	5.71e-118	1.49e-113
5	SUZ12	0.294258995	0.881	0.786	2.01e-78	5.25e-74
5	SYTL4	0.293759857	0.411	0.152	6.539999999999999e-284	1.71e-279
5	RAI14	0.293261759	0.607	0.374	2.8000000000000002e-123	7.32e-119
5	FAM117A	0.292697309	0.48	0.304	8.77e-92	2.29e-87
5	RAB9A	0.29248389	0.556	0.296	1.96e-194	5.13e-190
5	RPL3	0.292419665	0.958	0.866	2.28e-121	5.97e-117
5	DSCR8	0.292270539	0.478	0.203	9.439999999999999e-242	2.47e-237
5	DPP7	0.292135051	0.59	0.332	3.78e-167	9.900000000000001e-163
5	MARCKS	0.291654179	0.927	0.807	1.44e-93	3.76e-89
5	SLC5A9	0.291031034	0.355	0.088	0.0	0.0
5	FKBP1A	0.290385962	0.724	0.529	1.29e-103	3.38e-99
5	TAB3	0.289776074	0.501	0.253	4.32e-191	1.13e-186
5	TBC1D8	0.289701592	0.766	0.554	1.21e-109	3.17e-105
5	ERBB3	0.28956425	0.559	0.281	6.05e-206	1.58e-201
5	RPS18	0.289086794	0.983	0.962	6.1700000000000004e-161	1.61e-156
5	CRISPLD1	0.288788272	0.76	0.432	7.57e-168	1.9800000000000003e-163
5	SAMD12-AS1	0.288359651	0.255	0.037	0.0	0.0
5	CDC14A	0.288083077	0.747	0.557	8.750000000000001e-86	2.29e-81
5	CEP70	0.287975972	0.772	0.505	2.08e-152	5.4500000000000004e-148
5	RASEF	0.287563992	0.658	0.355	1.81e-182	4.73e-178
5	ADRB2	0.287494412	0.451	0.173	5.48e-279	1.43e-274
5	SCAND1	0.287267441	0.711	0.47	5.76e-136	1.51e-131
5	NKAP	0.286735393	0.556	0.303	1.4e-186	3.67e-182
5	PHLPP1	0.28671692	0.493	0.292	2.14e-108	5.59e-104
5	CEP89	0.286257846	0.632	0.462	1.6600000000000001e-65	4.33e-61
5	PIK3CB	0.286153822	0.776	0.566	4.82e-112	1.26e-107
5	KCMF1	0.28536028	0.767	0.603	3.4199999999999997e-93	8.94e-89
5	YBX3	0.285079856	0.596	0.298	7.3999999999999996e-214	1.94e-209
5	KDM3B	0.28496116	0.657	0.538	3.6399999999999997e-40	9.52e-36
5	GUCY1A3	0.284621296	0.522	0.256	4.6300000000000006e-192	1.21e-187
5	MYLIP	0.284569961	0.678	0.436	2.91e-128	7.62e-124
5	CBR3-AS1	0.284558809	0.679	0.373	4.28e-178	1.12e-173
5	TENM1	0.284338587	0.297	0.113	3.6000000000000004e-181	9.42e-177
5	KDM3A	0.283712486	0.598	0.371	6.41e-135	1.68e-130
5	IMMP2L	0.283241498	0.884	0.701	1.65e-97	4.32e-93
5	TSR2	0.283211638	0.485	0.236	1.94e-201	5.0799999999999994e-197
5	CBX4	0.283194917	0.607	0.404	1.1200000000000001e-110	2.93e-106
5	TMEM219	0.281500912	0.692	0.462	4.71e-131	1.23e-126
5	ATP11B	0.281151078	0.739	0.477	5.53e-136	1.4499999999999999e-131
5	SELENOH	0.280700768	0.706	0.459	2.57e-142	6.719999999999999e-138
5	PHACTR2	0.280343005	0.594	0.331	5.6699999999999995e-165	1.4800000000000002e-160
5	ATP11C	0.280267335	0.609	0.386	2.87e-123	7.52e-119
5	UPF3B	0.279551005	0.703	0.487	3.9e-118	1.02e-113
5	KLF6	0.279473877	0.7	0.692	7.35e-14	1.92e-09
5	DNPH1	0.278816132	0.69	0.427	2.2800000000000003e-161	5.970000000000001e-157
5	SMAP2	0.278798102	0.543	0.347	1.68e-105	4.39e-101
5	SLC17A5	0.278183739	0.557	0.314	6.979999999999999e-159	1.83e-154
5	SMCO4	0.2775146	0.597	0.316	1.0099999999999999e-190	2.63e-186
5	TMEM263	0.277378137	0.617	0.384	5.46e-137	1.43e-132
5	RPS6KA6	0.277229457	0.552	0.311	6.16e-152	1.61e-147
5	ECHDC2	0.27714159	0.764	0.504	1.99e-131	5.2e-127
5	GRIK4	0.277132506	0.515	0.271	8.12e-154	2.13e-149
5	RPL18	0.277043833	0.972	0.913	2.22e-102	5.82e-98
5	KHDRBS3	0.277013365	0.853	0.688	4.409999999999999e-68	1.15e-63
5	HERC2	0.276781091	0.612	0.461	3.2600000000000004e-70	8.530000000000001e-66
5	ZNF736	0.27664098	0.616	0.412	2.3e-98	6.02e-94
5	LSAMP	0.27628495	0.911	0.741	2.13e-101	5.56e-97
5	NELL2	0.276159033	0.703	0.595	1.3900000000000001e-21	3.63e-17
5	FAM214A	0.276081685	0.656	0.45	3.2e-102	8.38e-98
5	PSMA5	0.276045372	0.71	0.486	6.74e-123	1.76e-118
5	TNFRSF21	0.275910467	0.485	0.32	3.29e-78	8.6e-74
5	CAMSAP2	0.275850281	0.74	0.548	1.34e-94	3.51e-90
5	NIPSNAP3B	0.275840443	0.322	0.118	2.78e-219	7.29e-215
5	PDIA3	0.275801906	0.889	0.705	5.65e-104	1.48e-99
5	BZW2	0.275566359	0.595	0.453	4.8099999999999994e-54	1.26e-49
5	GPR160	0.27533735	0.643	0.32	6.4e-205	1.6700000000000002e-200
5	NAP1L2	0.275103035	0.387	0.127	0.0	0.0
5	MTUS1	0.275074012	0.494	0.344	1.84e-65	4.7999999999999995e-61
5	ADAM32	0.27493771	0.519	0.265	1.7399999999999999e-174	4.55e-170
5	TSPAN6	0.274819024	0.504	0.251	2.48e-197	6.5e-193
5	BRCC3	0.274778271	0.582	0.339	1.7000000000000002e-157	4.4499999999999997e-153
5	SLC25A33	0.274736795	0.744	0.509	2.14e-149	5.6e-145
5	MECP2	0.274397668	0.766	0.568	4.82e-114	1.26e-109
5	CBR3	0.274309838	0.628	0.33	4.6300000000000004e-185	1.2099999999999998e-180
5	CHORDC1	0.274300235	0.629	0.424	6.12e-113	1.6e-108
5	KANTR	0.27373416	0.592	0.376	3.42e-117	8.959999999999999e-113
5	NOTCH2	0.273040985	0.553	0.286	2.33e-183	6.1000000000000006e-179
5	ABHD3	0.272665463	0.726	0.568	8.83e-75	2.31e-70
5	EBP	0.27233326	0.589	0.362	7.2e-133	1.8799999999999998e-128
5	SLC9A1	0.272029849	0.607	0.383	5.8699999999999993e-126	1.54e-121
5	COX20	0.271414877	0.775	0.563	3.2400000000000005e-117	8.47e-113
5	USP43	0.271322252	0.54	0.287	3.3e-160	8.64e-156
5	FAM50A	0.271246497	0.562	0.317	2.18e-165	5.7e-161
5	LGALS3BP	0.270957052	0.759	0.534	3.89e-114	1.02e-109
5	SNX7	0.270716	0.498	0.234	7.73e-212	2.0199999999999997e-207
5	GDE1	0.270664549	0.581	0.359	4.09e-131	1.0699999999999999e-126
5	KIF16B	0.270437304	0.517	0.273	3.12e-165	8.180000000000001e-161
5	FLJ20021	0.270432392	0.572	0.286	8.14e-187	2.13e-182
5	LINC01297.1	0.27034296	0.443	0.177	1.26e-243	3.29e-239
5	ARHGEF3	0.269377255	0.732	0.465	2.2699999999999998e-128	5.94e-124
5	RCC1	0.269297864	0.486	0.311	3.81e-91	9.98e-87
5	KIAA0040	0.269207884	0.411	0.16	1.72e-253	4.49e-249
5	BUD23	0.269124761	0.712	0.513	1.34e-103	3.5000000000000003e-99
5	CHIC1	0.268648306	0.554	0.314	2.27e-153	5.94e-149
5	RAB13	0.268484166	0.649	0.401	8.58e-142	2.25e-137
5	ZNF385B	0.268367416	0.296	0.091	5.930000000000001e-259	1.55e-254
5	PTPN13	0.26672198	0.737	0.499	8.090000000000001e-110	2.12e-105
5	ITGA6	0.266600393	0.606	0.346	6.17e-146	1.62e-141
5	MAFB	0.26653403	0.521	0.324	9.2e-100	2.4099999999999998e-95
5	NSUN6	0.266458828	0.627	0.507	3.84e-41	1.01e-36
5	EPDR1	0.266314965	0.368	0.121	0.0	0.0
5	TMC4	0.266215242	0.573	0.3	3.31e-183	8.66e-179
5	MALAT1	0.266158539	1.0	0.999	8.92e-127	2.34e-122
5	TTC21B	0.265842017	0.626	0.437	2.97e-92	7.78e-88
5	TGFB1	0.265454363	0.464	0.298	3.01e-80	7.89e-76
5	LRP11	0.265264768	0.647	0.428	9.81e-110	2.57e-105
5	OVOL1	0.265256082	0.358	0.112	0.0	0.0
5	BAG3	0.265171815	0.346	0.114	1.83e-283	4.79e-279
5	ALDH1A3	0.265112113	0.599	0.404	3.63e-87	9.5e-83
5	WSB1	0.26496215	0.91	0.787	4.94e-84	1.29e-79
5	DUSP16	0.264950273	0.644	0.412	2.2500000000000002e-117	5.89e-113
5	NR2F2	0.264818594	0.624	0.395	2.37e-123	6.21e-119
5	HAP1	0.264014445	0.403	0.192	1.3400000000000001e-161	3.51e-157
5	GPAA1	0.263983215	0.603	0.368	7.839999999999999e-141	2.0499999999999997e-136
5	CTSF	0.263918447	0.529	0.287	8.469999999999999e-165	2.2200000000000002e-160
5	ARMCX5-GPRASP2	0.263151036	0.56	0.327	2.68e-139	7.03e-135
5	ANOS1	0.262821451	0.32	0.094	0.0	0.0
5	GPC4	0.262668945	0.428	0.196	1.0400000000000001e-184	2.7299999999999997e-180
5	ARFGAP3	0.262618543	0.712	0.476	7.190000000000001e-122	1.88e-117
5	ATRAID	0.262603732	0.694	0.421	2.28e-153	5.98e-149
5	GCLM	0.262353186	0.55	0.337	1.05e-124	2.75e-120
5	PER3	0.262290314	0.506	0.319	1.58e-93	4.14e-89
5	ME1	0.261862124	0.391	0.218	2.44e-102	6.38e-98
5	SAR1B	0.261854275	0.71	0.512	1.83e-99	4.79e-95
5	RPS3A	0.261697421	0.977	0.929	8.17e-105	2.14e-100
5	TTTY15	0.26107797	0.513	0.296	1.6699999999999998e-128	4.38e-124
5	ECE1	0.261017193	0.585	0.353	4.27e-132	1.12e-127
5	SFN	0.260947235	0.507	0.245	4.21e-199	1.1e-194
5	CH17-340M24.3	0.260804746	0.438	0.2	4.85e-203	1.27e-198
5	ZNF75D	0.260676283	0.464	0.234	6.9e-165	1.81e-160
5	ZC3HAV1	0.259617541	0.583	0.311	2.89e-172	7.55e-168
5	KLF4	0.259585985	0.542	0.313	5.08e-134	1.3300000000000001e-129
5	PSMD11	0.258568989	0.805	0.621	1.38e-97	3.5999999999999997e-93
5	NUP62CL	0.258350778	0.422	0.225	1.2399999999999999e-126	3.24e-122
5	CATSPERB	0.257874139	0.354	0.14	1.4e-206	3.66e-202
5	ACADVL	0.257406476	0.496	0.256	8.51e-167	2.23e-162
5	TIPARP	0.257146497	0.711	0.445	1.04e-139	2.72e-135
5	TP53I13	0.257083486	0.446	0.195	2.66e-227	6.96e-223
5	ATP6V0E1	0.256721843	0.817	0.621	4.3099999999999994e-104	1.13e-99
5	TSPYL2	0.256269032	0.396	0.177	1.4000000000000001e-185	3.65e-181
5	PARM1	0.254847228	0.489	0.268	2.2100000000000003e-132	5.79e-128
5	PTK2B	0.254628981	0.405	0.223	1.9299999999999998e-106	5.06e-102
5	ARHGEF9	0.254559467	0.542	0.307	1.4299999999999999e-142	3.73e-138
5	MCF2L2	0.253959909	0.45	0.212	1.99e-184	5.21e-180
5	PCGF5	0.253555238	0.453	0.218	5.3399999999999996e-182	1.4e-177
5	SPOCK1	0.253313305	0.778	0.56	3.11e-87	8.14e-83
5	WDR13	0.25306521	0.514	0.281	7.5e-154	1.96e-149
5	RAB25	0.252905616	0.566	0.286	1.1099999999999998e-197	2.92e-193
5	PDHA1	0.252882473	0.54	0.308	1.81e-153	4.74e-149
5	BEX3	0.252781586	0.923	0.783	3.9099999999999996e-91	1.02e-86
5	BCLAF3	0.252756784	0.505	0.279	2.85e-142	7.46e-138
5	IQGAP2	0.252580738	0.564	0.275	1.95e-187	5.0900000000000004e-183
5	ABRACL	0.252475999	0.504	0.26	4.460000000000001e-179	1.17e-174
5	GCH1	0.252459756	0.425	0.207	5.709999999999999e-159	1.49e-154
5	TIMM17B	0.252388971	0.569	0.331	2.02e-143	5.29e-139
5	SERPINE2	0.251718423	0.357	0.147	8.029999999999999e-189	2.1000000000000001e-184
5	BCAP29	0.25133706	0.598	0.362	1.4900000000000002e-132	3.89e-128
5	ABCC1	0.251270264	0.511	0.313	4.980000000000001e-103	1.2999999999999999e-98
5	TM4SF1	0.250847489	0.358	0.207	7.540000000000001e-79	1.97e-74
5	PHYH	0.250522634	0.54	0.262	2.56e-204	6.71e-200
5	MCOLN3	0.25005941	0.353	0.123	7.61e-264	1.99e-259
6	CDHR3	2.571044733	0.851	0.399	0.0	0.0
6	DNAH11	2.45094718	0.748	0.082	0.0	0.0
6	DNAH6	2.189892306	0.787	0.188	0.0	0.0
6	DNAH9	2.143128219	0.682	0.113	0.0	0.0
6	CAPS	2.077401629	0.626	0.075	0.0	0.0
6	C8orf34	2.046824082	0.823	0.283	0.0	0.0
6	TMEM232	2.044156852	0.756	0.196	0.0	0.0
6	CFAP54	1.992369047	0.852	0.361	0.0	0.0
6	DNAH7	1.946570145	0.789	0.313	0.0	0.0
6	ARMC3	1.909953197	0.745	0.185	0.0	0.0
6	PACRG	1.870656295	0.787	0.324	0.0	0.0
6	C4orf22	1.858402908	0.696	0.188	0.0	0.0
6	ASTN2	1.848054764	0.945	0.708	0.0	0.0
6	LRRIQ1	1.832252572	0.759	0.273	0.0	0.0
6	MID1	1.811590651	0.958	0.592	0.0	0.0
6	RSPH1	1.809026212	0.721	0.231	0.0	0.0
6	CFAP47	1.788475131	0.683	0.13	0.0	0.0
6	C10orf107	1.784457479	0.751	0.192	0.0	0.0
6	C5orf49	1.719703769	0.649	0.14	0.0	0.0
6	AREG	1.659607336	0.356	0.086	0.0	0.0
6	AGBL4	1.649455263	0.953	0.78	0.0	0.0
6	CCDC170	1.620824805	0.642	0.043	0.0	0.0
6	PDE4D	1.614236191	0.906	0.719	0.0	0.0
6	HOPX	1.612380531	0.642	0.228	0.0	0.0
6	ADGB	1.605357356	0.668	0.13	0.0	0.0
6	SPATA17	1.573339181	0.746	0.328	0.0	0.0
6	CFAP70	1.537496178	0.865	0.572	0.0	0.0
6	SPEF2	1.485369989	0.752	0.31	0.0	0.0
6	EFCAB1	1.475139625	0.604	0.065	0.0	0.0
6	DNAH12	1.459751875	0.578	0.101	0.0	0.0
6	RFX3	1.421072736	0.942	0.799	0.0	0.0
6	NEK11	1.413047266	0.826	0.504	0.0	0.0
6	TTC29	1.397182371	0.562	0.108	0.0	0.0
6	AGR2	1.387683845	0.557	0.218	0.0	0.0
6	BMPR1B	1.384304405	0.918	0.475	0.0	0.0
6	CSPP1	1.374724974	0.843	0.675	0.0	0.0
6	HYDIN	1.37415077	0.637	0.147	0.0	0.0
6	RP1	1.367090912	0.263	0.007	0.0	0.0
6	PPIL6	1.361570456	0.66	0.224	0.0	0.0
6	TSPAN1	1.347129699	0.611	0.222	0.0	0.0
6	CETN2	1.342263604	0.662	0.354	0.0	0.0
6	PLA2G2A	1.336642012	0.672	0.326	0.0	0.0
6	SPAG1	1.320193404	0.844	0.642	0.0	0.0
6	MDM2	1.31429661	0.721	0.588	6.16e-175	1.6099999999999998e-170
6	ZBBX	1.286799146	0.743	0.216	0.0	0.0
6	STK33	1.281672676	0.658	0.248	0.0	0.0
6	GLIS3	1.268349142	0.614	0.154	0.0	0.0
6	NR4A3	1.266962714	0.428	0.178	4.860000000000001e-271	1.27e-266
6	PIFO	1.263175119	0.583	0.136	0.0	0.0
6	TUBB4B	1.259424724	0.83	0.701	1.98e-297	5.19e-293
6	DCDC1	1.252198231	0.559	0.108	0.0	0.0
6	WDR78	1.248415984	0.682	0.279	0.0	0.0
6	SPAG17	1.231265559	0.542	0.074	0.0	0.0
6	ERICH3	1.22997511	0.506	0.058	0.0	0.0
6	MIPEP	1.22213181	0.73	0.324	0.0	0.0
6	C1orf194	1.218688512	0.542	0.084	0.0	0.0
6	ROPN1L	1.205358436	0.509	0.07	0.0	0.0
6	DNAH5	1.193386019	0.656	0.192	0.0	0.0
6	USP54	1.191101838	0.865	0.742	2.37e-292	6.19e-288
6	ATXN1	1.154826333	0.926	0.787	0.0	0.0
6	NEK10	1.148493669	0.531	0.14	0.0	0.0
6	DTHD1	1.147183932	0.292	0.004	0.0	0.0
6	CFAP43	1.147104235	0.576	0.147	0.0	0.0
6	CIB1	1.128223044	0.625	0.326	0.0	0.0
6	FBXL13	1.12649385	0.645	0.272	0.0	0.0
6	TPPP3	1.122600464	0.436	0.141	0.0	0.0
6	CFAP69	1.118083555	0.803	0.461	0.0	0.0
6	CFAP73	1.118052734	0.505	0.021	0.0	0.0
6	LRRC6	1.11263137	0.609	0.176	0.0	0.0
6	DNAI2	1.100321852	0.49	0.051	0.0	0.0
6	MYO1E	1.100010427	0.822	0.621	7.65e-274	2.0000000000000003e-269
6	CDS1	1.097791607	0.653	0.301	0.0	0.0
6	CASC1	1.095717115	0.584	0.152	0.0	0.0
6	ULK4	1.088671912	0.679	0.378	0.0	0.0
6	C4orf47	1.086952913	0.672	0.336	0.0	0.0
6	LMNTD1	1.084554399	0.462	0.056	0.0	0.0
6	CCDC146	1.082911233	0.572	0.15	0.0	0.0
6	ANXA1	1.0779166	0.63	0.265	0.0	0.0
6	EFCAB2	1.069569664	0.77	0.547	0.0	0.0
6	SHANK2	1.066566181	0.769	0.43	0.0	0.0
6	CFAP61	1.058160039	0.551	0.172	0.0	0.0
6	RALGPS2	1.057239342	0.822	0.599	0.0	0.0
6	DYDC2	1.047755669	0.486	0.04	0.0	0.0
6	SGMS2	1.0470273	0.512	0.261	2.93e-224	7.67e-220
6	ALCAM	1.046737596	0.827	0.461	0.0	0.0
6	DRC1	1.044333556	0.55	0.089	0.0	0.0
6	MIR99AHG	1.043330217	0.831	0.663	2.0500000000000003e-210	5.36e-206
6	ARMC4	1.036600923	0.538	0.092	0.0	0.0
6	CCDC30	1.03486922	0.64	0.313	0.0	0.0
6	FOXJ1	1.027704925	0.445	0.106	0.0	0.0
6	C6orf118	1.024165478	0.525	0.042	0.0	0.0
6	MAATS1	1.022485974	0.609	0.218	0.0	0.0
6	CALM1	1.022392834	0.856	0.812	2.04e-160	5.34e-156
6	CACNB4	1.019787756	0.717	0.395	0.0	0.0
6	GCC2	1.019026456	0.847	0.653	0.0	0.0
6	THSD4	1.017542875	0.869	0.652	0.0	0.0
6	TSGA10	1.012474301	0.657	0.374	0.0	0.0
6	CFAP157	1.008367125	0.491	0.061	0.0	0.0
6	VWA3A	1.006553249	0.421	0.047	0.0	0.0
6	LGALS3	1.003655465	0.672	0.327	0.0	0.0
6	CFAP77	0.994083309	0.567	0.192	0.0	0.0
6	CFAP52	0.993968481	0.501	0.05	0.0	0.0
6	SAXO2	0.991489713	0.518	0.146	0.0	0.0
6	WDR63	0.987961273	0.523	0.092	0.0	0.0
6	ANKFN1	0.976938903	0.468	0.065	0.0	0.0
6	C9orf24	0.976559118	0.432	0.157	0.0	0.0
6	CCDC173	0.971591151	0.638	0.355	0.0	0.0
6	ZMYND10	0.968191631	0.49	0.101	0.0	0.0
6	SPAG16	0.967540697	0.78	0.549	0.0	0.0
6	BBS9	0.967107883	0.72	0.468	0.0	0.0
6	MOK	0.961929277	0.691	0.428	0.0	0.0
6	LAMC2	0.961016485	0.467	0.256	1.43e-166	3.75e-162
6	NPNT	0.960342127	0.689	0.421	4.7899999999999997e-228	1.25e-223
6	ITGB8	0.953210153	0.544	0.245	1.0100000000000001e-296	2.65e-292
6	PPP1R42	0.951001259	0.507	0.133	0.0	0.0
6	CEBPD	0.947372711	0.528	0.268	4.3099999999999996e-241	1.13e-236
6	XBP1	0.939830992	0.568	0.319	4.9399999999999995e-258	1.29e-253
6	CCDC39	0.936637442	0.495	0.07	0.0	0.0
6	BCAS1	0.933981969	0.597	0.192	0.0	0.0
6	AK9	0.933610088	0.629	0.337	0.0	0.0
6	TSC22D2	0.927347479	0.685	0.599	3.23e-78	8.44e-74
6	PTPRT	0.918885912	0.73	0.417	0.0	0.0
6	MAP3K19	0.915477655	0.454	0.047	0.0	0.0
6	TMEM67	0.912983127	0.699	0.475	9.579999999999999e-274	2.51e-269
6	EFHC1	0.912944766	0.732	0.518	0.0	0.0
6	EZR	0.911949812	0.85	0.79	2.2900000000000002e-201	5.99e-197
6	LRGUK	0.907881791	0.544	0.193	0.0	0.0
6	MATN2	0.905248375	0.614	0.296	0.0	0.0
6	LRRFIP1	0.903261423	0.842	0.646	0.0	0.0
6	HS3ST4	0.90246723	0.686	0.285	0.0	0.0
6	IQCH	0.898283942	0.676	0.382	0.0	0.0
6	ARHGAP42	0.895784613	0.449	0.163	0.0	0.0
6	NEK5	0.891931155	0.494	0.095	0.0	0.0
6	SLC7A2	0.891624458	0.533	0.237	4.28e-302	1.12e-297
6	DNAH10	0.890230809	0.446	0.087	0.0	0.0
6	GDF15	0.889223468	0.691	0.352	3.62e-300	9.470000000000001e-296
6	MORN2	0.888436141	0.555	0.333	4.23e-245	1.11e-240
6	DNAI1	0.887991547	0.476	0.076	0.0	0.0
6	SNTN	0.885572924	0.342	0.035	0.0	0.0
6	STXBP5	0.883741141	0.981	0.847	0.0	0.0
6	LINC00882	0.878342982	0.456	0.12	0.0	0.0
6	ANKUB1	0.87819799	0.568	0.393	2.59e-128	6.7800000000000005e-124
6	S100A10	0.874911378	0.84	0.561	1.44e-280	3.78e-276
6	DYNC2H1	0.873913339	0.726	0.509	1.49e-264	3.89e-260
6	RSPH4A	0.870731926	0.448	0.046	0.0	0.0
6	PTPN13	0.8675985	0.752	0.499	2.1599999999999997e-254	5.649999999999999e-250
6	FAM183A	0.866973497	0.478	0.101	0.0	0.0
6	AC009478.1	0.865296699	0.852	0.513	2.91e-274	7.619999999999999e-270
6	CCDC40	0.861792287	0.689	0.487	1.74e-255	4.57e-251
6	WDPCP	0.857941327	0.727	0.519	4.28e-259	1.12e-254
6	CAPSL	0.853343052	0.385	0.04	0.0	0.0
6	BTBD9	0.851408912	0.834	0.684	8.52e-269	2.23e-264
6	CAST	0.849349449	0.817	0.523	0.0	0.0
6	KIAA0825	0.842825746	0.544	0.232	0.0	0.0
6	SLC7A11	0.841294348	0.384	0.155	1.05e-244	2.75e-240
6	KCTD12	0.840246344	0.524	0.276	3.2899999999999996e-243	8.609999999999999e-239
6	SLC35F3	0.834117041	0.774	0.521	3.16e-252	8.26e-248
6	RPGR	0.832857413	0.563	0.24	0.0	0.0
6	MT-ND3	0.82324711	0.998	0.995	0.0	0.0
6	FHAD1	0.817778454	0.528	0.214	0.0	0.0
6	RUNX1	0.815799141	0.523	0.307	1.37e-170	3.59e-166
6	MMP26	0.815415021	0.458	0.169	0.0	0.0
6	NR3C1	0.811812452	0.595	0.307	6.32e-301	1.66e-296
6	ATP2C2	0.809357319	0.623	0.28	0.0	0.0
6	CRIP1	0.80875935	0.495	0.228	8.89e-254	2.33e-249
6	CCDC148	0.806945307	0.516	0.2	0.0	0.0
6	SCGB2A1	0.804889888	0.378	0.115	0.0	0.0
6	NPHP1	0.802354941	0.556	0.209	0.0	0.0
6	DOCK4	0.801843947	0.944	0.761	0.0	0.0
6	FSTL1	0.797873564	0.826	0.538	1.56e-287	4.07e-283
6	TMEM59	0.793382231	0.826	0.757	5.93e-229	1.55e-224
6	KANK1	0.788044194	0.771	0.469	5.18e-291	1.36e-286
6	IQCG	0.786523132	0.598	0.312	0.0	0.0
6	TIAM2	0.785559293	0.693	0.53	1.77e-137	4.64e-133
6	DZIP3	0.784251177	0.62	0.382	2.7299999999999996e-249	7.16e-245
6	COBL	0.783378534	0.756	0.45	4.31e-305	1.13e-300
6	FOXJ3	0.781047737	0.705	0.703	8.809999999999999e-23	2.31e-18
6	MT-ATP8	0.780418043	0.918	0.733	6.83e-280	1.79e-275
6	NWD1	0.780094411	0.585	0.292	5.27e-297	1.3799999999999998e-292
6	ALDH1A3	0.779874692	0.564	0.407	2.81e-104	7.36e-100
6	MTRNR2L8	0.77822864	0.822	0.521	5.78e-284	1.51e-279
6	C9orf116	0.77346751	0.424	0.102	0.0	0.0
6	MT-ND4L	0.772716696	0.953	0.756	4.549999999999999e-308	1.19e-303
6	S100A11	0.770244164	0.754	0.578	5.52e-198	1.44e-193
6	DSTN	0.768203915	0.9	0.824	0.0	0.0
6	CEP83	0.764856876	0.668	0.486	9.19e-199	2.41e-194
6	CACNA1D	0.761467513	0.857	0.729	5.370000000000001e-156	1.41e-151
6	NSUN7	0.760145412	0.646	0.367	2.1799999999999998e-287	5.71e-283
6	NEK1	0.758498617	0.701	0.529	1.1e-192	2.8699999999999998e-188
6	CAPN2	0.75813333	0.59	0.337	1.96e-242	5.13e-238
6	IFT57	0.755824049	0.67	0.481	3.85e-228	1.01e-223
6	CDC14B	0.754503353	0.408	0.231	4.57e-121	1.2000000000000001e-116
6	BBOF1	0.753547772	0.547	0.256	0.0	0.0
6	NAMPT	0.749606967	0.689	0.515	1.41e-121	3.69e-117
6	DOC2A	0.747414835	0.523	0.212	0.0	0.0
6	CFAP126	0.742697625	0.394	0.024	0.0	0.0
6	MLF1	0.738017272	0.701	0.505	3.53e-240	9.24e-236
6	ENKUR	0.736067814	0.416	0.059	0.0	0.0
6	IK	0.734864816	0.668	0.53	7.71e-171	2.02e-166
6	ADCY2	0.734097634	0.672	0.495	2.39e-142	6.25e-138
6	CEP126	0.732861817	0.591	0.352	2.0299999999999997e-207	5.32e-203
6	WDR60	0.73250555	0.707	0.5	9.89e-237	2.59e-232
6	THRB	0.731155875	0.78	0.48	2.64e-246	6.919999999999999e-242
6	BARX2	0.727384464	0.409	0.19	9.12e-186	2.39e-181
6	UTRN	0.725051516	0.953	0.561	2.5299999999999997e-298	6.62e-294
6	FAM229B	0.724524805	0.511	0.316	5.56e-171	1.46e-166
6	B2M	0.721290293	0.909	0.807	1.0599999999999999e-249	2.76e-245
6	NPR3	0.719865061	0.47	0.236	2.5799999999999997e-199	6.7500000000000005e-195
6	B4GALT1	0.719642932	0.527	0.326	7.79e-155	2.04e-150
6	ANKMY1	0.719114434	0.567	0.325	2.1799999999999999e-221	5.7e-217
6	CFAP46	0.718603751	0.403	0.06	0.0	0.0
6	FBXL2	0.717125145	0.639	0.405	4.5e-214	1.1800000000000001e-209
6	PARD3B	0.716314747	0.856	0.544	6.42e-286	1.68e-281
6	MNS1	0.715196543	0.553	0.266	0.0	0.0
6	FAM13A	0.714137475	0.799	0.519	0.0	0.0
6	FANK1	0.713966173	0.456	0.104	0.0	0.0
6	C21orf59	0.71326734	0.554	0.347	2.2e-202	5.76e-198
6	PFN2	0.711825522	0.641	0.466	2.54e-193	6.649999999999999e-189
6	FOXP1	0.710558092	0.986	0.929	0.0	0.0
6	LDLRAD1	0.710059444	0.38	0.02	0.0	0.0
6	MORN5	0.709929715	0.408	0.035	0.0	0.0
6	MTRNR2L12	0.706462187	0.832	0.651	4.76e-151	1.25e-146
6	SPATA6L	0.705631156	0.583	0.329	2.65e-241	6.94e-237
6	ARHGAP28	0.705322998	0.595	0.337	5.96e-208	1.56e-203
6	ABCA12	0.70350594	0.613	0.355	2.45e-170	6.4e-166
6	SLC44A4	0.702974384	0.47	0.169	0.0	0.0
6	CLDN4	0.702800959	0.772	0.534	4.91e-204	1.28e-199
6	DNAL1	0.701873318	0.562	0.277	0.0	0.0
6	MAPK10	0.701756022	0.954	0.863	1.3199999999999998e-299	3.47e-295
6	TTC6	0.700373905	0.975	0.578	1.14e-292	2.9699999999999997e-288
6	SHROOM3	0.699971233	0.794	0.47	5.860000000000001e-291	1.53e-286
6	PTPN14	0.698921403	0.694	0.404	1.23e-242	3.22e-238
6	PSENEN	0.698608911	0.505	0.319	5.2700000000000006e-164	1.38e-159
6	MAGI1	0.696973871	0.931	0.816	2.57e-284	6.73e-280
6	TAX1BP1	0.69438947	0.848	0.728	9.26e-279	2.4199999999999997e-274
6	DNAH3	0.688529402	0.366	0.094	0.0	0.0
6	SRGAP3	0.686431629	0.697	0.523	1.14e-152	2.98e-148
6	PLPP5	0.685654195	0.705	0.491	2.03e-233	5.31e-229
6	TM4SF1	0.682524491	0.399	0.205	3.22e-148	8.42e-144
6	ARMC2	0.682156767	0.559	0.309	2.5500000000000003e-235	6.66e-231
6	KIF27	0.679384985	0.595	0.369	7.58e-222	1.98e-217
6	CEP128	0.679025325	0.602	0.375	1.11e-178	2.9e-174
6	CST6	0.678084052	0.27	0.018	0.0	0.0
6	STOX1	0.677644402	0.648	0.479	6.24e-175	1.6299999999999998e-170
6	TACC2	0.676683696	0.569	0.273	9.699999999999999e-295	2.54e-290
6	DENND2C	0.676608942	0.411	0.197	5.58e-186	1.4600000000000002e-181
6	CD59	0.673738608	0.538	0.31	1.9800000000000002e-200	5.19e-196
6	VWA3B	0.671623166	0.36	0.021	0.0	0.0
6	CDC14A	0.671574617	0.736	0.558	1.55e-142	4.06e-138
6	RHPN2	0.669060219	0.669	0.453	2.01e-181	5.26e-177
6	ODF2L	0.667488392	0.661	0.492	2.62e-168	6.85e-164
6	P4HA1	0.666953039	0.888	0.783	2.93e-214	7.670000000000001e-210
6	RBM47	0.666745819	0.91	0.604	3.54e-261	9.26e-257
6	RGS20	0.66498868	0.252	0.102	2.03e-142	5.3099999999999995e-138
6	EVA1C	0.664526648	0.494	0.241	3.63e-232	9.499999999999999e-228
6	CBR3	0.664466636	0.55	0.336	1.1500000000000001e-144	2.9999999999999997e-140
6	CDH1	0.66429386	0.705	0.49	5.720000000000001e-160	1.5000000000000001e-155
6	SPOCK3	0.66423278	0.426	0.219	5.589999999999999e-165	1.46e-160
6	SAMD5	0.664001277	0.579	0.368	4.12e-139	1.08e-134
6	PARM1	0.663176888	0.494	0.268	9.460000000000001e-183	2.48e-178
6	UGDH	0.66230765	0.688	0.502	1.08e-128	2.8300000000000003e-124
6	SORBS2	0.66137422	0.894	0.781	2.38e-240	6.23e-236
6	TNFRSF19	0.659154554	0.422	0.106	0.0	0.0
6	EFCAB6	0.659149348	0.458	0.159	0.0	0.0
6	TEX9	0.657835067	0.655	0.44	9.36e-213	2.45e-208
6	AK7	0.656934423	0.42	0.106	0.0	0.0
6	NME5	0.65643843	0.482	0.178	0.0	0.0
6	ITPKC	0.651274965	0.501	0.308	6.279999999999999e-128	1.65e-123
6	TMC5	0.65093816	0.57	0.292	9.24e-237	2.42e-232
6	CERKL	0.649057078	0.374	0.029	0.0	0.0
6	ELL2	0.648130949	0.699	0.528	5.32e-122	1.3900000000000002e-117
6	RNF144B	0.648012352	0.637	0.385	9.57e-165	2.5100000000000002e-160
6	F5	0.647950789	0.456	0.163	0.0	0.0
6	ZC2HC1A	0.646557042	0.751	0.576	9.87e-212	2.5799999999999997e-207
6	CABLES1	0.645970451	0.324	0.141	1.5600000000000001e-164	4.07e-160
6	CYSTM1	0.645547865	0.708	0.604	7.07e-144	1.85e-139
6	RGL1	0.641557035	0.497	0.24	1.13e-237	2.95e-233
6	PDLIM5	0.641368042	0.873	0.764	1.58e-158	4.13e-154
6	CYR61	0.641207294	0.564	0.308	3.3400000000000005e-185	8.74e-181
6	EFHC2	0.634654093	0.437	0.123	0.0	0.0
6	HIPK3	0.634492427	0.569	0.34	1.95e-203	5.11e-199
6	PART1	0.634015558	0.445	0.21	1.52e-215	3.9700000000000005e-211
6	PERP	0.631737317	0.685	0.575	8.600000000000001e-107	2.25e-102
6	YBX3	0.629914057	0.566	0.301	8.049999999999999e-240	2.11e-235
6	SPA17	0.628749941	0.468	0.179	0.0	0.0
6	PLCH1	0.628428064	0.391	0.132	0.0	0.0
6	SMIM14	0.624983638	0.767	0.616	6.1700000000000004e-201	1.61e-196
6	CCDC191	0.624580354	0.543	0.277	2.95e-258	7.71e-254
6	YAP1	0.622848901	0.747	0.451	1.85e-219	4.85e-215
6	ANXA7	0.622644112	0.864	0.798	2.76e-232	7.22e-228
6	VPS13C	0.622393515	0.766	0.604	9.590000000000001e-183	2.51e-178
6	DYNLL1	0.622147644	0.789	0.77	2.6700000000000003e-72	6.979999999999999e-68
6	KIF6	0.622147121	0.33	0.037	0.0	0.0
6	LINC00271	0.619437499	0.468	0.213	3.06e-244	8.02e-240
6	IQCK	0.618991202	0.612	0.41	2.9999999999999998e-170	7.84e-166
6	ZBTB20	0.618153982	0.959	0.866	1.3700000000000001e-276	3.59e-272
6	ANKRD37	0.616903124	0.693	0.443	5.8e-177	1.5199999999999998e-172
6	CSGALNACT1	0.614822931	0.716	0.604	2.2599999999999997e-82	5.91e-78
6	DZIP1L	0.613387439	0.449	0.197	6.58e-262	1.7200000000000002e-257
6	DIAPH2	0.611832389	0.864	0.654	5.91e-161	1.5500000000000001e-156
6	NRP1	0.611657981	0.864	0.685	1.84e-177	4.8100000000000004e-173
6	SLFN13	0.610859554	0.628	0.418	5.32e-183	1.39e-178
6	FOXO3	0.609921343	0.861	0.721	3.79e-148	9.930000000000001e-144
6	ANXA2	0.60917172	0.759	0.692	1.39e-65	3.64e-61
6	CD109	0.606924101	0.47	0.228	1.8e-219	4.700000000000001e-215
6	TCTN1	0.605866113	0.545	0.315	1.98e-220	5.18e-216
6	NFKBIZ	0.601895628	0.732	0.495	2.9900000000000002e-183	7.830000000000001e-179
6	SMYD2	0.601535825	0.555	0.353	7.72e-174	2.02e-169
6	COLEC12	0.60125323	0.684	0.434	1.6299999999999999e-187	4.26e-183
6	NMNAT2	0.599961624	0.459	0.203	3.36e-251	8.800000000000001e-247
6	ATP9A	0.598779104	0.762	0.648	1.27e-141	3.31e-137
6	SSFA2	0.598082131	0.544	0.411	1.6000000000000001e-80	4.2e-76
6	KLHL32	0.597049447	0.532	0.29	2.63e-191	6.869999999999999e-187
6	PDLIM3	0.596435987	0.854	0.656	6.78e-207	1.77e-202
6	CC2D2A	0.594996134	0.571	0.34	3.14e-196	8.21e-192
6	NME7	0.594245989	0.69	0.528	4.2099999999999997e-153	1.1e-148
6	DNAAF1	0.592619424	0.355	0.026	0.0	0.0
6	TSPAN3	0.592167932	0.71	0.614	4.909999999999999e-134	1.2800000000000001e-129
6	IQGAP2	0.591291408	0.58	0.275	2.3900000000000003e-289	6.25e-285
6	KIAA0556	0.590826101	0.62	0.437	4.11e-163	1.08e-158
6	GCLC	0.589953143	0.562	0.397	2.31e-107	6.03e-103
6	NCEH1	0.589636116	0.383	0.268	3.57e-51	9.35e-47
6	CWH43	0.588081654	0.517	0.227	6.77e-297	1.7699999999999998e-292
6	TUBA4B	0.587830406	0.335	0.01	0.0	0.0
6	COL4A5	0.587323102	0.635	0.421	3.0500000000000004e-166	7.98e-162
6	ZFP36L1	0.58621899	0.816	0.5	9.32e-215	2.4400000000000003e-210
6	KIAA0319	0.582075603	0.65	0.448	8.68e-159	2.27e-154
6	WLS	0.580927779	0.701	0.477	1.3500000000000001e-185	3.53e-181
6	OCLN	0.578222425	0.683	0.409	1.08e-196	2.8300000000000002e-192
6	AKAP13	0.576796167	0.771	0.628	2.08e-159	5.43e-155
6	EHF	0.57673323	0.597	0.317	1.8699999999999998e-228	4.89e-224
6	CPNE8	0.575203569	0.411	0.194	3.32e-184	8.679999999999999e-180
6	ANXA11	0.57384386	0.702	0.456	6.06e-214	1.5900000000000002e-209
6	SLFN5	0.572233366	0.605	0.341	2.78e-223	7.27e-219
6	RND3	0.572155863	0.551	0.369	6.2e-119	1.62e-114
6	SCHLAP1	0.571506594	0.996	0.957	1.0900000000000001e-156	2.8499999999999998e-152
6	HPGD	0.571107927	0.306	0.049	0.0	0.0
6	RUNX2	0.570785995	0.376	0.165	1.1199999999999999e-191	2.94e-187
6	SRI	0.570120118	0.631	0.522	1.6499999999999997e-95	4.32e-91
6	NUDT4	0.568659704	0.697	0.506	2.99e-143	7.83e-139
6	MPP7	0.567067615	0.573	0.297	5.63e-237	1.47e-232
6	ATF3	0.564786665	0.756	0.585	1.3e-125	3.4e-121
6	SP100	0.562392688	0.601	0.311	3.5399999999999997e-243	9.26e-239
6	CLU	0.561588628	0.511	0.269	9.31e-190	2.4400000000000003e-185
6	IFI6	0.560764267	0.575	0.429	5.03e-101	1.32e-96
6	AKAP9	0.559501138	0.868	0.754	4.4e-208	1.15e-203
6	PCSK5	0.557548994	0.53	0.297	2.86e-174	7.5e-170
6	NPC2	0.556844985	0.754	0.512	3.13e-209	8.2e-205
6	FILIP1	0.55614088	0.266	0.05	0.0	0.0
6	TEKT1	0.554955974	0.318	0.029	0.0	0.0
6	CFAP57	0.553856102	0.38	0.094	0.0	0.0
6	MAP9	0.553473726	0.489	0.301	7.889999999999999e-146	2.07e-141
6	LTBP1	0.552737494	0.637	0.39	4.03e-166	1.06e-161
6	ERG	0.552129985	0.69	0.41	1.81e-170	4.74e-166
6	CFAP45	0.551256315	0.382	0.076	0.0	0.0
6	TGIF1	0.55107408	0.552	0.35	1.07e-120	2.79e-116
6	CLMN	0.550331089	0.579	0.333	7.22e-190	1.89e-185
6	CCDC78	0.550184976	0.323	0.014	0.0	0.0
6	CNTRL	0.549946225	0.573	0.408	2.85e-115	7.47e-111
6	ANKRD42	0.548793861	0.559	0.299	1.0099999999999999e-199	2.63e-195
6	RAB27A	0.548243468	0.535	0.309	7.31e-174	1.91e-169
6	SYTL3	0.547279086	0.438	0.211	4.83e-192	1.27e-187
6	AC068587.6	0.546655947	0.664	0.447	1.26e-166	3.29e-162
6	TTLL9	0.546432413	0.374	0.083	0.0	0.0
6	HLA-B	0.546275021	0.768	0.504	7.03e-178	1.8400000000000003e-173
6	TBL1Y	0.545944389	0.476	0.214	1.31e-250	3.43e-246
6	ZFP36	0.543481991	0.625	0.501	3.9200000000000004e-70	1.03e-65
6	ANKS1A	0.541996764	0.646	0.536	2.81e-96	7.37e-92
6	AFDN	0.54086859	0.844	0.743	3.09e-151	8.089999999999999e-147
6	C11orf63	0.539895924	0.492	0.238	2.38e-244	6.23e-240
6	CDKN1A	0.53726745	0.439	0.28	1.79e-106	4.69e-102
6	FMN1	0.536271066	0.371	0.176	4.05e-155	1.06e-150
6	SLC23A2	0.535741349	0.492	0.407	3.49e-39	9.14e-35
6	NXPH1	0.53457761	0.401	0.177	1.64e-198	4.28e-194
6	AHNAK	0.534238986	0.746	0.467	2.64e-190	6.91e-186
6	MT-ND5	0.533525913	0.986	0.948	2.66e-181	6.97e-177
6	MACF1	0.532912569	0.873	0.805	3.5e-155	9.17e-151
6	GNG12	0.532861628	0.485	0.223	8.759999999999999e-250	2.2900000000000003e-245
6	FRAS1	0.53247674	0.573	0.359	8.73e-123	2.28e-118
6	USP43	0.531736531	0.535	0.288	1.05e-205	2.74e-201
6	KIAA1324	0.531294883	0.672	0.465	8.36e-153	2.19e-148
6	FLNB	0.530949911	0.81	0.61	8.4e-165	2.2e-160
6	ARHGAP39	0.530753237	0.465	0.228	8.819999999999999e-221	2.31e-216
6	NEDD9	0.530733075	0.468	0.275	1.97e-134	5.17e-130
6	GRHL2	0.529322167	0.861	0.519	2.08e-225	5.44e-221
6	C11orf70	0.529207802	0.463	0.25	8.74e-177	2.2899999999999998e-172
6	CYTH1	0.529018995	0.761	0.603	1.2799999999999998e-150	3.36e-146
6	USP40	0.52790769	0.648	0.446	6.42e-154	1.6799999999999999e-149
6	COX5A	0.527538303	0.632	0.63	1.05e-14	2.75e-10
6	CYB561	0.526512121	0.599	0.404	3e-168	7.860000000000001e-164
6	MT-ND2	0.525874833	0.997	0.987	4.35e-190	1.1400000000000002e-185
6	ZNF83	0.52310883	0.776	0.655	1.85e-108	4.8499999999999996e-104
6	MLPH	0.522545608	0.589	0.355	4.2299999999999996e-172	1.11e-167
6	DNAJC10	0.522517361	0.575	0.404	2.4e-133	6.29e-129
6	ESRP1	0.521958533	0.714	0.472	2.4e-182	6.27e-178
6	FRMD4B	0.521393416	0.562	0.394	6.69e-96	1.75e-91
6	CD46	0.520324012	0.717	0.572	2.22e-141	5.81e-137
6	C7orf57	0.519004038	0.341	0.027	0.0	0.0
6	NOV	0.5173033	0.456	0.256	1.18e-133	3.08e-129
6	RHOBTB1	0.517294505	0.54	0.31	1.74e-182	4.5399999999999997e-178
6	FAM160A1	0.516971368	0.652	0.48	6.330000000000001e-110	1.66e-105
6	KLF6	0.516846583	0.73	0.69	7.91e-40	2.07e-35
6	RSPH3	0.516617255	0.513	0.315	1.82e-149	4.77e-145
6	SPSB1	0.515186978	0.386	0.242	1.7000000000000002e-79	4.44e-75
6	ST6GAL1	0.513748312	0.509	0.276	1.02e-166	2.68e-162
6	LIMCH1	0.51354553	0.789	0.483	5.729999999999999e-221	1.4999999999999997e-216
6	HIPK1	0.513480942	0.542	0.38	1.6400000000000002e-125	4.3000000000000005e-121
6	TSPAN2	0.51301531	0.46	0.236	2.07e-177	5.41e-173
6	STXBP5L	0.512850763	0.906	0.842	1.3799999999999999e-89	3.62e-85
6	GEM	0.511965568	0.313	0.226	6.46e-35	1.69e-30
6	KIAA1211L	0.510002253	0.372	0.105	0.0	0.0
6	TTLL5	0.508473098	0.71	0.6	4.86e-99	1.27e-94
6	IQUB	0.50755653	0.411	0.128	0.0	0.0
6	GABRG3	0.506654887	0.501	0.268	1.72e-167	4.510000000000001e-163
6	FOXA1	0.506381878	0.743	0.451	1.22e-181	3.2e-177
6	KIF9	0.506256221	0.552	0.384	6.77e-127	1.77e-122
6	CLDN3	0.505846243	0.711	0.475	2.17e-153	5.6899999999999995e-149
6	JAK2	0.505216436	0.501	0.347	9.85e-90	2.58e-85
6	DNALI1	0.50217527	0.515	0.322	3.28e-153	8.599999999999999e-149
6	NQO1	0.501224062	0.446	0.223	1.56e-187	4.07e-183
6	ZNF462	0.49988632	0.707	0.489	1.6599999999999999e-140	4.35e-136
6	PLA2G7	0.499778369	0.564	0.318	1.7600000000000002e-167	4.61e-163
6	NR4A2	0.499769982	0.387	0.237	2.8599999999999997e-91	7.48e-87
6	NUPR1	0.499316432	0.595	0.403	3.25e-107	8.51e-103
6	ARHGEF26-AS1	0.497399652	0.402	0.167	8.419999999999999e-228	2.2e-223
6	RSPH9	0.495706897	0.325	0.069	0.0	0.0
6	AFF1	0.495523398	0.799	0.686	9.81e-100	2.5699999999999997e-95
6	TTC25	0.495080758	0.424	0.181	2.4900000000000002e-247	6.509999999999999e-243
6	ST6GAL2	0.494902656	0.394	0.25	1.11e-79	2.91e-75
6	CPA6	0.494502768	0.527	0.302	1.6500000000000001e-124	4.33e-120
6	HIST1H2BD	0.49276208	0.525	0.332	1.9299999999999998e-106	5.05e-102
6	AL033504.1	0.491487019	0.429	0.248	5.0699999999999995e-112	1.3300000000000001e-107
6	FAM81B	0.491483844	0.304	0.018	0.0	0.0
6	IL7	0.491333593	0.404	0.19	2.09e-181	5.47e-177
6	CDKL1	0.491065132	0.402	0.201	4.4e-160	1.15e-155
6	ABHD2	0.490691582	0.623	0.486	3.18e-93	8.319999999999999e-89
6	DPY30	0.489251528	0.665	0.597	9.380000000000001e-77	2.46e-72
6	TMX4	0.489178349	0.614	0.568	3.87e-33	1.01e-28
6	TMF1	0.489142683	0.617	0.473	2.03e-118	5.3e-114
6	TTC12	0.485811562	0.442	0.182	3.92e-269	1.03e-264
6	TMEM231	0.485481954	0.347	0.065	0.0	0.0
6	EPB41L4B	0.485320605	0.335	0.154	1.3599999999999998e-150	3.5699999999999998e-146
6	CPQ	0.484875195	0.806	0.595	3.04e-161	7.95e-157
6	DGKG	0.483952903	0.273	0.051	0.0	0.0
6	MAP1B	0.482646813	0.806	0.691	5.81e-92	1.52e-87
6	FGD6	0.481735002	0.459	0.324	1.04e-65	2.72e-61
6	TRGC1	0.48165891	0.629	0.394	1.0699999999999999e-126	2.79e-122
6	COPRS	0.480905677	0.585	0.484	1.2e-80	3.13e-76
6	SNED1	0.479859174	0.54	0.311	6.490000000000001e-163	1.7e-158
6	CMTM6	0.479579035	0.578	0.398	9.850000000000001e-129	2.5800000000000003e-124
6	TTC21A	0.479352254	0.376	0.129	1.54e-304	4.03e-300
6	TRAF3IP1	0.478593014	0.566	0.416	5.75e-105	1.51e-100
6	ACPP	0.477372649	0.78	0.472	2.0900000000000002e-179	5.46e-175
6	PSD3	0.477088265	0.787	0.689	3.3e-98	8.63e-94
6	LRBA	0.476823347	0.942	0.884	1.03e-176	2.6899999999999996e-172
6	OR51E2	0.476818206	0.456	0.271	2.2399999999999998e-95	5.87e-91
6	F11R	0.476476012	0.471	0.251	1.25e-184	3.27e-180
6	LEKR1	0.475925623	0.41	0.183	6e-201	1.57e-196
6	JAZF1	0.475604261	0.678	0.53	1.58e-96	4.14e-92
6	ATXN7L1	0.475550739	0.588	0.426	5.01e-102	1.3100000000000002e-97
6	ARMC9	0.474705703	0.596	0.443	8.179999999999999e-95	2.14e-90
6	TMEM254	0.47294412	0.617	0.453	2.06e-128	5.380000000000001e-124
6	MAP1A	0.472699548	0.338	0.098	0.0	0.0
6	SIDT1	0.472516708	0.262	0.074	4.75e-260	1.24e-255
6	DMKN	0.468675305	0.565	0.337	2.9e-164	7.59e-160
6	PARP14	0.467883625	0.608	0.356	1.23e-173	3.23e-169
6	ERGIC3	0.464872153	0.601	0.489	2.3999999999999997e-90	6.29e-86
6	ARHGEF28	0.46484716	0.465	0.26	7.81e-150	2.0400000000000002e-145
6	HSPB1	0.464576188	0.75	0.673	5.84e-42	1.5300000000000002e-37
6	PDCD4	0.463934788	0.742	0.53	3.23e-135	8.45e-131
6	TIPARP	0.463284847	0.643	0.449	7.59e-119	1.9899999999999998e-114
6	ITGA9	0.462518228	0.47	0.26	2.21e-148	5.790000000000001e-144
6	C1orf158	0.46251671	0.285	0.02	0.0	0.0
6	GMDS-AS1	0.461751697	0.703	0.553	1.29e-98	3.38e-94
6	ITGB5	0.461254427	0.427	0.216	6.070000000000001e-166	1.59e-161
6	FSD1L	0.460600546	0.548	0.389	3.13e-96	8.19e-92
6	CBR3-AS1	0.458914872	0.595	0.379	5.5600000000000004e-132	1.46e-127
6	EVI5	0.457926947	0.726	0.618	1.7399999999999999e-106	4.55e-102
6	PIPOX	0.457606375	0.319	0.248	1.3399999999999999e-24	3.51e-20
6	BMP6	0.457476829	0.253	0.067	3.47e-274	9.08e-270
6	TMBIM6	0.455446792	0.836	0.783	3.4900000000000003e-133	9.150000000000001e-129
6	NAALADL2	0.454992757	0.97	0.699	2.22e-229	5.81e-225
6	SPATA6	0.454801124	0.897	0.673	5.4200000000000005e-192	1.42e-187
6	WWC1	0.454740366	0.672	0.533	1.0500000000000001e-79	2.75e-75
6	TGFB2	0.454518622	0.294	0.166	6.38e-70	1.67e-65
6	HES1	0.454061049	0.669	0.526	8.62e-80	2.26e-75
6	SULF2	0.453051124	0.489	0.286	2.09e-132	5.47e-128
6	RAPGEF2	0.452366864	0.729	0.637	1.1799999999999998e-69	3.08e-65
6	CBR1	0.451868221	0.563	0.428	5.86e-93	1.53e-88
6	RABL2A	0.451704293	0.4	0.16	8.020000000000001e-251	2.1e-246
6	USP25	0.450500645	0.599	0.474	4.99e-65	1.31e-60
6	TXN	0.449851412	0.801	0.804	5.23e-30	1.37e-25
6	SLC25A27	0.449358028	0.641	0.39	9.8e-154	2.5699999999999998e-149
6	DOPEY2	0.449198477	0.639	0.499	1.88e-94	4.92e-90
6	STMND1	0.44872424	0.277	0.039	0.0	0.0
6	SUPT3H	0.448393567	0.764	0.64	4.95e-100	1.2999999999999998e-95
6	WHRN	0.44771234	0.594	0.383	1.4999999999999999e-142	3.9199999999999997e-138
6	LRP2	0.446838524	0.268	0.061	0.0	0.0
6	CEP112	0.446574887	0.62	0.473	3.3e-87	8.64e-83
6	RNF19A	0.446167069	0.812	0.772	2.61e-68	6.84e-64
6	PHTF1	0.445212547	0.534	0.368	9.809999999999999e-106	2.57e-101
6	SPTSSB	0.444684159	0.426	0.252	1.07e-101	2.8e-97
6	TLE1	0.444046387	0.61	0.426	2.08e-96	5.44e-92
6	NFATC2	0.443515192	0.584	0.335	1.63e-154	4.26e-150
6	AHI1	0.443318211	0.856	0.791	1.26e-94	3.3e-90
6	VMP1	0.443131248	0.907	0.861	5.79e-104	1.52e-99
6	CDR2	0.443098955	0.656	0.524	2.4399999999999997e-82	6.39e-78
6	MYO5B	0.442245964	0.401	0.215	6.47e-121	1.69e-116
6	TRIM2	0.44211686	0.623	0.459	1.1e-95	2.88e-91
6	ZC3HAV1	0.441432388	0.532	0.315	1.08e-138	2.83e-134
6	TTC26	0.441382803	0.465	0.268	1.03e-136	2.68e-132
6	MIPOL1	0.441296852	0.74	0.607	1.1299999999999999e-90	2.95e-86
6	USP6NL	0.441071745	0.592	0.454	2.5100000000000002e-80	6.58e-76
6	RFX2	0.439337796	0.695	0.566	1.16e-78	3.03e-74
6	SH3D19	0.438327466	0.682	0.548	1.84e-96	4.8199999999999996e-92
6	ZNF761	0.438122035	0.515	0.392	1.19e-62	3.12e-58
6	HIST1H2AC	0.437680669	0.53	0.357	2.9800000000000003e-85	7.8e-81
6	TTC23L	0.437280788	0.431	0.224	6.99e-151	1.83e-146
6	UACA	0.436890991	0.557	0.346	1.12e-133	2.92e-129
6	RHOU	0.43687695	0.395	0.192	2.1700000000000002e-163	5.69e-159
6	PCM1	0.436870766	0.741	0.663	7.95e-92	2.08e-87
6	UBE2H	0.436386351	0.778	0.714	9.390000000000001e-57	2.46e-52
6	RAD51B	0.43616791	0.889	0.752	2.02e-130	5.299999999999999e-126
6	TTC39B	0.435904236	0.473	0.286	4.07e-118	1.07e-113
6	GALNT3	0.435620818	0.403	0.167	5.32e-239	1.3899999999999999e-234
6	PLTP	0.434511447	0.336	0.086	0.0	0.0
6	ZNF440	0.431367619	0.437	0.27	2.4500000000000003e-103	6.4200000000000005e-99
6	SYAP1	0.431056007	0.693	0.579	9.38e-87	2.46e-82
6	PRR29	0.430016801	0.291	0.014	0.0	0.0
6	TP53INP1	0.429691611	0.47	0.304	9.08e-107	2.38e-102
6	NPAS2	0.427598884	0.598	0.355	3.95e-141	1.03e-136
6	P4HA2	0.427160308	0.365	0.152	7.580000000000001e-208	1.98e-203
6	RRBP1	0.426979775	0.641	0.439	5.83e-121	1.53e-116
6	CLIP4	0.426855586	0.426	0.277	1.0000000000000001e-79	2.62e-75
6	CNTD1	0.42678293	0.344	0.211	8.43e-68	2.21e-63
6	CLCN3	0.42648053	0.715	0.576	1.57e-107	4.1100000000000005e-103
6	ARHGEF12	0.424631607	0.785	0.732	1.2900000000000001e-47	3.3900000000000004e-43
6	ZNF487	0.424365491	0.443	0.227	9.729999999999999e-172	2.55e-167
6	WDR66	0.424038297	0.302	0.081	0.0	0.0
6	SPATA7	0.422686765	0.459	0.267	9.260000000000001e-129	2.4200000000000004e-124
6	HLA-C	0.422505897	0.737	0.511	1.46e-129	3.8200000000000004e-125
6	EFCAB12	0.422471415	0.312	0.047	0.0	0.0
6	SLC12A2	0.421683575	0.722	0.579	1.07e-92	2.79e-88
6	MALAT1	0.421344735	1.0	0.999	2.08e-139	5.44e-135
6	SPINK2	0.420714852	0.317	0.089	0.0	0.0
6	DSP	0.419855147	0.528	0.315	5.21e-140	1.36e-135
6	HCG17	0.419744989	0.685	0.631	1.95e-45	5.1e-41
6	PRKAG2	0.419442804	0.685	0.496	3.58e-118	9.37e-114
6	DDAH1	0.419154481	0.64	0.495	2.55e-94	6.68e-90
6	CMTM8	0.418875584	0.503	0.32	2.91e-112	7.61e-108
6	FAM227A	0.418734787	0.405	0.193	3.71e-175	9.71e-171
6	IFT22	0.418653502	0.485	0.34	3.49e-89	9.14e-85
6	CCDC138	0.41828159	0.551	0.439	3.19e-56	8.359999999999999e-52
6	RAD9A	0.415961313	0.601	0.477	1.84e-76	4.810000000000001e-72
6	RASAL2	0.415584408	0.757	0.681	1.53e-74	3.9900000000000005e-70
6	GRIK4	0.415450141	0.438	0.276	6.75e-87	1.77e-82
6	GOLGB1	0.414808748	0.789	0.682	2.47e-113	6.4700000000000005e-109
6	SLC3A1	0.414237458	0.401	0.259	1.8699999999999997e-68	4.9100000000000005e-64
6	SNHG14	0.413384366	0.877	0.799	3.02e-97	7.91e-93
6	NLGN1	0.412900391	0.951	0.894	6.6e-92	1.73e-87
6	NR4A1	0.412655702	0.492	0.394	6.74e-43	1.76e-38
6	HSP90AA1	0.412557444	0.979	0.962	3.49e-139	9.13e-135
6	GAS7	0.412359224	0.347	0.107	0.0	0.0
6	CLHC1	0.412086368	0.427	0.232	2.3499999999999998e-138	6.16e-134
6	ZNF577	0.411709882	0.596	0.428	7.51e-92	1.97e-87
6	PPP3CA	0.411235393	0.995	0.904	4.3600000000000004e-155	1.14e-150
6	TCTEX1D2	0.410644241	0.476	0.363	1.0900000000000001e-64	2.86e-60
6	AK8	0.409894012	0.382	0.184	2.54e-154	6.66e-150
6	MARCH3	0.409453034	0.524	0.438	5.6e-28	1.47e-23
6	CCDC175	0.408987104	0.32	0.108	2.22e-252	5.81e-248
6	SEMA3C	0.408773489	0.473	0.297	1.22e-91	3.2000000000000002e-87
6	ABI1	0.408227713	0.626	0.521	4.23e-59	1.1099999999999999e-54
6	IFT140	0.407420741	0.437	0.241	4.76e-144	1.2499999999999999e-139
6	KCTD1	0.406926504	0.535	0.407	2.08e-63	5.44e-59
6	RSAD2	0.406918807	0.31	0.109	4.6799999999999997e-225	1.2299999999999999e-220
6	IFT172	0.406640842	0.44	0.259	1.97e-114	5.1600000000000007e-110
6	C1orf228	0.406613373	0.389	0.193	5.97e-150	1.56e-145
6	C17orf97	0.406491963	0.312	0.08	0.0	0.0
6	TMEM144	0.404192096	0.333	0.144	6.54e-161	1.71e-156
6	CCDC65	0.404076171	0.409	0.212	5.9700000000000004e-148	1.56e-143
6	UBE3D	0.40361964	0.515	0.411	8.64e-47	2.26e-42
6	SAT1	0.403284215	0.862	0.621	3.39e-137	8.88e-133
6	TRIB2	0.403149682	0.32	0.14	9.53e-154	2.49e-149
6	DZANK1	0.403100715	0.431	0.236	2.51e-137	6.56e-133
6	FAM19A2	0.402893485	0.554	0.367	2.56e-101	6.7e-97
6	DYNC2LI1	0.402432518	0.546	0.366	2.14e-115	5.6e-111
6	SNX7	0.402397028	0.451	0.237	8.52e-162	2.23e-157
6	TNFAIP1	0.401989064	0.424	0.268	6.26e-96	1.6399999999999998e-91
6	JPT2	0.401658006	0.508	0.364	5.29e-92	1.39e-87
6	CCDC113	0.399908536	0.331	0.093	0.0	0.0
6	FOLH1	0.399781523	0.589	0.346	2.41e-124	6.319999999999999e-120
6	NEAT1	0.399669804	0.983	0.963	6.39e-114	1.67e-109
6	RHOB	0.399484165	0.594	0.514	1.1500000000000001e-43	3.01e-39
6	TXNIP	0.398957814	0.751	0.651	2.8000000000000002e-70	7.33e-66
6	RAB11FIP1	0.398593736	0.634	0.513	8.59e-65	2.25e-60
6	APPL2	0.398443603	0.733	0.58	1.46e-93	3.8299999999999995e-89
6	COL28A1	0.398141566	0.25	0.071	4.18e-248	1.09e-243
6	PLXNC1	0.397679426	0.303	0.091	3.51e-280	9.190000000000001e-276
6	UGP2	0.397149675	0.611	0.551	6.34e-33	1.66e-28
6	SIM2	0.397096844	0.611	0.499	6.19e-60	1.6199999999999999e-55
6	MYH11	0.396848503	0.37	0.191	8.720000000000001e-125	2.28e-120
6	ICA1L	0.396749631	0.611	0.469	4.14e-80	1.08e-75
6	CDKL5	0.395635177	0.683	0.524	1.44e-82	3.77e-78
6	LRRC74B	0.393972513	0.28	0.028	0.0	0.0
6	IKZF2	0.393205034	0.459	0.253	1.7000000000000002e-132	4.44e-128
6	CTNNA1	0.393201166	0.824	0.757	4.32e-87	1.1299999999999999e-82
6	PPP3CB-AS1	0.392778389	0.423	0.287	2.71e-63	7.08e-59
6	RASEF	0.390286019	0.57	0.361	2.07e-110	5.41e-106
6	RCAN3	0.389869932	0.778	0.587	1.0699999999999999e-126	2.81e-122
6	METRN	0.389560816	0.453	0.283	1.89e-102	4.95e-98
6	SDCBP	0.389522259	0.596	0.502	2.95e-58	7.719999999999999e-54
6	RC3H1	0.38938078	0.771	0.702	3.74e-74	9.8e-70
6	WDR54	0.388873152	0.45	0.326	5.87e-67	1.5399999999999999e-62
6	JAG1	0.388565975	0.656	0.477	3.5700000000000003e-103	9.34e-99
6	IFT122	0.388185342	0.446	0.277	2.36e-102	6.18e-98
6	AGTRAP	0.387945927	0.403	0.221	2.8500000000000004e-129	7.45e-125
6	LRRC46	0.38733347	0.269	0.027	0.0	0.0
6	CD164L2	0.387292041	0.277	0.043	0.0	0.0
6	PCDH19	0.386857832	0.418	0.27	5.9500000000000004e-64	1.56e-59
6	HSP90B1	0.385499273	0.854	0.8	3.39e-91	8.88e-87
6	CAMK1D	0.384856621	0.703	0.573	5.2100000000000004e-64	1.36e-59
6	ARL6	0.384502454	0.391	0.229	1.37e-100	3.59e-96
6	TC2N	0.384135885	0.507	0.287	8.12e-140	2.13e-135
6	NRG4	0.38412116	0.255	0.065	5.1e-299	1.33e-294
6	MSMB	0.3835634	0.509	0.312	3.54e-88	9.26e-84
6	ADARB1	0.382947378	0.538	0.452	3.78e-33	9.89e-29
6	TTLL7	0.38292715	0.675	0.592	1.11e-58	2.89e-54
6	SLC37A1	0.382101108	0.659	0.547	8.130000000000001e-64	2.13e-59
6	RIBC1	0.381585848	0.291	0.057	0.0	0.0
6	OSCP1	0.381089517	0.352	0.143	1.6699999999999998e-207	4.37e-203
6	SMARCA1	0.380882596	0.626	0.42	2.16e-100	5.65e-96
6	ANXA3	0.380599544	0.626	0.379	2.13e-136	5.5700000000000004e-132
6	FTH1	0.380198437	0.975	0.96	1.83e-22	4.8e-18
6	PLSCR1	0.379797514	0.478	0.318	2.06e-90	5.39e-86
6	IGF1R	0.37956793	0.468	0.341	1.28e-56	3.3399999999999997e-52
6	TMEM123	0.378376946	0.736	0.6	8.510000000000001e-100	2.2299999999999998e-95
6	WDR93	0.378366317	0.339	0.114	9.489999999999999e-264	2.4800000000000001e-259
6	AC025171.1	0.378068381	0.617	0.479	1.6099999999999999e-68	4.22e-64
6	NT5DC1	0.377409028	0.675	0.543	9.49e-81	2.48e-76
6	NUDC	0.377058945	0.664	0.626	2.94e-54	7.71e-50
6	LIMA1	0.376572981	0.654	0.495	4.18e-87	1.09e-82
6	ATP1A1	0.37540531	0.677	0.597	3.1e-55	8.11e-51
6	LRP11	0.37528037	0.58	0.432	8.18e-90	2.14e-85
6	TRIM56	0.373126069	0.532	0.381	1.62e-92	4.24e-88
6	TSTD1	0.372834989	0.644	0.563	1.54e-57	4.03e-53
6	TNFAIP8	0.371451923	0.509	0.325	4.3099999999999997e-91	1.13e-86
6	CCDC88C	0.370896938	0.557	0.435	1.48e-60	3.8700000000000004e-56
6	ZBTB10	0.370572413	0.56	0.465	1.0699999999999999e-46	2.81e-42
6	DMXL1	0.370260419	0.898	0.746	4.95e-135	1.3e-130
6	FAM149A	0.369819133	0.363	0.172	4.8999999999999995e-149	1.28e-144
6	DOCK8	0.369807581	0.292	0.085	6.92e-282	1.8099999999999998e-277
6	INTU	0.369772385	0.45	0.286	6.12e-91	1.6e-86
6	DYDC1	0.369737099	0.27	0.022	0.0	0.0
6	ZNF432	0.369590676	0.41	0.223	3.2500000000000004e-124	8.499999999999999e-120
6	UFC1	0.368967117	0.538	0.453	1.58e-50	4.1499999999999994e-46
6	PDE8B	0.368786013	0.526	0.322	3.48e-108	9.12e-104
6	GCLM	0.368554997	0.476	0.342	2.9799999999999997e-69	7.8e-65
6	GFPT1	0.368497071	0.696	0.606	8.38e-70	2.19e-65
6	PLCG2	0.368374534	0.643	0.387	1.29e-158	3.37e-154
6	CSNK1A1	0.367315309	0.782	0.759	9.25e-51	2.42e-46
6	SERPINB6	0.366922908	0.642	0.513	2.6099999999999999e-82	6.83e-78
6	LINC01605	0.365939099	0.287	0.089	1.5800000000000001e-248	4.1299999999999995e-244
6	THBS1	0.365811623	0.355	0.219	2.65e-66	6.93e-62
6	TLE4	0.364856317	0.485	0.329	8.98e-67	2.35e-62
6	GSN	0.364712182	0.312	0.194	1.6699999999999998e-55	4.3700000000000003e-51
6	AL121899.1	0.364639222	0.317	0.089	0.0	0.0
6	CFAP53	0.363777506	0.281	0.053	0.0	0.0
6	KIAA0040	0.363698159	0.358	0.163	1.1300000000000001e-163	2.95e-159
6	NDE1	0.363445029	0.468	0.313	1.02e-81	2.67e-77
6	IFT43	0.363425501	0.52	0.387	2.1300000000000002e-72	5.57e-68
6	EMP2	0.361991572	0.64	0.489	4.67e-87	1.2199999999999999e-82
6	ARHGEF3	0.361795921	0.664	0.47	1.51e-96	3.94e-92
6	IFT81	0.361626195	0.603	0.495	1.4000000000000001e-59	3.68e-55
6	FP236383.1	0.360631949	0.514	0.355	1.18e-70	3.1000000000000003e-66
6	CCDC125	0.35985786	0.56	0.423	4.81e-71	1.26e-66
6	KIF3A	0.359804372	0.56	0.446	6.1e-67	1.5999999999999999e-62
6	MARVELD2	0.359668343	0.48	0.298	1.6499999999999999e-108	4.32e-104
6	PTP4A1	0.359643783	0.518	0.425	5.01e-46	1.31e-41
6	PDZD8	0.359198982	0.473	0.352	3.6e-55	9.43e-51
6	TOP2B	0.358944271	0.735	0.685	1.05e-56	2.7499999999999997e-52
6	PEAK1	0.358714587	0.498	0.392	1.99e-42	5.2e-38
6	CFAP36	0.358679299	0.576	0.464	6.359999999999999e-67	1.67e-62
6	KIF16B	0.358410862	0.448	0.278	3.77e-93	9.859999999999999e-89
6	WDR27	0.358378705	0.585	0.466	1.41e-56	3.69e-52
6	LGALS8	0.358312455	0.525	0.362	1.2600000000000002e-73	3.2899999999999997e-69
6	VAMP8	0.357885332	0.508	0.354	6.03e-82	1.5800000000000001e-77
6	IQGAP1	0.357857886	0.749	0.659	7.68e-78	2.0100000000000002e-73
6	NABP1	0.357535634	0.272	0.187	9.55e-35	2.5e-30
6	ADAM32	0.357271395	0.454	0.269	3.53e-106	9.24e-102
6	DOCK5	0.356731314	0.334	0.154	1.39e-140	3.6399999999999996e-136
6	RCAN1	0.354997525	0.263	0.245	4.36e-05	1.0
6	EFR3A	0.35387977	0.494	0.337	6.64e-86	1.74e-81
6	SORL1	0.353658612	0.718	0.465	3.9100000000000004e-123	1.02e-118
6	CDC42EP3	0.35350062	0.455	0.351	8.28e-41	2.17e-36
6	CAMK2N1	0.352312263	0.548	0.472	2.0700000000000002e-26	5.42e-22
6	AR	0.352216019	0.785	0.475	3.07e-127	8.05e-123
6	EGFR	0.351839634	0.566	0.373	1.72e-91	4.49e-87
6	C3orf52	0.351584439	0.385	0.267	9.330000000000001e-47	2.4399999999999998e-42
6	GOLM1	0.350975126	0.549	0.415	1.66e-71	4.3399999999999996e-67
6	AC090572.2	0.350859649	0.35	0.196	1.29e-80	3.36e-76
6	CIR1	0.350792927	0.61	0.498	4.88e-69	1.2800000000000001e-64
6	MAK	0.350682245	0.382	0.185	1.71e-148	4.4700000000000004e-144
6	TRGC2	0.350586617	0.549	0.349	2.53e-93	6.63e-89
6	SATB2	0.350577618	0.377	0.198	2.94e-111	7.69e-107
6	P4HTM	0.350083947	0.429	0.28	4.49e-88	1.17e-83
6	CEP89	0.350056562	0.576	0.466	7.71e-50	2.0199999999999998e-45
6	SULT1C2	0.348679815	0.262	0.084	4.94e-212	1.2899999999999998e-207
6	RFX3-AS1	0.348168106	0.604	0.503	3.56e-51	9.32e-47
6	PKIG	0.347920408	0.47	0.342	3.84e-63	1.01e-58
6	UFSP2	0.347584114	0.533	0.437	1.11e-33	2.89e-29
6	PTPRM	0.346991671	0.467	0.34	3.31e-45	8.65e-41
6	CTAGE5	0.346414069	0.56	0.416	4.39e-77	1.15e-72
6	SLC35F5	0.346306592	0.62	0.51	7.330000000000001e-56	1.92e-51
6	ADAMTS19	0.345809534	0.277	0.113	3.1700000000000003e-144	8.29e-140
6	PAPPA	0.345476562	0.327	0.159	4.48e-118	1.17e-113
6	UBE2E2	0.345384397	0.759	0.604	8.91e-80	2.33e-75
6	KIAA1217	0.344788379	0.913	0.722	4.9700000000000004e-123	1.3e-118
6	MAF	0.343504482	0.513	0.372	5.0899999999999995e-68	1.33e-63
6	ELF1	0.342698271	0.639	0.504	3.1999999999999998e-62	8.380000000000001e-58
6	TAPBP	0.342552145	0.52	0.352	3.61e-95	9.45e-91
6	PTRH1	0.342161678	0.344	0.157	4.02e-159	1.0500000000000001e-154
6	MLLT3	0.342077482	0.613	0.491	1.2899999999999998e-54	3.37e-50
6	BLCAP	0.342041855	0.506	0.376	7.730000000000001e-71	2.02e-66
6	MAST4	0.341283198	0.811	0.647	2.3099999999999998e-94	6.059999999999999e-90
6	PAWR	0.340968159	0.718	0.542	1.48e-84	3.87e-80
6	CYP39A1	0.340644364	0.437	0.246	1.39e-114	3.64e-110
6	CTBP2	0.34047865	0.606	0.534	3.75e-36	9.81e-32
6	LMAN1	0.340453335	0.618	0.515	2.62e-64	6.849999999999999e-60
6	ZHX2	0.339610231	0.519	0.348	3.36e-84	8.79e-80
6	PDIA4	0.338932717	0.498	0.353	2.07e-83	5.41e-79
6	DDX60	0.338651495	0.378	0.195	7.870000000000001e-124	2.06e-119
6	DUBR	0.33732644	0.316	0.116	2.3400000000000003e-210	6.12e-206
6	TMCC3	0.337323792	0.353	0.195	7.109999999999999e-94	1.86e-89
6	PLSCR4	0.336521343	0.319	0.141	5.3700000000000004e-145	1.41e-140
6	DUSP18	0.335734392	0.301	0.091	1.8499999999999998e-279	4.84e-275
6	ZNF391	0.335677605	0.26	0.082	6.869999999999999e-225	1.8e-220
6	PPP4R4	0.335100682	0.276	0.104	3.4999999999999997e-172	9.159999999999999e-168
6	RABL2B	0.334136711	0.314	0.104	7.52e-253	1.9700000000000003e-248
6	ERBB2	0.333840981	0.52	0.338	3.34e-97	8.739999999999999e-93
6	RBMS1	0.333822584	0.504	0.443	7.53e-19	1.97e-14
6	LCA5	0.333421105	0.334	0.15	7.76e-151	2.03e-146
6	KDM7A	0.333304447	0.468	0.314	1.2800000000000001e-79	3.34e-75
6	ADK	0.333063893	0.966	0.951	3.67e-92	9.610000000000001e-88
6	FXYD3	0.332999949	0.488	0.328	1.24e-77	3.25e-73
6	ARAP2	0.332807587	0.298	0.173	7.699999999999999e-68	2.01e-63
6	STRBP	0.332771193	0.766	0.707	8.83e-51	2.31e-46
6	TOGARAM1	0.332472291	0.657	0.583	2.1400000000000002e-47	5.61e-43
6	STEAP4	0.33243588	0.285	0.18	7.209999999999999e-48	1.89e-43
6	BTBD3	0.331915298	0.581	0.462	3.02e-53	7.9e-49
6	MAP4	0.331765958	0.718	0.644	1.75e-54	4.59e-50
6	FAM81A	0.331170153	0.422	0.238	3.05e-116	7.9799999999999995e-112
6	TAPT1	0.330333146	0.419	0.288	6.88e-61	1.8000000000000001e-56
6	MPZL3	0.330306862	0.419	0.258	2.01e-83	5.2600000000000007e-79
6	TRIB1	0.330166582	0.654	0.66	5.95e-10	1.56e-05
6	IFT88	0.329712988	0.533	0.399	2.23e-62	5.83e-58
6	MYLK	0.329572324	0.375	0.182	4.22e-141	1.11e-136
6	PLCB4	0.328955655	0.596	0.471	4.5e-54	1.18e-49
6	ARHGAP5	0.32827698	0.766	0.704	3.1699999999999997e-55	8.29e-51
6	TBC1D32	0.328113276	0.652	0.561	6.72e-48	1.76e-43
6	ITGAV	0.327759528	0.623	0.449	5.03e-85	1.3200000000000001e-80
6	EXOC4	0.327712169	0.879	0.834	3.96e-76	1.04e-71
6	CEBPB	0.327568962	0.451	0.314	1.13e-63	2.96e-59
6	RIIAD1	0.327543645	0.257	0.038	0.0	0.0
6	GRAMD1C	0.32729645	0.292	0.092	7.649999999999999e-250	2.0000000000000003e-245
6	OSMR-AS1	0.326776599	0.329	0.141	1.79e-162	4.68e-158
6	CASC4	0.32665014	0.756	0.692	1.1e-63	2.88e-59
6	GNA14	0.325639096	0.401	0.23	4.6499999999999995e-95	1.22e-90
6	TTC34	0.325229525	0.25	0.037	0.0	0.0
6	SMIM5	0.324478091	0.257	0.035	0.0	0.0
6	AIG1	0.324236796	0.64	0.534	2.72e-54	7.11e-50
6	FAM13C	0.324070838	0.487	0.384	1.85e-41	4.8300000000000004e-37
6	DDX3Y	0.323297295	0.516	0.383	2.31e-64	6.05e-60
6	MT-ND4	0.32329341	0.998	0.994	2.23e-90	5.83e-86
6	SMARCA2	0.323107393	0.517	0.346	5.7999999999999995e-84	1.5200000000000002e-79
6	ARHGEF38	0.322932821	0.8	0.531	2.9e-109	7.59e-105
6	TSPAN15	0.322227513	0.7	0.484	4.7899999999999996e-104	1.2500000000000001e-99
6	PIH1D2	0.321903918	0.278	0.075	5e-301	1.31e-296
6	GMPR	0.321865103	0.453	0.307	2.3500000000000002e-66	6.1599999999999994e-62
6	GON7	0.321802365	0.398	0.245	8.63e-89	2.26e-84
6	TSPAN6	0.321604725	0.405	0.258	1.0199999999999999e-82	2.66e-78
6	NFIX	0.320671051	0.788	0.64	1.2199999999999999e-82	3.19e-78
6	SUGCT	0.320495645	0.416	0.333	6.21e-25	1.62e-20
6	HEG1	0.320454231	0.358	0.182	3.28e-116	8.59e-112
6	NUBPL	0.319496207	0.58	0.469	7.76e-48	2.03e-43
6	ARL13B	0.319369987	0.595	0.499	3.37e-51	8.83e-47
6	RPP38	0.318610983	0.497	0.381	1.9299999999999999e-53	5.05e-49
6	BICC1	0.318010357	0.74	0.546	8.279999999999999e-81	2.17e-76
6	DUSP1	0.317814334	0.617	0.479	8.65e-59	2.2599999999999997e-54
6	LRRC10B	0.317759422	0.251	0.049	0.0	0.0
6	STPG1	0.317291051	0.38	0.199	1.1000000000000002e-124	2.88e-120
6	NEK7	0.317191394	0.599	0.504	1.76e-41	4.6e-37
6	MAP3K8	0.316929777	0.267	0.131	2.54e-91	6.66e-87
6	ANKRD28	0.316894489	0.652	0.588	4.5600000000000004e-29	1.19e-24
6	TTC8	0.316755589	0.436	0.275	3.0800000000000004e-85	8.059999999999999e-81
6	TET2	0.316131257	0.587	0.548	6.57e-12	1.72e-07
6	GLI3	0.315481053	0.352	0.191	1.6e-95	4.18e-91
6	AC108062.1	0.315074999	0.362	0.2	5.94e-96	1.56e-91
6	CANX	0.315051336	0.766	0.729	6.27e-61	1.64e-56
6	C8orf37-AS1	0.314966881	0.263	0.134	8.05e-84	2.1100000000000002e-79
6	CLIP1	0.314544546	0.48	0.394	1.85e-32	4.83e-28
6	TMEM241	0.314482183	0.485	0.334	5.26e-68	1.38e-63
6	MIOS	0.314386492	0.428	0.304	4.39e-52	1.1500000000000002e-47
6	LINC01285	0.314327816	0.463	0.319	9.27e-62	2.43e-57
6	DIXDC1	0.314073948	0.503	0.383	6.420000000000001e-47	1.6799999999999997e-42
6	MT-ND1	0.313802297	0.999	0.994	1.3999999999999999e-67	3.67e-63
6	CDK17	0.313669823	0.726	0.585	8.850000000000001e-64	2.32e-59
6	AC016831.1	0.312768537	0.301	0.126	1.21e-153	3.1799999999999997e-149
6	LRRC49	0.312683805	0.492	0.377	2.78e-47	7.27e-43
6	EPHX1	0.312611689	0.573	0.416	6.47e-80	1.69e-75
6	LYPD6B	0.312382251	0.434	0.265	7.94e-85	2.08e-80
6	REST	0.312084565	0.473	0.288	1.31e-95	3.43e-91
6	TLN2	0.312029358	0.354	0.238	2.4e-49	6.28e-45
6	PALM2	0.311519321	0.341	0.18	3.03e-101	7.930000000000001e-97
6	IQANK1	0.311116479	0.444	0.268	1.38e-93	3.6099999999999994e-89
6	CADPS2	0.310747724	0.837	0.734	1.21e-73	3.16e-69
6	SLC44A1	0.310578183	0.603	0.449	1.02e-65	2.66e-61
6	C4orf36	0.309828294	0.375	0.211	2.62e-96	6.86e-92
6	HAGHL	0.309487035	0.306	0.125	3.42e-169	8.939999999999999e-165
6	HERC6	0.308869033	0.376	0.186	3.6399999999999996e-136	9.530000000000001e-132
6	CCDC7	0.308658688	0.549	0.436	5.56e-44	1.46e-39
6	TMEM178A	0.308478099	0.445	0.285	2.28e-81	5.96e-77
6	IFT20	0.308371858	0.529	0.483	2.23e-22	5.84e-18
6	FSIP1	0.307496471	0.261	0.086	5.21e-205	1.3600000000000002e-200
6	FAT1	0.30740677	0.512	0.426	1.29e-34	3.38e-30
6	CTSH	0.306356334	0.419	0.285	3.0300000000000003e-58	7.939999999999999e-54
6	HLA-E	0.305972243	0.465	0.365	6.5e-39	1.7e-34
6	IQCE	0.305168844	0.415	0.26	3.53e-86	9.25e-82
6	TES	0.304953842	0.362	0.196	5.969999999999999e-104	1.5600000000000001e-99
6	MITF	0.304857648	0.312	0.144	2.33e-130	6.109999999999999e-126
6	IL6R	0.304205519	0.302	0.168	4.7600000000000005e-77	1.2500000000000001e-72
6	BTC	0.30393874	0.278	0.086	6.07e-244	1.5899999999999998e-239
6	WDR92	0.303903166	0.317	0.123	6.1500000000000006e-195	1.61e-190
6	ENPP5	0.303764412	0.439	0.277	4.07e-82	1.07e-77
6	BTBD11	0.302402817	0.338	0.187	3.46e-86	9.05e-82
6	TNFRSF21	0.302068106	0.417	0.324	1.9300000000000002e-31	5.0400000000000005e-27
6	IMMP2L	0.302003779	0.803	0.706	7.85e-50	2.05e-45
6	RALGAPA1	0.301581548	0.82	0.784	7.41e-42	1.94e-37
6	C12orf75	0.301322729	0.597	0.527	9.06e-36	2.37e-31
6	MUC12	0.301147572	0.395	0.193	2.58e-139	6.75e-135
6	ENOSF1	0.300647662	0.679	0.598	3.25e-44	8.509999999999999e-40
6	CCDC96	0.300592003	0.264	0.06	0.0	0.0
6	SNX14	0.300428036	0.55	0.43	1.08e-51	2.8400000000000003e-47
6	JUN	0.3004063	0.885	0.783	2.42e-80	6.34e-76
6	DPY19L2	0.300296484	0.475	0.349	3.29e-58	8.62e-54
6	CEP290	0.299508228	0.496	0.397	5.9999999999999996e-40	1.57e-35
6	PRKG1	0.29912504	0.874	0.73	1.8700000000000002e-72	4.89e-68
6	SLC26A5	0.298687489	0.371	0.227	2.5999999999999997e-74	6.81e-70
6	ATP6V1D	0.298303348	0.582	0.493	4.03e-48	1.0600000000000001e-43
6	KLF3-AS1	0.297682546	0.313	0.143	4.0500000000000003e-132	1.06e-127
6	RIN2	0.297633543	0.326	0.166	1.28e-107	3.3400000000000004e-103
6	ALMS1	0.297629132	0.603	0.522	3.13e-38	8.199999999999999e-34
6	LINC00513	0.297205674	0.295	0.134	5.77e-123	1.51e-118
6	MAML2	0.297131244	0.502	0.336	9.74e-72	2.55e-67
6	LINC00278	0.295656913	0.387	0.229	4.07e-79	1.06e-74
6	RGS10	0.295116418	0.491	0.31	3.61e-88	9.44e-84
6	APBB2	0.294085839	0.651	0.584	1.9700000000000002e-31	5.14e-27
6	MYLIP	0.294077731	0.584	0.442	9.41e-63	2.46e-58
6	TCF7L1	0.294024963	0.391	0.237	2.64e-75	6.9e-71
6	FAM227B	0.293977991	0.359	0.227	2.96e-62	7.74e-58
6	GSTCD	0.293903731	0.759	0.644	3.96e-49	1.04e-44
6	RNF213	0.293861703	0.731	0.628	1.34e-62	3.5e-58
6	POLG2	0.293708748	0.523	0.424	3.83e-34	1.0000000000000001e-29
6	HIST1H4H	0.29348104	0.402	0.252	4.14e-68	1.08e-63
6	FOS	0.293324952	0.862	0.804	1.41e-54	3.69e-50
6	KIAA1841	0.293091175	0.507	0.409	1.89e-39	4.96e-35
6	ZFHX3	0.293074496	0.675	0.522	3.93e-64	1.03e-59
6	SFN	0.292887174	0.309	0.257	4.21e-13	1.1e-08
6	ANKRD26	0.292797775	0.636	0.564	5.6e-35	1.47e-30
6	PSAP	0.292288389	0.864	0.85	2.93e-71	7.659999999999999e-67
6	YPEL2	0.292135007	0.461	0.422	8.4e-09	0.000219962
6	CPM	0.292055959	0.311	0.242	5.05e-19	1.32e-14
6	SHOC2	0.291734791	0.646	0.513	4.5599999999999996e-54	1.19e-49
6	CD47	0.291515948	0.731	0.639	2.37e-53	6.19e-49
6	LIPH	0.291076936	0.308	0.146	2.9099999999999998e-111	7.62e-107
6	ROCK1	0.290948989	0.806	0.75	8.670000000000001e-51	2.2699999999999997e-46
6	CGN	0.290530586	0.327	0.146	5.97e-147	1.56e-142
6	CD63	0.290488425	0.842	0.82	7.38e-46	1.93e-41
6	GALNT10	0.289122172	0.467	0.314	3.56e-69	9.31e-65
6	CFAP44	0.289011523	0.46	0.338	4.42e-50	1.16e-45
6	ITPKB	0.288618701	0.347	0.181	8.38e-107	2.19e-102
6	HLA-A	0.288518057	0.62	0.503	1.8200000000000001e-47	4.760000000000001e-43
6	FAM43A	0.288425579	0.312	0.239	2.3599999999999998e-23	6.19e-19
6	HSPA1B	0.28827191	0.55	0.368	2.55e-81	6.68e-77
6	LRIG1	0.288258055	0.519	0.403	3.89e-45	1.02e-40
6	MLEC	0.288023152	0.655	0.589	2.65e-44	6.929999999999999e-40
6	B9D1	0.287545451	0.435	0.308	2.27e-57	5.93e-53
6	IQCD	0.28714945	0.343	0.154	1.93e-152	5.06e-148
6	RNF220	0.287135177	0.489	0.349	4.45e-57	1.1699999999999999e-52
6	PM20D2	0.286827367	0.482	0.368	1.1499999999999999e-48	3e-44
6	MAL2	0.286284629	0.582	0.448	4.6899999999999995e-62	1.23e-57
6	ECI2	0.28589145	0.427	0.311	3.05e-47	7.97e-43
6	TOB1	0.285803859	0.653	0.549	1.6099999999999998e-54	4.21e-50
6	DYNLT1	0.28525328	0.683	0.699	9.44e-16	2.47e-11
6	C5orf42	0.28521547	0.682	0.597	1.2e-44	3.1499999999999997e-40
6	WDR19	0.284860997	0.408	0.275	9e-61	2.36e-56
6	PKP4	0.284013956	0.744	0.645	5.65e-47	1.4799999999999998e-42
6	NAAA	0.283910975	0.387	0.217	1.83e-104	4.8e-100
6	DOCK10	0.283505961	0.352	0.29	5.63e-12	1.47e-07
6	CHSY1	0.283387151	0.507	0.466	1.2e-12	3.14e-08
6	STAM2	0.282213703	0.452	0.323	1.8800000000000001e-56	4.92e-52
6	TSPAN8	0.282083131	0.293	0.143	7.04e-103	1.84e-98
6	ELF3	0.281911182	0.563	0.393	1.42e-70	3.71e-66
6	SQLE	0.281689958	0.539	0.461	1.97e-35	5.15e-31
6	KLF5	0.281546962	0.432	0.323	5.39e-39	1.41e-34
6	SQSTM1	0.281353023	0.795	0.711	2.8299999999999995e-54	7.41e-50
6	DCAF6	0.281322134	0.669	0.577	4.11e-44	1.08e-39
6	IBTK	0.280335017	0.584	0.517	1.34e-27	3.5099999999999994e-23
6	FER	0.279816356	0.689	0.624	2.31e-31	6.050000000000001e-27
6	SYCP2	0.279673542	0.534	0.391	5.3999999999999994e-52	1.4100000000000002e-47
6	AC084033.3	0.279320082	0.432	0.326	8.199999999999999e-42	2.1500000000000003e-37
6	SLC44A5	0.279080463	0.603	0.496	1.06e-41	2.7700000000000003e-37
6	SDC2	0.279001989	0.699	0.489	6.98e-110	1.83e-105
6	WDR35	0.278935117	0.458	0.342	6.69e-43	1.75e-38
6	C6orf132	0.278842042	0.399	0.235	1.05e-83	2.7400000000000005e-79
6	TMPRSS2	0.278837614	0.472	0.297	1.5500000000000003e-79	4.06e-75
6	EFHD2	0.278176106	0.35	0.206	2.52e-81	6.58e-77
6	PBLD	0.27778373	0.438	0.37	1.15e-19	3.01e-15
6	PLCE1	0.276558867	0.35	0.19	3.17e-94	8.309999999999999e-90
6	DALRD3	0.276441123	0.462	0.303	5.2299999999999995e-82	1.37e-77
6	SLC2A12	0.2762942	0.328	0.147	9.440000000000001e-143	2.4699999999999998e-138
6	KIAA1671	0.276007785	0.435	0.306	2.6099999999999998e-54	6.84e-50
6	FTX	0.275839466	0.954	0.928	1.72e-55	4.51e-51
6	TMCO4	0.275689165	0.462	0.307	6.159999999999999e-67	1.61e-62
6	SOS1	0.275321142	0.753	0.7	2.55e-30	6.670000000000001e-26
6	SERINC5	0.275104729	0.824	0.544	7.65e-115	2e-110
6	EEF2K	0.274936305	0.322	0.203	2.86e-55	7.5e-51
6	SUCLG2	0.274190556	0.634	0.516	1.66e-50	4.34e-46
6	TGOLN2	0.273979528	0.576	0.488	3.0499999999999997e-40	8e-36
6	TCEA3	0.273918154	0.556	0.4	7.489999999999999e-67	1.96e-62
6	ABCA1	0.273851464	0.42	0.274	8.42e-62	2.2e-57
6	SPTBN1	0.273605066	0.752	0.748	5.28e-16	1.38e-11
6	HSPBP1	0.273378364	0.363	0.228	1.1599999999999999e-67	3.03e-63
6	TBC1D8	0.273058935	0.647	0.561	4.16e-38	1.09e-33
6	RAMP1	0.273028269	0.577	0.401	1.7100000000000002e-72	4.48e-68
6	SYNE2	0.272989026	0.806	0.769	8.33e-28	2.1799999999999999e-23
6	KDM1B	0.272797901	0.401	0.274	2.35e-56	6.159999999999999e-52
6	AC022387.1	0.272520579	0.435	0.326	1.77e-38	4.65e-34
6	GALC	0.272191594	0.32	0.156	2.07e-119	5.41e-115
6	TACSTD2	0.271872998	0.575	0.379	1.57e-71	4.1e-67
6	TUSC3	0.27185014	0.695	0.65	2.24e-35	5.850000000000001e-31
6	NME9	0.270859991	0.28	0.128	2.77e-114	7.24e-110
6	PATJ	0.270679637	0.87	0.786	1.21e-53	3.16e-49
6	FKBP9	0.27054878	0.391	0.255	2.14e-66	5.6e-62
6	LYN	0.270354657	0.344	0.189	2.2400000000000002e-88	5.85e-84
6	PPA2	0.270110726	0.767	0.679	5.86e-36	1.53e-31
6	PARP9	0.270032	0.456	0.303	3.7e-70	9.69e-66
6	NBEAL1	0.269870826	0.696	0.602	5.859999999999999e-41	1.5300000000000002e-36
6	CNGA1	0.269530632	0.421	0.252	5.959999999999999e-82	1.56e-77
6	UBC	0.269416078	0.861	0.851	9.65e-38	2.53e-33
6	MT3	0.268981859	0.353	0.226	1.6e-58	4.1899999999999997e-54
6	DANT2	0.268864656	0.686	0.589	4.6199999999999997e-39	1.21e-34
6	ZNF584	0.268522707	0.31	0.164	5.93e-94	1.5499999999999998e-89
6	PPP1R7	0.268278465	0.463	0.375	3.8000000000000004e-36	9.950000000000002e-32
6	PARD3	0.267640903	0.897	0.86	2.4e-55	6.270000000000001e-51
6	CLIC1	0.267436508	0.618	0.553	7.5e-39	1.9599999999999998e-34
6	NFKB1	0.267387314	0.338	0.242	4.3100000000000003e-32	1.1300000000000002e-27
6	TPM4	0.26720657	0.597	0.396	1.9199999999999998e-74	5.04e-70
6	MAPKAPK2	0.267103473	0.358	0.243	8.83e-47	2.31e-42
6	MPDZ	0.267018361	0.686	0.615	3.1100000000000004e-35	8.140000000000001e-31
6	EMB	0.266808693	0.525	0.392	1.57e-49	4.12e-45
6	THADA	0.266712775	0.664	0.596	4.4700000000000005e-35	1.17e-30
6	TRGJP	0.266499712	0.285	0.142	2.98e-87	7.81e-83
6	PPP1R15A	0.266382653	0.554	0.452	8e-40	2.1e-35
6	SPIDR	0.266224936	0.92	0.892	8.59e-57	2.2499999999999996e-52
6	SEC62	0.266125748	0.748	0.709	1.54e-45	4.03e-41
6	LINC00886	0.266103062	0.324	0.193	1.51e-65	3.95e-61
6	PRKDC	0.266024437	0.91	0.898	8.650000000000001e-21	2.26e-16
6	TBC1D4	0.265722846	0.409	0.288	7.69e-46	2.01e-41
6	FAM184A	0.265528009	0.419	0.306	5.19e-44	1.36e-39
6	CRIM1	0.264689536	0.601	0.567	1.98e-09	5.19e-05
6	EFCAB10	0.264266227	0.262	0.071	1.84e-269	4.81e-265
6	DNAJA4	0.264168305	0.389	0.261	7.15e-55	1.87e-50
6	FOCAD	0.264093153	0.656	0.578	5.9e-33	1.54e-28
6	ERBIN	0.263404497	0.752	0.686	6.6e-39	1.7299999999999999e-34
6	CBLB	0.262505473	0.66	0.574	1.58e-35	4.14e-31
6	ANXA5	0.262234763	0.607	0.53	2.39e-37	6.25e-33
6	LMLN	0.261978227	0.31	0.176	1.62e-75	4.23e-71
6	PIK3CB	0.261643892	0.656	0.573	6.09e-33	1.59e-28
6	CRYBG1	0.261408134	0.553	0.425	1.9499999999999997e-46	5.1099999999999996e-42
6	IL1R1	0.261377447	0.264	0.125	5.71e-98	1.5e-93
6	NUCB2	0.261166404	0.393	0.278	5.16e-46	1.35e-41
6	SYPL1	0.26098244	0.558	0.452	5.31e-47	1.3899999999999998e-42
6	MAPRE3	0.260619549	0.34	0.206	5.76e-70	1.51e-65
6	IFT74	0.260470494	0.405	0.284	1.01e-50	2.63e-46
6	FOSB	0.260076866	0.742	0.614	2.27e-48	5.94e-44
6	EPCAM	0.259759677	0.796	0.764	2.9099999999999997e-46	7.61e-42
6	BBS4	0.259334922	0.421	0.285	7.1e-61	1.8600000000000002e-56
6	DNAJC16	0.259276401	0.461	0.349	1.6800000000000002e-43	4.39e-39
6	EPHA4	0.259056139	0.301	0.218	1.12e-24	2.94e-20
6	ATP11B	0.259021786	0.631	0.484	2.98e-57	7.79e-53
6	ACACA	0.25880029	0.84	0.807	9.020000000000001e-31	2.3600000000000002e-26
6	SAMD12	0.258678866	0.644	0.527	3.93e-39	1.03e-34
6	GHR	0.258677229	0.273	0.146	1.2900000000000002e-73	3.37e-69
6	UTY	0.258556331	0.735	0.68	3.37e-32	8.83e-28
6	PRCP	0.258520326	0.422	0.319	2.21e-40	5.79e-36
6	B3GNT5	0.25815482	0.391	0.242	3.3599999999999997e-69	8.8e-65
6	STEAP2	0.257782528	0.709	0.444	2.85e-85	7.47e-81
6	C1GALT1	0.257550813	0.396	0.289	8.289999999999999e-42	2.1700000000000002e-37
6	UBXN11	0.257340661	0.313	0.15	1.05e-118	2.74e-114
6	ACACB	0.257134955	0.382	0.236	1.32e-69	3.4600000000000002e-65
6	TSPAN13	0.257082306	0.462	0.373	4.84e-28	1.2699999999999999e-23
6	PRUNE2	0.256800406	0.75	0.674	3.38e-31	8.84e-27
6	GPAT3	0.256524114	0.304	0.197	2.1699999999999998e-42	5.69e-38
6	CAMKMT	0.256518407	0.728	0.676	1.1499999999999999e-24	3e-20
6	CCDC66	0.256490702	0.549	0.47	2.74e-31	7.17e-27
6	PREPL	0.256271754	0.609	0.54	8.52e-32	2.2300000000000003e-27
6	CCDC171	0.255945724	0.464	0.38	1.71e-24	4.47e-20
6	ATP2A2	0.255106778	0.681	0.675	1.01e-12	2.65e-08
6	TPCN1	0.254861603	0.386	0.269	3.65e-47	9.540000000000001e-43
6	POLR2I	0.254749585	0.577	0.559	5.78e-14	1.51e-09
6	SUPT5H	0.254288381	0.499	0.451	9.94e-13	2.6e-08
6	AAGAB	0.254040239	0.503	0.419	2.06e-31	5.4000000000000005e-27
6	ZFHX2	0.253988678	0.341	0.21	2.82e-64	7.39e-60
6	ZC3H12B	0.253877595	0.423	0.288	1.44e-50	3.7799999999999995e-46
6	TRIP12	0.253615374	0.798	0.737	6.42e-48	1.6800000000000002e-43
6	TJP3	0.253556164	0.254	0.086	3.83e-189	1e-184
6	GOLPH3L	0.252881726	0.429	0.31	1.84e-47	4.81e-43
6	LINC01376	0.252741263	0.424	0.297	5.35e-48	1.4000000000000001e-43
6	ANO6	0.252485091	0.495	0.425	5.980000000000001e-21	1.57e-16
6	CMTM7	0.252394023	0.468	0.338	3.9899999999999995e-52	1.0400000000000001e-47
6	EPHX2	0.251744312	0.303	0.146	6.91e-112	1.81e-107
6	AMPD3	0.251600319	0.32	0.141	1.59e-136	4.1700000000000006e-132
6	MYOF	0.251336648	0.33	0.168	4.76e-100	1.25e-95
6	CNN3	0.251242857	0.662	0.61	3.25e-32	8.5e-28
6	HIVEP2	0.251020626	0.433	0.325	1.81e-35	4.73e-31
7	DPP10	2.491756046	0.914	0.305	0.0	0.0
7	RBFOX1	2.310505179	0.991	0.436	0.0	0.0
7	NEGR1	2.276849337	0.976	0.367	0.0	0.0
7	PCDH9	2.242124128	0.884	0.315	0.0	0.0
7	ROBO2	2.186577902	0.962	0.34	0.0	0.0
7	CDH12	2.156594696	0.981	0.356	0.0	0.0
7	FAM19A1	2.147739089	0.862	0.307	0.0	0.0
7	NRG3	2.122530599	0.933	0.467	0.0	0.0
7	COL22A1	2.057238607	0.906	0.378	0.0	0.0
7	USH2A	2.056458182	0.959	0.357	0.0	0.0
7	GPC5	2.021024734	0.772	0.286	0.0	0.0
7	CALN1	2.017800174	0.927	0.412	0.0	0.0
7	PLEKHH2	2.003839945	0.945	0.556	0.0	0.0
7	HS3ST5	1.940864603	0.942	0.343	0.0	0.0
7	DACH1	1.9159848	0.978	0.619	0.0	0.0
7	LHFPL3	1.898884083	0.683	0.272	0.0	0.0
7	SEMA6D	1.852959951	0.941	0.381	0.0	0.0
7	PCSK2	1.81292876	0.939	0.359	0.0	0.0
7	SHC4	1.804661147	0.774	0.324	0.0	0.0
7	LINC02055	1.789967984	0.861	0.315	0.0	0.0
7	ATRNL1	1.786898349	0.939	0.355	0.0	0.0
7	ARHGAP15	1.733580626	0.759	0.296	0.0	0.0
7	NYAP2	1.720262316	0.835	0.322	0.0	0.0
7	KCNMA1	1.712103289	0.986	0.759	0.0	0.0
7	ALK	1.709412668	0.706	0.29	0.0	0.0
7	NRXN3	1.707431915	0.949	0.521	0.0	0.0
7	NRXN1	1.704065799	0.975	0.427	0.0	0.0
7	KCND2	1.673931981	0.811	0.34	0.0	0.0
7	PTPRG	1.657516312	0.94	0.691	0.0	0.0
7	AC034195.1	1.653192668	0.767	0.38	0.0	0.0
7	LINC02113	1.651719368	0.657	0.222	0.0	0.0
7	SYNE1	1.635631434	0.83	0.501	0.0	0.0
7	FRMD3	1.627566959	0.733	0.381	0.0	0.0
7	KCNH7	1.620473759	0.858	0.357	0.0	0.0
7	TMEM108	1.602975236	0.805	0.347	0.0	0.0
7	GPC6	1.600126614	0.96	0.763	0.0	0.0
7	EBF1	1.591818094	0.949	0.431	0.0	0.0
7	MGAT4C	1.571005942	0.755	0.309	0.0	0.0
7	KIRREL3	1.567536156	0.651	0.272	0.0	0.0
7	CADPS	1.56267246	0.955	0.707	0.0	0.0
7	THSD7A	1.551918958	0.816	0.327	0.0	0.0
7	CACNA2D1	1.547713696	0.947	0.66	0.0	0.0
7	ATP8A2	1.546663762	0.868	0.361	0.0	0.0
7	ADAMTS14	1.529274518	0.692	0.271	0.0	0.0
7	NAV2	1.521983972	0.791	0.442	0.0	0.0
7	NCKAP5	1.515101765	0.521	0.251	0.0	0.0
7	PPM1E	1.502140478	0.878	0.561	0.0	0.0
7	GRM3	1.494321361	0.496	0.166	0.0	0.0
7	AC016205.1	1.468685385	0.625	0.472	8.59e-212	2.25e-207
7	RUNX1T1	1.468208992	0.732	0.314	0.0	0.0
7	CHN2	1.46680042	0.815	0.402	0.0	0.0
7	COL25A1	1.465230437	0.615	0.307	0.0	0.0
7	TENM4	1.460315684	0.71	0.318	0.0	0.0
7	TNIK	1.443128356	0.829	0.586	0.0	0.0
7	MMP16	1.442325584	0.51	0.2	0.0	0.0
7	ZNF536	1.439011712	0.797	0.355	0.0	0.0
7	ATP11A	1.415085654	0.816	0.514	0.0	0.0
7	SPRED2	1.413305795	0.834	0.71	0.0	0.0
7	PLCXD3	1.409732083	0.444	0.215	7.84e-231	2.05e-226
7	LINC00616	1.407778137	0.611	0.257	0.0	0.0
7	DIAPH3	1.389669357	0.462	0.256	1.17e-212	3.0700000000000003e-208
7	ASAP1	1.371708136	0.914	0.728	0.0	0.0
7	GUCY1A2	1.356862942	0.506	0.207	0.0	0.0
7	MYT1L	1.346526874	0.708	0.315	0.0	0.0
7	SEZ6L	1.34478735	0.684	0.306	0.0	0.0
7	TENM3	1.336190578	0.859	0.362	0.0	0.0
7	RBMS3	1.331782642	0.576	0.233	0.0	0.0
7	DISC1	1.326884089	0.717	0.365	0.0	0.0
7	EPHA5	1.322408099	0.684	0.332	0.0	0.0
7	THSD7B	1.31782382	0.587	0.266	0.0	0.0
7	CDKAL1	1.31718855	0.917	0.807	0.0	0.0
7	ZEB1	1.315866498	0.701	0.362	0.0	0.0
7	CTNNA3	1.31500934	0.687	0.458	0.0	0.0
7	GRIK2	1.295420612	0.506	0.291	3.3799999999999995e-225	8.849999999999999e-221
7	CENPP	1.294224743	0.676	0.495	5.49e-291	1.44e-286
7	CSMD3	1.291379029	0.424	0.178	9.559999999999999e-282	2.4999999999999997e-277
7	TTN	1.289543254	0.511	0.207	0.0	0.0
7	LNPEP	1.288232021	0.82	0.613	0.0	0.0
7	UNC79	1.27144241	0.66	0.329	0.0	0.0
7	EPHA3	1.269443025	0.545	0.226	0.0	0.0
7	DSCAML1	1.262210201	0.68	0.32	0.0	0.0
7	CHSY3	1.259537237	0.521	0.248	0.0	0.0
7	ELMO1	1.249655426	0.584	0.305	0.0	0.0
7	KCNH1	1.246317429	0.508	0.221	0.0	0.0
7	EPHA6	1.245629827	0.62	0.473	7.930000000000001e-210	2.08e-205
7	DST	1.242576478	0.879	0.698	0.0	0.0
7	ERC2	1.238185427	0.716	0.506	0.0	0.0
7	ESRRG	1.232588855	0.864	0.677	0.0	0.0
7	PLCB1	1.228947117	0.719	0.582	2.9099999999999998e-282	7.63e-278
7	SNAP25	1.228003578	0.67	0.39	0.0	0.0
7	SPSB4	1.227937424	0.582	0.259	0.0	0.0
7	FCHSD2	1.226353908	0.811	0.646	0.0	0.0
7	SLC38A1	1.225891412	0.803	0.488	0.0	0.0
7	TSHZ3	1.22487782	0.564	0.353	3.65e-259	9.56e-255
7	APP	1.223503229	0.91	0.807	0.0	0.0
7	NCAM1	1.217975852	0.685	0.309	0.0	0.0
7	SSBP2	1.210177349	0.779	0.588	0.0	0.0
7	ANKS1B	1.2096795	0.884	0.747	0.0	0.0
7	MAP2	1.20281216	0.821	0.544	0.0	0.0
7	SGCD	1.199647042	0.7	0.541	1.06e-230	2.7800000000000004e-226
7	AC092691.1	1.192267746	0.705	0.496	2.26e-282	5.919999999999999e-278
7	PPP1R1C	1.190620087	0.579	0.295	0.0	0.0
7	SEMA5A	1.190303727	0.608	0.432	1.12e-214	2.9400000000000004e-210
7	TANC2	1.190202811	0.954	0.848	0.0	0.0
7	KSR1	1.189616427	0.543	0.357	3.93e-215	1.0300000000000001e-210
7	MEGF11	1.18845565	0.495	0.251	5.5200000000000005e-291	1.44e-286
7	SIPA1L2	1.188209637	0.66	0.372	0.0	0.0
7	HS3ST3A1	1.187594476	0.527	0.278	3.1e-268	8.12e-264
7	GMDS	1.187014559	0.801	0.653	0.0	0.0
7	TOX	1.178464175	0.759	0.491	0.0	0.0
7	EXT1	1.175586286	0.851	0.75	0.0	0.0
7	FMN2	1.168076457	0.585	0.304	0.0	0.0
7	GALNT17	1.16291041	0.747	0.646	3.05e-271	7.99e-267
7	LINC00698	1.159557899	0.425	0.192	4.32e-264	1.1300000000000001e-259
7	CSRNP3	1.15761634	0.596	0.288	0.0	0.0
7	EFR3B	1.151594212	0.601	0.383	6.08e-265	1.59e-260
7	UNC80	1.146740345	0.589	0.314	0.0	0.0
7	PRKCA	1.143225494	0.832	0.676	0.0	0.0
7	AFF3	1.140350307	0.573	0.335	1.24e-270	3.23e-266
7	KCNQ3	1.140012907	0.394	0.155	3.63e-294	9.5e-290
7	PITPNM2	1.137840912	0.519	0.268	4.16e-299	1.09e-294
7	ATP2B2	1.133833505	0.504	0.231	0.0	0.0
7	ROBO1	1.130235176	0.706	0.335	0.0	0.0
7	SDK2	1.128948525	0.509	0.301	1.06e-203	2.77e-199
7	PPFIA2	1.128766837	0.724	0.413	0.0	0.0
7	SLC36A4	1.12427827	0.836	0.587	0.0	0.0
7	TMEM178B	1.116680167	0.704	0.448	0.0	0.0
7	KLHL29	1.107381075	0.621	0.363	3.56e-288	9.32e-284
7	NKAIN3	1.105439275	0.396	0.194	2.21e-206	5.77e-202
7	ADARB2	1.102257695	0.59	0.292	0.0	0.0
7	DOCK10	1.095024405	0.504	0.282	5.09e-231	1.33e-226
7	GPC3	1.090511361	0.494	0.266	1.43e-237	3.7399999999999997e-233
7	TTC28	1.089594595	0.787	0.661	0.0	0.0
7	SYN2	1.089240769	0.498	0.296	1.3999999999999998e-197	3.66e-193
7	AUTS2	1.08617228	0.92	0.825	0.0	0.0
7	MIR4713HG	1.085088438	0.417	0.2	1.1e-222	2.88e-218
7	RIPOR2	1.080293176	0.552	0.278	0.0	0.0
7	GSE1	1.077931438	0.717	0.569	6.840000000000001e-273	1.79e-268
7	SSH2	1.07763943	0.894	0.778	0.0	0.0
7	KIAA1456	1.075351698	0.549	0.305	1.13e-260	2.95e-256
7	GNGT1	1.073991693	0.316	0.151	2.97e-150	7.78e-146
7	DAB1	1.073571154	0.544	0.435	2.05e-137	5.3700000000000005e-133
7	CA10	1.069162913	0.476	0.332	2.0199999999999999e-115	5.29e-111
7	DNA2	1.068763951	0.597	0.512	3.6300000000000003e-163	9.49e-159
7	PDE4B	1.068747609	0.634	0.526	4.3400000000000003e-169	1.14e-164
7	LRRTM3	1.068617713	0.42	0.208	9.46e-215	2.4800000000000003e-210
7	DLG2	1.067535035	0.669	0.616	8.31e-149	2.17e-144
7	ABCA5	1.064555328	0.68	0.455	0.0	0.0
7	LSAMP	1.063467997	0.839	0.745	2.2199999999999998e-250	5.82e-246
7	SPARCL1	1.062656702	0.503	0.275	2.22e-219	5.8e-215
7	NELL1	1.062415817	0.404	0.191	3.17e-214	8.29e-210
7	PITPNC1	1.053270916	0.497	0.296	6.67e-196	1.75e-191
7	BRIP1	1.052813552	0.467	0.377	1.93e-94	5.06e-90
7	PALLD	1.050826853	0.795	0.698	8.52e-221	2.2299999999999997e-216
7	PLEKHA5	1.050534113	0.842	0.729	0.0	0.0
7	TRAPPC9	1.047881919	0.879	0.796	0.0	0.0
7	AGMO	1.047052115	0.352	0.163	4.5e-175	1.18e-170
7	SRGAP1	1.041296174	0.799	0.65	0.0	0.0
7	RIMS2	1.036948456	0.985	0.933	0.0	0.0
7	PIBF1	1.036039142	0.745	0.619	4.21e-299	1.1e-294
7	PCLO	1.028209198	0.653	0.508	6.4e-234	1.68e-229
7	FNDC3A	1.027103552	0.745	0.653	5.49e-278	1.4400000000000001e-273
7	LINC01091	1.019037397	0.45	0.309	1.18e-118	3.08e-114
7	ATP2B4	1.017453182	0.497	0.269	1.3399999999999999e-225	3.5e-221
7	L3MBTL4	1.01741168	0.724	0.579	3.45e-271	9.04e-267
7	AC106798.1	1.013978335	0.41	0.186	3.3299999999999995e-250	8.72e-246
7	CAMK2D	1.013617289	0.563	0.488	1.51e-116	3.94e-112
7	DNM3	1.002288047	0.633	0.391	9.5e-282	2.49e-277
7	TIAM1	0.998445471	0.667	0.526	4.71e-225	1.2299999999999999e-220
7	FYN	0.997153537	0.721	0.512	5.97e-286	1.56e-281
7	PRUNE2	0.996550639	0.757	0.673	6.59e-217	1.72e-212
7	ATAD5	0.99343867	0.539	0.406	3.08e-171	8.07e-167
7	AMPH	0.991004782	0.441	0.227	9.889999999999999e-216	2.59e-211
7	AL589740.1	0.990354128	0.463	0.24	2.4999999999999998e-219	6.55e-215
7	PTPRM	0.98991769	0.514	0.338	1.45e-174	3.779999999999999e-170
7	PTCHD4	0.987599304	0.388	0.174	2.97e-239	7.770000000000001e-235
7	DENND5B	0.987584843	0.58	0.466	1.92e-169	5.02e-165
7	MBNL2	0.98680991	0.755	0.597	3.91e-261	1.02e-256
7	KCNH8	0.986761074	0.562	0.385	5.23e-187	1.37e-182
7	FHIT	0.982009557	0.762	0.737	9e-155	2.35e-150
7	MYCBP2	0.979782839	0.687	0.582	4.87e-238	1.27e-233
7	SUMF1	0.97872736	0.893	0.835	0.0	0.0
7	PBX1	0.976477754	0.839	0.777	4.32e-292	1.13e-287
7	MAML3	0.973051096	0.963	0.927	0.0	0.0
7	FHL2	0.972988289	0.624	0.407	3.7799999999999994e-244	9.88e-240
7	HDAC5	0.972381056	0.493	0.392	3.37e-120	8.810000000000001e-116
7	JMJD1C	0.972217809	0.995	0.973	0.0	0.0
7	NFIB	0.971250081	0.735	0.721	7.84e-142	2.05e-137
7	TSHZ2	0.971135924	0.667	0.63	2.67e-139	6.99e-135
7	RFX2	0.969051574	0.664	0.568	2.32e-165	6.08e-161
7	PHACTR1	0.9687737	0.615	0.5	2.8399999999999996e-170	7.43e-166
7	ANKRD36	0.968436546	0.675	0.58	5.9099999999999996e-232	1.55e-227
7	SRRM3	0.964132213	0.583	0.316	2.0300000000000003e-291	5.319999999999999e-287
7	MYO1B	0.962811972	0.618	0.53	4.16e-143	1.09e-138
7	GPHN	0.961988147	0.88	0.812	0.0	0.0
7	CORO2B	0.953394921	0.469	0.239	4.2800000000000006e-247	1.12e-242
7	PCBP3	0.944851015	0.642	0.528	1.57e-196	4.12e-192
7	CELF2	0.943647075	0.667	0.541	2.49e-199	6.53e-195
7	TENM2	0.943182327	0.31	0.177	7.06e-101	1.85e-96
7	EPHB1	0.94012416	0.394	0.203	1.48e-184	3.87e-180
7	NHSL1	0.937408735	0.593	0.52	6.040000000000001e-129	1.5800000000000002e-124
7	RMST	0.937221387	0.592	0.499	5.2e-138	1.3600000000000001e-133
7	GPR137C	0.936490506	0.609	0.482	4.85e-170	1.27e-165
7	KIF18B	0.93422841	0.33	0.167	4.0199999999999996e-147	1.05e-142
7	SDK1	0.933558596	0.783	0.678	4.2999999999999996e-219	1.13e-214
7	UNC5C	0.932984843	0.296	0.221	1.62e-44	4.24e-40
7	LINC01572	0.932388357	0.415	0.278	1.34e-117	3.52e-113
7	ARHGAP24	0.930570806	0.524	0.42	2.4900000000000003e-103	6.5300000000000005e-99
7	PEX5L	0.9291872	0.395	0.22	6.75e-159	1.77e-154
7	LINC01748	0.925680548	0.616	0.51	1.39e-176	3.64e-172
7	GAB2	0.91692528	0.537	0.405	7.68e-148	2.01e-143
7	LMNA	0.916730352	0.753	0.657	2.21e-215	5.78e-211
7	MIB1	0.916467342	0.79	0.745	3.95e-270	1.0300000000000001e-265
7	HECW2	0.914532001	0.385	0.218	5.45e-146	1.43e-141
7	FGGY	0.913850592	0.673	0.605	1.99e-185	5.2e-181
7	CHD7	0.911030942	0.659	0.524	4.16e-199	1.09e-194
7	GNAQ	0.910755634	0.774	0.72	4.63e-251	1.21e-246
7	LRRC7	0.909327891	0.335	0.254	9.609999999999999e-54	2.52e-49
7	PROX1	0.908289402	0.593	0.344	9.939999999999999e-228	2.6e-223
7	PLCB4	0.908125249	0.558	0.473	6.35e-128	1.66e-123
7	BRINP1	0.908090346	0.361	0.214	5.54e-116	1.45e-111
7	EZH2	0.904605477	0.682	0.636	1.38e-159	3.62e-155
7	ATAD2	0.90371235	0.576	0.567	1.3100000000000001e-70	3.44e-66
7	PRICKLE2	0.901898621	0.391	0.242	6.84e-125	1.79e-120
7	AC074237.1	0.901408487	0.328	0.148	1.59e-172	4.1599999999999998e-168
7	DGKH	0.900168846	0.437	0.289	1.77e-135	4.64e-131
7	NIM1K	0.899263797	0.395	0.23	9.200000000000001e-144	2.41e-139
7	CCDC141	0.897653507	0.381	0.183	5.17e-201	1.35e-196
7	SOX6	0.895825494	0.481	0.423	1.17e-69	3.05e-65
7	SERPINE1	0.894400722	0.298	0.151	7.01e-118	1.84e-113
7	FBN1	0.892724531	0.474	0.295	7.28e-171	1.9100000000000002e-166
7	AC106744.1	0.892592174	0.298	0.131	2.46e-162	6.44e-158
7	MIAT	0.889324591	0.447	0.232	5.88e-226	1.54e-221
7	CACNA1C	0.889151213	0.668	0.611	7.0200000000000005e-161	1.8400000000000002e-156
7	KRT20	0.88166034	0.533	0.261	4.79e-233	1.25e-228
7	PLPPR1	0.880406995	0.321	0.162	1.34e-136	3.51e-132
7	CORO1C	0.880165296	0.632	0.53	3.9e-176	1.02e-171
7	GDAP1	0.877748284	0.549	0.445	1.0699999999999999e-134	2.79e-130
7	MMS22L	0.877543255	0.517	0.448	8.429999999999999e-104	2.2100000000000002e-99
7	ELAVL4	0.875800087	0.449	0.261	1.0299999999999999e-168	2.6900000000000002e-164
7	SEL1L3	0.874693857	0.517	0.465	9.85e-93	2.58e-88
7	TCERG1L	0.873437362	0.426	0.289	1.44e-107	3.78e-103
7	PDS5B	0.870567295	0.591	0.517	3.7899999999999996e-140	9.93e-136
7	ATP2B1	0.868695116	0.588	0.62	1.95e-65	5.1e-61
7	STAG1	0.863214849	0.864	0.837	6.910000000000001e-302	1.81e-297
7	MSI2	0.861839582	0.945	0.908	0.0	0.0
7	CYP7B1	0.858638838	0.519	0.467	4.06e-89	1.06e-84
7	HERC4	0.85721131	0.895	0.874	0.0	0.0
7	OSBPL6	0.857178439	0.634	0.576	7.15e-138	1.87e-133
7	SIK3	0.856943904	0.796	0.742	2.46e-237	6.44e-233
7	RTKN2	0.856919341	0.432	0.349	7.630000000000001e-72	2e-67
7	LCORL	0.855886725	0.747	0.697	1.4600000000000002e-212	3.8300000000000005e-208
7	MACROD2	0.855642877	0.739	0.739	1.11e-127	2.9100000000000004e-123
7	GPR158	0.852082998	0.518	0.428	3.0000000000000004e-110	7.859999999999999e-106
7	OSBPL3	0.850412206	0.406	0.255	3.9299999999999995e-126	1.03e-121
7	DLEU1	0.849447233	0.542	0.483	3.47e-100	9.07e-96
7	KLF12	0.848251904	0.631	0.541	3.55e-154	9.279999999999999e-150
7	MYO10	0.846336642	0.719	0.714	5.199999999999999e-152	1.3599999999999998e-147
7	CTNND2	0.84473701	0.765	0.756	1.13e-174	2.95e-170
7	ENOX1	0.843510042	0.506	0.371	2.54e-111	6.64e-107
7	AC112206.2	0.842334606	0.298	0.13	5.51e-173	1.44e-168
7	PCNX2	0.840561519	0.685	0.668	8.87e-162	2.3200000000000002e-157
7	SLCO3A1	0.839680835	0.452	0.317	1.39e-114	3.65e-110
7	PODXL	0.838101328	0.436	0.284	1.0499999999999999e-140	2.76e-136
7	BIRC6	0.838070878	0.867	0.845	0.0	0.0
7	ANO3	0.837699277	0.342	0.17	1.63e-157	4.26e-153
7	FUT8	0.835971021	0.642	0.59	6.12e-151	1.6e-146
7	CHST8	0.835939015	0.576	0.469	2.02e-127	5.2800000000000004e-123
7	SYT1	0.835571424	0.774	0.527	6.2500000000000006e-276	1.6400000000000002e-271
7	SETBP1	0.834870896	0.597	0.544	6.9900000000000005e-121	1.83e-116
7	AF241726.2	0.832742433	0.354	0.229	9.330000000000001e-97	2.44e-92
7	RANBP17	0.830116111	0.804	0.761	3.88e-230	1.02e-225
7	CEP152	0.829823924	0.459	0.293	5.4799999999999996e-135	1.43e-130
7	GABBR2	0.829730828	0.415	0.229	7.779999999999999e-147	2.0399999999999998e-142
7	NSD2	0.828725297	0.718	0.701	4.4499999999999997e-175	1.16e-170
7	AC073050.1	0.828297499	0.417	0.278	2.5899999999999998e-104	6.78e-100
7	PHYHIPL	0.825838198	0.531	0.428	1.85e-118	4.84e-114
7	ETV1	0.824305592	0.456	0.29	8.46e-129	2.2200000000000004e-124
7	PTPRZ1	0.823279679	0.373	0.199	3.12e-149	8.160000000000001e-145
7	SYTL2	0.819934642	0.621	0.598	1.77e-90	4.6500000000000004e-86
7	LINC01122	0.819300513	0.36	0.21	7.269999999999999e-119	1.9e-114
7	CPE	0.819016336	0.914	0.801	4.09e-296	1.07e-291
7	CDH4	0.812884335	0.314	0.181	4.13e-100	1.08e-95
7	MPHOSPH9	0.812358686	0.504	0.45	9.669999999999999e-91	2.53e-86
7	RUFY3	0.810396751	0.74	0.72	1.16e-176	3.0399999999999997e-172
7	TBC1D5	0.809266026	0.829	0.824	4.69e-233	1.2299999999999998e-228
7	KIF5C	0.809093016	0.883	0.834	6.85e-305	1.7899999999999998e-300
7	ANK3	0.807672047	0.913	0.915	1.15e-208	3.0099999999999998e-204
7	ANKRD36B	0.806838172	0.462	0.383	5.2899999999999995e-95	1.38e-90
7	ELAVL2	0.805971205	0.533	0.374	8.99e-150	2.35e-145
7	VPS53	0.804574284	0.668	0.634	2.37e-156	6.2e-152
7	RIC8B	0.803258544	0.537	0.491	2.13e-102	5.59e-98
7	FMNL2	0.801937142	0.494	0.421	3.32e-88	8.68e-84
7	HID1	0.800493777	0.462	0.379	2.81e-91	7.3600000000000005e-87
7	FGF12	0.797421721	0.442	0.385	1.45e-51	3.81e-47
7	CACNA1A	0.796324233	0.548	0.304	1.2699999999999999e-214	3.3100000000000006e-210
7	GNAO1	0.795980498	0.362	0.196	4.17e-148	1.09e-143
7	DENND1A	0.794284058	0.704	0.694	3.16e-168	8.27e-164
7	NFASC	0.793225331	0.498	0.438	2.15e-84	5.64e-80
7	NR6A1	0.792865888	0.4	0.253	3.17e-125	8.29e-121
7	SEMA6A	0.789277952	0.457	0.35	2.0999999999999997e-89	5.51e-85
7	CEP128	0.788351742	0.422	0.385	3.94e-47	1.03e-42
7	NUP58	0.785252646	0.563	0.525	1.41e-108	3.7e-104
7	JAKMIP2	0.7842683	0.396	0.235	1.23e-136	3.2300000000000004e-132
7	ZFAND4	0.783834658	0.448	0.404	1.0000000000000001e-66	2.62e-62
7	ZRANB3	0.783034637	0.568	0.539	5.240000000000001e-97	1.37e-92
7	CDH2	0.782183592	0.406	0.243	2.65e-127	6.92e-123
7	BCAS3	0.780994182	0.939	0.92	0.0	0.0
7	SCN3A	0.7809752	0.427	0.24	8.28e-165	2.17e-160
7	MAPK8	0.779920033	0.695	0.679	2.13e-145	5.58e-141
7	GTDC1	0.779761955	0.452	0.389	9.74e-72	2.55e-67
7	MYO6	0.776644299	0.829	0.804	5.46e-184	1.4300000000000001e-179
7	DNAH14	0.776279149	0.818	0.816	2.69e-214	7.040000000000001e-210
7	AKAP6	0.774993047	0.465	0.383	1.7399999999999998e-82	4.54e-78
7	KIF26B	0.773973277	0.27	0.174	3.6699999999999997e-60	9.610000000000001e-56
7	CUEDC1	0.773917321	0.519	0.479	6.1100000000000005e-80	1.6000000000000001e-75
7	SCFD2	0.773032579	0.475	0.447	1.16e-60	3.03e-56
7	RAP1GDS1	0.772455089	0.564	0.52	3.49e-102	9.119999999999999e-98
7	JAK1	0.772281182	0.525	0.496	2.49e-79	6.51e-75
7	KIAA1324L	0.772064227	0.391	0.25	1.14e-117	2.99e-113
7	NEBL	0.771989111	0.709	0.661	1.85e-137	4.84e-133
7	ABLIM1	0.771155716	0.423	0.367	1.55e-59	4.0399999999999996e-55
7	ARHGAP11B	0.770387326	0.32	0.214	1.35e-71	3.53e-67
7	TCF12	0.770244922	0.852	0.832	2.9099999999999996e-262	7.609999999999999e-258
7	HIVEP3	0.769889177	0.667	0.659	8.16e-113	2.14e-108
7	REEP3	0.769125491	0.843	0.857	1.67e-210	4.36e-206
7	CAMK4	0.767900832	0.36	0.212	1.11e-109	2.91e-105
7	POLQ	0.767557546	0.302	0.189	3.5e-80	9.15e-76
7	CAMK1D	0.766972776	0.636	0.576	1.58e-103	4.15e-99
7	PELI2	0.764944869	0.398	0.304	4.79e-75	1.2500000000000001e-70
7	TRPM7	0.764533344	0.652	0.653	1.47e-131	3.85e-127
7	TBL1XR1	0.763196699	0.865	0.887	3.35e-171	8.770000000000001e-167
7	FAF1	0.762404679	0.921	0.889	0.0	0.0
7	DENND4A	0.761311539	0.635	0.639	1.99e-95	5.2e-91
7	CACNB2	0.7610858	0.811	0.713	7.89e-189	2.07e-184
7	JPH1	0.76102055	0.364	0.285	6.89e-59	1.8e-54
7	SOGA1	0.760761952	0.483	0.438	1.58e-65	4.1299999999999996e-61
7	CLIP2	0.760389858	0.451	0.362	1.57e-80	4.12e-76
7	LINC00383	0.759533222	0.573	0.527	2.2100000000000002e-103	5.78e-99
7	FRMD5	0.758970863	0.664	0.644	2.0700000000000001e-109	5.41e-105
7	KIF15	0.756239571	0.31	0.188	1.43e-88	3.76e-84
7	PHF14	0.753872764	0.727	0.729	3.03e-160	7.94e-156
7	UGGT2	0.753127133	0.587	0.562	1.52e-104	3.97e-100
7	MREG	0.750649174	0.391	0.28	2.3999999999999998e-89	6.28e-85
7	DNAJC6	0.749250959	0.423	0.339	1.01e-76	2.6300000000000003e-72
7	RIMBP2	0.749102123	0.388	0.278	5.5e-87	1.44e-82
7	ZSWIM5	0.748299464	0.534	0.523	8.77e-71	2.3000000000000002e-66
7	XPO4	0.748079037	0.439	0.363	9.14e-83	2.39e-78
7	SCN11A	0.746142258	0.3	0.14	2.73e-153	7.15e-149
7	ZGRF1	0.744384949	0.329	0.224	2.38e-78	6.2199999999999995e-74
7	CCDC88A	0.743875264	0.548	0.508	6.730000000000001e-86	1.76e-81
7	RFC3	0.74368715	0.377	0.284	8.160000000000001e-66	2.14e-61
7	XKR6	0.740435824	0.538	0.507	4.62e-79	1.21e-74
7	NAV1	0.740252837	0.416	0.331	2.07e-72	5.41e-68
7	PBX3	0.739883853	0.669	0.692	1.56e-95	4.09e-91
7	KANSL1	0.739617917	0.886	0.868	7.369999999999999e-285	1.93e-280
7	ZMYND8	0.738065456	0.64	0.643	1.21e-102	3.1599999999999997e-98
7	JAZF1	0.738035103	0.571	0.536	3.14e-92	8.21e-88
7	MELK	0.737553431	0.341	0.245	2.84e-64	7.42e-60
7	RSRC1	0.736617496	0.581	0.579	3.54e-87	9.26e-83
7	CMIP	0.736359954	0.546	0.492	1.04e-93	2.7299999999999996e-89
7	VAV2	0.735725151	0.461	0.448	1.6099999999999998e-52	4.21e-48
7	IGF2BP3	0.733341667	0.337	0.207	3.09e-99	8.08e-95
7	TFAP2B	0.732999219	0.489	0.271	1.37e-176	3.5999999999999996e-172
7	ZZEF1	0.732220198	0.524	0.503	5.56e-80	1.46e-75
7	GRID1	0.731432858	0.319	0.174	1.42e-117	3.71e-113
7	FGD4	0.730906414	0.499	0.519	3.9399999999999996e-42	1.03e-37
7	LIN28B	0.730466411	0.389	0.276	2.65e-88	6.94e-84
7	POLA1	0.727440628	0.549	0.552	4.01e-70	1.05e-65
7	LINC01515	0.725450532	0.762	0.769	6.57e-139	1.72e-134
7	EVL	0.724867806	0.596	0.549	3.77e-105	9.87e-101
7	FSTL4	0.724517756	0.287	0.225	4.4599999999999995e-34	1.1700000000000001e-29
7	CIT	0.719862573	0.316	0.223	1.28e-60	3.3500000000000003e-56
7	NF1	0.719375722	0.922	0.901	0.0	0.0
7	SESTD1	0.717291433	0.504	0.444	8.4e-84	2.2000000000000002e-79
7	PLS1	0.717048075	0.428	0.361	1.16e-61	3.03e-57
7	ARHGEF7	0.715987388	0.524	0.48	3.83e-83	1e-78
7	MARK1	0.714930881	0.496	0.483	2.19e-50	5.74e-46
7	NSD1	0.714740838	0.711	0.712	2.77e-152	7.26e-148
7	PTBP2	0.712788193	0.733	0.732	3.7700000000000004e-169	9.87e-165
7	FANCI	0.712147757	0.352	0.313	1.5199999999999998e-34	3.99e-30
7	SLC7A1	0.712136409	0.427	0.352	4.0000000000000005e-71	1.05e-66
7	MPP6	0.712091628	0.559	0.495	2.54e-88	6.65e-84
7	PAN3	0.710845234	0.595	0.603	3.28e-87	8.599999999999999e-83
7	CUL4A	0.710788804	0.474	0.455	2.53e-57	6.63e-53
7	PHIP	0.709005983	0.671	0.68	8.24e-122	2.16e-117
7	KHDRBS3	0.707175236	0.735	0.695	2.7899999999999998e-136	7.290000000000001e-132
7	MEGF9	0.706875504	0.562	0.563	4.149999999999999e-68	1.09e-63
7	GPATCH8	0.706143483	0.893	0.881	2.42e-287	6.340000000000001e-283
7	PROX1-AS1	0.705914212	0.345	0.214	2.51e-93	6.569999999999999e-89
7	ATP8A1	0.702708238	0.671	0.685	8.53e-93	2.2300000000000002e-88
7	PTPRD	0.702073118	0.64	0.72	8.66e-29	2.27e-24
7	LARGE1	0.699982335	0.467	0.442	3.26e-53	8.54e-49
7	GABRB3	0.699756617	0.523	0.511	3.63e-62	9.51e-58
7	CDK8	0.699687535	0.49	0.459	3.57e-64	9.35e-60
7	ASXL3	0.698290998	0.331	0.183	1.4800000000000001e-121	3.89e-117
7	SORCS2	0.698073284	0.27	0.149	3.73e-91	9.76e-87
7	PDE7A	0.69807115	0.637	0.626	9.18e-107	2.4e-102
7	RTN4	0.696513519	0.895	0.88	2.71e-196	7.090000000000001e-192
7	ENOX2	0.695935783	0.395	0.431	2.62e-14	6.85e-10
7	CBFA2T2	0.69223469	0.76	0.792	9.810000000000001e-107	2.57e-102
7	DTL	0.691799152	0.299	0.209	1.81e-54	4.74e-50
7	PKD2	0.691077872	0.518	0.497	7.94e-70	2.08e-65
7	NUP160	0.690179059	0.457	0.429	3.18e-59	8.32e-55
7	IP6K1	0.689401273	0.53	0.518	2.1400000000000001e-75	5.61e-71
7	CDC27	0.689306644	0.684	0.703	1.05e-126	2.75e-122
7	MCC	0.686740103	0.519	0.55	2.5599999999999997e-40	6.71e-36
7	KMT2C	0.686005195	0.845	0.845	2.88e-212	7.54e-208
7	MT-CO2	0.685472969	0.998	0.998	0.0	0.0
7	C14orf132	0.685221941	0.424	0.366	7.360000000000001e-57	1.93e-52
7	TRAK1	0.681089771	0.428	0.377	1.39e-53	3.65e-49
7	KIF19	0.680153457	0.333	0.225	9.82e-68	2.57e-63
7	VPS13A	0.679887613	0.589	0.621	1.06e-78	2.78e-74
7	DPYSL3	0.677377078	0.502	0.494	6.89e-45	1.7999999999999998e-40
7	CDON	0.675362526	0.397	0.364	1.21e-38	3.16e-34
7	ANKRD36C	0.675142115	0.507	0.48	1.98e-70	5.190000000000001e-66
7	REV3L	0.67481039	0.7	0.713	2.5899999999999997e-119	6.79e-115
7	UST	0.674662694	0.308	0.295	1.5e-14	3.93e-10
7	ZFAND3	0.674444103	0.873	0.861	1.22e-209	3.19e-205
7	GNAI1	0.673879264	0.38	0.303	8.189999999999999e-55	2.14e-50
7	MCUB	0.673593371	0.435	0.423	3.44e-36	9.010000000000001e-32
7	TBL1X	0.673247346	0.476	0.505	1.88e-32	4.91e-28
7	EML4	0.672541754	0.616	0.637	3.69e-89	9.66e-85
7	EIF4G3	0.668308334	0.895	0.897	1.8e-229	4.7199999999999994e-225
7	MAP4K4	0.667981583	0.71	0.713	3.47e-120	9.08e-116
7	VWA8	0.667499232	0.415	0.377	3.61e-49	9.44e-45
7	PGAP1	0.667488883	0.486	0.485	3.8600000000000004e-47	1.0099999999999999e-42
7	RB1	0.667410661	0.493	0.505	7.05e-48	1.85e-43
7	RBM26	0.667142764	0.614	0.627	9.83e-94	2.5699999999999997e-89
7	AC007656.1	0.667054082	0.346	0.301	3.5499999999999998e-34	9.279999999999999e-30
7	IGSF11	0.66700503	0.312	0.206	2.46e-70	6.45e-66
7	PAPD4	0.665387129	0.611	0.655	3.2100000000000004e-79	8.4e-75
7	KIF1A	0.664412667	0.409	0.277	2.34e-100	6.12e-96
7	TRIM9	0.664377356	0.272	0.175	1.9000000000000001e-59	4.97e-55
7	TRPM2	0.664267587	0.272	0.132	7.849999999999999e-126	2.05e-121
7	TAF3	0.663472777	0.495	0.49	2.05e-53	5.36e-49
7	INTS7	0.663012943	0.419	0.374	4.560000000000001e-56	1.19e-51
7	LINC00511	0.661814549	0.722	0.73	1.59e-80	4.16e-76
7	SPIDR	0.660858967	0.895	0.893	3.84e-206	1.01e-201
7	VRK1	0.660094496	0.327	0.27	2.29e-40	5.98e-36
7	EPHA5-AS1	0.659553759	0.353	0.23	3.28e-84	8.58e-80
7	RGS7	0.658556171	0.478	0.254	7e-183	1.83e-178
7	KIF21A	0.657722909	0.603	0.587	1.84e-82	4.81e-78
7	DNMT3A	0.657074722	0.494	0.483	1.61e-53	4.2e-49
7	GPR173	0.656435138	0.34	0.199	8.47e-111	2.2199999999999997e-106
7	CMSS1	0.655082487	0.694	0.697	4.64e-114	1.21e-109
7	ARID2	0.654175349	0.632	0.656	1.6900000000000002e-86	4.4399999999999996e-82
7	SATB1-AS1	0.653305014	0.292	0.175	3.0899999999999996e-82	8.09e-78
7	B4GALT5	0.650960094	0.458	0.463	4.64e-40	1.21e-35
7	ST18	0.650409197	0.418	0.248	5.37e-122	1.4000000000000001e-117
7	HELZ	0.649894511	0.697	0.724	8.69e-125	2.2699999999999998e-120
7	ARSJ	0.646893209	0.315	0.287	7.550000000000001e-21	1.98e-16
7	DPYD	0.646823083	0.366	0.335	1.14e-28	3e-24
7	VPS45	0.644628282	0.501	0.507	3.16e-52	8.279999999999999e-48
7	ARID1B	0.644142616	0.884	0.884	4.2299999999999995e-225	1.11e-220
7	UNC13A	0.643990289	0.327	0.23	6.13e-67	1.5999999999999999e-62
7	SRRM4	0.64209483	0.328	0.211	1.3e-77	3.41e-73
7	CACNA2D2	0.641550728	0.41	0.382	3.58e-41	9.37e-37
7	HERC1	0.639720674	0.668	0.682	2.62e-117	6.85e-113
7	MVB12B	0.63843349	0.416	0.404	1.94e-37	5.08e-33
7	NLK	0.638218799	0.725	0.76	6.2800000000000005e-117	1.64e-112
7	PSPC1	0.637283369	0.615	0.65	1.1999999999999999e-82	3.13e-78
7	CDK5RAP2	0.637165486	0.506	0.54	2.47e-41	6.46e-37
7	STXBP4	0.635991469	0.552	0.581	6.59e-53	1.7299999999999997e-48
7	HSPA12A	0.634734523	0.29	0.209	6.559999999999999e-52	1.72e-47
7	HOMER1	0.634581621	0.462	0.391	7.85e-52	2.05e-47
7	CENPK	0.633267952	0.402	0.377	3.8900000000000004e-36	1.02e-31
7	NIN	0.633203141	0.5	0.491	3.98e-52	1.0400000000000001e-47
7	NSMAF	0.633126552	0.433	0.433	2.4200000000000003e-37	6.33e-33
7	AGAP1	0.633102909	0.757	0.778	4.37e-136	1.14e-131
7	FAM168A	0.632322134	0.558	0.586	1e-58	2.6299999999999996e-54
7	CDK14	0.63230405	0.735	0.777	4.53e-102	1.19e-97
7	SMARCAD1	0.632174013	0.483	0.499	4.61e-47	1.2099999999999999e-42
7	KIF2A	0.632049596	0.633	0.649	1.27e-87	3.34e-83
7	PDZD2	0.631212116	0.36	0.393	8.54e-08	0.002234253
7	PUM2	0.630411252	0.807	0.829	7.580000000000001e-184	1.98e-179
7	NRCAM	0.629054795	0.333	0.22	2.43e-71	6.359999999999999e-67
7	FKBP5	0.627881113	0.442	0.462	1.1700000000000001e-27	3.06e-23
7	FBXL17	0.627064327	0.679	0.716	1.81e-83	4.7500000000000004e-79
7	RAPGEF1	0.626764458	0.398	0.403	4.75e-27	1.24e-22
7	MAOB	0.626635049	0.286	0.189	1.58e-59	4.14e-55
7	CTNNA2	0.626542387	0.27	0.182	8.119999999999999e-45	2.12e-40
7	CBR4	0.626096033	0.58	0.636	6.829999999999999e-52	1.79e-47
7	GBE1	0.625938495	0.403	0.41	1.3099999999999999e-23	3.44e-19
7	ANKRD10	0.625406539	0.514	0.54	1.58e-51	4.1300000000000004e-47
7	LMO3	0.625369753	0.255	0.149	2.19e-70	5.73e-66
7	MTBP	0.625319878	0.378	0.326	1.2800000000000002e-47	3.3500000000000003e-43
7	FAM49B	0.624862699	0.642	0.67	1.81e-84	4.7300000000000004e-80
7	AC124254.1	0.622171509	0.33	0.27	1.26e-39	3.3e-35
7	CD44	0.621544703	0.273	0.245	1.24e-16	3.25e-12
7	CCDC138	0.620822168	0.439	0.445	2.75e-32	7.2e-28
7	CRLF3	0.620487191	0.572	0.617	8.1e-62	2.12e-57
7	USP32	0.619605823	0.675	0.718	1.44e-93	3.77e-89
7	RFWD2	0.619546676	0.654	0.703	5.1699999999999996e-89	1.35e-84
7	BRCA1	0.619066615	0.394	0.405	1.45e-20	3.79e-16
7	EFNA5	0.618946973	0.298	0.204	1.28e-46	3.35e-42
7	USP49	0.618852228	0.37	0.349	1.6999999999999998e-30	4.46e-26
7	CEP192	0.61724861	0.498	0.52	3.1700000000000003e-43	8.29e-39
7	SLC35G2	0.617112426	0.356	0.301	1.69e-44	4.44e-40
7	RPS6KA3	0.616954949	0.586	0.626	7.85e-46	2.05e-41
7	SRPK1	0.616386703	0.533	0.564	3.79e-52	9.919999999999999e-48
7	CHCHD3	0.616314474	0.674	0.719	7.300000000000001e-100	1.91e-95
7	CDC42BPA	0.616023651	0.677	0.732	2.06e-88	5.4e-84
7	FANCL	0.615162106	0.519	0.572	2.05e-40	5.3700000000000004e-36
7	CACNA1B	0.613382422	0.389	0.389	2.73e-24	7.15e-20
7	WDFY3	0.613350698	0.694	0.736	8.69e-105	2.27e-100
7	CEP85L	0.612924442	0.357	0.277	1.25e-51	3.28e-47
7	LINC01087	0.612589857	0.261	0.136	2.4e-101	6.29e-97
7	FRMD4A	0.612102325	0.55	0.581	7.9e-41	2.07e-36
7	SNAP91	0.610716123	0.317	0.29	1.5099999999999998e-23	3.96e-19
7	DLGAP4	0.610486623	0.477	0.534	2.24e-24	5.87e-20
7	IPO9	0.609152964	0.56	0.588	4.65e-64	1.22e-59
7	AGTPBP1	0.6086973	0.401	0.399	5.390000000000001e-29	1.4099999999999999e-24
7	ZMYM2	0.608326522	0.697	0.739	6.43e-97	1.68e-92
7	FBXW7	0.608293404	0.556	0.605	6.32e-44	1.65e-39
7	RHOBTB3	0.60779946	0.5	0.483	5.1399999999999995e-42	1.34e-37
7	SPATA5	0.607703774	0.476	0.499	6.46e-36	1.69e-31
7	HDAC9	0.607680752	0.588	0.585	1.59e-55	4.1700000000000003e-51
7	FSD1L	0.607173697	0.401	0.397	1.64e-30	4.29e-26
7	MED27	0.606670623	0.511	0.54	5.770000000000001e-47	1.51e-42
7	ELF2	0.606666291	0.724	0.75	6.85e-105	1.79e-100
7	ERC1	0.606634585	0.644	0.694	4.44e-77	1.16e-72
7	TAF2	0.605347519	0.567	0.615	4.6e-57	1.1999999999999999e-52
7	MT-CO3	0.605011296	1.0	0.999	0.0	0.0
7	FOXO1	0.602968227	0.309	0.337	0.000201862	1.0
7	KATNAL1	0.602061855	0.356	0.312	2.4499999999999997e-38	6.4e-34
7	LRP8	0.602031424	0.281	0.189	2.48e-60	6.4900000000000005e-56
7	RNGTT	0.601962407	0.609	0.652	1.66e-72	4.359999999999999e-68
7	NLGN4Y	0.601259458	0.552	0.616	4.55e-31	1.1900000000000001e-26
7	AGPAT4	0.599250607	0.337	0.272	3.45e-44	9.029999999999999e-40
7	OTUD7A	0.597567042	0.271	0.186	6.439999999999999e-52	1.69e-47
7	RGS3	0.59749572	0.319	0.309	8.77e-18	2.3e-13
7	APBA1	0.597369786	0.456	0.474	1.1600000000000001e-29	3.05e-25
7	N4BP2	0.59626465	0.466	0.51	1.3e-26	3.4e-22
7	TUBGCP3	0.595521449	0.367	0.355	4.6500000000000005e-27	1.22e-22
7	NAB1	0.59516862	0.36	0.369	8.72e-19	2.28e-14
7	UNK	0.595042124	0.527	0.571	6.08e-43	1.59e-38
7	PTK2	0.594792039	0.915	0.917	3.3e-221	8.64e-217
7	MTCL1	0.592361402	0.347	0.316	4.08e-30	1.07e-25
7	DOPEY1	0.589957451	0.54	0.577	2.33e-48	6.09e-44
7	NAA16	0.588947537	0.371	0.352	5.1899999999999995e-30	1.36e-25
7	ADCY1	0.588838625	0.272	0.212	4.3e-35	1.1299999999999999e-30
7	MLLT10	0.588679808	0.625	0.679	2.9599999999999997e-67	7.76e-63
7	CPEB4	0.588261847	0.619	0.647	5.98e-62	1.57e-57
7	CEP170	0.588063324	0.534	0.542	3.7099999999999995e-54	9.71e-50
7	ATP6V0A1	0.587795529	0.53	0.568	1e-43	2.62e-39
7	SCLT1	0.587791649	0.401	0.409	4.74e-22	1.24e-17
7	ARHGAP18	0.587011228	0.397	0.347	6.07e-42	1.5900000000000002e-37
7	FOXN3	0.586737678	0.471	0.541	3.07e-13	8.03e-09
7	TTC17	0.586124144	0.509	0.561	2.19e-34	5.73e-30
7	ESR1	0.585611047	0.345	0.357	4.1e-09	0.000107366
7	GPCPD1	0.584951195	0.378	0.385	1.46e-20	3.82e-16
7	VPS50	0.584778405	0.355	0.377	4.03e-12	1.05e-07
7	AL139383.1	0.581716172	0.303	0.245	7.23e-33	1.8899999999999999e-28
7	PCSK1	0.581263433	0.404	0.269	1.01e-84	2.6400000000000003e-80
7	FOXK2	0.580345382	0.66	0.71	5.11e-83	1.34e-78
7	SYNE2	0.579732429	0.724	0.774	4e-81	1.05e-76
7	ASPM	0.579592613	0.3	0.209	1.98e-46	5.1699999999999994e-42
7	SEMA3C	0.57953432	0.284	0.307	0.002965153	1.0
7	RSU1	0.579097008	0.393	0.406	1.54e-20	4.04e-16
7	MED12L	0.578597621	0.347	0.352	4.8e-16	1.26e-11
7	RAP1GAP2	0.577650663	0.481	0.535	3.4299999999999996e-23	8.97e-19
7	AL359922.1	0.577475575	0.399	0.393	2.81e-29	7.36e-25
7	SLC16A7	0.576432108	0.264	0.167	7.27e-63	1.9000000000000002e-58
7	ZNF124	0.576096561	0.391	0.406	6.050000000000001e-21	1.58e-16
7	PLEKHA6	0.575103311	0.343	0.37	4.33e-10	1.13e-05
7	ANLN	0.575044807	0.276	0.195	1.39e-44	3.65e-40
7	CNTLN	0.574914099	0.609	0.674	1.29e-52	3.38e-48
7	CASP8AP2	0.574454626	0.417	0.449	2.87e-22	7.51e-18
7	ANKRD17	0.574204491	0.828	0.84	5.22e-144	1.37e-139
7	SLC2A13	0.573338885	0.294	0.293	4.94e-10	1.29e-05
7	TTLL5	0.57284769	0.558	0.608	4.4599999999999993e-42	1.17e-37
7	PRELID2	0.572601106	0.28	0.264	5.59e-14	1.46e-09
7	ECT2	0.572529691	0.332	0.288	1.48e-27	3.88e-23
7	PHTF2	0.572299495	0.483	0.511	3.1e-33	8.120000000000001e-29
7	STK39	0.57099916	0.6	0.63	5.05e-56	1.32e-51
7	SH3GL2	0.57058124	0.319	0.291	3.4900000000000005e-21	9.12e-17
7	ADAM11	0.569734296	0.27	0.173	1.17e-63	3.07e-59
7	GATAD2B	0.569730848	0.663	0.716	4.1400000000000003e-75	1.08e-70
7	RBM6	0.569479078	0.802	0.828	1.88e-152	4.93e-148
7	NUP153	0.568611941	0.558	0.618	2.02e-43	5.29e-39
7	CLASP2	0.568204145	0.526	0.584	9.360000000000001e-32	2.4500000000000002e-27
7	SMARCC1	0.568023197	0.736	0.785	2.98e-104	7.81e-100
7	CERS6	0.567765758	0.704	0.745	9.82e-91	2.57e-86
7	AGO2	0.566707783	0.667	0.703	1.32e-87	3.45e-83
7	UBAP2	0.565959098	0.653	0.705	1.64e-74	4.2900000000000005e-70
7	LMBR1	0.56575045	0.559	0.627	1.82e-41	4.760000000000001e-37
7	LONRF2	0.565399916	0.366	0.353	2.29e-25	6.0000000000000006e-21
7	ACTN1	0.565311029	0.398	0.455	2.76e-10	7.23e-06
7	ANK1	0.565173352	0.251	0.161	1.69e-55	4.41e-51
7	C3orf67	0.56289361	0.367	0.348	1.15e-25	3.0200000000000004e-21
7	EPC2	0.562890167	0.585	0.638	1.97e-60	5.15e-56
7	LRRK1	0.562007686	0.36	0.42	0.000930994	1.0
7	DLG5	0.561684052	0.667	0.74	5.39e-71	1.41e-66
7	BAZ1B	0.560926364	0.555	0.621	3.82e-41	1e-36
7	MAGI2	0.560784563	0.295	0.295	2.1e-10	5.49e-06
7	SPATS2	0.560679197	0.597	0.657	2.9399999999999996e-52	7.71e-48
7	FOXK1	0.559764916	0.395	0.434	2.02e-15	5.28e-11
7	R3HDM1	0.559677802	0.633	0.7	6.13e-58	1.6e-53
7	AKAP12	0.558347999	0.361	0.31	5.9699999999999996e-24	1.56e-19
7	USP37	0.557736468	0.506	0.564	3.6700000000000003e-31	9.600000000000002e-27
7	YEATS2	0.557095499	0.475	0.523	3.98e-28	1.0399999999999998e-23
7	RNF182	0.556931347	0.271	0.175	7.61e-59	1.9899999999999997e-54
7	DOK6	0.556656977	0.349	0.316	5.53e-26	1.4500000000000002e-21
7	EML6	0.555526241	0.276	0.248	1.25e-18	3.28e-14
7	YAF2	0.555439371	0.444	0.485	9.089999999999999e-23	2.38e-18
7	PKD1	0.554626417	0.276	0.253	1.2e-18	3.13e-14
7	PRPF3	0.554140571	0.415	0.456	2.23e-19	5.83e-15
7	EXOC6B	0.553878816	0.73	0.784	3.2e-90	8.38e-86
7	CHM	0.553664554	0.458	0.494	1.3e-26	3.39e-22
7	NCOA1	0.553348388	0.678	0.747	1.07e-66	2.81e-62
7	RUFY2	0.553289211	0.694	0.766	1.25e-85	3.28e-81
7	PPP6R3	0.55312396	0.771	0.813	1.73e-117	4.54e-113
7	RAD18	0.552838561	0.326	0.321	3.76e-18	9.85e-14
7	USPL1	0.552831572	0.366	0.346	1.9e-27	4.9799999999999996e-23
7	PRIM2	0.552360523	0.468	0.526	1.29e-19	3.37e-15
7	SPATS2L	0.552312251	0.76	0.778	3.2800000000000002e-80	8.6e-76
7	ATAD2B	0.551911768	0.413	0.441	7.47e-22	1.96e-17
7	SMC4	0.55099408	0.486	0.459	3.0899999999999998e-40	8.09e-36
7	LINC01060	0.550400948	0.558	0.569	3.18e-42	8.32e-38
7	PLCL2	0.550106318	0.318	0.265	2.33e-34	6.1e-30
7	PBRM1	0.548855373	0.693	0.753	1.83e-78	4.7899999999999994e-74
7	VTI1A	0.547779059	0.462	0.504	1.6099999999999998e-24	4.21e-20
7	OPA1	0.547742099	0.474	0.535	9.2e-25	2.41e-20
7	TMCC1	0.547601827	0.672	0.739	2.48e-64	6.49e-60
7	DAPK2	0.547587924	0.34	0.358	1.08e-11	2.83e-07
7	GPI	0.547294464	0.509	0.58	2.23e-22	5.85e-18
7	AGBL4	0.546189478	0.754	0.79	9.51e-69	2.49e-64
7	MAP2K3	0.545663224	0.404	0.451	2.68e-13	7.01e-09
7	SMAD1	0.545488338	0.286	0.319	0.000459352	1.0
7	PTPRN2	0.545403266	0.577	0.583	2.98e-57	7.8e-53
7	USP34	0.544937027	0.803	0.845	3.26e-127	8.530000000000001e-123
7	ZNF518A	0.543643303	0.381	0.422	1.11e-12	2.92e-08
7	RASAL2	0.543575265	0.642	0.687	2.06e-56	5.3999999999999994e-52
7	TCERG1	0.542670374	0.53	0.59	5.67e-39	1.48e-34
7	TOPBP1	0.542493482	0.429	0.459	4.65e-23	1.22e-18
7	KALRN	0.541730124	0.576	0.656	2.07e-24	5.42e-20
7	MKLN1	0.541232762	0.699	0.77	2.74e-82	7.16e-78
7	LAMTOR5-AS1	0.540207135	0.451	0.488	5.33e-26	1.3900000000000001e-21
7	ELP4	0.539459691	0.31	0.309	4.32e-13	1.13e-08
7	CCAR1	0.53929431	0.756	0.803	1.54e-108	4.0199999999999995e-104
7	LRMDA	0.53843925	0.708	0.808	3.78e-19	9.89e-15
7	SLIT1	0.538006284	0.269	0.195	5.47e-41	1.43e-36
7	SIMC1	0.537319605	0.363	0.372	5.76e-18	1.51e-13
7	FAM222B	0.536652714	0.682	0.732	2.0000000000000002e-77	5.2400000000000004e-73
7	TRIO	0.535317494	0.737	0.777	5.07e-92	1.33e-87
7	EYA2	0.535203918	0.452	0.472	1.02e-20	2.66e-16
7	FTO	0.534771235	0.466	0.521	3.16e-22	8.27e-18
7	RFX7	0.53463705	0.466	0.521	4.980000000000001e-21	1.3e-16
7	ST3GAL3	0.534529205	0.423	0.461	2.86e-18	7.49e-14
7	SPIRE1	0.534506159	0.424	0.474	4.04e-14	1.06e-09
7	E2F3	0.5341985	0.461	0.53	4.56e-18	1.19e-13
7	ABL2	0.534105397	0.488	0.551	2.01e-24	5.26e-20
7	UBR3	0.53226256	0.644	0.703	1.01e-68	2.64e-64
7	EMSY	0.531438672	0.434	0.476	4.26e-21	1.11e-16
7	KPNA3	0.530978622	0.417	0.442	1.15e-20	3e-16
7	EXOC6	0.530896185	0.441	0.502	8.5e-16	2.22e-11
7	TDRD3	0.530767581	0.341	0.362	2.3e-11	6.02e-07
7	LCLAT1	0.530532278	0.509	0.571	8.78e-29	2.2999999999999997e-24
7	RBL1	0.529752647	0.384	0.425	3.05e-11	7.98e-07
7	SEPT9	0.52909795	0.528	0.641	1.64e-11	4.29e-07
7	COPG2	0.52835047	0.318	0.301	2.26e-19	5.91e-15
7	TTLL7	0.528314574	0.523	0.6	7.41e-28	1.94e-23
7	MYEF2	0.527608705	0.527	0.582	1.4299999999999998e-34	3.7499999999999996e-30
7	UBE3C	0.527590436	0.617	0.682	1.22e-60	3.19e-56
7	RICTOR	0.52748269	0.462	0.523	2.13e-20	5.56e-16
7	NUP214	0.527453389	0.436	0.494	6.77e-18	1.77e-13
7	HACE1	0.527008946	0.341	0.349	7.59e-16	1.99e-11
7	ST7	0.526393422	0.303	0.288	5.9e-17	1.54e-12
7	EXOC2	0.52602578	0.38	0.409	1.7e-15	4.45e-11
7	FILIP1L	0.52580632	0.381	0.37	1.45e-24	3.8e-20
7	KIAA1211	0.525758651	0.455	0.486	4.21e-19	1.1e-14
7	CELF4	0.524686015	0.255	0.181	1.15e-40	3.02e-36
7	NBEA	0.524433851	0.606	0.682	1.1700000000000001e-32	3.07e-28
7	MAD1L1	0.523942216	0.406	0.439	3.27e-17	8.55e-13
7	DCLK1	0.522908283	0.365	0.382	1.81e-08	0.000472964
7	TMPO	0.522217584	0.614	0.632	6.78e-55	1.77e-50
7	ZNF638	0.521981866	0.807	0.854	4.77e-126	1.25e-121
7	KIF1B	0.521934006	0.654	0.718	1.83e-59	4.79e-55
7	WASF1	0.521919299	0.405	0.417	4.0600000000000004e-21	1.06e-16
7	SEZ6	0.521697488	0.317	0.279	1.78e-27	4.6599999999999993e-23
7	RORA	0.521520468	0.639	0.713	1.13e-22	2.96e-18
7	DNAJC12	0.521415361	0.527	0.503	7.3e-39	1.9099999999999999e-34
7	TRPC1	0.520212368	0.372	0.419	6.59e-09	0.000172521
7	CRIM1	0.520057308	0.539	0.57	1.86e-28	4.8599999999999995e-24
7	ARID3B	0.51885541	0.342	0.375	4.62e-10	1.21e-05
7	USP15	0.518793794	0.561	0.646	4.95e-39	1.3e-34
7	HPCAL1	0.518144995	0.345	0.398	9.55e-06	0.249906869
7	TRIM13	0.518062074	0.381	0.422	1.8e-12	4.72e-08
7	RAB26	0.517085124	0.328	0.331	5.65e-13	1.48e-08
7	ETV5	0.517037764	0.256	0.197	4.5e-31	1.1800000000000001e-26
7	UBE3D	0.516807515	0.391	0.418	2.86e-15	7.47e-11
7	CBFB	0.516306648	0.395	0.448	7.38e-12	1.93e-07
7	NUP107	0.516158898	0.393	0.444	2.32e-12	6.08e-08
7	NR2C2	0.515684917	0.391	0.452	1.33e-09	3.49e-05
7	NCALD	0.513449169	0.777	0.798	2.26e-84	5.91e-80
7	PCDH15	0.512992314	0.253	0.133	1.44e-84	3.76e-80
7	TNRC6A	0.512595687	0.701	0.772	1.78e-77	4.6500000000000005e-73
7	TIMM23B	0.512347193	0.379	0.425	1.08e-11	2.82e-07
7	STRN3	0.511662425	0.647	0.716	1.35e-60	3.54e-56
7	SMG6	0.511422546	0.495	0.586	1.34e-18	3.51e-14
7	ZNF367	0.510769605	0.273	0.241	3.58e-17	9.37e-13
7	COA1	0.510099758	0.589	0.672	1.1900000000000002e-43	3.12e-39
7	PPP3CB	0.510023599	0.737	0.795	2.69e-97	7.05e-93
7	PDS5A	0.509216899	0.685	0.763	9.810000000000001e-66	2.5699999999999998e-61
7	DDHD1	0.507520075	0.384	0.38	1.32e-22	3.46e-18
7	MTUS2	0.506833263	0.38	0.403	2.6e-10	6.79e-06
7	EIF4E3	0.506756997	0.257	0.24	4.16e-13	1.09e-08
7	ZCCHC11	0.505788663	0.644	0.732	8.79e-57	2.3e-52
7	SIPA1L3	0.504352313	0.737	0.794	5.4700000000000004e-73	1.43e-68
7	TTL	0.503521787	0.326	0.333	1.78e-13	4.66e-09
7	USP12	0.502814421	0.341	0.359	3.03e-12	7.94e-08
7	RNF111	0.502388676	0.523	0.618	1.44e-24	3.77e-20
7	CCER2	0.501925599	0.879	0.362	0.0	0.0
7	CDK13	0.501497798	0.634	0.709	1.6199999999999999e-55	4.23e-51
7	KIF4A	0.501350292	0.26	0.196	2.0099999999999997e-30	5.26e-26
7	NUP205	0.500615985	0.313	0.336	2.19e-09	5.73e-05
7	RPRD2	0.500432104	0.556	0.631	3.82e-31	1e-26
7	DPYSL5	0.500333936	0.381	0.41	1.69e-13	4.42e-09
7	ACBD6	0.499766878	0.604	0.687	2.4e-43	6.28e-39
7	TMTC2	0.498369541	0.359	0.419	0.00444101	1.0
7	MAPK14	0.498254162	0.463	0.525	4.08e-20	1.07e-15
7	MAST2	0.497875282	0.487	0.574	1.55e-15	4.06e-11
7	ORC3	0.497572433	0.38	0.433	8.94e-10	2.34e-05
7	SNRNP200	0.497436789	0.568	0.634	3.12e-35	8.16e-31
7	SYNJ1	0.497260038	0.298	0.294	5.82e-13	1.52e-08
7	ZNF254	0.497191637	0.487	0.573	1.84e-18	4.82e-14
7	MBD5	0.49687874	0.769	0.831	8.45e-74	2.21e-69
7	RPTOR	0.496840483	0.56	0.625	4.48e-41	1.17e-36
7	CNOT2	0.496163987	0.566	0.657	4.32e-36	1.13e-31
7	TMEM181	0.495399052	0.475	0.558	1.77e-16	4.64e-12
7	INVS	0.495305869	0.451	0.523	1.34e-11	3.51e-07
7	ARMC8	0.49519321	0.493	0.564	1.93e-23	5.05e-19
7	C2CD5	0.494207235	0.409	0.477	8.57e-10	2.24e-05
7	PAXBP1	0.494101096	0.485	0.574	4.98e-18	1.3e-13
7	HFM1	0.493901652	0.26	0.232	1.91e-16	5e-12
7	APC	0.493344576	0.477	0.555	5.42e-16	1.42e-11
7	CEP135	0.493263188	0.255	0.243	1.68e-11	4.4e-07
7	RIF1	0.492697006	0.549	0.64	3.2800000000000002e-31	8.6e-27
7	PAFAH1B1	0.492557574	0.743	0.799	1.17e-88	3.07e-84
7	PLEKHG4B	0.492115798	0.41	0.467	3.04e-12	7.96e-08
7	SERGEF	0.490968104	0.263	0.286	0.001175988	1.0
7	KIAA0319	0.490030694	0.395	0.461	9.39e-07	0.024578935
7	MYO19	0.489224112	0.434	0.512	1.05e-11	2.76e-07
7	TNKS	0.488929193	0.434	0.496	6.1e-15	1.6e-10
7	MBTD1	0.488707102	0.534	0.626	1.02e-21	2.68e-17
7	CRTC3	0.488406072	0.388	0.458	4.21e-07	0.011015384
7	MYO5A	0.488237422	0.345	0.38	9.81e-09	0.000256687
7	WDHD1	0.487607105	0.31	0.307	6.41e-14	1.68e-09
7	GEN1	0.486743085	0.257	0.216	4.7899999999999993e-23	1.25e-18
7	STOX1	0.48627186	0.413	0.491	6.63e-08	0.00173491
7	CEP295	0.486050965	0.279	0.262	3.04e-15	7.97e-11
7	CENPE	0.485992038	0.252	0.194	1.53e-25	4.0000000000000004e-21
7	PPP2R5E	0.485974837	0.592	0.688	5.63e-36	1.4700000000000002e-31
7	PER2	0.485928731	0.326	0.337	3.8e-12	9.94e-08
7	LYST	0.485830992	0.353	0.417	0.000694014	1.0
7	SP3	0.485576499	0.52	0.609	4.11e-24	1.08e-19
7	UBR5	0.485349143	0.766	0.821	5.11e-88	1.34e-83
7	TRAPPC8	0.484752725	0.401	0.488	4.69e-07	0.012277651
7	LNPK	0.484500373	0.414	0.484	5.71e-10	1.49e-05
7	TPST1	0.484322182	0.541	0.634	8.360000000000001e-22	2.19e-17
7	LIN52	0.484248491	0.419	0.475	3.26e-13	8.53e-09
7	NNT	0.48316654	0.357	0.419	6.23e-06	0.163115204
7	PRRC2B	0.482287463	0.654	0.741	3.61e-55	9.44e-51
7	RAF1	0.482279406	0.528	0.631	1.56e-22	4.09e-18
7	FANCM	0.480678467	0.288	0.291	1.51e-10	3.96e-06
7	ZNF93	0.48045212	0.279	0.275	1.45e-11	3.78e-07
7	LMNB1	0.480422622	0.352	0.349	4.14e-16	1.08e-11
7	CCDC66	0.480311734	0.41	0.478	2.22e-10	5.8e-06
7	AGPS	0.48004468	0.354	0.4	4.2e-08	0.001099583
7	ZNF43	0.479878373	0.418	0.488	4.62e-10	1.21e-05
7	PHACTR4	0.479858226	0.662	0.738	2.8699999999999997e-54	7.52e-50
7	REPS1	0.479257019	0.418	0.495	2.15e-09	5.62e-05
7	ADD2	0.47913435	0.278	0.259	2.1e-15	5.51e-11
7	PTPRJ	0.478221146	0.293	0.328	0.000454394	1.0
7	FBXO11	0.478106046	0.735	0.785	8.02e-75	2.1e-70
7	FBXL7	0.477801019	0.544	0.643	2.42e-10	6.32e-06
7	ACSL4	0.476526047	0.262	0.261	1.12e-08	0.000292761
7	LPP	0.476218331	0.691	0.791	1.57e-30	4.1100000000000004e-26
7	HECTD4	0.475888049	0.663	0.735	1.55e-55	4.05e-51
7	RABGAP1L	0.47571103	0.741	0.804	2.35e-69	6.14e-65
7	LPIN1	0.475411112	0.281	0.299	2.33e-06	0.0608781
7	DIXDC1	0.475238337	0.357	0.39	8.16e-09	0.000213461
7	RAB3IP	0.475232337	0.514	0.585	5.71e-20	1.5e-15
7	ASCC3	0.475226428	0.571	0.665	8.85e-30	2.32e-25
7	GNAL	0.475028244	0.257	0.248	5.96e-09	0.000155958
7	ATP8B2	0.474625213	0.271	0.271	4.12e-09	0.000107803
7	TRIM33	0.47452974	0.556	0.648	2.2900000000000002e-32	5.98e-28
7	TP73	0.474342758	0.293	0.278	2.08e-14	5.43e-10
7	OLA1	0.474223405	0.657	0.744	6.19e-45	1.6199999999999998e-40
7	METTL16	0.474127875	0.451	0.529	7.65e-14	2e-09
7	UBR1	0.474079901	0.545	0.624	1.0500000000000001e-29	2.75e-25
7	MTOR	0.473463853	0.365	0.425	1.93e-07	0.005041146
7	FAM46A	0.473087711	0.513	0.545	5.6e-19	1.47e-14
7	ANKRD6	0.472940183	0.313	0.349	8.09e-05	1.0
7	ZNF565	0.472003771	0.342	0.414	0.003109106	1.0
7	RAB28	0.471985876	0.461	0.559	1.36e-10	3.55e-06
7	ZC3H13	0.470655686	0.433	0.513	1.73e-10	4.53e-06
7	BTBD7	0.470412983	0.531	0.646	2.88e-16	7.55e-12
7	RNF130	0.470116578	0.683	0.766	1.54e-50	4.0199999999999994e-46
7	CENPF	0.469917731	0.422	0.32	1.29e-48	3.37e-44
7	CASK	0.469631855	0.573	0.628	9.71e-31	2.54e-26
7	N4BP2L2	0.469302557	0.658	0.757	1.79e-50	4.7e-46
7	SPAG9	0.468135063	0.741	0.778	1.06e-75	2.77e-71
7	CELF1	0.46808928	0.448	0.541	3.06e-10	8.01e-06
7	TMEM117	0.467381245	0.385	0.434	5.26e-07	0.013780939
7	MAP3K14	0.466975118	0.617	0.625	1.47e-54	3.84e-50
7	KAT6A	0.466876339	0.453	0.549	3.36e-10	8.8e-06
7	FER	0.466247776	0.544	0.631	6.94e-22	1.82e-17
7	BTRC	0.465697269	0.348	0.409	3.14e-05	0.821160973
7	RBFOX2	0.465610579	0.624	0.712	1.75e-41	4.57e-37
7	MARK3	0.465498306	0.607	0.695	2.4499999999999997e-38	6.4e-34
7	QSER1	0.46540779	0.259	0.237	5.34e-15	1.4e-10
7	WWC2	0.464843285	0.32	0.349	3.91e-06	0.102264787
7	ZNF609	0.464172575	0.648	0.723	3.87e-49	1.01e-44
7	PIK3CA	0.464014276	0.365	0.426	1.35e-05	0.352102875
7	ZCCHC7	0.462292709	0.712	0.787	5.45e-50	1.43e-45
7	ZNF644	0.461971815	0.697	0.776	2.35e-59	6.15e-55
7	MT-ND6	0.461572055	0.43	0.477	1.31e-13	3.42e-09
7	DIP2C	0.461451314	0.65	0.73	2.36e-47	6.170000000000001e-43
7	DCAF10	0.461011629	0.478	0.58	1.54e-11	4.02e-07
7	CSE1L	0.460025333	0.365	0.403	1.34e-09	3.5e-05
7	FAM13B	0.4598148	0.559	0.653	5.880000000000001e-27	1.5400000000000001e-22
7	COG6	0.459444094	0.281	0.286	6.7e-09	0.000175249
7	TNPO1	0.459038554	0.614	0.705	6.779999999999999e-42	1.77e-37
7	MBNL1	0.458990124	0.569	0.677	7.15e-17	1.87e-12
7	UIMC1	0.45884823	0.423	0.504	1.4e-09	3.66e-05
7	EHBP1	0.458218751	0.689	0.76	2.93e-54	7.67e-50
7	MED14	0.458127308	0.439	0.501	4.71e-13	1.23e-08
7	MPDZ	0.457776416	0.539	0.623	2.73e-20	7.15e-16
7	POLE2	0.457508111	0.279	0.284	1.06e-08	0.000277813
7	AL355478.1	0.457190299	0.294	0.293	2.16e-11	5.65e-07
7	HDAC4	0.457119124	0.461	0.554	8.34e-12	2.18e-07
7	ZNF608	0.455895479	0.267	0.28	2.65e-05	0.694023872
7	ZNF718	0.455764208	0.376	0.443	2.34e-06	0.061255794
7	BACH1	0.455717015	0.47	0.576	7.62e-09	0.000199541
7	PCNX1	0.454750942	0.457	0.552	5.85e-10	1.53e-05
7	AGAP3	0.454684414	0.299	0.332	4.48e-05	1.0
7	KCNH6	0.454623267	0.286	0.27	4.29e-13	1.12e-08
7	ZFYVE9	0.454369237	0.371	0.442	3.72e-05	0.973064332
7	NDUFAF6	0.453987709	0.633	0.726	1.21e-32	3.16e-28
7	SPC25	0.453646822	0.256	0.192	6.75e-28	1.7699999999999998e-23
7	PI4KA	0.453015987	0.353	0.42	7.65e-05	1.0
7	CDCP1	0.452983281	0.221	0.3	0.00314312	1.0
7	KLHL2	0.452502155	0.343	0.397	0.000275631	1.0
7	LIN54	0.452480538	0.318	0.361	4.56e-05	1.0
7	UBE2O	0.452201951	0.379	0.446	2.14e-06	0.056138503
7	VPS13D	0.452026313	0.503	0.617	5.79e-09	0.000151601
7	CEP350	0.45116849	0.575	0.662	2.69e-33	7.040000000000001e-29
7	EVI5	0.450393623	0.526	0.628	6.56e-16	1.72e-11
7	TPT1-AS1	0.44961968	0.282	0.323	0.004425456	1.0
7	PUM3	0.448748115	0.394	0.492	0.000977242	1.0
7	ATM	0.448670867	0.373	0.456	0.000307425	1.0
7	FERMT2	0.448279972	0.404	0.459	1.11e-08	0.000290099
7	PPM1D	0.447925585	0.446	0.52	4.75e-10	1.24e-05
7	CLEC16A	0.447696225	0.388	0.471	2.26e-05	0.591000012
7	SCAI	0.447413924	0.407	0.489	7.34e-06	0.192022265
7	SESN3	0.4472776	0.439	0.506	1.12e-08	0.000293688
7	NRF1	0.447130928	0.451	0.545	2.01e-09	5.26e-05
7	TEAD1	0.446972034	0.724	0.771	3.69e-55	9.67e-51
7	ONECUT2	0.446269634	0.313	0.336	3.96e-07	0.010371881
7	RALGAPA2	0.446260193	0.684	0.747	3.02e-53	7.89e-49
7	TCAIM	0.446100737	0.387	0.466	9.89e-05	1.0
7	ASXL2	0.445818032	0.478	0.577	2.43e-13	6.37e-09
7	NIPBL	0.445102505	0.738	0.816	5.92e-66	1.55e-61
7	RGS12	0.444756051	0.367	0.437	3.52e-05	0.920565619
7	PHF20	0.444755235	0.485	0.598	2.18e-10	5.71e-06
7	AKR1B10	0.444331582	0.277	0.218	1.8899999999999998e-24	4.96e-20
7	ADNP	0.444104032	0.699	0.784	1.2699999999999999e-60	3.33e-56
7	DNAJC1	0.44409212	0.618	0.676	7.580000000000001e-35	1.98e-30
7	CCDC18	0.443758213	0.279	0.296	2.07e-05	0.54239975
7	RACGAP1	0.443353326	0.256	0.218	1.28e-18	3.34e-14
7	ADCY9	0.44306438	0.272	0.28	5.87e-07	0.015374028
7	MTF2	0.442624442	0.475	0.575	1.34e-13	3.49e-09
7	EPB41	0.441547088	0.44	0.536	2.33e-06	0.061010978
7	MTSS1	0.441267356	0.534	0.626	5.05e-13	1.32e-08
7	ME3	0.441135082	0.328	0.369	8.95e-06	0.234140677
7	ITCH	0.44052278	0.568	0.676	4.3500000000000003e-26	1.1400000000000001e-21
7	MCM8	0.439764197	0.252	0.262	6.32e-06	0.165405383
7	ZMAT4	0.439663849	0.366	0.425	0.007572172	1.0
7	EXOC4	0.439302266	0.776	0.84	3.5399999999999996e-61	9.260000000000001e-57
7	DHRSX	0.439110231	0.483	0.597	4.98e-08	0.001303711
7	WDR20	0.438649027	0.423	0.535	0.000357742	1.0
7	NCKAP1	0.438000131	0.523	0.625	6.1e-19	1.6e-14
7	LRPPRC	0.437674748	0.563	0.673	1.56e-23	4.09e-19
7	NCBP1	0.437627601	0.341	0.403	0.000248496	1.0
7	FBXL20	0.4373418	0.521	0.649	8.08e-07	0.021161114
7	ADK	0.436911969	0.945	0.952	2.23e-128	5.85e-124
7	XPO1	0.436324537	0.574	0.674	7.29e-26	1.91e-21
7	NAA15	0.435765944	0.5	0.604	6.91e-15	1.81e-10
7	XPO5	0.434970199	0.313	0.365	0.000996075	1.0
7	KIAA1549	0.434628763	0.31	0.346	7.15e-05	1.0
7	TMEM131	0.434371639	0.51	0.605	1.59e-16	4.16e-12
7	ZZZ3	0.434350058	0.511	0.621	9.42e-15	2.46e-10
7	ETNK1	0.433105907	0.551	0.664	4.55e-20	1.19e-15
7	LUC7L3	0.432468865	0.813	0.872	1.6199999999999998e-90	4.2500000000000004e-86
7	KLF7	0.432318928	0.293	0.326	0.000615068	1.0
7	PTPRS	0.432042155	0.538	0.638	3.22e-17	8.42e-13
7	ABI2	0.431408086	0.63	0.733	2.95e-38	7.709999999999999e-34
7	TOP2A	0.431079909	0.548	0.387	8.709999999999999e-95	2.28e-90
7	MSH2	0.431001558	0.465	0.563	4.87e-10	1.28e-05
7	MAN1A2	0.430777342	0.483	0.599	4.83e-09	0.000126478
7	PDE6D	0.429350467	0.298	0.331	0.000148747	1.0
7	CUX1	0.42791683	0.691	0.784	1.12e-39	2.9300000000000004e-35
7	TCF4	0.427565714	0.337	0.262	2.99e-32	7.83e-28
7	SIPA1L1	0.427517498	0.631	0.724	1.79e-24	4.67e-20
7	GON4L	0.426774039	0.416	0.519	3.13e-05	0.818038909
7	RAD54L2	0.426212494	0.33	0.394	0.002065198	1.0
7	RBM33	0.42586853	0.433	0.534	9.44e-07	0.024698812
7	CC2D2A	0.425650545	0.316	0.354	4.47e-05	1.0
7	ERCC6L2	0.425208607	0.483	0.583	2.06e-12	5.4e-08
7	SMCHD1	0.425149387	0.59	0.704	1.53e-23	4.01e-19
7	ZNF292	0.425007584	0.651	0.758	1.7700000000000002e-35	4.6300000000000005e-31
7	STARD9	0.424984236	0.271	0.292	7.05e-05	1.0
7	ZRANB2-AS2	0.42386262	0.271	0.289	9.04e-05	1.0
7	CTDSPL2	0.423219427	0.526	0.646	3.83e-15	1e-10
7	AC211433.1	0.422905058	0.25	0.255	1.45e-06	0.037936433
7	NEXMIF	0.422836085	0.436	0.52	9.49e-06	0.248498091
7	XPO6	0.422020365	0.355	0.429	0.000361902	1.0
7	NCAPG2	0.420124488	0.31	0.355	0.002056625	1.0
7	ABCA3	0.41955906	0.249	0.274	0.005189193	1.0
7	SCMH1	0.41918364	0.68	0.776	7.29e-41	1.91e-36
7	GJC1	0.419119101	0.259	0.222	1.62e-18	4.25e-14
7	WDR35	0.418422415	0.304	0.35	0.002402154	1.0
7	AKAP11	0.41815623	0.3	0.337	6.83e-05	1.0
7	NCOR2	0.417982042	0.423	0.543	0.004564488	1.0
7	SMC6	0.417453192	0.361	0.446	0.004313129	1.0
7	CHEK1	0.416794804	0.288	0.328	0.003192126	1.0
7	SELENOI	0.416574623	0.379	0.471	0.001304023	1.0
7	DDX10	0.416499052	0.391	0.483	0.001281747	1.0
7	CACNG4	0.416327663	0.269	0.28	4.08e-05	1.0
7	DMXL2	0.416277033	0.369	0.452	0.001777964	1.0
7	SLC16A4	0.416211145	0.259	0.289	0.005926691	1.0
7	PCCA	0.415649001	0.457	0.575	8.77e-05	1.0
7	ZNF451	0.415638952	0.429	0.535	2.34e-05	0.613543857
7	CKAP5	0.415515408	0.328	0.379	0.000721112	1.0
7	TBCK	0.415413383	0.461	0.56	2.89e-07	0.007558251
7	PTPN2	0.415413352	0.461	0.563	1.97e-09	5.16e-05
7	CREBBP	0.414996114	0.606	0.712	6.18e-32	1.6200000000000003e-27
7	CCNY	0.414759123	0.588	0.694	5.3399999999999996e-24	1.4e-19
7	FANCC	0.414522124	0.49	0.607	9.23e-08	0.002415603
7	MT-CYB	0.414306323	0.996	0.995	2.45e-193	6.4099999999999995e-189
7	ALMS1	0.414275776	0.423	0.531	0.000450696	1.0
7	PCID2	0.414241848	0.273	0.304	0.000484285	1.0
7	PKN2	0.414174717	0.64	0.746	3.1800000000000003e-37	8.33e-33
7	SENP6	0.413510977	0.692	0.797	2.61e-43	6.83e-39
7	KDM2A	0.413501329	0.602	0.703	4.1899999999999995e-28	1.1e-23
7	NCS1	0.41199848	0.312	0.33	1.78e-06	0.046495515
7	DNMT1	0.410942266	0.461	0.552	8.3e-10	2.17e-05
7	GNG4	0.410878226	0.553	0.628	4.14e-13	1.08e-08
7	NDFIP2	0.41003329	0.318	0.369	0.002264291	1.0
7	GTF2I	0.409830659	0.783	0.846	8.600000000000001e-73	2.25e-68
7	NELL2	0.408673413	0.531	0.605	1.98e-14	5.19e-10
7	UHRF1	0.408297342	0.265	0.279	4.41e-05	1.0
7	CCM2	0.40829574	0.301	0.35	0.007874713	1.0
7	KIAA0586	0.407270449	0.342	0.407	0.003932306	1.0
7	CPSF6	0.407124114	0.578	0.696	2.0199999999999997e-23	5.29e-19
7	CNTRL	0.406302256	0.354	0.42	0.000448625	1.0
7	ATP11C	0.406240188	0.339	0.401	0.004061474	1.0
7	ZNF678	0.405794328	0.308	0.35	0.000376895	1.0
7	MAP3K5	0.405446991	0.418	0.597	3.11e-06	0.081376189
7	PTPRA	0.405346166	0.624	0.728	3.7499999999999996e-30	9.810000000000001e-26
7	PEAK1	0.405191504	0.359	0.399	1.03e-05	0.269050651
7	COMMD1	0.404852389	0.48	0.605	2.48e-06	0.065031439
7	ABHD3	0.404669252	0.48	0.582	0.008637996	1.0
7	PPP1R12B	0.404371025	0.536	0.636	4.88e-15	1.28e-10
7	ZC3H12C	0.404236289	0.258	0.273	0.0002643	1.0
7	CCNT2	0.403623937	0.381	0.475	0.002461839	1.0
7	RAB3GAP2	0.403569093	0.414	0.522	0.000881475	1.0
7	ZNF207	0.403073073	0.667	0.773	2.14e-43	5.6e-39
7	ORC4	0.402569967	0.456	0.576	2.21e-06	0.057803663
7	BAIAP2L1	0.402279368	0.526	0.65	9.13e-07	0.023886753
7	IRS2	0.402137891	0.455	0.529	6.61e-08	0.001731475
7	CHD9	0.401338566	0.514	0.636	8.08e-09	0.000211371
7	SPPL2A	0.401129228	0.46	0.576	2.01e-06	0.052562742
7	RASA1	0.400996242	0.452	0.567	3.93e-05	1.0
7	AC015813.2	0.400710412	0.276	0.308	0.000829862	1.0
7	CWC27	0.400491628	0.433	0.549	0.000862411	1.0
7	SOS2	0.399976914	0.499	0.619	8.56e-09	0.000224
7	PUM1	0.399230103	0.741	0.838	7.519999999999999e-48	1.9700000000000002e-43
7	RNF216	0.399028942	0.425	0.532	7.02e-05	1.0
7	TOGARAM1	0.398316756	0.479	0.592	4.16e-07	0.010879257
7	HEPACAM2	0.39790587	0.264	0.197	2.5200000000000003e-27	6.59e-23
7	SLC25A12	0.396886707	0.415	0.515	0.000155129	1.0
7	ASH1L	0.396490094	0.819	0.87	6.44e-73	1.69e-68
7	ZMYND11	0.395479245	0.479	0.598	1.08e-07	0.002835246
7	MAPKAP1	0.395366865	0.463	0.596	0.000106146	1.0
7	SPEN	0.395005753	0.478	0.606	1.33e-06	0.034875886
7	MT-ATP6	0.394163196	0.998	0.997	3.3699999999999998e-180	8.83e-176
7	PAM	0.394112416	0.587	0.49	5.4499999999999995e-93	1.43e-88
7	USP48	0.394098237	0.463	0.584	1.04e-06	0.027271847
7	TNRC6C	0.393847136	0.497	0.636	1.8e-05	0.469900603
7	SETD2	0.393253921	0.643	0.753	4.87e-33	1.27e-28
7	PTK7	0.392982509	0.404	0.493	0.000122965	1.0
7	DMTF1	0.392316637	0.408	0.516	0.00169665	1.0
7	CAPZB	0.391784105	0.624	0.716	7.32e-27	1.92e-22
7	CHD1	0.391735518	0.454	0.573	5.41e-05	1.0
7	KIAA1958	0.389584456	0.451	0.559	0.000147493	1.0
7	MNX1	0.389232383	0.25	0.248	4.56e-07	0.011929306
7	TAF15	0.389178464	0.84	0.884	8.9e-81	2.33e-76
7	RYBP	0.388365348	0.588	0.704	6.57e-15	1.72e-10
7	DDX50	0.387676254	0.586	0.713	3.2e-18	8.38e-14
7	ZMYM4	0.387659617	0.409	0.526	0.009159967	1.0
7	EXOC5	0.387551412	0.396	0.5	0.003230074	1.0
7	GSK3B	0.386710677	0.673	0.769	1.9600000000000001e-35	5.14e-31
7	POGZ	0.386595639	0.59	0.704	1.66e-22	4.35e-18
7	FAM120B	0.385723037	0.451	0.58	0.000212604	1.0
7	NUF2	0.385682092	0.252	0.213	2.75e-16	7.19e-12
7	LBR	0.383763954	0.358	0.426	0.000919278	1.0
7	CUL1	0.383433694	0.461	0.595	7.56e-05	1.0
7	PKP4	0.38339235	0.509	0.657	0.006173089	1.0
7	WDR33	0.382430292	0.521	0.657	1.25e-11	3.27e-07
7	KLHL23	0.382260805	0.521	0.64	1.04e-09	2.74e-05
7	MAP4K3	0.381709468	0.678	0.771	4.17e-40	1.09e-35
7	CAMTA1	0.379790733	0.713	0.794	2.8199999999999998e-40	7.38e-36
7	AKAP10	0.379762855	0.437	0.567	0.005986793	1.0
7	TLK2	0.379499483	0.56	0.683	2.05e-17	5.38e-13
7	CRMP1	0.379361455	0.332	0.322	7.27e-12	1.9e-07
7	NUMB	0.378284578	0.48	0.612	3.3e-05	0.86451808
7	NCOA6	0.377926743	0.42	0.534	0.002046169	1.0
7	XKR9	0.377190672	0.235	0.25	0.00215584	1.0
7	SCAF8	0.377019653	0.554	0.67	1.16e-16	3.03e-12
7	WNK2	0.376143177	0.463	0.576	4.75e-05	1.0
7	PARD3	0.376079043	0.786	0.866	3.52e-40	9.21e-36
7	MAP4K5	0.375860816	0.432	0.553	0.004901997	1.0
7	STK24	0.375825679	0.44	0.544	8.95e-05	1.0
7	ENAH	0.375289949	0.783	0.845	8.42e-45	2.2e-40
7	FAM193A	0.375229294	0.464	0.578	1.19e-06	0.03103053
7	SMG7	0.374931974	0.43	0.543	0.000999548	1.0
7	SYNRG	0.374444512	0.51	0.643	4.94e-08	0.001292575
7	WDFY2	0.373775775	0.444	0.568	0.007306932	1.0
7	TAOK1	0.372024644	0.722	0.817	1.6099999999999998e-45	4.22e-41
7	C14orf37	0.370989294	0.66	0.789	3.22e-29	8.43e-25
7	C16orf52	0.370802662	0.414	0.52	0.003355268	1.0
7	MCU	0.370389144	0.667	0.783	2.88e-16	7.54e-12
7	CHGB	0.369601152	0.282	0.243	1.67e-14	4.37e-10
7	PHF20L1	0.368653668	0.497	0.629	1.99e-08	0.000522061
7	TOP1	0.368566421	0.558	0.694	3.29e-09	8.61e-05
7	GIGYF2	0.367161724	0.584	0.716	4.32e-17	1.13e-12
7	LARP4B	0.366391714	0.538	0.664	9.89e-12	2.59e-07
7	DYRK1A	0.365996951	0.685	0.778	1.96e-38	5.12e-34
7	PIAS1	0.365852523	0.553	0.692	4.09e-10	1.07e-05
7	FRYL	0.365442625	0.644	0.747	1.1500000000000001e-29	3e-25
7	BAZ1A	0.36460013	0.546	0.668	2.67e-08	0.000698482
7	CLASP1	0.364492607	0.622	0.736	3.3e-22	8.63e-18
7	COG5	0.364034483	0.58	0.696	2.73e-15	7.15e-11
7	SCAPER	0.362881064	0.579	0.696	6.29e-15	1.65e-10
7	NOL4	0.362728167	0.275	0.23	2e-18	5.23e-14
7	NSRP1	0.362604429	0.613	0.75	1.54e-20	4.04e-16
7	SFMBT2	0.362373009	0.667	0.756	6.29e-19	1.65e-14
7	ISL1	0.361245884	0.484	0.328	4.93e-63	1.29e-58
7	TPD52	0.360184052	0.746	0.804	2.32e-35	6.070000000000001e-31
7	ETV6	0.359757005	0.349	0.487	0.002363334	1.0
7	UBA2	0.35793791	0.537	0.665	3.76e-10	9.85e-06
7	CDC42SE2	0.355706714	0.434	0.539	0.000856345	1.0
7	WDR70	0.35507212	0.505	0.645	8.43e-06	0.220687666
7	ARC	0.354623668	0.31	0.299	2.17e-09	5.68e-05
7	CKAP2	0.353735528	0.286	0.291	5.44e-06	0.142510263
7	SKA2	0.353517493	0.546	0.648	2.14e-10	5.59e-06
7	ARGLU1	0.349785976	0.442	0.576	0.006886309	1.0
7	NFAT5	0.349226117	0.524	0.646	9.89e-08	0.002589383
7	SRSF10	0.34718402	0.619	0.756	1.94e-17	5.07e-13
7	NCOA2	0.346748408	0.716	0.819	2.16e-25	5.66e-21
7	CUX2	0.345995381	0.544	0.634	5.73e-09	0.000149932
7	AP3B2	0.345995219	0.323	0.365	0.000961739	1.0
7	HMGCS1	0.34575897	0.429	0.529	0.007215921	1.0
7	GNB1	0.344505428	0.758	0.831	8.2e-38	2.15e-33
7	C9orf3	0.344301961	0.661	0.759	2.2799999999999998e-24	5.97e-20
7	AL117329.1	0.344129182	0.571	0.699	7e-06	0.183267186
7	OTUD4	0.343109122	0.245	0.341	0.000774099	1.0
7	STT3B	0.340255023	0.443	0.57	0.006205591	1.0
7	JPX	0.338500595	0.551	0.686	1.8e-10	4.71e-06
7	LRCH3	0.338198007	0.534	0.674	1.25e-06	0.032665796
7	VEZT	0.337351182	0.567	0.707	1.22e-11	3.19e-07
7	PTBP3	0.334631249	0.498	0.64	0.000360223	1.0
7	SH3KBP1	0.334564871	0.265	0.363	0.002877472	1.0
7	MAP3K2	0.333949065	0.522	0.664	4.54e-06	0.118869038
7	XRN1	0.33260896	0.51	0.648	1.13e-05	0.294552719
7	SPOP	0.332569671	0.49	0.642	0.001774641	1.0
7	AHI1	0.332465174	0.701	0.799	1.79e-25	4.670000000000001e-21
7	CNOT4	0.331440976	0.522	0.668	1.87e-06	0.049061844
7	ANKIB1	0.331042987	0.562	0.699	8.66e-09	0.000226589
7	ARL15	0.330876161	0.644	0.752	1.03e-14	2.7e-10
7	STK40	0.329841359	0.271	0.369	0.008391477	1.0
7	GOSR1	0.329483256	0.556	0.7	2.99e-09	7.82e-05
7	SRSF4	0.328999443	0.652	0.785	8.57e-21	2.24e-16
7	SLC38A2	0.328341768	0.442	0.545	0.001915594	1.0
7	SCN8A	0.328072968	0.464	0.577	0.000344078	1.0
7	RFX3	0.3264983	0.745	0.809	1.1599999999999999e-42	3.02e-38
7	PPL	0.326193118	0.231	0.331	3.04e-06	0.079482982
7	ARID4B	0.325686836	0.735	0.837	4.84e-32	1.27e-27
7	SMURF2	0.324649034	0.654	0.766	2.4099999999999998e-24	6.31e-20
7	NSD3	0.324236396	0.676	0.8	3.29e-25	8.600000000000001e-21
7	SPTBN1	0.322448749	0.651	0.754	3.0000000000000003e-21	7.85e-17
7	EIF2B3	0.321607003	0.325	0.454	0.00625288	1.0
7	HACD3	0.321534017	0.592	0.719	3.02e-11	7.89e-07
7	ADAMTSL1	0.321129444	0.342	0.298	7.74e-16	2.03e-11
7	RALGDS	0.32102615	0.235	0.323	0.00153485	1.0
7	SPPL3	0.319990987	0.555	0.707	6.86e-06	0.179556553
7	ZNF562	0.319329613	0.264	0.361	0.00532669	1.0
7	GAREM1	0.318608218	0.325	0.463	1.83e-05	0.479808824
7	MED13	0.318406107	0.765	0.846	1.5e-38	3.93e-34
7	THADA	0.317469476	0.476	0.606	0.007020131	1.0
7	DHX9	0.31704908	0.555	0.699	1.11e-09	2.9e-05
7	RTN3	0.316294086	0.679	0.807	4.11e-19	1.08e-14
7	SSX2IP	0.315377429	0.271	0.385	0.000301335	1.0
7	RBPJ	0.314346534	0.572	0.72	4.77e-08	0.001247992
7	HNF4G	0.312824012	0.145	0.262	2.0099999999999997e-23	5.26e-19
7	LINC01725	0.312309579	0.225	0.303	0.00073709	1.0
7	ARID1A	0.311221509	0.561	0.696	3e-09	7.84e-05
7	USP13	0.309705523	0.291	0.397	0.008860826	1.0
7	MOB1B	0.308613907	0.274	0.393	2.63e-05	0.687151987
7	MON2	0.306835708	0.521	0.662	3.87e-05	1.0
7	TRMT11	0.306766933	0.271	0.373	0.005646801	1.0
7	SMARCA4	0.30605215	0.511	0.65	6.44e-05	1.0
7	KMT2A	0.304935464	0.56	0.706	2.29e-07	0.005988804
7	MAU2	0.304916713	0.258	0.366	0.000196801	1.0
7	ZNF148	0.304542339	0.624	0.754	6.33e-15	1.66e-10
7	TMEM41B	0.304172438	0.307	0.447	2.32e-05	0.607688171
7	DHX57	0.304084755	0.284	0.4	0.000392977	1.0
7	RAB12	0.30347897	0.246	0.341	0.001153179	1.0
7	PCM1	0.303371288	0.536	0.674	3.32e-07	0.008688758
7	DDX46	0.303056149	0.535	0.68	1.86e-05	0.487907639
7	SEH1L	0.302896088	0.229	0.311	0.003141363	1.0
7	SOCS7	0.30209484	0.276	0.384	0.001527297	1.0
7	MYO9A	0.3018687	0.51	0.643	0.000692553	1.0
7	DIRC2	0.301397342	0.261	0.36	0.001512852	1.0
7	BPTF	0.300431721	0.827	0.893	2.34e-35	6.14e-31
7	ORC5	0.298950186	0.245	0.333	0.002959271	1.0
7	BDP1	0.298792492	0.512	0.661	0.000126205	1.0
7	H2AFY2	0.298733489	0.524	0.641	6.58e-05	1.0
7	SIRT1	0.298374364	0.607	0.715	4.99e-13	1.31e-08
7	NOL11	0.297360443	0.308	0.445	0.000241061	1.0
7	DLG1	0.296891236	0.682	0.794	1.45e-20	3.8e-16
7	DCAKD	0.296790192	0.325	0.456	0.008645176	1.0
7	TPX2	0.296478909	0.292	0.28	2.13e-07	0.005575137
7	MEF2A	0.296273972	0.616	0.745	1.02e-12	2.66e-08
7	IMMT	0.29506864	0.359	0.519	0.001867543	1.0
7	WRN	0.29495146	0.248	0.339	0.002019395	1.0
7	POU2F1	0.294067789	0.517	0.657	0.003157703	1.0
7	INTS8	0.29406169	0.328	0.47	0.001102213	1.0
7	CYB5R4	0.293564505	0.236	0.321	0.002317229	1.0
7	CYFIP2	0.293333926	0.23	0.306	0.007169217	1.0
7	SMC5	0.292957565	0.626	0.747	1.01e-14	2.63e-10
7	ZC3H7A	0.292724411	0.307	0.43	0.003766258	1.0
7	CCDC84	0.292012585	0.276	0.385	0.001114163	1.0
7	TRAPPC10	0.291991354	0.301	0.423	0.003332536	1.0
7	CUL3	0.291360198	0.621	0.752	1.17e-14	3.06e-10
7	LEMD3	0.29065788	0.324	0.454	0.007248207	1.0
7	LRCH1	0.290412857	0.274	0.372	0.001770448	1.0
7	CPSF7	0.29018716	0.287	0.42	1.51e-05	0.396515843
7	WARS2	0.289574541	0.274	0.376	0.002480624	1.0
7	TUBD1	0.289207025	0.242	0.332	0.001532298	1.0
7	VRK2	0.288678684	0.31	0.45	9.23e-06	0.241681742
7	SPIN1	0.288609029	0.585	0.742	7.51e-07	0.019660722
7	FAM174B	0.288439756	0.306	0.432	0.000411662	1.0
7	NSMCE2	0.288317228	0.762	0.85	7.090000000000001e-27	1.86e-22
7	ULK1	0.287905169	0.196	0.282	3.23e-06	0.08447833
7	SUPV3L1	0.287654758	0.326	0.463	0.002585438	1.0
7	NUP85	0.2873056	0.277	0.382	0.003013111	1.0
7	ZNF131	0.287153481	0.536	0.699	0.000444709	1.0
7	PDE8A	0.286774355	0.262	0.358	0.00127991	1.0
7	UBL3	0.286523069	0.259	0.364	0.000153328	1.0
7	DCLRE1C	0.286227897	0.219	0.298	0.001112307	1.0
7	ATXN2L	0.286039233	0.299	0.425	0.000547479	1.0
7	CNOT1	0.285684277	0.302	0.433	0.000374537	1.0
7	DPY19L4	0.28460697	0.311	0.454	2.88e-05	0.753484993
7	NUP133	0.284593243	0.241	0.339	9.96e-05	1.0
7	CNOT6	0.284353671	0.34	0.483	0.00183959	1.0
7	RSPRY1	0.283744407	0.243	0.341	0.000333104	1.0
7	GIT2	0.28330081	0.238	0.322	0.003671872	1.0
7	MARCH6	0.283096857	0.61	0.748	4.03e-13	1.06e-08
7	ECHDC1	0.283088954	0.316	0.454	0.00056664	1.0
7	NKTR	0.282034378	0.597	0.741	3.33e-09	8.71e-05
7	PRKD3	0.281688608	0.28	0.4	5.41e-05	1.0
7	SOCS5	0.281532868	0.234	0.321	0.001289332	1.0
7	PPP1R12A	0.280928375	0.536	0.701	0.000285805	1.0
7	POLK	0.280923677	0.346	0.491	0.004768851	1.0
7	CEP97	0.280839523	0.25	0.341	0.002948496	1.0
7	ZNF780B	0.280631865	0.258	0.365	7.22e-05	1.0
7	ESCO1	0.280547475	0.336	0.487	0.000147102	1.0
7	C4orf19	0.280216169	0.256	0.374	7.94e-08	0.002077287
7	MED13L	0.280148197	0.762	0.86	1.81e-22	4.74e-18
7	SLC25A21	0.28011769	0.299	0.407	0.000539269	1.0
7	VPS36	0.280103425	0.235	0.326	0.000430656	1.0
7	ALG8	0.279824858	0.256	0.357	0.000797572	1.0
7	GPR75-ASB3	0.279572504	0.24	0.326	0.001158015	1.0
7	IFT88	0.279292097	0.287	0.413	2.64e-05	0.691091822
7	TMEM259	0.279273236	0.224	0.316	6.22e-05	1.0
7	UCK2	0.27908564	0.263	0.376	1.6e-05	0.419180291
7	FBXO28	0.279024343	0.376	0.537	0.002264461	1.0
7	CSTF3	0.278416163	0.28	0.411	6.48e-06	0.169677669
7	ZNF529	0.278371235	0.282	0.409	3e-05	0.785569292
7	KLHL20	0.27813323	0.303	0.42	0.003081157	1.0
7	CDC16	0.277506143	0.244	0.343	0.000103307	1.0
7	VPS13B	0.276939544	0.785	0.855	4.3699999999999995e-34	1.1400000000000001e-29
7	TTTY14	0.276552688	0.568	0.701	0.001478187	1.0
7	PUS7	0.275840414	0.224	0.324	1.14e-06	0.029710836
7	LRRC40	0.275553477	0.2	0.272	0.000583911	1.0
7	SEC61A2	0.275122097	0.193	0.258	0.002691991	1.0
7	EML1	0.275116888	0.206	0.285	0.000179605	1.0
7	TRMT13	0.274786828	0.246	0.354	9.31e-06	0.243702617
7	MICAL3	0.27465038	0.211	0.284	0.001470951	1.0
7	PIGU	0.274464102	0.233	0.32	0.000566305	1.0
7	DCBLD2	0.274332533	0.274	0.396	7.77e-06	0.203376839
7	SFXN5	0.274215277	0.2	0.274	0.00014672	1.0
7	MT-CO1	0.273750409	0.997	0.997	4.66e-130	1.22e-125
7	NSL1	0.273674559	0.298	0.435	4.98e-06	0.130447491
7	FARSB	0.273540204	0.294	0.422	0.000116544	1.0
7	HSPBAP1	0.27308417	0.189	0.253	0.001724564	1.0
7	NXN	0.27272381	0.323	0.469	3.26e-07	0.008530292
7	STK4	0.272227211	0.3	0.425	0.001157253	1.0
7	TTC3	0.271550867	0.858	0.919	7.83e-33	2.05e-28
7	LNX2	0.271498963	0.211	0.277	0.007256297	1.0
7	ZDHHC17	0.271205768	0.208	0.274	0.008858621	1.0
7	ATF6	0.271182328	0.355	0.505	0.004239435	1.0
7	ZNF253	0.270498022	0.221	0.295	0.003988117	1.0
7	WDTC1	0.270040158	0.216	0.308	8.35e-06	0.21851864
7	FAM193B	0.269940308	0.277	0.386	0.001011621	1.0
7	SCAP	0.26989875	0.233	0.346	5.59e-08	0.001461984
7	MPRIP	0.269805501	0.218	0.293	0.003564744	1.0
7	ARHGEF11	0.269232377	0.313	0.445	6.27e-05	1.0
7	HEATR1	0.268944868	0.208	0.285	0.00040981	1.0
7	ZRANB2	0.268738012	0.541	0.713	0.001021076	1.0
7	FARS2	0.268406308	0.305	0.442	8.97e-06	0.234871364
7	STX18	0.268393486	0.279	0.421	2.81e-08	0.000736432
7	XXYLT1	0.268341023	0.259	0.385	1.06e-07	0.002773375
7	GAK	0.268104545	0.245	0.362	4.66e-07	0.012198902
7	DNM2	0.268061505	0.314	0.469	1.02e-06	0.02680391
7	NR2C1	0.267592619	0.309	0.435	0.001493545	1.0
7	SYT7	0.267517925	0.254	0.374	7.32e-07	0.019156863
7	KLHL28	0.266919824	0.326	0.466	0.000199229	1.0
7	DDX31	0.266823882	0.268	0.382	2.91e-05	0.762425484
7	AC112493.1	0.266789402	0.199	0.259	0.004119267	1.0
7	ZDHHC15	0.265967918	0.198	0.261	0.007459679	1.0
7	KIAA0100	0.265280537	0.299	0.446	2.13e-06	0.055715278
7	UBTD2	0.26494098	0.334	0.497	5.14e-07	0.013448984
7	IPMK	0.264866015	0.257	0.354	0.000963499	1.0
7	TMEM150C	0.26330218	0.229	0.316	0.000157502	1.0
7	CHFR	0.262529201	0.229	0.334	1.16e-06	0.030350576
7	PTBP1	0.261828945	0.376	0.545	0.001047002	1.0
7	SEC24C	0.261387837	0.291	0.435	2.4e-07	0.006288264
7	POLR1A	0.261268507	0.195	0.277	1.03e-05	0.270201178
7	MED24	0.261136399	0.189	0.261	0.000115299	1.0
7	AGK	0.26055833	0.221	0.314	8.21e-06	0.214863019
7	BRAF	0.260242896	0.764	0.84	5.9399999999999995e-30	1.56e-25
7	ASXL1	0.259795278	0.575	0.716	6.61e-05	1.0
7	MYBL2	0.259291136	0.252	0.248	0.000368917	1.0
7	EPN2	0.259270449	0.594	0.754	1.76e-05	0.460422734
7	UTP23	0.25921117	0.31	0.462	2.23e-07	0.005846206
7	RSF1	0.25916097	0.568	0.735	0.002075355	1.0
7	ZSCAN5A	0.258892781	0.229	0.352	8.13e-11	2.13e-06
7	PPM1L	0.258799558	0.265	0.364	5.57e-05	1.0
7	ZNF141	0.25875221	0.236	0.341	1.71e-06	0.044778836
7	PPM1A	0.258708259	0.371	0.541	0.001617777	1.0
7	RBM4	0.258659409	0.284	0.42	7.01e-07	0.018356585
7	SUCLA2	0.258634514	0.24	0.344	1.22e-05	0.320419013
7	RPS6KC1	0.258294941	0.383	0.552	0.00062328	1.0
7	ZNF197	0.258143457	0.222	0.324	4.27e-07	0.011177683
7	ZFY	0.257998419	0.202	0.283	4.65e-05	1.0
7	EPC1	0.257540955	0.635	0.778	6.54e-10	1.71e-05
7	R3HDM2	0.257430492	0.561	0.736	0.008371315	1.0
7	CSGALNACT2	0.25715012	0.259	0.361	0.000461313	1.0
7	ICE1	0.25691107	0.302	0.442	9.67e-06	0.253197337
7	MTFR1	0.256876412	0.27	0.404	7.14e-08	0.001870105
7	ZNF146	0.256864398	0.342	0.499	0.000166282	1.0
7	HECTD2	0.256696691	0.228	0.309	0.000794669	1.0
7	TNPO3	0.256325069	0.375	0.538	0.001847768	1.0
7	DIP2A	0.255990909	0.315	0.461	1.29e-05	0.336646352
7	UBXN7	0.255944085	0.372	0.531	0.004136831	1.0
7	LYRM4	0.255593245	0.205	0.298	2.58e-07	0.006749607
7	MAPK1	0.255543279	0.293	0.435	1.29e-06	0.033796702
7	MAP3K9	0.255344075	0.232	0.319	0.000394987	1.0
7	KANSL3	0.255269263	0.269	0.374	0.001134264	1.0
7	TRAF3	0.254512713	0.29	0.438	7.15e-09	0.000187093
7	YES1	0.254494182	0.418	0.6	0.000156823	1.0
7	NUP54	0.254433208	0.334	0.492	1.47e-05	0.384248982
7	GPBP1	0.254423242	0.635	0.788	3.09e-10	8.09e-06
7	CEP162	0.254383894	0.218	0.302	7.99e-05	1.0
7	SCAMP5	0.253441801	0.215	0.303	2.04e-05	0.533329748
7	HIF1A	0.253073407	0.389	0.553	0.00526846	1.0
7	LRRC28	0.25302767	0.226	0.321	4.44e-06	0.116154758
7	SMPD4	0.252539769	0.219	0.324	5.39e-08	0.001411674
7	POLH	0.25224365	0.213	0.298	2.74e-05	0.716860383
7	DNASE1	0.251924705	0.278	0.407	8.44e-07	0.022092297
7	ZNHIT6	0.250826843	0.226	0.325	1.78e-06	0.046625553
7	TRAF3IP1	0.250587521	0.298	0.431	1.5e-05	0.393494989
7	SACM1L	0.250281408	0.245	0.359	5.8e-07	0.01518397
7	CREM	0.250053464	0.311	0.458	9.4e-07	0.024616498
8	TOP2A	2.779864145	0.973	0.374	0.0	0.0
8	HMGB2	2.335620992	0.96	0.592	0.0	0.0
8	CCNB1	2.273912931	0.77	0.181	0.0	0.0
8	ARL6IP1	2.236730846	0.917	0.606	0.0	0.0
8	CENPF	2.150598712	0.9	0.303	0.0	0.0
8	BIRC5	1.854283232	0.858	0.212	0.0	0.0
8	CDC20	1.809356715	0.726	0.133	0.0	0.0
8	PTTG1	1.803344024	0.854	0.294	0.0	0.0
8	CDKN3	1.787905511	0.819	0.227	0.0	0.0
8	H2AFZ	1.772299191	0.939	0.712	0.0	0.0
8	TPX2	1.739341146	0.86	0.259	0.0	0.0
8	TUBA1C	1.736909219	0.837	0.497	0.0	0.0
8	ASPM	1.726303627	0.771	0.193	0.0	0.0
8	C15orf48	1.683779995	0.819	0.317	0.0	0.0
8	CRISPLD1	1.582107938	0.853	0.435	0.0	0.0
8	TUBB4B	1.570683093	0.931	0.7	0.0	0.0
8	PRC1	1.563999212	0.844	0.287	0.0	0.0
8	NUSAP1	1.558637564	0.817	0.259	0.0	0.0
8	SMC4	1.508002479	0.875	0.445	0.0	0.0
8	CKS2	1.506751645	0.856	0.501	0.0	0.0
8	CCNB2	1.495549096	0.723	0.175	0.0	0.0
8	UBE2S	1.494516394	0.905	0.619	0.0	0.0
8	MKI67	1.47939734	0.745	0.195	0.0	0.0
8	UBE2C	1.440982064	0.717	0.199	0.0	0.0
8	DYNLL1	1.437029614	0.905	0.766	0.0	0.0
8	CENPE	1.433785915	0.735	0.177	0.0	0.0
8	CENPA	1.42041878	0.69	0.186	0.0	0.0
8	CKS1B	1.417785611	0.775	0.342	0.0	0.0
8	ZWINT	1.407899874	0.812	0.297	0.0	0.0
8	HMMR	1.405138134	0.673	0.124	0.0	0.0
8	AURKA	1.398143979	0.63	0.13	0.0	0.0
8	CDK1	1.392215412	0.75	0.275	0.0	0.0
8	ECT2	1.36105686	0.805	0.271	0.0	0.0
8	RAD21	1.307824483	0.934	0.755	0.0	0.0
8	KIF23	1.282719512	0.67	0.15	0.0	0.0
8	H2AFV	1.24929205	0.924	0.7	0.0	0.0
8	PTMS	1.228231768	0.878	0.698	0.0	0.0
8	ANP32E	1.226171351	0.795	0.396	0.0	0.0
8	KPNA2	1.224780041	0.75	0.449	3.24e-262	8.48e-258
8	DLGAP5	1.216350966	0.704	0.14	0.0	0.0
8	CALM3	1.201346937	0.821	0.489	0.0	0.0
8	NEURL1B	1.169649165	0.66	0.233	0.0	0.0
8	KIF4A	1.164644627	0.718	0.18	0.0	0.0
8	DEPDC1	1.163983294	0.638	0.104	0.0	0.0
8	HMGN2	1.158430755	0.973	0.873	0.0	0.0
8	TACC3	1.147386695	0.711	0.158	0.0	0.0
8	FAM83D	1.144024433	0.584	0.131	0.0	0.0
8	HMGB3	1.137925284	0.729	0.313	0.0	0.0
8	NMU	1.125703361	0.669	0.16	0.0	0.0
8	ANLN	1.109807805	0.672	0.181	0.0	0.0
8	CENPU	1.107203571	0.727	0.288	0.0	0.0
8	MT2A	1.104634218	0.9	0.664	0.0	0.0
8	MAD2L1	1.095420203	0.715	0.243	0.0	0.0
8	SGO2	1.094253912	0.671	0.189	0.0	0.0
8	CIT	1.092912107	0.696	0.21	0.0	0.0
8	NUCKS1	1.092061196	0.972	0.864	0.0	0.0
8	TUBA1B	1.079931971	0.897	0.688	2.62e-257	6.85e-253
8	CENPW	1.074356022	0.688	0.181	0.0	0.0
8	SLC3A1	1.066710631	0.655	0.252	0.0	0.0
8	JPT1	1.053258582	0.912	0.752	7.99e-244	2.09e-239
8	HP1BP3	1.03966719	0.921	0.769	0.0	0.0
8	PCLAF	1.029942458	0.639	0.276	2.2299999999999998e-300	5.830000000000001e-296
8	ARHGAP11B	1.029531449	0.598	0.205	0.0	0.0
8	BUB1	1.028705531	0.626	0.131	0.0	0.0
8	KIF14	1.022251368	0.628	0.129	0.0	0.0
8	HSP90AA1	1.021651418	0.994	0.961	0.0	0.0
8	CKAP2	1.010089645	0.66	0.277	0.0	0.0
8	CDCA8	1.005362719	0.603	0.144	0.0	0.0
8	DEPDC1B	1.003549304	0.685	0.179	0.0	0.0
8	NEK2	0.990342872	0.58	0.082	0.0	0.0
8	CALM2	0.985873293	0.942	0.822	1.4900000000000002e-210	3.89e-206
8	LGALS1	0.985718979	0.703	0.401	7.22e-233	1.89e-228
8	GPSM2	0.982793125	0.727	0.337	0.0	0.0
8	PTMA	0.967951067	0.995	0.975	0.0	0.0
8	HSP90B1	0.966983712	0.924	0.798	1.23e-306	3.23e-302
8	PRAC2	0.950545923	0.729	0.358	0.0	0.0
8	TK1	0.949835571	0.59	0.153	0.0	0.0
8	MXD3	0.926404964	0.563	0.107	0.0	0.0
8	DTYMK	0.920853154	0.758	0.405	0.0	0.0
8	PI15	0.917562216	0.492	0.175	1.1e-279	2.88e-275
8	HDGF	0.915417951	0.722	0.412	2.54e-278	6.64e-274
8	CDCA3	0.906586708	0.536	0.065	0.0	0.0
8	TYMS	0.904236704	0.749	0.37	0.0	0.0
8	AL589182.1	0.895832072	0.708	0.301	0.0	0.0
8	BARD1	0.894123954	0.833	0.584	5.47e-268	1.43e-263
8	SKA2	0.88938372	0.881	0.634	1.6400000000000002e-281	4.2799999999999996e-277
8	APOLD1	0.888851598	0.522	0.129	0.0	0.0
8	PBK	0.886596895	0.616	0.117	0.0	0.0
8	RACGAP1	0.886258748	0.649	0.204	0.0	0.0
8	CCNA2	0.880252546	0.546	0.118	0.0	0.0
8	CEP70	0.878323465	0.805	0.509	1.2899999999999999e-287	3.37e-283
8	ESRP1	0.87616017	0.819	0.472	0.0	0.0
8	HNRNPA2B1	0.866679293	0.971	0.905	0.0	0.0
8	CDC25C	0.859801138	0.57	0.133	0.0	0.0
8	B2M	0.857202689	0.952	0.806	3.34e-307	8.75e-303
8	HMG20B	0.855490738	0.651	0.276	0.0	0.0
8	KIF15	0.850819021	0.635	0.178	0.0	0.0
8	RHEB	0.843842168	0.867	0.68	4.4799999999999995e-263	1.1699999999999999e-258
8	CBX1	0.840857653	0.857	0.669	1.4099999999999999e-238	3.69e-234
8	HSPA1A	0.839390176	0.797	0.537	3.66e-158	9.58e-154
8	PARPBP	0.836015785	0.694	0.264	0.0	0.0
8	DBF4	0.833792106	0.631	0.275	0.0	0.0
8	GAS2L3	0.823443812	0.591	0.18	0.0	0.0
8	H2AFX	0.821924581	0.673	0.362	4.4199999999999997e-221	1.16e-216
8	LMNB1	0.819945126	0.687	0.337	3.4700000000000004e-281	9.08e-277
8	NDC80	0.819928871	0.576	0.141	0.0	0.0
8	KIF20B	0.814152522	0.579	0.164	0.0	0.0
8	TMSB15A	0.801965285	0.747	0.417	1.45e-266	3.7999999999999996e-262
8	CCDC18	0.799608876	0.626	0.283	1.33e-290	3.4799999999999997e-286
8	HJURP	0.79921017	0.595	0.215	0.0	0.0
8	NFIX	0.797566266	0.904	0.638	2.4100000000000002e-307	6.320000000000001e-303
8	PLA2G7	0.795182279	0.728	0.315	0.0	0.0
8	SMC2	0.794162497	0.738	0.383	8.29e-301	2.17e-296
8	HSPB1	0.788406079	0.872	0.669	3.66e-222	9.57e-218
8	MIS18BP1	0.786807283	0.705	0.388	5.200000000000001e-251	1.36e-246
8	MND1	0.779269596	0.568	0.134	0.0	0.0
8	TTK	0.779227829	0.524	0.11	0.0	0.0
8	GPX4	0.776105437	0.853	0.666	5.01e-219	1.31e-214
8	SGO1	0.772429752	0.546	0.119	0.0	0.0
8	PSRC1	0.771553126	0.497	0.069	0.0	0.0
8	RAB13	0.771085193	0.687	0.404	1.95e-229	5.099999999999999e-225
8	PHGDH	0.767479001	0.775	0.427	6.08e-290	1.59e-285
8	BRD8	0.758876794	0.722	0.447	4.8999999999999995e-216	1.28e-211
8	SPC25	0.756585547	0.578	0.181	0.0	0.0
8	RAN	0.745903356	0.884	0.726	4.37e-189	1.14e-184
8	LRRCC1	0.744132796	0.655	0.296	0.0	0.0
8	KIF18B	0.742242087	0.55	0.161	0.0	0.0
8	HIST1H2AC	0.742225198	0.581	0.358	1.6099999999999999e-106	4.21e-102
8	PDCD4	0.734088757	0.845	0.529	4.7700000000000004e-248	1.25e-243
8	KIF20A	0.732814441	0.491	0.064	0.0	0.0
8	MLF2	0.727993623	0.717	0.451	4e-210	1.05e-205
8	GTSE1	0.721909652	0.556	0.137	0.0	0.0
8	BUB3	0.721345268	0.68	0.383	4.2500000000000005e-217	1.1100000000000001e-212
8	NCAPG	0.714962467	0.568	0.167	0.0	0.0
8	SCLT1	0.71312373	0.682	0.398	2.98e-186	7.8e-182
8	SAPCD2	0.708673541	0.521	0.098	0.0	0.0
8	MYL12A	0.708111172	0.834	0.63	1.2600000000000001e-200	3.2899999999999997e-196
8	KIF2C	0.706731047	0.527	0.136	0.0	0.0
8	PNRC2	0.704030653	0.759	0.505	8.74e-220	2.29e-215
8	STMN1	0.702331041	0.971	0.772	1.6100000000000002e-208	4.2e-204
8	AURKB	0.699991656	0.525	0.121	0.0	0.0
8	UBE2T	0.698972021	0.685	0.347	1.6499999999999997e-228	4.330000000000001e-224
8	KIF11	0.69887217	0.522	0.133	0.0	0.0
8	NUF2	0.697834128	0.601	0.2	0.0	0.0
8	HLA-B	0.694788174	0.862	0.504	4.3500000000000006e-257	1.14e-252
8	G2E3	0.690298843	0.65	0.356	5.9100000000000004e-211	1.55e-206
8	PTGES3	0.688952197	0.934	0.838	1.23e-250	3.22e-246
8	SPDL1	0.682956746	0.578	0.197	0.0	0.0
8	GRB10	0.682772166	0.788	0.45	3.1599999999999998e-220	8.259999999999999e-216
8	ARHGAP11A	0.679528288	0.469	0.08	0.0	0.0
8	KNL1	0.67757861	0.527	0.127	0.0	0.0
8	FBXL5	0.675687232	0.788	0.565	2.23e-183	5.8400000000000004e-179
8	CKAP5	0.670067448	0.66	0.366	5.88e-198	1.54e-193
8	ALDH7A1	0.668362532	0.753	0.469	3.1e-211	8.109999999999999e-207
8	NUPR1	0.664853528	0.744	0.401	3.68e-218	9.62e-214
8	PSME1	0.664826406	0.835	0.579	7.28e-199	1.91e-194
8	UBB	0.663213656	0.931	0.837	2.29e-186	5.99e-182
8	TMBIM6	0.663022463	0.921	0.781	2.2400000000000002e-226	5.86e-222
8	HLA-C	0.656594366	0.851	0.51	2.41e-225	6.31e-221
8	SAP30	0.656412161	0.596	0.3	2.32e-209	6.08e-205
8	C21orf58	0.654299672	0.582	0.264	1.03e-238	2.6999999999999996e-234
8	NSUN7	0.653418483	0.708	0.369	7.99e-249	2.0899999999999997e-244
8	CDKN2C	0.652220084	0.667	0.374	2.1e-187	5.51e-183
8	H3F3B	0.650495299	0.983	0.932	1.1699999999999999e-225	3.0599999999999996e-221
8	LSM5	0.646104543	0.789	0.586	3.3199999999999997e-150	8.68e-146
8	EZH2	0.645259114	0.832	0.631	1.68e-148	4.4e-144
8	KIFC1	0.644014396	0.522	0.14	0.0	0.0
8	PSMA4	0.639807343	0.808	0.631	2.47e-152	6.46e-148
8	KMT5A	0.638367905	0.636	0.331	1.5499999999999999e-229	4.0599999999999993e-225
8	SYPL1	0.636272877	0.73	0.447	3.68e-211	9.62e-207
8	PLK1	0.635402234	0.426	0.077	0.0	0.0
8	SIVA1	0.63187249	0.794	0.606	2.84e-138	7.42e-134
8	ADAMTSL3	0.631677019	0.521	0.266	4.2999999999999995e-149	1.1300000000000001e-144
8	TBX3	0.627567188	0.662	0.336	4.82e-205	1.2600000000000001e-200
8	CNIH4	0.627524072	0.7	0.444	4.0299999999999997e-168	1.0500000000000001e-163
8	CEP55	0.622357392	0.458	0.058	0.0	0.0
8	DCXR	0.621764745	0.709	0.456	1.13e-174	2.97e-170
8	FAM111B	0.617789503	0.467	0.324	3.92e-57	1.0299999999999999e-52
8	IQGAP3	0.617441744	0.486	0.087	0.0	0.0
8	PSME2	0.615870137	0.733	0.489	1.73e-160	4.5400000000000003e-156
8	MYBL1	0.614306931	0.487	0.158	0.0	0.0
8	RTKN2	0.612242119	0.696	0.341	3.8199999999999996e-232	9.989999999999999e-228
8	LINC01572	0.612178227	0.533	0.275	1.0700000000000001e-144	2.7999999999999998e-140
8	PRR11	0.612047566	0.554	0.168	0.0	0.0
8	EMC9	0.611561203	0.528	0.171	0.0	0.0
8	HMGN3	0.605015267	0.896	0.776	5.510000000000001e-166	1.4400000000000001e-161
8	HIST1H2BD	0.604222497	0.554	0.334	1.0599999999999999e-95	2.76e-91
8	KNSTRN	0.602964497	0.416	0.079	0.0	0.0
8	HIST1H2BJ	0.602755653	0.474	0.169	2.34e-262	6.14e-258
8	SFPQ	0.596659628	0.847	0.725	3.82e-162	9.99e-158
8	LMNB2	0.594522073	0.574	0.217	0.0	0.0
8	GLRX5	0.593978331	0.747	0.529	4.98e-157	1.2999999999999999e-152
8	PDE3B	0.592434996	0.589	0.349	1.41e-128	3.69e-124
8	HLA-A	0.588211076	0.772	0.499	1.08e-174	2.8199999999999996e-170
8	DIAPH3	0.586326344	0.627	0.253	2.7300000000000004e-252	7.16e-248
8	DBI	0.585787378	0.834	0.628	1.5799999999999998e-159	4.14e-155
8	DEK	0.582033323	0.92	0.814	1.69e-158	4.41e-154
8	DCTN3	0.580639713	0.723	0.503	7.64e-142	2e-137
8	MELK	0.580229726	0.584	0.237	4.41e-256	1.15e-251
8	TUBB	0.579991462	0.857	0.726	5.5e-98	1.44e-93
8	HIST1H2BN	0.579985148	0.453	0.152	7.02e-275	1.8399999999999999e-270
8	SPAG5	0.579242089	0.476	0.096	0.0	0.0
8	H1FX	0.578117617	0.836	0.648	1.6e-133	4.19e-129
8	FAM111A	0.578069083	0.565	0.304	4.88e-158	1.28e-153
8	METTL7A	0.57766319	0.475	0.131	0.0	0.0
8	MIS18A	0.575587585	0.586	0.243	1.84e-289	4.81e-285
8	CKAP2L	0.574654219	0.451	0.1	0.0	0.0
8	SRI	0.571695276	0.725	0.52	7.97e-129	2.0900000000000003e-124
8	FOXA1	0.571075354	0.825	0.452	1.01e-198	2.6400000000000002e-194
8	NDUFB4	0.571000918	0.85	0.711	2.01e-131	5.26e-127
8	CD59	0.566216803	0.609	0.311	1.9e-194	4.96e-190
8	RUVBL2	0.564901405	0.622	0.328	2.12e-194	5.549999999999999e-190
8	ACTG1	0.564169481	0.99	0.972	3.11e-136	8.150000000000001e-132
8	ZMYND10	0.561171269	0.484	0.107	0.0	0.0
8	KIF5B	0.560688208	0.872	0.762	2.66e-140	6.96e-136
8	SLC16A14	0.558737645	0.492	0.127	0.0	0.0
8	TMEM54	0.556941869	0.661	0.317	1.9099999999999998e-239	5.01e-235
8	ATAD2	0.554568896	0.715	0.562	4.1799999999999993e-54	1.09e-49
8	CFLAR	0.553992897	0.657	0.39	8.95e-167	2.34e-162
8	UBALD2	0.553478343	0.576	0.296	1.3800000000000001e-177	3.6100000000000005e-173
8	LUZP2	0.552838479	0.786	0.46	5.79e-127	1.52e-122
8	HMGN1	0.552665569	0.825	0.66	6.91e-142	1.81e-137
8	UACA	0.551828534	0.653	0.346	9.399999999999999e-197	2.4600000000000003e-192
8	SPINK2	0.551540919	0.421	0.088	0.0	0.0
8	CENPI	0.550672631	0.416	0.118	0.0	0.0
8	LAPTM4A	0.548197236	0.759	0.58	3.8500000000000003e-118	1.0099999999999999e-113
8	STIL	0.548094088	0.548	0.225	1.27e-242	3.34e-238
8	TROAP	0.547629703	0.45	0.101	0.0	0.0
8	BRI3	0.54756285	0.821	0.667	9.13e-127	2.3900000000000002e-122
8	COPRS	0.546237614	0.723	0.48	1.6499999999999998e-150	4.33e-146
8	AC073529.1	0.546031581	0.436	0.177	5.24e-181	1.37e-176
8	CD164	0.54594386	0.764	0.537	7.91e-151	2.07e-146
8	FSTL1	0.545756493	0.859	0.541	6.050000000000001e-179	1.5799999999999999e-174
8	ILF2	0.544181917	0.751	0.543	5.5400000000000003e-129	1.45e-124
8	GLI2	0.543565287	0.482	0.119	0.0	0.0
8	GNG5	0.543213752	0.805	0.621	2.2599999999999998e-136	5.91e-132
8	DNAJB1	0.543021066	0.75	0.51	1.17e-126	3.05e-122
8	TMED5	0.540906309	0.626	0.336	6.55e-195	1.71e-190
8	STXBP5L	0.54073972	0.903	0.843	1.72e-111	4.51e-107
8	TCEAL9	0.536062792	0.782	0.609	1.2e-102	3.15e-98
8	RPS27L	0.534674681	0.778	0.591	1.62e-121	4.23e-117
8	POLQ	0.53359329	0.489	0.184	3.6399999999999996e-234	9.54e-230
8	TAX1BP1	0.532896101	0.87	0.729	1.26e-143	3.29e-139
8	SCGB1D2	0.532200349	0.346	0.129	2.81e-159	7.36e-155
8	NDE1	0.528695289	0.577	0.312	1.5399999999999998e-159	4.02e-155
8	CDK17	0.528565271	0.782	0.585	4.38e-105	1.15e-100
8	RRM2	0.528563823	0.311	0.124	4.57e-133	1.2e-128
8	NDUFAF3	0.528261422	0.587	0.336	3.16e-144	8.26e-140
8	NCAPG2	0.527480596	0.616	0.343	3.07e-150	8.04e-146
8	COX20	0.527168564	0.78	0.566	1.8199999999999998e-136	4.7600000000000006e-132
8	HYLS1	0.527027006	0.527	0.229	3.48e-212	9.1e-208
8	RPL39L	0.526573974	0.534	0.201	9.25e-294	2.42e-289
8	TECR	0.52628041	0.729	0.512	2.1e-130	5.5e-126
8	DAZAP1	0.525567783	0.607	0.336	1.8099999999999999e-168	4.75e-164
8	ASF1B	0.523829667	0.441	0.169	3.23e-208	8.45e-204
8	CDKN2D	0.522610425	0.494	0.198	1.8500000000000001e-211	4.8499999999999995e-207
8	PIF1	0.5218299	0.348	0.048	0.0	0.0
8	H2AFJ	0.518443707	0.78	0.44	1.2e-183	3.14e-179
8	BUB1B	0.518132477	0.435	0.106	0.0	0.0
8	ARHGEF39	0.516321176	0.384	0.058	0.0	0.0
8	PRDX1	0.515752518	0.898	0.751	6.389999999999999e-140	1.67e-135
8	IMPA2	0.513240267	0.512	0.168	0.0	0.0
8	CDCA2	0.512238999	0.447	0.107	0.0	0.0
8	HIST1H1D	0.511830884	0.34	0.171	3.8100000000000004e-85	9.979999999999999e-81
8	PCMTD1	0.510755506	0.851	0.723	5.140000000000001e-123	1.34e-118
8	SQLE	0.509259304	0.675	0.457	5.46e-121	1.43e-116
8	HEXIM1	0.505278093	0.74	0.515	9.870000000000001e-129	2.5800000000000003e-124
8	XPO1	0.503902746	0.83	0.663	2.95e-118	7.72e-114
8	TNRC18	0.501299274	0.723	0.524	9.08e-100	2.3799999999999998e-95
8	IFT22	0.500753152	0.615	0.338	2.55e-165	6.680000000000001e-161
8	EMP2	0.500195379	0.76	0.486	1.01e-146	2.64e-142
8	PPP1CC	0.498822596	0.751	0.561	1.24e-120	3.25e-116
8	MDH1	0.497023691	0.741	0.54	2.62e-113	6.85e-109
8	AFDN	0.496790969	0.873	0.744	3.95e-127	1.03e-122
8	PLCH1	0.496458324	0.386	0.136	6.84e-207	1.79e-202
8	S100A10	0.496095017	0.873	0.564	3.0199999999999997e-168	7.910000000000001e-164
8	NEIL3	0.494235857	0.387	0.094	0.0	0.0
8	HOXA13	0.494193498	0.504	0.169	0.0	0.0
8	HIST1H3D	0.493768466	0.409	0.164	1.25e-175	3.28e-171
8	SEPHS1	0.490669467	0.596	0.339	4.89e-148	1.2800000000000001e-143
8	POC1A	0.488772561	0.41	0.076	0.0	0.0
8	SLC25A27	0.487526369	0.664	0.393	2.54e-121	6.64e-117
8	BCL2L12	0.487129768	0.474	0.131	0.0	0.0
8	RBP1	0.485629715	0.68	0.425	5.77e-138	1.51e-133
8	COQ2	0.485445665	0.487	0.157	0.0	0.0
8	PPIA	0.481696358	0.949	0.865	5.44e-106	1.42e-101
8	MZT2B	0.481253938	0.877	0.756	4.53e-98	1.19e-93
8	AGTRAP	0.48057751	0.52	0.22	1.18e-216	3.09e-212
8	PLIN3	0.479597166	0.513	0.24	3.97e-184	1.0400000000000001e-179
8	CLDN3	0.476233338	0.804	0.476	6.04e-154	1.58e-149
8	RETREG2	0.476057106	0.538	0.25	1.37e-204	3.5800000000000004e-200
8	NGLY1	0.475207602	0.705	0.465	5.17e-134	1.3500000000000002e-129
8	TPM4	0.475058177	0.713	0.395	2.58e-153	6.76e-149
8	GRIK4	0.474791591	0.546	0.274	2.24e-152	5.86e-148
8	NIPSNAP2	0.473696623	0.786	0.604	4.32e-108	1.13e-103
8	CRNDE	0.472836198	0.725	0.503	1.46e-122	3.82e-118
8	PPM1B	0.472550405	0.765	0.597	2.13e-98	5.59e-94
8	SPINT2	0.471732313	0.871	0.748	1.46e-111	3.82e-107
8	MRPL51	0.471280588	0.704	0.495	2.58e-102	6.75e-98
8	HIST1H2BE	0.471013344	0.406	0.199	4.47e-114	1.17e-109
8	CCDC34	0.470995557	0.509	0.205	9.44e-232	2.47e-227
8	TOP2B	0.468817273	0.838	0.682	5.95e-115	1.56e-110
8	SRSF3	0.467023389	0.919	0.814	3.8e-112	9.949999999999999e-108
8	ATPIF1	0.466729099	0.851	0.709	1.2300000000000001e-103	3.22e-99
8	CENPK	0.466553095	0.614	0.369	2.58e-112	6.76e-108
8	HSP90AB1	0.461423996	0.959	0.916	1.12e-103	2.94e-99
8	GGH	0.461384851	0.623	0.306	7.07e-184	1.8500000000000003e-179
8	KIF22	0.461036077	0.601	0.345	3.1799999999999996e-135	8.33e-131
8	MYL12B	0.46099578	0.898	0.753	4.39e-124	1.15e-119
8	AC092902.2	0.454734333	0.444	0.176	9.14e-200	2.3900000000000003e-195
8	TMEM238	0.454444817	0.615	0.367	5.07e-127	1.33e-122
8	FANCI	0.454390564	0.561	0.306	5.14e-125	1.35e-120
8	SPTSSB	0.454342791	0.516	0.251	9.109999999999999e-147	2.39e-142
8	C2orf69	0.453386976	0.5	0.227	1.17e-186	3.06e-182
8	RHOA	0.452994927	0.875	0.758	1.08e-101	2.82e-97
8	NECTIN3	0.452537673	0.579	0.29	7.87e-166	2.0600000000000003e-161
8	KIAA1524	0.451193963	0.494	0.192	2.43e-228	6.37e-224
8	CFAP36	0.450886576	0.68	0.462	7.940000000000001e-118	2.08e-113
8	ALYREF	0.448367833	0.663	0.441	3.38e-108	8.849999999999999e-104
8	ACTN4	0.447629661	0.804	0.654	2.16e-119	5.67e-115
8	TUBB6	0.446577701	0.588	0.323	1.51e-151	3.96e-147
8	SHOC2	0.444511764	0.738	0.512	2.2e-106	5.76e-102
8	HSPE1	0.444112225	0.849	0.751	5.4200000000000005e-77	1.4200000000000002e-72
8	DESI2	0.443104742	0.655	0.438	1.12e-114	2.93e-110
8	FOXP1	0.443002962	0.956	0.931	2.14e-91	5.59e-87
8	CRIP1	0.442727925	0.51	0.231	6.26e-163	1.64e-158
8	PIH1D1	0.442038876	0.617	0.368	2.0200000000000002e-129	5.290000000000001e-125
8	NUDCD2	0.441234641	0.637	0.432	1.09e-96	2.84e-92
8	RBM8A	0.44034049	0.797	0.646	4.82e-85	1.26e-80
8	ITPR2	0.439044066	0.516	0.226	3.82e-185	1e-180
8	FAM19A2	0.43903647	0.563	0.37	1.65e-64	4.32e-60
8	LCORL	0.438994302	0.793	0.696	1.13e-53	2.95e-49
8	KIAA0586	0.438772529	0.616	0.396	1.53e-103	4.01e-99
8	HNRNPF	0.4360323	0.849	0.711	2.45e-100	6.41e-96
8	SEC11A	0.435453175	0.861	0.737	8.35e-98	2.19e-93
8	SYCP2	0.43480713	0.675	0.388	2.9599999999999997e-147	7.75e-143
8	CDK5RAP2	0.43386619	0.719	0.531	8.5e-84	2.2300000000000003e-79
8	HSPD1	0.433060334	0.835	0.75	1.61e-62	4.2200000000000004e-58
8	AAMDC	0.432905644	0.698	0.492	9.47e-108	2.4800000000000003e-103
8	PCBD2	0.432634086	0.608	0.368	5.560000000000001e-117	1.45e-112
8	FAM102B	0.432331097	0.49	0.242	3.51e-145	9.2e-141
8	PLP2	0.431660695	0.657	0.464	4.7900000000000005e-86	1.25e-81
8	ADRA2A	0.431388623	0.529	0.274	4.1100000000000003e-122	1.07e-117
8	TPR	0.429740939	0.804	0.677	8e-93	2.0900000000000002e-88
8	MARCKS	0.426792588	0.912	0.81	5.62e-83	1.47e-78
8	CHPT1	0.426338026	0.653	0.413	2.09e-116	5.47e-112
8	C12orf75	0.426215621	0.732	0.523	1.3600000000000001e-99	3.57e-95
8	TRIB2	0.425131432	0.382	0.14	2.83e-194	7.399999999999999e-190
8	CCNG2	0.424760883	0.67	0.44	3.2e-107	8.38e-103
8	CBX3	0.423862866	0.805	0.664	5.98e-81	1.57e-76
8	SERINC5	0.423808872	0.862	0.547	5.4400000000000004e-133	1.42e-128
8	GRHL2	0.423114507	0.839	0.525	1.03e-111	2.71e-107
8	MORF4L2	0.423041825	0.864	0.766	1.94e-97	5.07e-93
8	AHNAK	0.422919211	0.771	0.47	8.5e-126	2.23e-121
8	COLEC12	0.422602804	0.71	0.436	2.88e-120	7.55e-116
8	ANAPC11	0.422242455	0.853	0.739	8.590000000000001e-77	2.25e-72
8	HGD	0.421116716	0.741	0.414	4.4700000000000004e-144	1.17e-139
8	PTPN13	0.421110438	0.701	0.505	2.06e-68	5.4000000000000004e-64
8	SLC30A4	0.420245342	0.775	0.482	4.71e-122	1.2300000000000001e-117
8	ERG	0.419650645	0.726	0.413	3.28e-132	8.589999999999999e-128
8	SUMO3	0.418626712	0.635	0.428	2.1199999999999997e-95	5.56e-91
8	EBP	0.417767948	0.592	0.366	1.52e-99	3.97e-95
8	TGIF1	0.417465671	0.666	0.349	2.01e-165	5.25e-161
8	ZNF217	0.416704471	0.718	0.386	7.59e-153	1.99e-148
8	AP2B1	0.416505454	0.848	0.765	1.32e-72	3.4399999999999996e-68
8	TRIM59	0.416152976	0.397	0.117	2.0199999999999998e-299	5.2999999999999995e-295
8	HLTF	0.415871357	0.776	0.611	4.14e-90	1.0800000000000001e-85
8	FOPNL	0.415553426	0.541	0.292	2.72e-137	7.12e-133
8	TXNDC12	0.415016412	0.594	0.356	2.1099999999999998e-119	5.53e-115
8	ST13	0.414594376	0.778	0.606	3.2699999999999997e-93	8.57e-89
8	TXN	0.413115677	0.911	0.8	5.24e-80	1.37e-75
8	KRTCAP2	0.412763705	0.635	0.417	1.3399999999999999e-95	3.51e-91
8	RHOC	0.412646681	0.633	0.359	2.82e-135	7.37e-131
8	CDKN1B	0.411991438	0.506	0.236	3.95e-177	1.0299999999999999e-172
8	RGS3	0.411587755	0.521	0.301	3.68e-98	9.63e-94
8	RAB27A	0.41060979	0.567	0.312	1.5e-130	3.94e-126
8	CLIC1	0.410008669	0.738	0.549	1.15e-84	3.02e-80
8	DECR1	0.408120768	0.696	0.476	1.13e-102	2.95e-98
8	ADAMTS17	0.406827138	0.487	0.255	5.5100000000000006e-123	1.44e-118
8	MPG	0.406818412	0.554	0.323	1.17e-113	3.0700000000000004e-109
8	GLO1	0.405464224	0.886	0.727	1.54e-112	4.02e-108
8	DNAJA1	0.405209481	0.877	0.794	2.34e-83	6.12e-79
8	COMMD4	0.404141845	0.523	0.282	3.2000000000000004e-125	8.37e-121
8	C6orf48	0.4039145	0.747	0.557	2.16e-89	5.67e-85
8	HIST1H4H	0.40390754	0.473	0.252	4.15e-98	1.09e-93
8	HSPA8	0.403584989	0.865	0.772	8.56e-73	2.24e-68
8	PRDX3	0.403578962	0.64	0.418	4.73e-108	1.2400000000000002e-103
8	PCBD1	0.403393935	0.812	0.683	1.29e-65	3.38e-61
8	OAZ1	0.403330092	0.867	0.777	7.42e-72	1.94e-67
8	UTRN	0.402780639	0.911	0.569	6.88e-111	1.7999999999999998e-106
8	EXPH5	0.402507437	0.653	0.391	2.76e-122	7.23e-118
8	HOXB13	0.401921944	0.752	0.469	7.61e-118	1.99e-113
8	VKORC1	0.400863363	0.624	0.445	5.5e-70	1.44e-65
8	CEP112	0.400458674	0.658	0.474	1.62e-66	4.23e-62
8	PHYH	0.39927413	0.57	0.266	2.83e-184	7.41e-180
8	COA3	0.398155826	0.683	0.505	1.29e-80	3.37e-76
8	PGP	0.397540759	0.556	0.301	5e-137	1.3100000000000001e-132
8	RNF5	0.397099039	0.553	0.341	8.62e-93	2.26e-88
8	FAM210B	0.396984115	0.655	0.45	4.94e-91	1.29e-86
8	PRPSAP1	0.396829297	0.638	0.424	3.56e-102	9.319999999999999e-98
8	GATA2	0.396172704	0.661	0.33	4.63e-166	1.21e-161
8	CCNG1	0.395980791	0.519	0.282	7.74e-130	2.0300000000000001e-125
8	CCDC74B	0.39550105	0.415	0.13	5.25e-280	1.37e-275
8	NCAPH	0.395056022	0.396	0.11	6.06e-301	1.59e-296
8	LDHB	0.395000249	0.743	0.559	1.42e-83	3.72e-79
8	RBBP7	0.394136507	0.74	0.565	8.25e-76	2.16e-71
8	JAG1	0.393598444	0.713	0.478	5.77e-98	1.51e-93
8	GSR	0.392047388	0.477	0.209	1.7000000000000002e-179	4.4499999999999997e-175
8	TESMIN	0.391576561	0.431	0.151	4.4200000000000005e-248	1.16e-243
8	AK6	0.389600692	0.573	0.344	4.3e-111	1.13e-106
8	JUN	0.388457887	0.879	0.785	2.22e-53	5.81e-49
8	RALBP1	0.3882374	0.682	0.506	2.66e-77	6.97e-73
8	FAM122B	0.388214909	0.42	0.14	2.02e-254	5.2799999999999994e-250
8	MRFAP1	0.388100558	0.766	0.618	1.5500000000000002e-73	4.06e-69
8	PCNA	0.387889126	0.595	0.517	5.58e-14	1.46e-09
8	DPY30	0.387692908	0.756	0.595	1.35e-65	3.5199999999999996e-61
8	NKX3-1	0.387586522	0.731	0.387	1.95e-147	5.1e-143
8	TCEA1	0.38698714	0.867	0.781	1.66e-78	4.3399999999999996e-74
8	CMBL	0.386735109	0.579	0.339	5.53e-115	1.45e-110
8	BANF1	0.386063158	0.779	0.633	1.04e-63	2.7300000000000004e-59
8	CDK2AP2	0.385843963	0.536	0.301	1.46e-119	3.8299999999999997e-115
8	NUDC	0.385630378	0.772	0.623	3.4900000000000003e-75	9.13e-71
8	ACADVL	0.384948053	0.523	0.26	2.1399999999999998e-152	5.61e-148
8	DDX39A	0.384855308	0.548	0.279	2.48e-149	6.49e-145
8	MDFIC	0.382811256	0.337	0.086	3.27e-297	8.56e-293
8	TMPO	0.382748956	0.793	0.625	1.1900000000000001e-73	3.1199999999999996e-69
8	REXO2	0.382642444	0.664	0.437	2.8399999999999997e-89	7.430000000000001e-85
8	CYP39A1	0.380534611	0.528	0.246	7.74e-159	2.03e-154
8	ANP32B	0.379670169	0.789	0.649	1.7999999999999998e-68	4.7000000000000005e-64
8	HINT2	0.378963709	0.683	0.498	2.59e-75	6.79e-71
8	MT1E	0.378893887	0.72	0.536	3.06e-62	8.02e-58
8	TMEM106C	0.378593667	0.677	0.522	1.72e-52	4.51e-48
8	HSPA1B	0.378495502	0.607	0.369	3.8800000000000004e-88	1.02e-83
8	EPCAM	0.37660603	0.877	0.761	1.35e-81	3.54e-77
8	USP1	0.376556829	0.69	0.526	6.029999999999999e-67	1.5799999999999999e-62
8	COL2A1	0.376217657	0.566	0.269	1.4300000000000001e-156	3.73e-152
8	HIST1H3J	0.37612195	0.356	0.149	2.1e-131	5.49e-127
8	FABP5	0.374733049	0.751	0.589	6.04e-63	1.5800000000000001e-58
8	KANK1	0.374563846	0.714	0.476	1.57e-83	4.1100000000000005e-79
8	CACYBP	0.372999312	0.684	0.514	7.27e-69	1.9e-64
8	HIST2H2BF	0.372269607	0.353	0.183	7.37e-79	1.9299999999999997e-74
8	RASSF1	0.369687654	0.481	0.227	2.47e-154	6.469999999999999e-150
8	RPS20	0.369503464	0.974	0.918	2.78e-80	7.28e-76
8	EHF	0.369375441	0.611	0.321	2.2099999999999997e-138	5.789999999999999e-134
8	HNRNPA1	0.368889392	0.905	0.804	1.02e-72	2.66e-68
8	ISYNA1	0.368793962	0.47	0.21	3.91e-169	1.02e-164
8	CENPL	0.368658072	0.375	0.125	4.26e-221	1.1199999999999998e-216
8	LRRN1	0.368645612	0.872	0.689	3.55e-98	9.28e-94
8	CEP128	0.367652288	0.61	0.379	2.5700000000000003e-88	6.73e-84
8	PSMB9	0.36698584	0.452	0.178	1.45e-196	3.8e-192
8	RNF220	0.366792122	0.557	0.349	1.05e-80	2.74e-76
8	COX8A	0.366422698	0.838	0.702	3.85e-64	1.01e-59
8	ADI1	0.366176389	0.724	0.564	1.33e-64	3.49e-60
8	CHRNA5	0.366154921	0.42	0.167	8.67e-185	2.27e-180
8	GLUL	0.366004296	0.535	0.303	1.37e-112	3.6e-108
8	DIAPH1	0.365987013	0.77	0.624	1.35e-70	3.5400000000000003e-66
8	DCAF7	0.365589957	0.803	0.705	2.48e-49	6.5e-45
8	PSENEN	0.36554533	0.539	0.32	1.12e-98	2.9399999999999996e-94
8	MRPL18	0.365480067	0.684	0.52	6.21e-69	1.63e-64
8	INCENP	0.364671074	0.334	0.084	1.7699999999999998e-299	4.64e-295
8	HIST1H4C	0.363972796	0.695	0.586	2.9199999999999998e-30	7.63e-26
8	CDC42	0.363749922	0.897	0.819	5.41e-64	1.42e-59
8	ZMYM1	0.363547738	0.435	0.191	1.32e-156	3.4499999999999998e-152
8	SYNE2	0.363211984	0.85	0.768	2.63e-53	6.88e-49
8	CDK19	0.362634585	0.868	0.763	1.6799999999999997e-67	4.39e-63
8	PPP3CA	0.36171506	0.983	0.906	5.55e-82	1.4500000000000001e-77
8	DBF4B	0.361434265	0.389	0.178	1.33e-121	3.48e-117
8	TESK2	0.360326825	0.786	0.58	6.03e-77	1.58e-72
8	LBR	0.360191768	0.639	0.414	5.41e-94	1.4199999999999998e-89
8	ELOVL5	0.359349889	0.726	0.561	1.88e-65	4.9299999999999996e-61
8	SPAG16	0.359319907	0.756	0.553	1.76e-98	4.6199999999999997e-94
8	APLP2	0.359294618	0.899	0.801	2.23e-90	5.83e-86
8	ZNF440	0.358758622	0.499	0.27	6.49e-114	1.7e-109
8	IER2	0.358471144	0.77	0.721	2.8900000000000002e-31	7.56e-27
8	NDC1	0.358061492	0.485	0.224	1.03e-155	2.7e-151
8	EPS8	0.357876234	0.779	0.61	2.56e-69	6.71e-65
8	CCDC74A	0.357831262	0.589	0.36	3.4799999999999997e-98	9.119999999999999e-94
8	GEN1	0.357507416	0.464	0.209	4.74e-153	1.24e-148
8	H3F3A	0.357007052	0.98	0.943	5.080000000000001e-72	1.33e-67
8	UBE2Q2	0.356952486	0.684	0.493	9.64e-81	2.52e-76
8	MAZ	0.356550223	0.673	0.467	3.8399999999999997e-81	1.01e-76
8	CIB1	0.356092518	0.617	0.331	1.45e-139	3.7999999999999997e-135
8	EPB41L2	0.355952272	0.417	0.173	4.8600000000000005e-157	1.27e-152
8	ARF5	0.35496328	0.569	0.328	3.3299999999999996e-115	8.71e-111
8	RCC2	0.354755303	0.611	0.394	5.62e-96	1.47e-91
8	PKP4	0.353625233	0.79	0.645	2.23e-66	5.83e-62
8	RPL15	0.353259413	0.959	0.902	3.61e-75	9.46e-71
8	LSM4	0.352997036	0.718	0.54	4.71e-62	1.23e-57
8	STIP1	0.352940329	0.668	0.502	5.3e-67	1.39e-62
8	SUGP2	0.352546129	0.666	0.476	8.0399999999999995e-81	2.11e-76
8	IL17RB	0.351946636	0.537	0.293	5.1000000000000005e-118	1.34e-113
8	ERO1B	0.351109969	0.543	0.331	2.04e-77	5.3300000000000006e-73
8	TRAF3IP1	0.35088038	0.622	0.416	1.83e-86	4.7999999999999996e-82
8	CCNF	0.349525466	0.391	0.17	9.43e-135	2.47e-130
8	H1F0	0.349522971	0.671	0.509	2.87e-50	7.51e-46
8	KDELR2	0.34920092	0.677	0.486	3.84e-75	1.0100000000000001e-70
8	SPC24	0.349151359	0.387	0.118	5.38e-249	1.4099999999999999e-244
8	CALCOCO2	0.348634752	0.618	0.423	1.86e-80	4.87e-76
8	SLC12A2	0.348522353	0.728	0.581	1.16e-56	3.0499999999999996e-52
8	SORD	0.348026497	0.593	0.353	5.51e-103	1.44e-98
8	DNAAF3	0.347970144	0.379	0.145	1.19e-171	3.12e-167
8	PHF7	0.346995764	0.404	0.158	8.8e-182	2.3e-177
8	MYL6	0.346776298	0.974	0.923	1.65e-74	4.32e-70
8	CCT5	0.346562273	0.725	0.576	2.7599999999999998e-52	7.209999999999999e-48
8	HNRNPH3	0.343367221	0.877	0.795	4.12e-68	1.08e-63
8	ARHGAP29	0.342838745	0.713	0.417	1.2e-110	3.1499999999999997e-106
8	VPS35	0.342357815	0.603	0.409	3.03e-77	7.920000000000001e-73
8	BEX3	0.3419697	0.886	0.787	5.11e-52	1.3400000000000002e-47
8	CTSL	0.341763991	0.562	0.332	2e-95	5.229999999999999e-91
8	MANF	0.341410026	0.598	0.392	2.99e-82	7.83e-78
8	SPA17	0.340769285	0.44	0.185	2.94e-168	7.69e-164
8	TERF1	0.340712153	0.649	0.468	1.22e-71	3.19e-67
8	ASTN2	0.340693263	0.877	0.714	5.98e-94	1.5599999999999998e-89
8	NCAPD2	0.340081345	0.377	0.127	3.06e-213	8e-209
8	ADAMTS1	0.339443	0.514	0.276	1.1600000000000001e-99	3.05e-95
8	CMC2	0.339315213	0.578	0.365	1.68e-84	4.39e-80
8	SOCS2	0.338784045	0.476	0.22	2.48e-138	6.489999999999999e-134
8	SLFN13	0.338301135	0.55	0.424	5.1299999999999995e-34	1.34e-29
8	PLA2G12A	0.33819828	0.675	0.509	1.4400000000000001e-64	3.76e-60
8	BMPR1B	0.337938071	0.767	0.487	2.7299999999999997e-84	7.150000000000001e-80
8	TMBIM4	0.337911532	0.642	0.458	6.889999999999999e-69	1.8000000000000002e-64
8	SSNA1	0.337695094	0.575	0.367	2.03e-81	5.32e-77
8	CENPM	0.337505704	0.33	0.093	6.140000000000001e-245	1.6099999999999998e-240
8	PDIA6	0.337380202	0.775	0.651	1.65e-57	4.31e-53
8	CD9	0.336291732	0.795	0.621	2.92e-78	7.65e-74
8	BCL7C	0.335699934	0.639	0.451	6.990000000000001e-72	1.83e-67
8	FBLN1	0.335566435	0.483	0.23	4.43e-136	1.16e-131
8	ZNF69	0.335417259	0.453	0.256	4.87e-87	1.2699999999999999e-82
8	HOXA10	0.334434028	0.348	0.094	3.11e-280	8.15e-276
8	LRIG1	0.334112521	0.618	0.401	1.6e-83	4.1800000000000006e-79
8	PM20D2	0.334049508	0.579	0.366	1.32e-86	3.46e-82
8	ACTL6A	0.333579497	0.596	0.382	1.2199999999999999e-82	3.19e-78
8	SMS	0.333257746	0.811	0.683	6.75e-60	1.77e-55
8	SNX5	0.332905727	0.621	0.397	1.51e-95	3.94e-91
8	TLE1	0.331699928	0.644	0.427	3.25e-71	8.519999999999999e-67
8	GMPR	0.331188801	0.556	0.306	1.77e-109	4.64e-105
8	METTL4	0.330785833	0.439	0.237	9.159999999999999e-95	2.3999999999999997e-90
8	EEF1D	0.330748954	0.84	0.733	6.1e-57	1.5999999999999999e-52
8	MIF	0.330554858	0.62	0.416	4.960000000000001e-72	1.3e-67
8	NCAPD3	0.328925662	0.574	0.406	3.63e-52	9.499999999999999e-48
8	CLDN7	0.328498659	0.581	0.303	2.01e-124	5.27e-120
8	NOTCH2	0.327678011	0.542	0.292	8.04e-120	2.1e-115
8	NAA38	0.327419078	0.715	0.562	1.08e-50	2.8399999999999997e-46
8	CHCHD1	0.327304043	0.797	0.664	1.55e-53	4.06e-49
8	LLGL2	0.327184071	0.667	0.446	4.9900000000000003e-88	1.31e-83
8	RRM1	0.326833096	0.479	0.283	4.74e-81	1.24e-76
8	FOXM1	0.326473981	0.37	0.092	0.0	0.0
8	RANGAP1	0.326375573	0.37	0.125	9.740000000000001e-213	2.55e-208
8	GOT1	0.325657236	0.421	0.174	1.79e-166	4.68e-162
8	C4orf22	0.325165784	0.434	0.205	3.1700000000000003e-110	8.29e-106
8	LRRC23	0.324971026	0.516	0.343	1.92e-55	5.03e-51
8	BRIP1	0.324774803	0.507	0.377	1.55e-29	4.05e-25
8	CEP89	0.324757485	0.669	0.464	2.31e-78	6.04e-74
8	NQO1	0.324748157	0.47	0.226	1.1599999999999998e-128	3.0300000000000003e-124
8	HSD17B11	0.324702524	0.381	0.154	3.61e-153	9.46e-149
8	SUMF2	0.324198003	0.627	0.422	5.520000000000001e-79	1.45e-74
8	NPC2	0.324176942	0.823	0.513	5.01e-131	1.31e-126
8	RGS10	0.324021626	0.571	0.31	2.74e-112	7.18e-108
8	RAC1	0.323748719	0.853	0.758	1.25e-61	3.28e-57
8	NCOA3	0.323416096	0.789	0.687	1.77e-53	4.64e-49
8	PPP2R5C	0.323385592	0.7	0.537	1.01e-57	2.65e-53
8	CANX	0.322309902	0.835	0.727	1.21e-60	3.17e-56
8	IFT122	0.321937101	0.497	0.278	4.82e-101	1.26e-96
8	RBM47	0.321845675	0.884	0.61	1.43e-81	3.73e-77
8	ECI2	0.321135341	0.536	0.309	3.1900000000000003e-100	8.34e-96
8	RAMP1	0.320645544	0.647	0.401	7.68e-86	2.0099999999999999e-81
8	EPHX1	0.320599741	0.645	0.415	7.05e-89	1.85e-84
8	PAK4	0.320075221	0.491	0.298	6.88e-83	1.8e-78
8	TMED2	0.319863577	0.721	0.55	1.53e-62	4.01e-58
8	SRGAP2	0.319650744	0.481	0.26	5.439999999999999e-104	1.42e-99
8	PSMB8	0.318942829	0.439	0.198	1.22e-138	3.1899999999999996e-134
8	DDAH2	0.317749249	0.539	0.344	1.32e-71	3.45e-67
8	FBXO5	0.31770958	0.408	0.224	1.4e-76	3.65e-72
8	PSPH	0.317584793	0.491	0.268	1.3000000000000001e-105	3.41e-101
8	KRAS	0.317493126	0.643	0.472	2.72e-66	7.12e-62
8	VANGL1	0.317334637	0.41	0.177	2.2e-152	5.77e-148
8	TMEM107	0.317143962	0.476	0.242	4.97e-119	1.3e-114
8	CAMK2N1	0.316956695	0.655	0.47	7.8e-57	2.0399999999999998e-52
8	BUD23	0.315520867	0.677	0.518	2.78e-65	7.28e-61
8	CYBRD1	0.315158802	0.421	0.191	1.3499999999999999e-131	3.54e-127
8	YES1	0.313747607	0.742	0.585	2.32e-66	6.07e-62
8	PIMREG	0.313660895	0.293	0.052	0.0	0.0
8	HNRNPA0	0.313202259	0.686	0.526	7.18e-51	1.88e-46
8	FAM3B	0.312990399	0.525	0.304	9.16e-88	2.4e-83
8	ECI1	0.312609984	0.616	0.432	2.86e-71	7.499999999999999e-67
8	DYRK1A	0.312511987	0.828	0.771	1.46e-37	3.82e-33
8	PDAP1	0.312255447	0.72	0.572	6.02e-50	1.58e-45
8	ESPL1	0.311542816	0.313	0.076	5.37e-287	1.41e-282
8	SUZ12	0.311381711	0.874	0.789	3.43e-63	8.970000000000001e-59
8	PPIH	0.311061773	0.542	0.321	2.6799999999999997e-90	7e-86
8	PDLIM5	0.310623155	0.855	0.766	5.92e-41	1.55e-36
8	SRSF2	0.31046521	0.859	0.773	3.5899999999999996e-48	9.39e-44
8	PDGFA	0.31016427	0.54	0.313	2.66e-95	6.97e-91
8	REST	0.310111049	0.555	0.288	1.8099999999999998e-126	4.7400000000000004e-122
8	TBC1D31	0.309692363	0.447	0.238	1.13e-93	2.9599999999999998e-89
8	SEPT10	0.309522857	0.547	0.31	3.86e-98	1.01e-93
8	NEK10	0.309341122	0.381	0.151	2.18e-153	5.72e-149
8	NDUFC1	0.308883536	0.798	0.649	3.38e-53	8.84e-49
8	DSP	0.308711163	0.575	0.317	6.24e-110	1.63e-105
8	RDM1	0.308539838	0.306	0.062	0.0	0.0
8	NPR3	0.308344974	0.453	0.24	2.43e-90	6.37e-86
8	SEPT11	0.308209358	0.679	0.538	3.2400000000000003e-47	8.47e-43
8	AK9	0.308060817	0.539	0.345	3.9100000000000005e-71	1.0200000000000001e-66
8	SLC4A8	0.307716566	0.413	0.177	2.39e-147	6.27e-143
8	CENPX	0.30713389	0.732	0.596	3.67e-38	9.61e-34
8	C8orf82	0.307114739	0.524	0.339	3.7499999999999996e-68	9.820000000000001e-64
8	MIR2052HG	0.307075826	0.491	0.344	2.0599999999999998e-38	5.3999999999999995e-34
8	RAD51AP1	0.306639818	0.363	0.119	4.4300000000000005e-209	1.1599999999999999e-204
8	TXNIP	0.306218952	0.782	0.652	2.2799999999999998e-46	5.969999999999999e-42
8	SAMD5	0.306103672	0.534	0.373	5.44e-40	1.4200000000000002e-35
8	RNPEP	0.305864902	0.527	0.316	2.12e-88	5.55e-84
8	BCOR	0.305684747	0.704	0.551	3.5e-54	9.16e-50
8	STEAP1	0.305657648	0.579	0.313	7.27e-106	1.9e-101
8	CBR3	0.305629813	0.611	0.337	2.41e-116	6.3e-112
8	RBP7	0.304145292	0.398	0.169	5.99e-145	1.5699999999999998e-140
8	SMARCA2	0.303698359	0.581	0.346	1.8299999999999998e-94	4.7999999999999995e-90
8	ALCAM	0.303445849	0.773	0.469	8.409999999999999e-104	2.2e-99
8	SS18	0.303085939	0.648	0.487	1.9e-55	4.9700000000000003e-51
8	NFYB	0.302895613	0.516	0.294	1e-98	2.63e-94
8	RAB8A	0.302460767	0.503	0.318	2.49e-67	6.53e-63
8	FAM91A1	0.302268977	0.629	0.492	1.55e-39	4.05e-35
8	ESCO2	0.302212979	0.259	0.071	4.12e-195	1.08e-190
8	MALAT1	0.302212381	0.999	0.999	5.14e-37	1.34e-32
8	ATP5B	0.301458415	0.762	0.667	5.06e-34	1.32e-29
8	FBXO43	0.30142906	0.305	0.086	9.02e-219	2.36e-214
8	CPNE3	0.301196998	0.774	0.626	1.7699999999999997e-54	4.65e-50
8	JPT2	0.301023119	0.572	0.364	5.25e-78	1.37e-73
8	NDUFA2	0.300513472	0.772	0.627	1.0700000000000001e-49	2.7899999999999998e-45
8	RPS18	0.300222656	0.985	0.963	1.83e-64	4.78e-60
8	MKKS	0.29969661	0.555	0.367	2.29e-62	6e-58
8	PTTG1IP	0.299634897	0.619	0.454	4.06e-55	1.06e-50
8	DMAC1	0.29941441	0.61	0.446	6.13e-53	1.6e-48
8	TP53I13	0.299100046	0.417	0.2	3.7e-117	9.7e-113
8	KDELR1	0.298874745	0.76	0.648	2.41e-45	6.309999999999999e-41
8	TFF1	0.298873532	0.542	0.325	4.1200000000000006e-73	1.08e-68
8	TTF2	0.298826565	0.362	0.136	1.1300000000000001e-163	2.97e-159
8	DNAJB6	0.298354298	0.76	0.666	2.8300000000000002e-36	7.410000000000001e-32
8	TMEM254	0.297847336	0.66	0.453	1.42e-71	3.72e-67
8	TDP1	0.297494511	0.406	0.203	4.74e-100	1.24e-95
8	MOB1A	0.297411205	0.655	0.469	3.7100000000000003e-64	9.719999999999999e-60
8	SFT2D1	0.297316829	0.581	0.37	2.68e-78	6.9999999999999995e-74
8	CEBPZOS	0.296913583	0.617	0.429	4.26e-65	1.1199999999999999e-60
8	MYH11	0.296739373	0.394	0.193	4.99e-102	1.3100000000000002e-97
8	ADGRF1	0.296536068	0.284	0.116	5.4299999999999994e-104	1.42e-99
8	ISCU	0.296413199	0.562	0.398	5.79e-51	1.5199999999999999e-46
8	PGRMC1	0.296391052	0.631	0.431	2.93e-71	7.659999999999999e-67
8	HIST1H1E	0.295827682	0.308	0.191	6.57e-39	1.7199999999999999e-34
8	AC026167.1	0.295147341	0.265	0.092	4.85e-134	1.2700000000000001e-129
8	TMEM50A	0.295091126	0.703	0.554	1.5000000000000002e-56	3.9299999999999995e-52
8	RASEF	0.29507466	0.589	0.363	3.77e-75	9.88e-71
8	UXT	0.294608413	0.611	0.462	8.229999999999999e-42	2.1500000000000003e-37
8	HDAC1	0.294607146	0.697	0.5	2.1500000000000002e-72	5.62e-68
8	PNPO	0.294342135	0.356	0.159	8.12e-120	2.1299999999999998e-115
8	TRPM4	0.294092941	0.42	0.187	1.8999999999999998e-134	4.9900000000000004e-130
8	GSDMD	0.294048729	0.514	0.277	3.25e-108	8.509999999999999e-104
8	MIRLET7BHG	0.293623023	0.684	0.533	4.620000000000001e-47	1.2099999999999999e-42
8	ERCC6L	0.293562025	0.31	0.082	4.33e-248	1.1299999999999999e-243
8	SASS6	0.293473529	0.429	0.202	2.7000000000000003e-125	7.07e-121
8	PITHD1	0.293284864	0.602	0.402	4.9900000000000006e-73	1.3099999999999999e-68
8	C4orf46	0.292488727	0.304	0.095	9.61e-191	2.51e-186
8	ATRAID	0.291251601	0.63	0.429	5.67e-68	1.48e-63
8	GSPT1	0.291103603	0.775	0.675	6.3399999999999994e-52	1.66e-47
8	DUSP1	0.290927259	0.603	0.481	3.0899999999999998e-28	8.09e-24
8	ERLEC1	0.2907677	0.65	0.471	2.79e-60	7.29e-56
8	CSTB	0.29004001	0.785	0.644	1.92e-56	5.0199999999999996e-52
8	CCDC167	0.289966864	0.498	0.301	2.14e-77	5.61e-73
8	SAC3D1	0.289880446	0.415	0.256	2.51e-53	6.57e-49
8	NOSIP	0.289318141	0.531	0.351	4.3000000000000004e-64	1.13e-59
8	PHF19	0.289243767	0.413	0.186	1.43e-123	3.7499999999999997e-119
8	TRIOBP	0.28917131	0.472	0.265	5.809999999999999e-90	1.52e-85
8	MRPL34	0.289071872	0.585	0.422	9.829999999999999e-52	2.5700000000000003e-47
8	RAB32	0.289024427	0.494	0.304	1.1399999999999999e-67	2.98e-63
8	RBM17	0.2888634	0.7	0.548	2.83e-51	7.4100000000000005e-47
8	BARX1	0.288472678	0.446	0.254	7.95e-80	2.08e-75
8	PLK4	0.288112606	0.335	0.099	2.48e-227	6.490000000000001e-223
8	CCT6A	0.288029422	0.749	0.631	7.35e-46	1.92e-41
8	SAR1A	0.287958575	0.774	0.656	1.0599999999999999e-45	2.7699999999999997e-41
8	ARF1	0.287926988	0.765	0.664	2.15e-41	5.64e-37
8	EIF5A	0.287768188	0.562	0.406	1.16e-46	3.0299999999999996e-42
8	PTP4A1	0.287564696	0.608	0.423	6.98e-62	1.83e-57
8	CKLF	0.286981388	0.468	0.277	5.95e-73	1.56e-68
8	SLC3A2	0.28665894	0.633	0.471	1.24e-47	3.2500000000000004e-43
8	GRK6	0.286336983	0.385	0.161	5.67e-148	1.48e-143
8	ITGB3BP	0.285962896	0.662	0.511	4.5e-37	1.1800000000000001e-32
8	RPLP1	0.2857632	0.996	0.984	8.24e-59	2.1599999999999997e-54
8	RGS9	0.284977977	0.411	0.194	2.48e-113	6.500000000000001e-109
8	ZNF462	0.284713776	0.728	0.492	7.13e-78	1.87e-73
8	CENPN	0.282554747	0.34	0.107	4.3600000000000004e-212	1.1399999999999999e-207
8	PCM1	0.282512252	0.769	0.663	2.46e-42	6.439999999999999e-38
8	BZW1	0.282336336	0.816	0.705	3.9900000000000004e-47	1.0399999999999998e-42
8	RBMX	0.282116652	0.855	0.763	1.55e-50	4.05e-46
8	DKC1	0.282060812	0.561	0.377	5.04e-66	1.3199999999999998e-61
8	SHCBP1	0.281802176	0.292	0.056	0.0	0.0
8	ZNF43	0.281265168	0.637	0.479	1.9799999999999997e-48	5.18e-44
8	DCP2	0.281142229	0.534	0.352	2.53e-63	6.62e-59
8	CALR	0.280948365	0.806	0.716	8.649999999999999e-38	2.26e-33
8	RNF26	0.280858753	0.311	0.086	1.32e-238	3.46e-234
8	LRIF1	0.280330578	0.516	0.328	1.16e-66	3.04e-62
8	HIST1H2BC	0.280239279	0.301	0.15	1.38e-70	3.62e-66
8	VPS26A	0.280092706	0.771	0.661	7.95e-48	2.0800000000000002e-43
8	DNAJC9	0.279476925	0.829	0.742	4.35e-30	1.14e-25
8	ARL4A	0.279373015	0.526	0.33	3.59e-68	9.39e-64
8	HNRNPR	0.279229825	0.863	0.771	4.02e-53	1.05e-48
8	HNRNPK	0.278616101	0.882	0.818	7.45e-46	1.95e-41
8	YWHAH	0.278599101	0.634	0.461	6.34e-48	1.6600000000000002e-43
8	CTSV	0.278424302	0.372	0.126	1.45e-198	3.79e-194
8	MEGF6	0.278217868	0.253	0.054	1.5200000000000001e-276	3.9800000000000004e-272
8	TCP1	0.27788503	0.693	0.547	1.25e-46	3.28e-42
8	FAM46C	0.277821208	0.433	0.181	6.28e-154	1.64e-149
8	C12orf57	0.27735986	0.672	0.51	8.75e-50	2.29e-45
8	APH1A	0.277232615	0.495	0.301	2.74e-74	7.16e-70
8	FZR1	0.27697821	0.398	0.185	1.8e-120	4.7100000000000004e-116
8	SERPINH1	0.276173464	0.426	0.21	2.97e-110	7.77e-106
8	FAM120AOS	0.275824778	0.525	0.345	1.5800000000000002e-64	4.1299999999999996e-60
8	MAP3K9	0.274588302	0.472	0.309	8.22e-55	2.15e-50
8	MT3	0.274412304	0.395	0.227	5.5000000000000006e-64	1.44e-59
8	GINM1	0.274322755	0.636	0.432	9.02e-71	2.36e-66
8	AHI1	0.2742431	0.832	0.793	2.86e-28	7.469999999999999e-24
8	PTPRT	0.274229138	0.626	0.425	1.81e-61	4.73e-57
8	STK11	0.27394204	0.375	0.177	1.85e-107	4.84e-103
8	CDCA5	0.273878657	0.332	0.132	2.0999999999999998e-128	5.510000000000001e-124
8	PATJ	0.273123637	0.855	0.788	3.95e-40	1.03e-35
8	DIAPH2	0.273057523	0.833	0.658	4.16e-49	1.09e-44
8	AC084033.3	0.27297516	0.489	0.325	3.5599999999999997e-48	9.33e-44
8	SLC25A33	0.27296173	0.682	0.516	4.2699999999999995e-54	1.12e-49
8	ARL1	0.272790563	0.574	0.381	4.51e-67	1.18e-62
8	RPA3	0.272568119	0.641	0.485	7.179999999999999e-42	1.8800000000000002e-37
8	CEP135	0.271538145	0.451	0.236	8.99e-97	2.35e-92
8	PDIA4	0.271306982	0.543	0.354	2.28e-63	5.98e-59
8	LSM3	0.271206284	0.715	0.553	3.32e-44	8.68e-40
8	PRAC1	0.270901632	0.899	0.77	1.7400000000000002e-47	4.56e-43
8	SMARCA1	0.270888187	0.685	0.421	8.2e-88	2.1499999999999998e-83
8	OSER1-AS1	0.270535071	0.401	0.204	8.21e-97	2.15e-92
8	RPL13A	0.269985735	0.973	0.924	5.16e-57	1.3499999999999999e-52
8	ATP5H	0.269946741	0.803	0.7	1.69e-33	4.43e-29
8	SSR3	0.269931593	0.655	0.484	5.2e-49	1.36e-44
8	LAMP2	0.269895785	0.671	0.448	4.7e-74	1.2299999999999999e-69
8	HIST1H2BG	0.269863694	0.281	0.118	4.21e-98	1.1e-93
8	PSMA5	0.269587123	0.655	0.492	1.3199999999999999e-45	3.4599999999999997e-41
8	MORC4	0.268945472	0.508	0.305	1.66e-75	4.34e-71
8	REXO5	0.268943855	0.319	0.135	2.36e-113	6.17e-109
8	ILVBL	0.268716084	0.379	0.161	2.54e-137	6.64e-133
8	CMTM6	0.268456345	0.605	0.4	1.08e-70	2.83e-66
8	DNAJA4	0.268355432	0.414	0.262	1.91e-47	5e-43
8	PTP4A2	0.268270246	0.693	0.583	1.7700000000000001e-29	4.63e-25
8	PGLS	0.268156537	0.647	0.508	1.12e-41	2.9300000000000002e-37
8	SMIM15	0.268106434	0.581	0.402	2.42e-58	6.329999999999999e-54
8	CLTA	0.26806741	0.8	0.694	1.89e-43	4.95e-39
8	KDM1A	0.267843198	0.68	0.548	8.78e-38	2.3000000000000002e-33
8	ARHGAP28	0.267642033	0.51	0.344	5.2799999999999996e-45	1.38e-40
8	UBE2A	0.267242349	0.54	0.346	2.22e-68	5.81e-64
8	HIST1H4E	0.267098034	0.263	0.121	1.19e-75	3.11e-71
8	ARHGAP5	0.267003595	0.798	0.704	1.36e-37	3.5700000000000004e-33
8	CYHR1	0.266986178	0.591	0.402	1.66e-62	4.3400000000000004e-58
8	CD83	0.266578128	0.378	0.148	2.79e-153	7.3e-149
8	PDCD6	0.266533828	0.708	0.577	2.54e-44	6.6399999999999995e-40
8	FCGRT	0.266395514	0.46	0.257	7.36e-86	1.93e-81
8	SAE1	0.266010678	0.724	0.575	2.8300000000000003e-47	7.4e-43
8	ISOC2	0.265926169	0.406	0.212	8.87e-93	2.3200000000000002e-88
8	RCN2	0.265763402	0.741	0.617	3.72e-44	9.73e-40
8	ALKBH7	0.26545746	0.568	0.395	2.36e-56	6.1799999999999995e-52
8	FXR1	0.264898662	0.788	0.695	1.91e-38	4.99e-34
8	RER1	0.264894946	0.625	0.467	8.98e-46	2.35e-41
8	AURKAIP1	0.264631138	0.725	0.594	6.03e-35	1.58e-30
8	UQCC3	0.264442879	0.532	0.339	8.61e-67	2.25e-62
8	LRR1	0.263592583	0.408	0.21	1.3799999999999999e-89	3.6100000000000003e-85
8	MZT1	0.263566958	0.497	0.273	2.85e-90	7.450000000000001e-86
8	TMEM131L	0.263320955	0.729	0.589	4.11e-39	1.08e-34
8	HNRNPH1	0.263300784	0.886	0.817	1.91e-42	5e-38
8	TPT1	0.263299231	0.953	0.894	1.49e-38	3.9e-34
8	CASZ1	0.263166775	0.795	0.698	1.2800000000000001e-37	3.35e-33
8	KIF24	0.262938817	0.362	0.175	3.2399999999999994e-89	8.480000000000001e-85
8	TNFAIP8L1	0.262703511	0.285	0.104	6.11e-134	1.6e-129
8	TALDO1	0.262557285	0.55	0.382	6.92e-46	1.81e-41
8	WSB1	0.261919868	0.852	0.791	2.54e-44	6.659999999999999e-40
8	STRBP	0.261887185	0.799	0.707	2.7700000000000003e-43	7.25e-39
8	FOSB	0.261804611	0.723	0.617	2.6300000000000002e-27	6.89e-23
8	TPGS2	0.261750075	0.517	0.333	1.85e-62	4.84e-58
8	EIF4A3	0.261381623	0.76	0.638	1.4999999999999999e-40	3.93e-36
8	POLR2K	0.261368112	0.755	0.626	7.77e-35	2.03e-30
8	SDC2	0.261248284	0.763	0.49	7.59e-107	1.99e-102
8	CYTH3	0.261153184	0.591	0.381	7.409999999999999e-68	1.94e-63
8	GAMT	0.261015292	0.531	0.358	6.619999999999999e-54	1.73e-49
8	AC004009.1	0.26031229	0.406	0.175	2.24e-133	5.87e-129
8	CLGN	0.259433534	0.395	0.199	6.75e-91	1.77e-86
8	HES1	0.259208645	0.695	0.527	1.29e-43	3.38e-39
8	HSPH1	0.259005914	0.624	0.515	9.68e-26	2.5300000000000003e-21
8	PSMD11	0.258962692	0.748	0.626	5.9000000000000005e-37	1.5400000000000002e-32
8	EEF1AKMT2	0.258799099	0.316	0.098	3.55e-204	9.290000000000001e-200
8	RTF1	0.258627679	0.648	0.502	3.99e-45	1.04e-40
8	MRPS16	0.258584793	0.778	0.69	3.6e-32	9.42e-28
8	NONO	0.25816131	0.799	0.696	7.54e-38	1.9700000000000002e-33
8	MACROD1	0.258130279	0.466	0.255	1.03e-90	2.69e-86
8	ZNF165	0.257455482	0.261	0.067	3.16e-221	8.28e-217
8	LARP7	0.257432057	0.619	0.458	6.35e-45	1.6599999999999999e-40
8	TPRKB	0.257273714	0.467	0.296	5.88e-57	1.5399999999999998e-52
8	ANP32A	0.257105584	0.72	0.603	3.5700000000000003e-37	9.35e-33
8	APPL1	0.257076811	0.72	0.575	3.3e-48	8.65e-44
8	NRP1	0.256979031	0.8	0.69	1.6100000000000002e-27	4.2199999999999997e-23
8	SEPT2	0.256875008	0.802	0.712	5.18e-40	1.36e-35
8	CLSTN2	0.25669718	0.35	0.202	2.6999999999999997e-52	7.08e-48
8	SET	0.256572315	0.911	0.838	5.389999999999999e-40	1.41e-35
8	DENR	0.256528428	0.58	0.404	6.17e-56	1.62e-51
8	EIF2AK1	0.256501285	0.745	0.608	7.04e-43	1.84e-38
8	RACK1	0.256435152	0.939	0.882	8.2e-38	2.15e-33
8	SCP2	0.256390661	0.753	0.621	3.6e-38	9.43e-34
8	YY1	0.256126095	0.754	0.64	1.58e-39	4.14e-35
8	ISCA2	0.255880844	0.436	0.268	2.04e-62	5.33e-58
8	TMEM18	0.255856375	0.482	0.314	2.82e-56	7.37e-52
8	VPS28	0.255348948	0.691	0.579	1.32e-34	3.46e-30
8	ATP5G2	0.255100333	0.882	0.805	3.38e-33	8.840000000000001e-29
8	TAF9	0.255038806	0.514	0.337	7.600000000000001e-58	1.99e-53
8	CRAT	0.254805804	0.359	0.147	8.82e-139	2.31e-134
8	CAMKMT	0.25471137	0.756	0.676	9.05e-28	2.3699999999999998e-23
8	OSER1	0.254569978	0.565	0.397	4.72e-51	1.24e-46
8	CRK	0.254518934	0.663	0.534	1.1399999999999999e-40	2.97e-36
8	ZWILCH	0.254260833	0.407	0.219	6e-80	1.57e-75
8	STX17	0.25386996	0.57	0.396	8.250000000000001e-58	2.16e-53
8	BOLA3	0.253845329	0.612	0.463	2.5e-36	6.54e-32
8	UQCRFS1	0.253633239	0.657	0.508	3.82e-42	1e-37
8	SWI5	0.253389049	0.48	0.295	6.87e-65	1.8e-60
8	CCAR1	0.25337079	0.843	0.8	5.809999999999999e-34	1.52e-29
8	DNAJB14	0.253049494	0.627	0.515	2.92e-22	7.64e-18
8	PHB	0.252901425	0.692	0.55	8.06e-39	2.11e-34
8	RCAN3	0.25282055	0.78	0.59	6.560000000000001e-58	1.72e-53
8	TMEM19	0.252422892	0.336	0.129	2.94e-148	7.69e-144
8	FDFT1	0.25214339	0.501	0.315	8.83e-65	2.31e-60
8	YBX3	0.25199092	0.563	0.305	3.1199999999999995e-104	8.18e-100
8	FGFR1OP	0.251852164	0.352	0.142	6.05e-140	1.58e-135
8	P4HB	0.251754123	0.827	0.734	3.47e-41	9.08e-37
8	CFAP69	0.251530912	0.744	0.468	4.4e-88	1.15e-83
8	FAM107B	0.251216122	0.669	0.498	7.84e-52	2.05e-47
8	HNRNPA3	0.251211154	0.864	0.778	6.84e-32	1.79e-27
8	HERC5	0.251102453	0.346	0.164	6.52e-93	1.7100000000000002e-88
8	DCAF11	0.251100118	0.392	0.2	9.95e-93	2.6e-88
8	DYNLL2	0.250730465	0.664	0.525	1.2899999999999999e-39	3.3800000000000003e-35
8	FP236383.1	0.250643011	0.483	0.359	7.209999999999999e-23	1.89e-18
8	CYC1	0.250574823	0.644	0.5	8.91e-39	2.33e-34
8	ADAM12	0.250538159	0.364	0.172	2.97e-91	7.77e-87
8	RHNO1	0.250306367	0.285	0.089	1.92e-176	5.0299999999999996e-172
8	SLC2A4RG	0.250165262	0.475	0.301	2.06e-59	5.4e-55
8	CEP85	0.25011782	0.424	0.238	7.15e-77	1.8700000000000002e-72
9	PCP4	2.422339466	0.92	0.319	0.0	0.0
9	PCDH15	2.40669817	0.616	0.123	0.0	0.0
9	CCDC178	2.34606568	0.826	0.108	0.0	0.0
9	PPFIA2	2.302103214	0.977	0.41	0.0	0.0
9	KCND2	2.295881155	0.989	0.341	0.0	0.0
9	FHIT	2.200099057	0.974	0.73	0.0	0.0
9	NNAT	2.152674617	0.981	0.355	0.0	0.0
9	ADAMTSL1	2.108712599	0.946	0.277	0.0	0.0
9	SLC24A2	2.036081165	0.871	0.085	0.0	0.0
9	PTPRR	2.034636835	0.752	0.079	0.0	0.0
9	ANKFN1	2.028660642	0.495	0.071	0.0	0.0
9	ABCA5	1.936689152	0.958	0.449	0.0	0.0
9	COL21A1	1.935534894	0.637	0.141	0.0	0.0
9	AC004852.2	1.892691018	0.752	0.094	0.0	0.0
9	DGKB	1.865699796	0.827	0.092	0.0	0.0
9	EYA1	1.859779466	0.797	0.069	0.0	0.0
9	USH2A	1.84283134	0.998	0.365	0.0	0.0
9	IRX2	1.839054503	0.913	0.382	0.0	0.0
9	CALN1	1.77271543	0.986	0.419	0.0	0.0
9	EYA4	1.767558505	0.716	0.018	0.0	0.0
9	GRXCR1	1.724096625	0.793	0.055	0.0	0.0
9	KCNH7	1.719674068	0.97	0.362	0.0	0.0
9	HES6	1.690401135	0.968	0.48	0.0	0.0
9	IGFBP5	1.685947152	0.944	0.439	0.0	0.0
9	LINC00616	1.666772404	0.924	0.252	0.0	0.0
9	AL512662.2	1.617674285	0.588	0.032	0.0	0.0
9	ZNF385B	1.596935671	0.592	0.085	0.0	0.0
9	NKAIN2	1.58308257	0.741	0.126	0.0	0.0
9	MINDY4B	1.565911019	0.74	0.097	0.0	0.0
9	DSCAM	1.559702287	0.781	0.099	0.0	0.0
9	PKIB	1.538897646	0.937	0.509	0.0	0.0
9	ANKS1B	1.522284195	0.989	0.746	0.0	0.0
9	AC073050.1	1.520462954	0.841	0.266	0.0	0.0
9	NRXN3	1.512422905	0.989	0.526	0.0	0.0
9	TNC	1.485167799	0.598	0.05	0.0	0.0
9	CHST11	1.468847859	0.756	0.148	0.0	0.0
9	RUNX1T1	1.439317167	0.949	0.314	0.0	0.0
9	CHSY3	1.434121487	0.822	0.242	0.0	0.0
9	CA10	1.42808431	0.87	0.321	0.0	0.0
9	RBM24	1.404894923	0.804	0.108	0.0	0.0
9	DCLK1	1.38571752	0.83	0.365	0.0	0.0
9	ROBO2	1.383223182	0.973	0.35	0.0	0.0
9	PCSK2	1.381358096	0.99	0.367	0.0	0.0
9	GRIK2	1.373183744	0.827	0.284	0.0	0.0
9	GMDS	1.367305417	0.972	0.649	0.0	0.0
9	CDH23	1.354252398	0.686	0.161	0.0	0.0
9	COL25A1	1.348524159	0.873	0.304	0.0	0.0
9	PTPRQ	1.348476357	0.667	0.072	0.0	0.0
9	NELL1	1.347640437	0.821	0.18	0.0	0.0
9	AC092691.1	1.341997329	0.911	0.493	0.0	0.0
9	LINC02055	1.331271159	0.964	0.32	0.0	0.0
9	NRXN1	1.329577628	0.994	0.435	0.0	0.0
9	AC114316.2	1.325300351	0.594	0.034	0.0	0.0
9	THSD7B	1.323628352	0.889	0.261	0.0	0.0
9	ARHGAP24	1.303231571	0.88	0.409	0.0	0.0
9	FRMD3	1.28870997	0.921	0.38	0.0	0.0
9	EBF1	1.280096097	0.99	0.438	0.0	0.0
9	DPP10	1.262862376	0.902	0.316	0.0	0.0
9	L3MBTL4	1.260755472	0.956	0.573	0.0	0.0
9	CACNB2	1.254983666	0.991	0.708	0.0	0.0
9	FAM213A	1.248477583	0.931	0.772	0.0	0.0
9	MAP2	1.243095598	0.968	0.543	0.0	0.0
9	PEG10	1.240728179	0.891	0.419	0.0	0.0
9	DDHD1	1.239188881	0.822	0.364	0.0	0.0
9	HMGB1	1.226737691	0.971	0.858	0.0	0.0
9	NRCAM	1.222873521	0.842	0.204	0.0	0.0
9	KCNH6	1.220858245	0.827	0.251	0.0	0.0
9	RBFOX1	1.214227425	0.981	0.445	0.0	0.0
9	ROBO1	1.213943627	0.911	0.334	0.0	0.0
9	ATP8A1	1.207772523	0.95	0.675	0.0	0.0
9	TAGLN3	1.192007507	0.781	0.206	0.0	0.0
9	LSAMP	1.191549214	0.957	0.743	0.0	0.0
9	HS3ST5	1.184691155	0.972	0.352	0.0	0.0
9	AC106744.1	1.176363283	0.676	0.12	0.0	0.0
9	TOX	1.174109141	0.963	0.488	0.0	0.0
9	KIF19	1.170033873	0.822	0.21	0.0	0.0
9	ADAM12	1.169950686	0.74	0.159	0.0	0.0
9	ARMC4	1.168666636	0.618	0.097	0.0	0.0
9	FBXO32	1.164290156	0.847	0.394	0.0	0.0
9	IGFBP2	1.163100875	0.981	0.641	0.0	0.0
9	EPHA4	1.158565447	0.73	0.204	0.0	0.0
9	AC034195.1	1.15541322	0.907	0.381	0.0	0.0
9	PLCXD3	1.150499685	0.765	0.208	0.0	0.0
9	CFAP61	1.149300124	0.731	0.172	0.0	0.0
9	NIM1K	1.143932513	0.797	0.218	0.0	0.0
9	TCERG1L	1.140370188	0.828	0.277	0.0	0.0
9	KIF1A	1.139793271	0.869	0.263	0.0	0.0
9	FAM19A1	1.134277059	0.893	0.315	0.0	0.0
9	CEP85L	1.132714638	0.829	0.262	0.0	0.0
9	SLC36A4	1.132407131	0.967	0.586	0.0	0.0
9	XIRP2	1.132239874	0.548	0.034	0.0	0.0
9	PLS1	1.131772735	0.832	0.348	0.0	0.0
9	TMTC2	1.127009723	0.815	0.402	0.0	0.0
9	AC011287.1	1.124409339	0.537	0.129	0.0	0.0
9	ADAD1	1.12126926	0.699	0.069	0.0	0.0
9	ABCA10	1.120388404	0.664	0.128	0.0	0.0
9	SH2D4B	1.116640602	0.37	0.027	0.0	0.0
9	KRT20	1.114234019	0.895	0.253	0.0	0.0
9	MYO3B	1.112278746	0.574	0.06	0.0	0.0
9	CDH12	1.106399203	0.974	0.367	0.0	0.0
9	DLG2	1.105214612	0.912	0.609	0.0	0.0
9	GABBR2	1.096464706	0.809	0.218	0.0	0.0
9	CMYA5	1.086879016	0.686	0.161	0.0	0.0
9	DISC1	1.083041696	0.909	0.364	0.0	0.0
9	GPC5	1.078790955	0.828	0.292	0.0	0.0
9	SLC38A1	1.065835337	0.948	0.488	0.0	0.0
9	MGAT4C	1.055157871	0.889	0.312	0.0	0.0
9	MYO6	1.054626778	0.978	0.799	0.0	0.0
9	DACH1	1.053989264	0.992	0.625	0.0	0.0
9	RNF182	1.051280501	0.761	0.16	0.0	0.0
9	NR3C2	1.049682683	0.55	0.084	0.0	0.0
9	LINC00511	1.047074316	0.951	0.722	0.0	0.0
9	DNAJC12	1.042876573	0.896	0.49	0.0	0.0
9	TMEM108	1.042841233	0.915	0.351	0.0	0.0
9	DSCAML1	1.03216661	0.893	0.318	0.0	0.0
9	CCER2	1.031735491	0.976	0.368	0.0	0.0
9	CAP2	1.025191177	0.812	0.379	0.0	0.0
9	SIX1	1.011858122	0.813	0.377	0.0	0.0
9	CADPS2	1.007153206	0.899	0.734	3.58e-174	9.38e-170
9	CADM1	1.000888063	0.887	0.583	7.24e-305	1.8899999999999998e-300
9	DFNA5	1.000605537	0.753	0.216	0.0	0.0
9	ID4	0.998120994	0.742	0.209	0.0	0.0
9	ERC2	0.997661827	0.917	0.503	0.0	0.0
9	PTPRG	0.988084467	0.952	0.694	2.02e-281	5.29e-277
9	STMN1	0.97404373	0.969	0.772	0.0	0.0
9	EPHB1	0.951040932	0.74	0.194	0.0	0.0
9	TENM4	0.946377995	0.88	0.319	0.0	0.0
9	ATP8B2	0.942748311	0.768	0.254	0.0	0.0
9	CALM2	0.935431327	0.938	0.822	0.0	0.0
9	NAV2	0.933263045	0.913	0.444	0.0	0.0
9	AKAP6	0.930806389	0.822	0.372	0.0	0.0
9	ATP1B1	0.925811433	0.835	0.563	2.01e-253	5.26e-249
9	RIPOR2	0.924892846	0.828	0.273	0.0	0.0
9	TMEM178B	0.92422071	0.887	0.446	0.0	0.0
9	TUBA1A	0.922848755	0.948	0.685	0.0	0.0
9	PLPPR1	0.920565939	0.632	0.153	0.0	0.0
9	COL22A1	0.918624421	0.937	0.386	0.0	0.0
9	EFR3B	0.917937893	0.858	0.378	0.0	0.0
9	SPOCK3	0.91750167	0.64	0.215	0.0	0.0
9	GTF2IRD1	0.915323226	0.851	0.519	0.0	0.0
9	BDNF	0.909641432	0.579	0.052	0.0	0.0
9	CDH4	0.909609905	0.707	0.17	0.0	0.0
9	PPM1E	0.904408891	0.946	0.564	0.0	0.0
9	PALLD	0.899275878	0.972	0.693	0.0	0.0
9	BARHL1	0.893678345	0.769	0.206	0.0	0.0
9	FOXA2	0.89364185	0.8	0.262	0.0	0.0
9	RASSF6	0.880277954	0.591	0.127	0.0	0.0
9	SNTG2	0.879700333	0.66	0.158	0.0	0.0
9	AC074237.1	0.878485984	0.628	0.141	0.0	0.0
9	MTUS2	0.875415729	0.748	0.39	1.9199999999999998e-270	5.03e-266
9	SSTR2	0.874435723	0.51	0.039	0.0	0.0
9	MED12L	0.868014598	0.756	0.338	0.0	0.0
9	ENY2	0.866089466	0.927	0.732	0.0	0.0
9	ENOX1	0.861555256	0.832	0.361	0.0	0.0
9	SYT1	0.855269557	0.961	0.525	0.0	0.0
9	C4orf22	0.853799742	0.608	0.2	0.0	0.0
9	CTNNA3	0.853615203	0.845	0.456	5e-294	1.31e-289
9	RELN	0.852163001	0.618	0.155	0.0	0.0
9	SOX11	0.84918054	0.845	0.328	0.0	0.0
9	SRRM4	0.845673399	0.721	0.199	0.0	0.0
9	IGSF11	0.844687895	0.665	0.196	0.0	0.0
9	RDX	0.843695008	0.851	0.531	0.0	0.0
9	MCC	0.839047503	0.858	0.537	2.17e-275	5.69e-271
9	MIR4300HG	0.837371692	0.439	0.127	0.0	0.0
9	KHDRBS3	0.83524504	0.948	0.688	0.0	0.0
9	C5orf38	0.834680637	0.662	0.172	0.0	0.0
9	DST	0.833600025	0.978	0.697	0.0	0.0
9	FBXL7	0.83017976	0.891	0.629	3.03e-220	7.929999999999999e-216
9	ATRNL1	0.830039901	0.966	0.364	0.0	0.0
9	LHFPL3	0.827011514	0.803	0.274	0.0	0.0
9	TRPM2	0.826638537	0.643	0.121	0.0	0.0
9	HIST1H4C	0.826625636	0.812	0.582	1.23e-128	3.22e-124
9	LINC02113	0.82592233	0.779	0.225	0.0	0.0
9	DLK2	0.82401219	0.538	0.046	0.0	0.0
9	LDB3	0.822031532	0.642	0.107	0.0	0.0
9	MYO16	0.820496155	0.505	0.102	0.0	0.0
9	LRRC4C	0.818873688	0.52	0.144	0.0	0.0
9	LHX3	0.818109656	0.66	0.109	0.0	0.0
9	TUBB2B	0.815445799	0.83	0.361	0.0	0.0
9	KIF21A	0.814429895	0.895	0.577	0.0	0.0
9	TRPM8	0.811883452	0.685	0.154	0.0	0.0
9	DEFB1	0.81184678	0.619	0.147	0.0	0.0
9	MYCBP2	0.80979969	0.896	0.576	0.0	0.0
9	PROX1	0.8087971	0.851	0.339	0.0	0.0
9	ANO3	0.805541888	0.647	0.162	0.0	0.0
9	CASC17	0.803627215	0.38	0.007	0.0	0.0
9	EFHC1	0.800554883	0.855	0.517	1.2900000000000001e-307	3.3800000000000005e-303
9	PCSK5	0.79799249	0.655	0.297	7.42e-276	1.94e-271
9	GPX2	0.796879142	0.567	0.082	0.0	0.0
9	CORO2A	0.796520788	0.687	0.304	0.0	0.0
9	MIAT	0.795464892	0.773	0.224	0.0	0.0
9	SATB1-AS1	0.792161539	0.659	0.164	0.0	0.0
9	SSBP2	0.791101693	0.921	0.586	3.45e-295	9.030000000000001e-291
9	NHSL1	0.788924123	0.877	0.512	0.0	0.0
9	PLEKHA5	0.784985863	0.96	0.726	2.7400000000000003e-296	7.17e-292
9	FYN	0.784584918	0.904	0.509	0.0	0.0
9	PELI2	0.783370692	0.745	0.293	0.0	0.0
9	NDUFC2	0.780056073	0.881	0.629	5.62e-279	1.47e-274
9	FGD4	0.779344264	0.833	0.507	5.64e-263	1.48e-258
9	PPP1R1C	0.776705953	0.803	0.292	0.0	0.0
9	CACNA1A	0.77316812	0.836	0.298	0.0	0.0
9	RAP1B	0.771787607	0.906	0.674	1.43e-256	3.7400000000000003e-252
9	SLCO3A1	0.767358183	0.747	0.309	0.0	0.0
9	ISL1	0.766849404	0.846	0.318	0.0	0.0
9	TRAPPC9	0.765729696	0.969	0.794	0.0	0.0
9	BRINP1	0.763467423	0.673	0.206	0.0	0.0
9	OTUD7A	0.762349565	0.657	0.173	0.0	0.0
9	AC128707.1	0.759707521	0.339	0.005	0.0	0.0
9	MYO15A	0.759593638	0.608	0.104	0.0	0.0
9	GPR156	0.75949975	0.615	0.158	0.0	0.0
9	PODXL	0.758214879	0.769	0.275	0.0	0.0
9	CDH2	0.757510448	0.707	0.235	0.0	0.0
9	SUMF1	0.754458439	0.973	0.834	3.81e-278	9.969999999999999e-274
9	UGT8	0.754296516	0.629	0.126	0.0	0.0
9	PTPRB	0.751335996	0.49	0.115	0.0	0.0
9	DGUOK	0.750267146	0.903	0.676	8.859999999999999e-268	2.32e-263
9	KCNK1	0.748344766	0.708	0.382	2.94e-238	7.699999999999999e-234
9	CIB2	0.747626192	0.604	0.273	1.14e-281	2.99e-277
9	DEFA6	0.74564291	0.559	0.213	3.0200000000000003e-223	7.89e-219
9	YBX1	0.741107449	0.931	0.824	1.53e-247	4e-243
9	NCS1	0.739075235	0.77	0.314	0.0	0.0
9	PHLDB3	0.738555946	0.625	0.253	0.0	0.0
9	PIBF1	0.738532137	0.918	0.615	8.52e-287	2.2299999999999996e-282
9	HDAC9	0.737983726	0.843	0.576	2.14e-173	5.59e-169
9	GDAP1	0.736020232	0.838	0.437	0.0	0.0
9	UNC79	0.735290519	0.837	0.328	0.0	0.0
9	FAM107B	0.73352881	0.755	0.495	4.9e-167	1.28e-162
9	ATOH1	0.732868439	0.546	0.065	0.0	0.0
9	TNIK	0.732489522	0.915	0.587	2.52e-269	6.59e-265
9	OSBPL1A	0.731571772	0.854	0.548	3.48e-268	9.11e-264
9	NWD2	0.731274584	0.383	0.032	0.0	0.0
9	DIXDC1	0.72978368	0.775	0.375	0.0	0.0
9	SLIT2	0.729753282	0.452	0.093	0.0	0.0
9	CGA	0.726421722	0.464	0.108	0.0	0.0
9	NEXMIF	0.72615518	0.799	0.505	1.3299999999999998e-199	3.47e-195
9	VAV3	0.72523181	0.546	0.128	0.0	0.0
9	CEP152	0.722289671	0.73	0.287	0.0	0.0
9	JPT1	0.719401909	0.919	0.752	9.019999999999999e-240	2.36e-235
9	ARMC2	0.718487561	0.717	0.308	0.0	0.0
9	KIAA1456	0.715042958	0.784	0.3	0.0	0.0
9	SH3BGRL3	0.714844499	0.729	0.44	1.58e-205	4.15e-201
9	GPR137C	0.7108928	0.832	0.476	4.9199999999999996e-254	1.29e-249
9	RIMBP2	0.710003703	0.711	0.269	0.0	0.0
9	CSRNP3	0.708843358	0.8	0.286	0.0	0.0
9	OLFM1	0.708464886	0.826	0.357	0.0	0.0
9	MARK1	0.707769181	0.808	0.473	2.81e-240	7.3699999999999995e-236
9	RAB11FIP3	0.706344506	0.817	0.476	4.74e-290	1.24e-285
9	UBASH3B	0.705670389	0.575	0.182	0.0	0.0
9	TJAP1	0.704626657	0.562	0.173	0.0	0.0
9	MTSS1	0.704059951	0.851	0.613	2.2699999999999998e-191	5.95e-187
9	AC106798.1	0.702491889	0.622	0.183	0.0	0.0
9	SRGAP1	0.701260114	0.956	0.647	4.66e-294	1.22e-289
9	CTNNA2	0.701107132	0.582	0.173	0.0	0.0
9	ALK	0.700111756	0.788	0.294	0.0	0.0
9	SCG3	0.698626003	0.808	0.288	0.0	0.0
9	RGS12	0.697734632	0.76	0.422	2.6600000000000002e-266	6.97e-262
9	TUBA1B	0.695181962	0.904	0.688	3.54e-205	9.27e-201
9	ATP8A2	0.694673087	0.912	0.368	0.0	0.0
9	VPS53	0.69411965	0.894	0.627	3.7900000000000004e-257	9.93e-253
9	MREG	0.693051618	0.731	0.27	0.0	0.0
9	PBX1	0.692833139	0.957	0.774	5.23e-239	1.37e-234
9	AC015574.1	0.69161675	0.299	0.008	0.0	0.0
9	ST6GALNAC5	0.690599433	0.544	0.214	1.51e-244	3.96e-240
9	RHOBTB3	0.69030934	0.839	0.472	1.02e-284	2.66e-280
9	ESPN	0.684150404	0.587	0.12	0.0	0.0
9	ANXA4	0.680047857	0.602	0.359	1.71e-134	4.47e-130
9	CPM	0.678953633	0.629	0.233	0.0	0.0
9	ZNF536	0.677857511	0.883	0.359	0.0	0.0
9	FMN1	0.676617861	0.548	0.173	0.0	0.0
9	KSR1	0.676189464	0.75	0.353	7.53e-280	1.97e-275
9	ATP2B4	0.674756855	0.734	0.264	0.0	0.0
9	FCHSD2	0.674451421	0.919	0.645	2.0900000000000003e-226	5.48e-222
9	AUTS2	0.67201162	0.97	0.825	1.22e-212	3.19e-208
9	DENND2A	0.671440986	0.741	0.405	1.08e-238	2.8299999999999996e-234
9	PCDH9	0.669613592	0.881	0.325	0.0	0.0
9	AC005144.1	0.667636264	0.376	0.003	0.0	0.0
9	MLLT11	0.665906029	0.751	0.286	0.0	0.0
9	SEMA6D	0.665575406	0.924	0.391	2.74e-293	7.160000000000001e-289
9	CHD7	0.663930564	0.889	0.519	7.87e-268	2.06e-263
9	CRMP1	0.663730074	0.779	0.306	0.0	0.0
9	KIT	0.662936104	0.514	0.091	0.0	0.0
9	AKR1B10	0.662328672	0.687	0.205	0.0	0.0
9	DLGAP4	0.659024374	0.834	0.52	1.74e-243	4.56e-239
9	KLHL32	0.657868904	0.688	0.289	0.0	0.0
9	ATP2B2	0.657182794	0.725	0.227	0.0	0.0
9	NIN	0.656327796	0.802	0.48	7.79e-232	2.04e-227
9	TFAP2B	0.651039908	0.751	0.265	0.0	0.0
9	TMEM61	0.65012085	0.546	0.13	0.0	0.0
9	FGGY	0.649683774	0.896	0.598	3.3499999999999997e-236	8.77e-232
9	TRPC1	0.648596492	0.732	0.406	1.43e-211	3.73e-207
9	ARHGAP18	0.647590516	0.753	0.335	0.0	0.0
9	BVES	0.64660525	0.479	0.085	0.0	0.0
9	CCK	0.643844063	0.506	0.113	0.0	0.0
9	AC099520.1	0.64302273	0.433	0.129	9.809999999999999e-288	2.57e-283
9	KIAA1958	0.642820739	0.832	0.544	1.94e-206	5.07e-202
9	SPRED2	0.642050741	0.9	0.709	1.03e-149	2.69e-145
9	MSI2	0.641944364	0.994	0.906	9.679999999999999e-268	2.53e-263
9	NFASC	0.641152336	0.795	0.429	6.510000000000001e-248	1.7e-243
9	PRKN	0.641100812	0.757	0.482	2.2500000000000002e-161	5.88e-157
9	ELAVL2	0.638689317	0.798	0.368	1.4e-300	3.65e-296
9	SDCCAG8	0.637825502	0.914	0.697	6.7300000000000006e-223	1.76e-218
9	ELAVL3	0.637521659	0.624	0.192	0.0	0.0
9	RAVER2	0.637159498	0.677	0.324	4.82e-270	1.26e-265
9	PRAG1	0.636442392	0.526	0.171	0.0	0.0
9	SRRM3	0.635730073	0.813	0.312	0.0	0.0
9	PCLO	0.634443334	0.846	0.503	3.06e-229	8.009999999999999e-225
9	CENPP	0.633457735	0.806	0.493	7.520000000000001e-185	1.97e-180
9	ASIC2	0.633331876	0.548	0.242	1.85e-201	4.8299999999999994e-197
9	CNTN3	0.632808504	0.493	0.139	0.0	0.0
9	KCNN2	0.631766933	0.526	0.138	0.0	0.0
9	MIR4713HG	0.631298265	0.607	0.197	0.0	0.0
9	SEZ6L	0.629271803	0.838	0.307	0.0	0.0
9	COX7A2	0.629001927	0.928	0.818	9.3e-209	2.4299999999999998e-204
9	NHLH1	0.627372437	0.518	0.083	0.0	0.0
9	LRRIQ1	0.627325175	0.676	0.284	9.85e-299	2.58e-294
9	GNGT1	0.626948627	0.525	0.146	0.0	0.0
9	IGF2BP3	0.626655439	0.653	0.198	0.0	0.0
9	ABCA9	0.62540996	0.395	0.022	0.0	0.0
9	LINC01158	0.62450294	0.491	0.069	0.0	0.0
9	NEGR1	0.619819125	0.953	0.378	0.0	0.0
9	CYCS	0.618902031	0.855	0.633	2.4700000000000003e-195	6.45e-191
9	HMGCS1	0.618126621	0.828	0.513	1.76e-222	4.61e-218
9	RASAL2	0.615766875	0.89	0.678	6.430000000000001e-157	1.68e-152
9	MAGI2	0.611008158	0.617	0.284	1.54e-220	4.04e-216
9	UNC80	0.610936018	0.752	0.312	0.0	0.0
9	SEMA5A	0.610651641	0.808	0.428	2.07e-243	5.43e-239
9	C14orf132	0.610144069	0.761	0.355	5.970000000000001e-303	1.56e-298
9	CNR1	0.609117733	0.544	0.114	0.0	0.0
9	NKX2-2	0.607959201	0.588	0.154	0.0	0.0
9	ASAP1	0.607474615	0.949	0.73	1.0500000000000001e-213	2.74e-209
9	SOX2	0.607298601	0.541	0.138	0.0	0.0
9	GPR158	0.607036445	0.782	0.42	3.05e-232	7.98e-228
9	ABCA6	0.606750641	0.4	0.034	0.0	0.0
9	ETV5	0.606393184	0.639	0.185	0.0	0.0
9	SGK1	0.603528472	0.545	0.194	1.03e-300	2.69e-296
9	TAGLN2	0.602492813	0.825	0.57	2.52e-183	6.600000000000001e-179
9	TUBB	0.601264043	0.903	0.725	4.62e-165	1.2100000000000002e-160
9	CEP126	0.600336905	0.714	0.352	5.54e-248	1.45e-243
9	POPDC3	0.599111257	0.462	0.042	0.0	0.0
9	DOK6	0.598844816	0.656	0.306	4.319999999999999e-230	1.13e-225
9	LOXHD1	0.598644723	0.466	0.072	0.0	0.0
9	CBX3	0.597565259	0.882	0.662	1.15e-216	3e-212
9	TBCB	0.594999117	0.809	0.537	1.8599999999999998e-204	4.88e-200
9	KLF12	0.594620273	0.849	0.534	9.96e-208	2.61e-203
9	DYTN	0.594137845	0.409	0.034	0.0	0.0
9	CKB	0.594035269	0.892	0.586	3.13e-218	8.18e-214
9	TCF4	0.591960443	0.722	0.249	0.0	0.0
9	DANCR	0.591384935	0.795	0.558	1.76e-173	4.5900000000000005e-169
9	B4GALNT3	0.590774496	0.507	0.172	3.18e-306	8.32e-302
9	SEL1L3	0.590243851	0.779	0.457	2.11e-209	5.54e-205
9	UGP2	0.588798319	0.824	0.545	1.26e-196	3.3100000000000002e-192
9	SESTD1	0.587572766	0.796	0.435	1.42e-238	3.73e-234
9	PSIP1	0.5868259	0.859	0.615	1.49e-200	3.91e-196
9	POMP	0.58567123	0.845	0.604	1.71e-191	4.47e-187
9	BCL11A	0.583253304	0.583	0.148	0.0	0.0
9	AES	0.582648669	0.862	0.636	8.199999999999999e-191	2.15e-186
9	RUFY1	0.582392022	0.746	0.462	8.71e-188	2.28e-183
9	KIAA0319	0.581640648	0.769	0.447	1.0099999999999999e-199	2.64e-195
9	HIVEP3	0.581343372	0.883	0.651	9.890000000000001e-157	2.59e-152
9	MPP6	0.57908944	0.839	0.487	9.91e-218	2.5900000000000002e-213
9	DLEU1	0.579058354	0.787	0.475	1.1900000000000002e-185	3.13e-181
9	SNTB1	0.578978381	0.456	0.129	0.0	0.0
9	SNAP25	0.577583976	0.839	0.389	5.379999999999999e-287	1.41e-282
9	TTN	0.576854957	0.6	0.209	5.8e-300	1.52e-295
9	MIB1	0.576551155	0.927	0.74	3.62e-186	9.48e-182
9	CCDC141	0.575905423	0.562	0.18	0.0	0.0
9	SATB1	0.575236695	0.6	0.163	0.0	0.0
9	ONECUT2	0.573269119	0.69	0.322	2.26e-262	5.909999999999999e-258
9	GRID1	0.57038929	0.573	0.168	0.0	0.0
9	SEMA3A	0.569651114	0.438	0.074	0.0	0.0
9	ATP11A	0.569481777	0.857	0.517	3.23e-206	8.46e-202
9	EPHA5	0.568741383	0.805	0.333	1.1e-295	2.8700000000000004e-291
9	SLC25A6	0.568674351	0.831	0.583	4.78e-177	1.25e-172
9	JAK1	0.568173459	0.806	0.486	1.9800000000000002e-206	5.18e-202
9	ESRRG	0.565397496	0.953	0.677	1.49e-186	3.89e-182
9	DNAH7	0.56508444	0.692	0.324	9.08e-252	2.3800000000000003e-247
9	BRINP2	0.563200525	0.532	0.128	0.0	0.0
9	MAD1L1	0.562290852	0.78	0.425	2.6699999999999997e-239	6.990000000000001e-235
9	LINC01091	0.561882219	0.626	0.305	1.2599999999999999e-174	3.29e-170
9	TBL1X	0.561838727	0.781	0.493	1.17e-161	3.0700000000000005e-157
9	AL365295.1	0.561356923	0.583	0.342	7.000000000000001e-110	1.83e-105
9	COX6A1	0.560821484	0.916	0.785	1.4300000000000002e-169	3.7499999999999996e-165
9	KIAA1324L	0.559900726	0.662	0.242	0.0	0.0
9	PLEKHA6	0.559445291	0.677	0.357	6.3e-198	1.65e-193
9	GLRA2	0.558893479	0.425	0.091	0.0	0.0
9	STK17B	0.558320359	0.649	0.314	5.82e-223	1.52e-218
9	CPE	0.557258293	0.963	0.801	2.9999999999999997e-197	7.85e-193
9	LINP1	0.556171976	0.5	0.108	0.0	0.0
9	AK8	0.555037363	0.587	0.181	0.0	0.0
9	MZT2A	0.554404545	0.85	0.627	4.2e-176	1.1e-171
9	PCBP4	0.551665491	0.618	0.215	0.0	0.0
9	CHCHD2	0.551655405	0.92	0.822	1.2300000000000001e-166	3.23e-162
9	DYRK2	0.550220307	0.617	0.262	4.389999999999999e-285	1.15e-280
9	RBM3	0.550215316	0.87	0.671	3.05e-165	7.970000000000001e-161
9	NCAM1	0.550121887	0.805	0.311	1.9299999999999998e-299	5.06e-295
9	APLP1	0.549959939	0.692	0.291	1.0300000000000001e-291	2.71e-287
9	ODC1	0.549525418	0.89	0.684	7.37e-176	1.93e-171
9	AC084033.3	0.548363446	0.652	0.32	1.5000000000000001e-223	3.9199999999999995e-219
9	PHYHIPL	0.545926018	0.79	0.421	3.4699999999999997e-221	9.09e-217
9	DUSP23	0.544281116	0.61	0.302	3.0499999999999997e-205	7.99e-201
9	NDUFA4	0.544161254	0.917	0.826	1.52e-149	3.98e-145
9	SEC61G	0.543193301	0.85	0.687	6.93e-137	1.81e-132
9	MCUB	0.54280759	0.755	0.412	2.21e-209	5.77e-205
9	UBE2S	0.541676781	0.854	0.621	7.68e-139	2.01e-134
9	AC007529.2	0.541493675	0.431	0.085	0.0	0.0
9	INPP4B	0.54079686	0.405	0.145	1.7599999999999999e-199	4.6100000000000004e-195
9	LIN28B	0.540777438	0.673	0.268	3.31e-288	8.669999999999999e-284
9	EPHA5-AS1	0.54022835	0.655	0.221	0.0	0.0
9	FHL2	0.539167674	0.812	0.404	5.8499999999999994e-229	1.53e-224
9	KSR2	0.538696941	0.689	0.368	2.06e-193	5.4e-189
9	LMO3	0.538559395	0.532	0.141	0.0	0.0
9	GPSM2	0.537481507	0.656	0.341	2.58e-193	6.739999999999999e-189
9	MTBP	0.536776816	0.685	0.316	1.9500000000000002e-252	5.090000000000001e-248
9	KLHL14	0.536048772	0.334	0.019	0.0	0.0
9	NR2F2	0.536036581	0.642	0.4	1.85e-133	4.8400000000000005e-129
9	MDM1	0.534458995	0.51	0.164	0.0	0.0
9	SYTL2	0.533346349	0.869	0.589	1.81e-166	4.75e-162
9	SNRPG	0.533018605	0.888	0.749	2.39e-160	6.25e-156
9	MYBL2	0.532506001	0.578	0.236	6.21e-227	1.63e-222
9	CLIP2	0.53177676	0.718	0.354	6.240000000000001e-222	1.63e-217
9	ELMOD1	0.531603308	0.387	0.031	0.0	0.0
9	GABRB2	0.530543884	0.375	0.037	0.0	0.0
9	ACSL4	0.5298626	0.63	0.248	8.919999999999999e-300	2.33e-295
9	SETBP1	0.529548174	0.81	0.537	2.84e-156	7.4399999999999995e-152
9	SLC2A13	0.529444212	0.57	0.283	1.57e-160	4.1200000000000004e-156
9	SLC7A1	0.529365221	0.705	0.344	8.43e-235	2.21e-230
9	FSD1L	0.526778987	0.723	0.385	2.06e-206	5.39e-202
9	PSMA7	0.526316245	0.928	0.803	4.75e-169	1.24e-164
9	RSRC1	0.525148474	0.848	0.57	4.4e-167	1.15e-162
9	ZMAT4	0.524639427	0.702	0.412	2.28e-145	5.97e-141
9	HMGN2	0.523726352	0.954	0.874	2.8e-146	7.339999999999999e-142
9	PKP4	0.521546624	0.803	0.644	9.24e-69	2.42e-64
9	KIF9	0.521422531	0.682	0.382	3.47e-185	9.080000000000001e-181
9	FAM49B	0.520274681	0.89	0.661	8.949999999999999e-170	2.34e-165
9	SYN3	0.519273727	0.521	0.23	2.2600000000000003e-185	5.91e-181
9	ANKRD24	0.519034017	0.446	0.098	0.0	0.0
9	NME1	0.518864594	0.844	0.6	1.9e-159	4.9600000000000005e-155
9	NEBL	0.518406837	0.828	0.657	6.709999999999999e-92	1.76e-87
9	TANC2	0.518042654	0.975	0.849	1.34e-154	3.51e-150
9	HOMER1	0.517429224	0.74	0.382	1.31e-196	3.44e-192
9	COX8A	0.517179122	0.87	0.701	3.18e-138	8.339999999999999e-134
9	TRMT112	0.515322765	0.869	0.704	3.3999999999999995e-138	8.889999999999999e-134
9	PACRG	0.515188544	0.68	0.336	7.16e-202	1.87e-197
9	ATP6V0B	0.515115374	0.829	0.632	5.38e-143	1.41e-138
9	HK1	0.51478988	0.863	0.67	2.75e-145	7.21e-141
9	UQCR11	0.514324029	0.879	0.728	7.1099999999999995e-146	1.86e-141
9	NUDCD1	0.512347039	0.693	0.358	2.52e-221	6.6e-217
9	ADAMTS14	0.511911333	0.746	0.276	1.3900000000000001e-303	3.64e-299
9	SCGB2A1	0.511873311	0.429	0.118	0.0	0.0
9	SEM1	0.510676135	0.919	0.784	1.6300000000000002e-169	4.27e-165
9	KCTD12	0.51015851	0.62	0.277	7.91e-229	2.0700000000000001e-224
9	CAMTA1	0.510120093	0.939	0.784	5.0400000000000004e-185	1.3199999999999998e-180
9	ENAH	0.510119028	0.968	0.837	3.98e-187	1.04e-182
9	PRUNE2	0.510039263	0.904	0.67	5.7600000000000004e-145	1.51e-140
9	LHFPL5	0.509979512	0.526	0.124	0.0	0.0
9	AKNAD1	0.509538003	0.363	0.019	0.0	0.0
9	MRPL20	0.509232203	0.864	0.692	4.04e-139	1.0599999999999999e-134
9	SPSB4	0.508130093	0.719	0.26	0.0	0.0
9	UBE2M	0.507309158	0.766	0.503	2.95e-166	7.72e-162
9	MARCKSL1	0.507202935	0.923	0.821	2.53e-145	6.63e-141
9	DNAJC6	0.506988441	0.698	0.331	9.46e-229	2.48e-224
9	STK32A	0.506460062	0.57	0.193	0.0	0.0
9	PRELID2	0.506024862	0.579	0.254	2.45e-212	6.4e-208
9	NDUFAB1	0.504759286	0.827	0.618	2.1399999999999998e-152	5.6e-148
9	SHC4	0.502475482	0.749	0.332	1.25e-222	3.27e-218
9	KRT8	0.502205816	0.882	0.732	5.47e-115	1.43e-110
9	SSH2	0.500953268	0.944	0.778	1.9e-157	4.97e-153
9	H2AFY	0.500720947	0.887	0.699	8.18e-169	2.14e-164
9	PLEKHH2	0.500682692	0.891	0.564	5.0900000000000005e-177	1.33e-172
9	PREP	0.498344756	0.619	0.32	1.71e-173	4.48e-169
9	SNRPD1	0.498166683	0.849	0.617	1.06e-152	2.78e-148
9	SPOCK1	0.498025094	0.765	0.565	4e-81	1.05e-76
9	PAPSS1	0.497728453	0.756	0.502	5.19e-140	1.36e-135
9	ILF3-AS1	0.496804641	0.688	0.381	1.61e-191	4.22e-187
9	MRPS6	0.496629834	0.664	0.404	1.02e-147	2.67e-143
9	GTF3A	0.496277025	0.714	0.383	2.41e-199	6.3000000000000006e-195
9	TIAM1	0.494971842	0.824	0.523	6.55e-163	1.72e-158
9	EXT1	0.494764842	0.938	0.749	1.16e-146	3.03e-142
9	MDK	0.494662976	0.879	0.719	3.43e-125	8.99e-121
9	DUSP10	0.494252154	0.627	0.264	7.19e-256	1.88e-251
9	PTCHD4	0.493555325	0.567	0.171	0.0	0.0
9	GRM3	0.493254317	0.571	0.169	0.0	0.0
9	ENC1	0.492820855	0.584	0.24	2.36e-255	6.19e-251
9	KATNAL1	0.492781273	0.659	0.302	1.59e-235	4.17e-231
9	WASF1	0.492692771	0.766	0.404	2.65e-221	6.95e-217
9	COX17	0.492379131	0.8	0.562	6.9e-149	1.81e-144
9	MOB3B	0.491893042	0.454	0.145	6.06e-275	1.59e-270
9	USP49	0.490177908	0.672	0.338	3.09e-198	8.100000000000001e-194
9	OLIG1	0.488883133	0.377	0.02	0.0	0.0
9	SLC7A11-AS1	0.488758376	0.463	0.093	0.0	0.0
9	JAKMIP2	0.4886635	0.653	0.228	0.0	0.0
9	ERH	0.486238506	0.877	0.718	1.29e-139	3.37e-135
9	LMNA	0.485404385	0.912	0.653	2.13e-179	5.58e-175
9	TBL1XR1	0.484740858	0.973	0.882	1.59e-119	4.149999999999999e-115
9	LONRF2	0.484692077	0.667	0.343	4.0300000000000006e-192	1.05e-187
9	TMPRSS3	0.483692163	0.631	0.281	6.19e-240	1.62e-235
9	CHGA	0.483368334	0.526	0.123	0.0	0.0
9	METRN	0.482093782	0.451	0.286	3.07e-68	8.02e-64
9	ADARB1	0.482087	0.603	0.451	1.68e-34	4.4e-30
9	PRKG2	0.480957185	0.471	0.135	0.0	0.0
9	CENPV	0.479156001	0.705	0.366	1.05e-201	2.76e-197
9	PTMA	0.479058587	0.99	0.975	5.569999999999999e-135	1.46e-130
9	ATP6V1F	0.476305893	0.789	0.558	5.2e-135	1.36e-130
9	PTTG1	0.475522982	0.61	0.304	3.03e-151	7.94e-147
9	GNAI1	0.474503546	0.685	0.293	2.8600000000000004e-252	7.47e-248
9	SPARCL1	0.474390812	0.625	0.275	4.71e-201	1.2299999999999999e-196
9	SLC9A2	0.473216838	0.368	0.065	0.0	0.0
9	RTKN2	0.473078854	0.635	0.344	2.65e-142	6.94e-138
9	UBE2O	0.472964772	0.722	0.433	2.03e-161	5.31e-157
9	NDUFAF8	0.47269768	0.799	0.58	6.28e-131	1.64e-126
9	OSBPL3	0.472600433	0.618	0.25	8.28e-239	2.17e-234
9	SNRPE	0.470599974	0.866	0.68	1.9e-146	4.98e-142
9	AC106799.2	0.470342413	0.338	0.078	0.0	0.0
9	CADPS	0.46892781	0.96	0.711	7.06e-159	1.85e-154
9	NDUFS6	0.468671366	0.849	0.679	1.1000000000000002e-124	2.87e-120
9	ARHGEF7	0.468432397	0.786	0.472	7.72e-173	2.02e-168
9	DPYSL5	0.468167615	0.699	0.399	1.85e-167	4.85e-163
9	CBFA2T2	0.467876883	0.942	0.785	1.19e-131	3.12e-127
9	PIP5K1B	0.466761193	0.473	0.143	1.21e-298	3.16e-294
9	RPH3A	0.465430776	0.501	0.119	0.0	0.0
9	PAM	0.465063383	0.865	0.482	4.75e-269	1.24e-264
9	TSHZ3	0.465052119	0.707	0.352	4.2e-199	1.1e-194
9	MEX3A	0.46302379	0.611	0.258	5.620000000000001e-248	1.4699999999999998e-243
9	RAB3B	0.462290795	0.727	0.446	4.52e-141	1.18e-136
9	COX6C	0.462187028	0.921	0.842	2.26e-131	5.92e-127
9	SLIRP	0.461897235	0.878	0.701	3.56e-131	9.32e-127
9	TUBA4A	0.461042764	0.579	0.212	1.3500000000000001e-281	3.5199999999999996e-277
9	LINC01748	0.460752552	0.797	0.505	9.8e-136	2.57e-131
9	ATOH7	0.459883355	0.425	0.065	0.0	0.0
9	CALM1	0.458010408	0.897	0.811	7.25e-122	1.9000000000000002e-117
9	LARGE1	0.457944375	0.714	0.433	3.13e-135	8.19e-131
9	SNCG	0.457321868	0.516	0.129	0.0	0.0
9	RBFOX2	0.456692126	0.899	0.701	1.8199999999999998e-134	4.75e-130
9	LRRC7	0.456454287	0.472	0.25	5.1e-97	1.34e-92
9	COX5B	0.454769586	0.902	0.773	1.3900000000000001e-129	3.64e-125
9	KRT10	0.454620898	0.877	0.756	1.49e-113	3.9e-109
9	MACROD2	0.454417434	0.883	0.734	1.02e-80	2.66e-76
9	PRDX2	0.453679297	0.878	0.755	1.9800000000000002e-109	5.18e-105
9	NCK2	0.453537316	0.689	0.366	2.2600000000000003e-185	5.93e-181
9	SLAIN1	0.452891645	0.499	0.182	1.4699999999999998e-244	3.84e-240
9	KIF24	0.452842197	0.482	0.172	6.289999999999999e-250	1.65e-245
9	SMAD1	0.452815409	0.528	0.31	1.4500000000000001e-100	3.79e-96
9	PPP1R14B	0.451410629	0.82	0.574	5.990000000000001e-132	1.57e-127
9	TMOD2	0.450797969	0.581	0.24	2.2e-244	5.75e-240
9	SHTN1	0.450583445	0.772	0.539	1.65e-122	4.33e-118
9	TMPO	0.449985644	0.87	0.623	2.4299999999999998e-147	6.37e-143
9	FMN2	0.449936095	0.712	0.304	3.1e-225	8.12e-221
9	GPR173	0.449886447	0.6	0.192	0.0	0.0
9	GPC3	0.448455817	0.613	0.266	1.4e-192	3.66e-188
9	C3orf67	0.44788641	0.668	0.338	2.3500000000000001e-181	6.14e-177
9	POU6F2	0.447693308	0.463	0.134	1.48e-304	3.86e-300
9	ATP5J	0.446476964	0.875	0.75	4.06e-118	1.06e-113
9	ITSN1	0.446469478	0.652	0.374	5.15e-133	1.35e-128
9	NUP58	0.446208205	0.816	0.517	3.8100000000000004e-163	9.96e-159
9	AP3S1	0.44620567	0.787	0.507	6.4e-157	1.68e-152
9	NPAS3	0.445475996	0.591	0.338	9.11e-105	2.38e-100
9	ARMC3	0.445303777	0.548	0.201	2.7900000000000002e-266	7.31e-262
9	CCDC171	0.443991354	0.633	0.375	1.82e-121	4.77e-117
9	EVL	0.443441199	0.837	0.541	8.9e-158	2.33e-153
9	SEMA3C	0.441827893	0.528	0.298	2.2499999999999998e-94	5.8899999999999995e-90
9	FAM222B	0.440982026	0.908	0.723	7.4e-141	1.94e-136
9	AC112206.2	0.439080865	0.457	0.127	0.0	0.0
9	PDE5A	0.438975225	0.479	0.284	7.7e-81	2.02e-76
9	AC016205.1	0.438745351	0.767	0.47	1.32e-134	3.4600000000000002e-130
9	TFDP1	0.438094701	0.719	0.424	5.77e-168	1.5100000000000002e-163
9	KLF2	0.438069735	0.575	0.302	3.59e-144	9.39e-140
9	UST	0.437481141	0.559	0.286	1.41e-136	3.7e-132
9	RAN	0.436033252	0.879	0.726	1.24e-119	3.24e-115
9	IFI27L2	0.435903893	0.569	0.196	4.99e-298	1.31e-293
9	ZNF385A	0.435494868	0.554	0.193	1.8499999999999997e-300	4.8300000000000003e-296
9	MNX1	0.434681686	0.561	0.237	2.65e-209	6.939999999999999e-205
9	DLL1	0.433712492	0.438	0.154	4.45e-233	1.1699999999999999e-228
9	GALNT14	0.432779042	0.446	0.198	4.1299999999999997e-141	1.08e-136
9	SKP1	0.43273585	0.909	0.832	2.56e-99	6.69e-95
9	CALCB	0.432254361	0.442	0.094	0.0	0.0
9	RTN4	0.432185412	0.97	0.878	5.91e-143	1.55e-138
9	LMO4	0.431286757	0.772	0.505	2.98e-136	7.810000000000001e-132
9	GNG3	0.430235791	0.438	0.093	0.0	0.0
9	SNRNP200	0.430113459	0.858	0.623	1.76e-145	4.6e-141
9	GRID2IP	0.429392822	0.351	0.059	0.0	0.0
9	FAM183A	0.429006162	0.413	0.11	0.0	0.0
9	ARSB	0.427077952	0.485	0.176	3.68e-233	9.639999999999999e-229
9	LSM3	0.427064384	0.769	0.552	2.25e-116	5.89e-112
9	AC124254.1	0.426290441	0.583	0.262	9.809999999999999e-188	2.57e-183
9	KCNH8	0.425178391	0.731	0.382	5.56e-162	1.46e-157
9	AURKAIP1	0.425069887	0.813	0.591	9.36e-123	2.45e-118
9	ELMO1	0.424949137	0.731	0.304	1.3399999999999998e-244	3.51e-240
9	FHAD1	0.424891404	0.537	0.219	1.56e-220	4.0899999999999996e-216
9	SRPK1	0.424704931	0.81	0.554	3.33e-136	8.72e-132
9	DNMT3A	0.424251132	0.754	0.474	1.52e-145	3.97e-141
9	CFAP77	0.424009094	0.486	0.201	2.12e-190	5.5499999999999995e-186
9	LRRTM3	0.42349548	0.573	0.207	8.51e-254	2.2299999999999998e-249
9	LRFN5	0.423308493	0.323	0.09	1.08e-219	2.83e-215
9	CORO2B	0.423289832	0.655	0.236	7.94e-278	2.08e-273
9	DCTN3	0.42306517	0.744	0.503	1.23e-122	3.21e-118
9	ILKAP	0.422616924	0.734	0.45	9.84e-156	2.58e-151
9	SNRPF	0.421612859	0.847	0.662	4.75e-112	1.24e-107
9	PTPRZ1	0.421526496	0.598	0.194	0.0	0.0
9	ARL4A	0.420885357	0.636	0.326	6.080000000000001e-179	1.59e-174
9	CBX5	0.420422788	0.878	0.681	2.3e-135	6.02e-131
9	MINOS1	0.420098507	0.782	0.531	1.94e-127	5.08e-123
9	HTRA1	0.419606352	0.481	0.118	0.0	0.0
9	PRKCA	0.419541093	0.85	0.678	8.180000000000001e-80	2.1400000000000001e-75
9	HINT1	0.419083363	0.937	0.875	4.73e-114	1.24e-109
9	LRP8	0.418349665	0.53	0.181	4.5699999999999996e-278	1.2000000000000001e-273
9	SHOX2	0.417954851	0.411	0.066	0.0	0.0
9	PSMB5	0.417924515	0.817	0.626	7.079999999999999e-112	1.85e-107
9	ELAVL4	0.417787603	0.673	0.256	1.84e-261	4.81e-257
9	UBE2T	0.416471437	0.656	0.349	9.749999999999999e-153	2.5500000000000002e-148
9	PSMB3	0.416178003	0.878	0.72	3.35e-105	8.77e-101
9	PTBP1	0.416161574	0.784	0.528	4.0799999999999996e-136	1.07e-131
9	OTOF	0.415966314	0.415	0.078	0.0	0.0
9	UNC13A	0.415699296	0.592	0.222	3.86e-260	1.01e-255
9	ZEB1	0.414785937	0.796	0.364	7.319999999999999e-216	1.92e-211
9	NDUFB3	0.414546381	0.78	0.548	7.37e-118	1.93e-113
9	CCDC40	0.41389392	0.76	0.488	4.31e-138	1.1300000000000001e-133
9	CDK8	0.413227675	0.75	0.45	7.87e-139	2.06e-134
9	C15orf61	0.413075424	0.668	0.389	8.72e-148	2.28e-143
9	ADAMTS6	0.412783136	0.365	0.08	0.0	0.0
9	PRPF3	0.412188908	0.739	0.444	1.47e-154	3.85e-150
9	EPHA7	0.411688298	0.513	0.248	7.25e-140	1.8999999999999998e-135
9	RANBP1	0.4113588	0.764	0.511	2.8e-130	7.32e-126
9	E2F7	0.411338273	0.472	0.143	2.9e-295	7.58e-291
9	AGAP3	0.411188293	0.627	0.319	8.26e-174	2.1600000000000002e-169
9	NR6A1	0.41117103	0.592	0.249	3.7e-203	9.68e-199
9	TENM2	0.410259346	0.447	0.175	2.4e-177	6.29e-173
9	CPEB4	0.410208853	0.857	0.638	2.36e-112	6.1799999999999995e-108
9	H1FX	0.410172045	0.83	0.648	1.53e-91	4.02e-87
9	CD163L1	0.409901073	0.508	0.167	2e-294	5.22e-290
9	DCDC2	0.409171866	0.46	0.14	8.22e-294	2.15e-289
9	LNX2	0.40914217	0.563	0.263	2.88e-177	7.54e-173
9	GALNT18	0.408653489	0.464	0.184	6.91e-195	1.81e-190
9	RAB2A	0.408594912	0.929	0.835	2.93e-135	7.679999999999999e-131
9	LINC00491	0.40830504	0.26	0.042	0.0	0.0
9	CUL4A	0.407775079	0.735	0.447	6.41e-152	1.68e-147
9	HNRNPAB	0.407110962	0.817	0.626	1.04e-115	2.73e-111
9	GNG8	0.40701566	0.279	0.02	0.0	0.0
9	PKIA	0.407013483	0.861	0.674	4.04e-99	1.06e-94
9	EML4	0.40694511	0.821	0.63	5.27e-96	1.38e-91
9	ADIRF	0.406807698	0.446	0.135	1.44e-296	3.7699999999999997e-292
9	C10orf90	0.406521547	0.311	0.011	0.0	0.0
9	EIF3K	0.405574193	0.821	0.648	1.5600000000000001e-99	4.0699999999999995e-95
9	POLR1D	0.404524295	0.755	0.492	1.7399999999999998e-138	4.56e-134
9	LRRTM4	0.404372032	0.3	0.109	3.76e-127	9.840000000000001e-123
9	HDAC2	0.404258389	0.838	0.611	1.17e-129	3.0700000000000003e-125
9	ARHGEF28	0.403911826	0.535	0.261	1.18e-150	3.1e-146
9	EID1	0.403091644	0.888	0.764	6.8e-103	1.78e-98
9	SPOCK2	0.40250608	0.471	0.119	0.0	0.0
9	LINC00052	0.402068307	0.273	0.019	0.0	0.0
9	HNRNPA3	0.401877818	0.896	0.777	6.7299999999999995e-115	1.7600000000000002e-110
9	CSMD3	0.40166002	0.492	0.18	1.36e-202	3.55e-198
9	PLCL2	0.401478656	0.582	0.256	2.01e-188	5.27e-184
9	CUTA	0.401460934	0.825	0.629	3.75e-99	9.819999999999999e-95
9	DGKH	0.40037987	0.592	0.286	7.49e-154	1.96e-149
9	HS3ST3A1	0.399945398	0.665	0.277	1.8e-223	4.72e-219
9	CSMD2	0.399277989	0.406	0.106	0.0	0.0
9	ERICH3	0.398986257	0.375	0.07	0.0	0.0
9	ATP5J2	0.398851852	0.818	0.624	2.11e-108	5.5299999999999995e-104
9	ATP5O	0.39883448	0.799	0.589	2.04e-109	5.3300000000000005e-105
9	CDH3	0.398814376	0.499	0.188	1.42e-231	3.72e-227
9	PTK2	0.398649744	0.981	0.914	2.39e-115	6.26e-111
9	MYT1L	0.398496399	0.79	0.319	7.349999999999999e-241	1.92e-236
9	C14orf2	0.398317114	0.859	0.706	3.4299999999999996e-98	8.99e-94
9	PTPRM	0.397573574	0.636	0.336	2.7300000000000004e-129	7.16e-125
9	TMEFF2	0.39726511	0.503	0.181	8.14e-232	2.13e-227
9	YWHAH	0.39676266	0.707	0.458	7.6500000000000006e-121	2e-116
9	RBX1	0.396361503	0.803	0.564	4.0899999999999996e-126	1.07e-121
9	COL1A2	0.395787786	0.479	0.118	0.0	0.0
9	GNAQ	0.394581991	0.894	0.717	4.07e-100	1.07e-95
9	MVB12B	0.394465736	0.704	0.394	9.01e-153	2.36e-148
9	CALCOCO2	0.393651288	0.635	0.422	1.31e-99	3.44e-95
9	NCALD	0.393378464	0.944	0.792	4.3599999999999996e-92	1.14e-87
9	ARID1B	0.392581608	0.971	0.881	2.76e-109	7.23e-105
9	CENPF	0.392554457	0.566	0.316	5.96e-96	1.56e-91
9	ATP5L	0.391756129	0.921	0.82	9.08e-103	2.38e-98
9	FMC1	0.391625372	0.647	0.364	3.25e-152	8.51e-148
9	LINC01346	0.391172603	0.441	0.096	0.0	0.0
9	POU3F3	0.39087417	0.353	0.044	0.0	0.0
9	BANF1	0.389216207	0.809	0.633	3.56e-99	9.32e-95
9	SSRP1	0.388651989	0.696	0.43	3.23e-134	8.45e-130
9	HPCAL1	0.388578164	0.686	0.385	5.63e-152	1.47e-147
9	DSCR8	0.388503341	0.544	0.206	7.9e-244	2.07e-239
9	NDUFA11	0.388044492	0.783	0.54	3.1299999999999998e-114	8.190000000000001e-110
9	PEBP1	0.387595899	0.864	0.765	4.97e-84	1.3000000000000001e-79
9	CDKN2D	0.387213241	0.474	0.199	4.05e-177	1.06e-172
9	FIGN	0.387086338	0.427	0.11	0.0	0.0
9	TTLL9	0.386877775	0.388	0.088	0.0	0.0
9	CERS6	0.386409382	0.897	0.738	7.09e-77	1.8600000000000002e-72
9	FNDC3A	0.386342055	0.859	0.65	5.44e-106	1.42e-101
9	CDK5RAP2	0.386306823	0.776	0.53	1.25e-116	3.27e-112
9	SPINT2	0.385796734	0.871	0.748	1.68e-78	4.41e-74
9	RPS5	0.385624621	0.941	0.871	6.4e-92	1.68e-87
9	SRP9	0.384860248	0.867	0.72	7.62e-104	1.99e-99
9	SPATA17	0.383807659	0.618	0.34	1.6300000000000001e-133	4.2700000000000004e-129
9	KCNAB2	0.383470506	0.499	0.177	5.52e-254	1.44e-249
9	CDK2AP1	0.382744609	0.759	0.525	1.21e-109	3.16e-105
9	ARL3	0.382704597	0.687	0.417	3.54e-138	9.26e-134
9	EEF1A2	0.382596397	0.649	0.369	2.13e-142	5.59e-138
9	TTC28	0.382256045	0.863	0.66	6.47e-94	1.69e-89
9	HID1	0.382205365	0.671	0.373	2.26e-147	5.92e-143
9	CRYBA2	0.381948821	0.563	0.253	2.89e-164	7.570000000000001e-160
9	SNRPD2	0.381631456	0.899	0.783	3.67e-93	9.609999999999999e-89
9	PXYLP1	0.380366769	0.518	0.231	2.09e-184	5.47e-180
9	NME7	0.379207681	0.784	0.527	6.13e-110	1.6000000000000001e-105
9	CFAP74	0.379205396	0.378	0.071	0.0	0.0
9	AC078864.1	0.379088906	0.318	0.036	0.0	0.0
9	GALNT17	0.378911207	0.799	0.646	2.8e-58	7.34e-54
9	PTBP3	0.378652994	0.832	0.625	1.6099999999999998e-104	4.22e-100
9	GTF2F2	0.378529737	0.732	0.447	2.59e-135	6.78e-131
9	RAP1GDS1	0.377847825	0.787	0.513	2.0300000000000003e-117	5.31e-113
9	BEX3	0.377329347	0.881	0.787	3.16e-74	8.26e-70
9	TBC1D5	0.376781842	0.939	0.82	2.4399999999999997e-81	6.3900000000000005e-77
9	FAM126A	0.376314456	0.479	0.277	3.8e-84	9.94e-80
9	HNRNPUL1	0.376017124	0.787	0.582	5.25e-112	1.37e-107
9	LINC01574	0.376002712	0.39	0.074	0.0	0.0
9	NDUFB11	0.375714997	0.864	0.708	4.96e-93	1.3e-88
9	WDR35	0.375330592	0.61	0.339	1.38e-130	3.6099999999999994e-126
9	JAM3	0.374714008	0.48	0.161	1.2099999999999998e-242	3.17e-238
9	SAP18	0.373651975	0.806	0.608	6.93e-98	1.81e-93
9	FEZ1	0.37348421	0.608	0.261	1.58e-206	4.13e-202
9	NREP	0.372695329	0.706	0.435	2.13e-127	5.5900000000000005e-123
9	HSBP1	0.372473658	0.766	0.546	1.23e-105	3.21e-101
9	MPHOSPH9	0.372173723	0.737	0.443	7.26e-132	1.9e-127
9	ATP5E	0.372160873	0.921	0.881	2e-100	5.23e-96
9	GNB1	0.37192515	0.947	0.823	5.1e-120	1.34e-115
9	CHST9	0.371860847	0.802	0.562	3.4199999999999994e-89	8.94e-85
9	NYAP2	0.371640487	0.805	0.331	7.759999999999999e-221	2.03e-216
9	USPL1	0.371482949	0.647	0.337	4.52e-158	1.18e-153
9	FHL1	0.371323895	0.623	0.324	4.3300000000000004e-157	1.13e-152
9	PPIF	0.370257583	0.654	0.38	2.56e-137	6.6900000000000004e-133
9	BCAS3	0.370077361	0.978	0.919	7.18e-86	1.88e-81
9	FADS2	0.369527304	0.61	0.328	1.13e-143	2.95e-139
9	S100Z	0.369350044	0.281	0.046	0.0	0.0
9	LYSMD2	0.369167458	0.503	0.233	5.429999999999999e-168	1.42e-163
9	EPHB2	0.369112705	0.464	0.156	5.270000000000001e-245	1.38e-240
9	KLHL23	0.369095551	0.825	0.628	1.19e-101	3.11e-97
9	JPH1	0.368716188	0.6	0.278	2.37e-178	6.21e-174
9	GPHN	0.368482595	0.946	0.811	1.2599999999999999e-83	3.3000000000000004e-79
9	B9D1	0.36785929	0.581	0.305	8.12e-151	2.12e-146
9	IP6K1	0.367400101	0.766	0.51	2.31e-113	6.0300000000000005e-109
9	RGL1	0.367344741	0.518	0.243	3.09e-146	8.09e-142
9	UNK	0.367342106	0.812	0.561	3.27e-128	8.570000000000001e-124
9	HMGB2	0.366448445	0.792	0.599	1.07e-83	2.79e-79
9	MFGE8	0.366080574	0.486	0.184	1.25e-223	3.27e-219
9	AC010931.2	0.365818664	0.455	0.104	0.0	0.0
9	ZC3H12C	0.364348574	0.546	0.262	6.17e-146	1.62e-141
9	RB1	0.362894179	0.752	0.495	1.46e-111	3.83e-107
9	MAP4K4	0.36247024	0.891	0.707	1.04e-98	2.73e-94
9	CDK1	0.361394737	0.495	0.285	9.95e-77	2.61e-72
9	PIN1	0.361369566	0.673	0.415	7.7e-124	2.01e-119
9	INSM1	0.361015566	0.697	0.273	8.389999999999999e-243	2.2e-238
9	KLHL8	0.360601651	0.592	0.34	2.1000000000000002e-116	5.5e-112
9	LSM5	0.360534904	0.798	0.587	4.73e-101	1.24e-96
9	DDX31	0.360062445	0.639	0.367	3.44e-125	9.02e-121
9	F13A1	0.359626147	0.322	0.08	2.49e-258	6.51e-254
9	BLMH	0.358527794	0.618	0.34	6.6e-139	1.7299999999999998e-134
9	C8orf37-AS1	0.358048517	0.358	0.133	3.1299999999999997e-159	8.2e-155
9	PLCB4	0.35752435	0.726	0.469	4.44e-96	1.16e-91
9	CCT3	0.3574999	0.857	0.693	1.97e-94	5.17e-90
9	SRM	0.357126286	0.585	0.327	1.3700000000000001e-124	3.58e-120
9	TMEM74	0.356892758	0.383	0.067	0.0	0.0
9	DRC1	0.356639018	0.406	0.102	0.0	0.0
9	PRKCH	0.35663372	0.569	0.338	4.86e-92	1.27e-87
9	STAG1	0.356601568	0.961	0.834	7.189999999999999e-91	1.88e-86
9	SH3BP4	0.356504195	0.696	0.44	2.81e-112	7.35e-108
9	HIKESHI	0.356011033	0.646	0.377	2.56e-127	6.7e-123
9	TYMS	0.355998746	0.64	0.374	2.2400000000000003e-110	5.86e-106
9	EIF1B	0.355987553	0.779	0.55	7.310000000000001e-103	1.91e-98
9	ARHGEF9	0.355219674	0.579	0.31	2.01e-134	5.26e-130
9	PDE6D	0.355117727	0.611	0.32	7.47e-148	1.96e-143
9	GNB2	0.355108097	0.779	0.569	8.56e-99	2.24e-94
9	RC3H2	0.354970265	0.738	0.49	5.38e-110	1.41e-105
9	RGS7	0.354619882	0.706	0.25	0.0	0.0
9	HFM1	0.353939199	0.518	0.223	2.22e-173	5.82e-169
9	GLCCI1	0.353812382	0.755	0.524	9.02e-84	2.3600000000000003e-79
9	HRAS	0.35328725	0.583	0.28	6.6e-166	1.73e-161
9	UBE2D2	0.352978501	0.912	0.758	6.93e-102	1.81e-97
9	RUVBL1	0.352975117	0.681	0.428	5.28e-117	1.38e-112
9	PYGL	0.352214478	0.404	0.174	1.94e-144	5.07e-140
9	EPGN	0.352060315	0.336	0.041	0.0	0.0
9	RIMS2	0.351897865	0.991	0.934	2.53e-79	6.63e-75
9	FAM46A	0.351636068	0.783	0.535	3.7799999999999996e-94	9.9e-90
9	UBE2C	0.351387507	0.451	0.209	5.9199999999999995e-115	1.55e-110
9	IRAK1BP1	0.351181283	0.632	0.359	3.0500000000000003e-124	7.98e-120
9	POLR2I	0.350935258	0.756	0.553	1.67e-86	4.3799999999999995e-82
9	STX2	0.350579327	0.606	0.298	6.0399999999999995e-168	1.58e-163
9	VDAC2	0.34973191	0.895	0.782	9.19e-91	2.41e-86
9	TIMM10	0.34921254	0.613	0.341	3.11e-132	8.14e-128
9	WIPF1	0.349042812	0.608	0.368	5.91e-98	1.55e-93
9	CASK	0.348795955	0.823	0.619	4.4400000000000004e-85	1.16e-80
9	TCERG1	0.348647773	0.789	0.58	3.9400000000000004e-97	1.0299999999999999e-92
9	FOXK1	0.348472497	0.675	0.423	1.0199999999999999e-106	2.66e-102
9	NDUFB8	0.347458823	0.661	0.383	5.69e-133	1.4899999999999999e-128
9	IFT81	0.347087177	0.73	0.493	2.24e-103	5.88e-99
9	SEZ6	0.34674065	0.61	0.269	4.93e-196	1.2899999999999999e-191
9	HTATSF1	0.346704312	0.703	0.486	2.85e-98	7.46e-94
9	SLC16A7	0.346661377	0.475	0.161	7.199999999999999e-233	1.89e-228
9	MTCL1	0.345201406	0.57	0.308	1.16e-113	3.0400000000000003e-109
9	GAB2	0.345166179	0.701	0.401	2.94e-127	7.690000000000001e-123
9	BICDL1	0.345083593	0.587	0.332	1.11e-109	2.92e-105
9	DNAAF3	0.345051931	0.436	0.143	7.35e-250	1.93e-245
9	TBC1D30	0.344816376	0.322	0.085	3.6299999999999997e-256	9.51e-252
9	RAPGEF1	0.343962463	0.648	0.394	9.45e-107	2.47e-102
9	CBFA2T3	0.343239397	0.414	0.118	3.68e-286	9.63e-282
9	SNF8	0.343161627	0.782	0.56	7.92e-99	2.0699999999999998e-94
9	SYNE1	0.343065306	0.851	0.506	3.8799999999999996e-150	1.0200000000000001e-145
9	PFDN2	0.342713351	0.775	0.582	8.12e-87	2.1299999999999998e-82
9	KCNC4	0.342614475	0.452	0.139	1.2200000000000001e-276	3.19e-272
9	PRKAR1A	0.342098113	0.812	0.643	1.88e-68	4.9300000000000005e-64
9	ST8SIA3	0.34143874	0.404	0.093	0.0	0.0
9	PCNX2	0.34133855	0.845	0.662	4.09e-87	1.07e-82
9	KHDRBS1	0.341213052	0.904	0.764	3.15e-99	8.23e-95
9	QPCT	0.340945941	0.336	0.056	0.0	0.0
9	DLL3	0.340552081	0.563	0.259	1.18e-171	3.09e-167
9	GAA	0.340511577	0.631	0.37	3.21e-122	8.4e-118
9	CFAP221	0.340393681	0.32	0.045	0.0	0.0
9	ELOB	0.34028931	0.889	0.797	1.05e-78	2.75e-74
9	ANK1	0.33995162	0.467	0.155	4.7199999999999995e-242	1.23e-237
9	MOK	0.339419362	0.684	0.433	1.7899999999999997e-104	4.68e-100
9	CHST8	0.338818487	0.772	0.464	1.51e-124	3.9599999999999996e-120
9	DNAJB11	0.338470585	0.571	0.301	5.55e-139	1.45e-134
9	HIP1	0.338303435	0.839	0.651	9.429999999999999e-82	2.47e-77
9	IFT88	0.338149306	0.645	0.398	9.93e-98	2.6e-93
9	BRCA1	0.337816041	0.643	0.396	5.97e-100	1.56e-95
9	GPRIN3	0.337510315	0.501	0.17	8.12e-243	2.13e-238
9	VTI1A	0.337072374	0.728	0.494	1.0800000000000001e-88	2.8099999999999998e-84
9	EFHC2	0.337036617	0.406	0.13	1.02e-237	2.66e-233
9	SMARCAD1	0.336706258	0.751	0.489	3.88e-109	1.0199999999999999e-104
9	CDC25B	0.336085857	0.459	0.166	2.51e-213	6.56e-209
9	SH3GL2	0.336030486	0.543	0.284	4.04e-116	1.0599999999999999e-111
9	SYP	0.335504034	0.525	0.2	3.6899999999999994e-216	9.65e-212
9	PPM1G	0.335374402	0.815	0.631	8.98e-88	2.3499999999999998e-83
9	ZNF711	0.335340616	0.521	0.171	1.3699999999999999e-263	3.5800000000000003e-259
9	SKA2	0.334956978	0.838	0.636	1.79e-98	4.6799999999999997e-94
9	NEUROD6	0.333725405	0.308	0.022	0.0	0.0
9	TMX4	0.333671772	0.775	0.563	2.1e-96	5.5e-92
9	ARC	0.333658832	0.602	0.289	9.789999999999999e-152	2.56e-147
9	AC007656.1	0.333531069	0.565	0.294	7.55e-118	1.98e-113
9	LINC01122	0.333362453	0.516	0.207	6.78e-177	1.78e-172
9	LINC02232	0.333347845	0.389	0.122	1.21e-211	3.17e-207
9	HNRNPDL	0.33332285	0.891	0.795	4.73e-83	1.24e-78
9	UQCRQ	0.333070999	0.881	0.797	1.4e-75	3.66e-71
9	WASF3	0.3327449	0.58	0.296	2.1399999999999998e-139	5.61e-135
9	CYP7B1	0.332640983	0.711	0.462	5.7e-93	1.49e-88
9	BAZ1B	0.33246104	0.818	0.61	2.07e-90	5.43e-86
9	BCL11B	0.332170175	0.482	0.148	4.8800000000000005e-273	1.28e-268
9	POLE4	0.332089835	0.696	0.458	6.31e-100	1.6499999999999997e-95
9	GTF2A2	0.331571162	0.767	0.557	8.46e-90	2.2200000000000002e-85
9	UQCR10	0.331397109	0.843	0.699	1.6799999999999999e-74	4.4000000000000004e-70
9	KPNA2	0.331226249	0.71	0.451	9.940000000000001e-103	2.5999999999999998e-98
9	KRT18	0.330961942	0.846	0.723	4.56e-36	1.1900000000000002e-31
9	TXNL4A	0.3308369	0.706	0.462	6.299999999999999e-106	1.65e-101
9	PPP3CB	0.330693647	0.93	0.787	8.22e-92	2.15e-87
9	SREBF2	0.329945485	0.639	0.388	3.29e-99	8.61e-95
9	NT5DC3	0.329874447	0.708	0.418	1.7799999999999998e-128	4.670000000000001e-124
9	AL359922.1	0.329630421	0.66	0.384	6.31e-113	1.6499999999999999e-108
9	GRK4	0.329450116	0.509	0.219	5.1299999999999995e-176	1.34e-171
9	YAE1D1	0.329369075	0.569	0.302	1.41e-131	3.68e-127
9	LCORL	0.328389836	0.887	0.693	1.9e-79	4.97e-75
9	NRIP1	0.328034009	0.797	0.608	1.09e-59	2.8499999999999997e-55
9	CACNA2D2	0.327802814	0.667	0.374	4.0900000000000005e-133	1.07e-128
9	ACTL6B	0.327763423	0.443	0.122	0.0	0.0
9	CMIP	0.327734097	0.756	0.485	3.1199999999999998e-108	8.17e-104
9	KCNJ3	0.327719024	0.452	0.199	6.919999999999999e-137	1.81e-132
9	ADRA1A	0.3270786	0.265	0.035	0.0	0.0
9	H2AFZ	0.326128877	0.869	0.715	4.51e-88	1.18e-83
9	IDH2	0.325356814	0.79	0.583	6.35e-84	1.66e-79
9	DDX46	0.325292183	0.845	0.666	2.55e-86	6.679999999999999e-82
9	SYT5	0.325021971	0.386	0.094	0.0	0.0
9	MARCH11	0.32494421	0.447	0.138	7.39e-256	1.9300000000000003e-251
9	EIF4EBP1	0.324082462	0.618	0.353	3.39e-114	8.88e-110
9	HNRNPM	0.324030313	0.892	0.76	9.01e-92	2.36e-87
9	C9orf24	0.323636073	0.431	0.162	1.26e-193	3.2999999999999997e-189
9	SELENOK	0.323458052	0.762	0.55	1.91e-82	5e-78
9	PPP1R1A	0.323416027	0.563	0.204	6.039999999999999e-228	1.5800000000000002e-223
9	SCFD2	0.323254287	0.673	0.44	6.82e-80	1.7800000000000001e-75
9	GMCL1	0.322060864	0.678	0.454	3.2599999999999997e-91	8.530000000000001e-87
9	IFT52	0.32204054	0.706	0.477	1.17e-90	3.06e-86
9	TMA7	0.3220337	0.898	0.841	1.1699999999999999e-68	3.06e-64
9	ILF2	0.321917381	0.767	0.543	1.6199999999999997e-89	4.2400000000000003e-85
9	ANAPC16	0.321877716	0.93	0.836	1.9599999999999999e-81	5.13e-77
9	SCOC	0.321553246	0.682	0.459	3.93e-95	1.03e-90
9	PAFAH1B3	0.321433982	0.715	0.487	8.37e-93	2.19e-88
9	ADCY2	0.321251345	0.713	0.497	6.84e-64	1.7900000000000001e-59
9	XRCC5	0.32104361	0.928	0.819	2.4499999999999996e-89	6.41e-85
9	ATP5B	0.320831283	0.831	0.664	1.3500000000000001e-73	3.54e-69
9	EXOC2	0.320788905	0.642	0.399	3.22e-97	8.429999999999999e-93
9	ZNF706	0.320567761	0.857	0.691	7.52e-83	1.97e-78
9	LPAR3	0.320202856	0.511	0.193	9.890000000000001e-212	2.59e-207
9	ZZEF1	0.320177078	0.734	0.496	3.18e-88	8.32e-84
9	DSCR4	0.319406349	0.445	0.18	2.55e-158	6.66e-154
9	CDON	0.319385756	0.63	0.356	3.42e-115	8.959999999999999e-111
9	NDUFA13	0.318911908	0.659	0.414	7.590000000000001e-97	1.99e-92
9	PPIL6	0.318891891	0.512	0.237	4.87e-152	1.2699999999999999e-147
9	SLC35G2	0.318636123	0.585	0.294	3.0699999999999996e-138	8.04e-134
9	EML1	0.318420329	0.517	0.273	9.640000000000001e-118	2.52e-113
9	NUP160	0.318414427	0.677	0.422	1.06e-100	2.78e-96
9	ADCY9	0.318399658	0.546	0.27	4.79e-134	1.25e-129
9	NDUFB10	0.31834912	0.824	0.67	3.74e-67	9.79e-63
9	ZXDC	0.318021265	0.661	0.415	2.8600000000000003e-103	7.48e-99
9	SIPA1L2	0.317885945	0.749	0.374	2.78e-154	7.27e-150
9	SAMMSON	0.317254083	0.325	0.075	6.29e-293	1.65e-288
9	HDAC5	0.316840399	0.653	0.389	5.44e-108	1.4200000000000001e-103
9	AC013546.1	0.31678706	0.396	0.098	0.0	0.0
9	SIK3	0.316605768	0.921	0.738	2.35e-77	6.15e-73
9	NDFIP2	0.316107687	0.635	0.357	1.3900000000000001e-123	3.6299999999999997e-119
9	SMAP2	0.31573917	0.619	0.349	1.9600000000000002e-123	5.12e-119
9	HNRNPA0	0.3153522	0.748	0.524	8.91e-91	2.33e-86
9	LRRN3	0.315258273	0.415	0.148	3.0099999999999998e-189	7.87e-185
9	MDGA1	0.315222386	0.358	0.102	3.84e-248	1e-243
9	SLC4A8	0.315076294	0.439	0.176	5.67e-169	1.48e-164
9	MAZ	0.315071983	0.69	0.467	5.54e-87	1.45e-82
9	CISD1	0.315034463	0.784	0.586	8.039999999999999e-89	2.1e-84
9	POLR2J	0.314807641	0.736	0.517	1.02e-88	2.67e-84
9	TMED8	0.31470092	0.596	0.339	1.79e-118	4.68e-114
9	PPM1L	0.314528885	0.584	0.351	1.97e-87	5.16e-83
9	MT1X	0.314165126	0.606	0.337	7.78e-120	2.04e-115
9	C4orf48	0.31388583	0.768	0.556	8.570000000000001e-79	2.24e-74
9	NDUFB7	0.313683868	0.8	0.63	6.519999999999999e-68	1.71e-63
9	SYNRG	0.312911811	0.828	0.63	3.51e-83	9.180000000000001e-79
9	CUEDC1	0.312759587	0.751	0.471	1.5499999999999999e-111	4.06e-107
9	CDKN2A	0.312665777	0.842	0.656	7.030000000000001e-88	1.84e-83
9	ATP6V1A	0.312521997	0.696	0.462	1.37e-91	3.58e-87
9	ZRANB3	0.312222521	0.759	0.533	1.66e-79	4.3500000000000003e-75
9	PHTF2	0.3119487	0.739	0.502	5.970000000000001e-88	1.5599999999999999e-83
9	LIN7A	0.311775616	0.453	0.156	9.69e-215	2.54e-210
9	EML6	0.311161646	0.495	0.241	1.18e-123	3.09e-119
9	TUBG1	0.310585511	0.6	0.335	2.98e-122	7.81e-118
9	CIRBP	0.310286723	0.886	0.785	1.17e-70	3.07e-66
9	MB21D2	0.310220869	0.349	0.1	2.93e-231	7.67e-227
9	ORAI2	0.310124888	0.661	0.416	2.12e-102	5.56e-98
9	LINC00384	0.309942686	0.29	0.024	0.0	0.0
9	SMARCD1	0.309016093	0.641	0.375	1.01e-116	2.6499999999999998e-112
9	DAD1	0.308926464	0.82	0.658	1.51e-68	3.9600000000000005e-64
9	FAM96B	0.308556253	0.66	0.402	1.5e-108	3.9199999999999994e-104
9	FAM149A	0.3084193	0.398	0.174	4.76e-128	1.2400000000000001e-123
9	PTS	0.308272859	0.727	0.517	2.7600000000000004e-85	7.24e-81
9	EPB41	0.308230364	0.742	0.524	2.1899999999999997e-82	5.73e-78
9	EVI5	0.308124871	0.812	0.617	1.54e-65	4.04e-61
9	LGI2	0.307890418	0.361	0.091	1.4899999999999998e-292	3.9e-288
9	SF3B6	0.307771465	0.833	0.698	3.7100000000000003e-64	9.7e-60
9	ICA1L	0.307567029	0.678	0.469	1.1900000000000001e-73	3.1199999999999996e-69
9	SEC61B	0.307460413	0.855	0.71	9.629999999999999e-60	2.52e-55
9	NDUFA8	0.307201439	0.68	0.465	2.07e-82	5.42e-78
9	HERC4	0.307076903	0.966	0.872	8.9e-75	2.33e-70
9	MAD2L1	0.306384972	0.478	0.252	1.84e-97	4.82e-93
9	CXADR	0.306056048	0.709	0.454	3.48e-104	9.1e-100
9	UTP23	0.305862584	0.681	0.447	3.89e-93	1.02e-88
9	HSPA12A	0.305392457	0.48	0.203	1.0800000000000001e-157	2.84e-153
9	PHC2	0.304943973	0.738	0.508	6.26e-84	1.6400000000000003e-79
9	CDC42BPA	0.304566097	0.859	0.724	4.99e-50	1.31e-45
9	PPIA	0.304252858	0.928	0.866	2.04e-75	5.33e-71
9	DTWD1	0.303720473	0.596	0.353	1.78e-105	4.65e-101
9	XPO4	0.30363115	0.627	0.357	1.27e-112	3.32e-108
9	OSBPL6	0.303564571	0.807	0.571	4.91e-81	1.2899999999999999e-76
9	C3orf70	0.303509758	0.414	0.12	1.6e-261	4.19e-257
9	AC006030.1	0.303316543	0.508	0.264	1.2299999999999999e-115	3.21e-111
9	FAM229B	0.303051763	0.58	0.317	3.22e-126	8.42e-122
9	TMEM205	0.3029246	0.598	0.386	7.48e-75	1.9600000000000002e-70
9	EYA2	0.302923667	0.709	0.462	2.05e-81	5.3800000000000004e-77
9	SDK1	0.302226479	0.842	0.677	9.33e-51	2.44e-46
9	C12orf56	0.302119036	0.371	0.199	1.67e-79	4.37e-75
9	STRAP	0.302116119	0.82	0.625	2.6400000000000003e-79	6.910000000000001e-75
9	CNKSR2	0.302095218	0.375	0.12	3.27e-207	8.57e-203
9	CTXN1	0.302080097	0.506	0.237	6.11e-146	1.6e-141
9	UBL3	0.301807209	0.594	0.351	4.33e-100	1.1299999999999999e-95
9	PITPNM2	0.30179095	0.6	0.269	6.810000000000001e-163	1.78e-158
9	ADGB	0.301411625	0.414	0.148	1.33e-190	3.48e-186
9	S100A13	0.301211812	0.522	0.337	1.35e-63	3.5500000000000003e-59
9	PROX1-AS1	0.300861825	0.532	0.21	4.69e-183	1.23e-178
9	UBE2Q1	0.300716502	0.603	0.354	1.22e-110	3.1899999999999997e-106
9	MZT2B	0.300703796	0.884	0.756	5.489999999999999e-68	1.44e-63
9	LHFPL2	0.300688946	0.413	0.15	4.23e-187	1.11e-182
9	MRPS18C	0.300182378	0.705	0.471	1.31e-90	3.42e-86
9	SNRPC	0.299971	0.701	0.463	9.89e-93	2.59e-88
9	SNHG3	0.299889117	0.499	0.289	3.8e-86	9.95e-82
9	TSPAN2	0.299752493	0.5	0.239	1.77e-135	4.64e-131
9	KRTAP17-1	0.299704108	0.316	0.064	0.0	0.0
9	GTDC1	0.299591815	0.631	0.384	8.07e-88	2.11e-83
9	ATP5G1	0.299414878	0.832	0.694	9.76e-61	2.56e-56
9	LINC01087	0.299266431	0.422	0.132	3.86e-237	1.01e-232
9	FOXK2	0.299081707	0.867	0.702	2.6100000000000002e-79	6.82e-75
9	CRABP1	0.298536005	0.402	0.152	4.74e-163	1.24e-158
9	RTN4RL2	0.298522181	0.376	0.101	3.6e-288	9.43e-284
9	CEP170	0.298392825	0.785	0.533	2.67e-94	7e-90
9	FBXO28	0.297748632	0.735	0.522	2.3e-72	6.0199999999999995e-68
9	ZC3H13	0.297505476	0.737	0.501	1.1799999999999998e-89	3.1e-85
9	SCN3A	0.297425819	0.6	0.237	1.37e-211	3.59e-207
9	IPO9	0.297168849	0.795	0.579	2.85e-84	7.45e-80
9	PGAM2	0.296950629	0.375	0.099	1.73e-278	4.53e-274
9	CCT5	0.296893499	0.777	0.574	9.22e-79	2.41e-74
9	CENPK	0.296498828	0.629	0.369	1.66e-100	4.35e-96
9	PAN3	0.296355286	0.805	0.595	1.41e-77	3.7e-73
9	GJC1	0.296335227	0.508	0.214	9.420000000000001e-163	2.47e-158
9	ESPNL	0.296253058	0.26	0.009	0.0	0.0
9	IL18R1	0.29586806	0.275	0.054	0.0	0.0
9	AL445623.2	0.295849866	0.394	0.148	4.08e-163	1.07e-158
9	NSD1	0.295765388	0.874	0.706	3.83e-75	1e-70
9	ADGRL1	0.295425651	0.52	0.254	1.05e-136	2.7400000000000002e-132
9	ATF5	0.29541224	0.415	0.282	8.84e-36	2.31e-31
9	UQCRH	0.294923463	0.898	0.821	6.83e-67	1.7899999999999999e-62
9	CNTNAP3	0.294845293	0.319	0.079	1.37e-268	3.58e-264
9	KLHL29	0.294836454	0.72	0.364	1.85e-150	4.8499999999999995e-146
9	GALR1	0.29478761	0.292	0.055	0.0	0.0
9	BACH2	0.294479288	0.566	0.36	1.64e-65	4.29e-61
9	ASTN1	0.294110761	0.379	0.109	9.320000000000001e-237	2.44e-232
9	SNRPB	0.294017856	0.874	0.733	3.5299999999999997e-69	9.240000000000001e-65
9	TIMM8B	0.293967874	0.751	0.565	3.33e-66	8.71e-62
9	TXNRD1	0.293824034	0.759	0.561	4.6400000000000004e-70	1.21e-65
9	AC018730.2	0.293435129	0.287	0.031	0.0	0.0
9	CDK2AP2	0.293261173	0.528	0.302	1.96e-98	5.13e-94
9	NF1	0.293028985	0.976	0.9	8.17e-63	2.14e-58
9	PRPF6	0.292927905	0.746	0.508	2.5999999999999997e-95	6.81e-91
9	PDE7A	0.292888263	0.826	0.619	5.190000000000001e-72	1.3599999999999999e-67
9	NEURL1	0.292240719	0.364	0.095	2.9799999999999998e-285	7.81e-281
9	TNNT1	0.292143037	0.632	0.405	4.6599999999999995e-82	1.22e-77
9	ARID3B	0.292044737	0.607	0.365	1.26e-95	3.3e-91
9	TRIM9	0.291948733	0.448	0.17	2.1999999999999998e-174	5.759999999999999e-170
9	HOMER2	0.291939143	0.701	0.491	2.2900000000000002e-70	6e-66
9	C7orf50	0.291874799	0.699	0.464	6.62e-93	1.73e-88
9	SLC35B1	0.291735886	0.593	0.358	2.57e-93	6.72e-89
9	DNMT1	0.291431534	0.759	0.54	4.51e-84	1.1800000000000002e-79
9	LMO7	0.290982913	0.569	0.326	1.48e-99	3.8799999999999996e-95
9	CHCHD5	0.290899399	0.592	0.359	1.21e-98	3.16e-94
9	RFC3	0.290668225	0.549	0.28	1.9e-114	4.9700000000000006e-110
9	KIFAP3	0.290622514	0.65	0.411	6.47e-94	1.69e-89
9	GAPDH	0.290532629	0.917	0.813	4.8200000000000005e-73	1.2599999999999999e-68
9	VWA8	0.290239033	0.619	0.371	7.049999999999999e-91	1.84e-86
9	MTHFD2	0.290223107	0.61	0.388	1.47e-85	3.85e-81
9	SPTBN4	0.29020371	0.491	0.229	6.42e-137	1.68e-132
9	PCSK1N	0.289928293	0.839	0.654	2.43e-71	6.35e-67
9	NT5DC2	0.289601423	0.612	0.343	1.62e-114	4.2400000000000004e-110
9	ATAD5	0.289582515	0.662	0.404	2.17e-94	5.68e-90
9	PLXDC2	0.289468212	0.542	0.336	5.619999999999999e-69	1.4700000000000001e-64
9	IQCK	0.289422701	0.641	0.412	1.4000000000000001e-80	3.67e-76
9	MZT1	0.289417991	0.55	0.272	5.63e-135	1.47e-130
9	PRPF8	0.289416265	0.728	0.524	9.71e-83	2.54e-78
9	HS6ST2	0.289304115	0.409	0.183	1.59e-115	4.16e-111
9	LMOD2	0.289188283	0.373	0.091	0.0	0.0
9	MED4	0.289137556	0.712	0.464	5.59e-98	1.46e-93
9	LNPK	0.28908804	0.696	0.473	2.0599999999999999e-81	5.39e-77
9	PDS5B	0.28890035	0.759	0.513	6.57e-84	1.72e-79
9	XXYLT1	0.288177499	0.62	0.37	1.89e-101	4.950000000000001e-97
9	SCN3B	0.288086583	0.415	0.121	2.6600000000000002e-266	6.97e-262
9	LAMTOR5	0.28788708	0.8	0.638	1.36e-60	3.5600000000000003e-56
9	CAPZB	0.287454023	0.873	0.706	4.14e-72	1.0799999999999999e-67
9	ELOC	0.287335412	0.863	0.715	2.9599999999999998e-68	7.74e-64
9	IRAK3	0.287185354	0.303	0.072	2.03e-260	5.3099999999999995e-256
9	CLEC18B	0.287142657	0.275	0.027	0.0	0.0
9	CCDC138	0.287069457	0.675	0.436	1.64e-83	4.3100000000000003e-79
9	DNA2	0.285926323	0.709	0.509	5.8e-66	1.5199999999999999e-61
9	FAIM2	0.285502361	0.283	0.033	0.0	0.0
9	ULK4	0.285214975	0.617	0.385	4.2900000000000005e-79	1.12e-74
9	SHC1	0.284990511	0.528	0.25	6.08e-145	1.59e-140
9	AGO2	0.284983357	0.871	0.695	8.03e-76	2.1e-71
9	SPIRE1	0.284897545	0.673	0.465	6.97e-66	1.82e-61
9	ABCA3	0.284493548	0.515	0.264	3.11e-117	8.14e-113
9	PARP1	0.284428957	0.762	0.574	2.08e-72	5.439999999999999e-68
9	DNAH9	0.284188534	0.392	0.133	2.37e-200	6.21e-196
9	NSD2	0.284066955	0.861	0.696	4.04e-65	1.06e-60
9	RPS6KA2	0.28398492	0.351	0.272	2.02e-17	5.29e-13
9	ATXN2L	0.283600287	0.637	0.411	8.230000000000001e-85	2.16e-80
9	PSMB2	0.283189375	0.666	0.434	1.94e-91	5.08e-87
9	SSR4	0.283162257	0.815	0.649	5.47e-59	1.43e-54
9	C11orf49	0.283132416	0.732	0.515	9.51e-74	2.49e-69
9	CYFIP2	0.282824357	0.545	0.293	6.91e-112	1.81e-107
9	CCAR1	0.282817436	0.927	0.797	6.85e-77	1.79e-72
9	RBMS3	0.282643938	0.592	0.238	2.4100000000000004e-181	6.3000000000000005e-177
9	ASXL3	0.282162344	0.497	0.179	6.21e-202	1.63e-197
9	BSG	0.282079149	0.787	0.597	6.299999999999999e-69	1.65e-64
9	DRGX	0.282007571	0.443	0.159	2.94e-182	7.7e-178
9	MRPL57	0.281926704	0.744	0.542	1.38e-72	3.6199999999999996e-68
9	FZD3	0.281661733	0.412	0.147	1.3800000000000001e-192	3.6e-188
9	CXXC4	0.281583351	0.327	0.069	0.0	0.0
9	TEX10	0.281368195	0.542	0.308	1.57e-97	4.11e-93
9	CALB1	0.281046206	0.299	0.067	3.09e-284	8.08e-280
9	SPTBN2	0.280736539	0.529	0.274	4.5000000000000003e-122	1.18e-117
9	ALMS1	0.280641408	0.728	0.519	4.18e-68	1.09e-63
9	STOML2	0.280603304	0.686	0.477	7.78e-79	2.0399999999999998e-74
9	BTBD17	0.280424334	0.413	0.133	9.23e-214	2.4200000000000002e-209
9	PDCD5	0.280349597	0.746	0.544	7.140000000000001e-72	1.87e-67
9	TAF3	0.279856357	0.72	0.482	3.95e-78	1.0300000000000001e-73
9	SPTSSA	0.278635178	0.694	0.474	5.97e-79	1.5599999999999999e-74
9	SPATS2L	0.278375568	0.93	0.771	2.1e-78	5.51e-74
9	ATP6V0A1	0.277329944	0.774	0.559	3.02e-80	7.9e-76
9	PBRM1	0.277193012	0.886	0.745	1.6299999999999998e-68	4.26e-64
9	DGKZ	0.276964449	0.391	0.142	1.15e-183	3.0200000000000004e-179
9	C2orf70	0.276958942	0.384	0.13	5.41e-202	1.4199999999999997e-197
9	GNAO1	0.276822864	0.52	0.193	5.08e-194	1.3299999999999998e-189
9	NAV1	0.276609988	0.587	0.326	2.96e-100	7.74e-96
9	CCT8	0.276529266	0.747	0.563	6.28e-69	1.64e-64
9	CCDC57	0.276409824	0.781	0.589	8.26e-67	2.16e-62
9	VPS45	0.276327266	0.724	0.499	2.59e-71	6.769999999999999e-67
9	SUMO2	0.276026406	0.928	0.879	6.34e-61	1.66e-56
9	ACYP1	0.275708115	0.623	0.4	2.53e-83	6.620000000000001e-79
9	DUSP6	0.275479883	0.495	0.233	2.1e-132	5.499999999999999e-128
9	AL589740.1	0.275011157	0.537	0.241	1.92e-137	5.03e-133
9	CAMK4	0.274647739	0.554	0.208	9.370000000000001e-208	2.45e-203
9	RMST	0.274470846	0.73	0.496	6.94e-73	1.82e-68
9	BMT2	0.274204411	0.543	0.325	5.35e-80	1.4e-75
9	COA1	0.274078296	0.842	0.662	1.99e-65	5.1999999999999995e-61
9	CELF4	0.273700226	0.465	0.175	1.8999999999999998e-180	4.97e-176
9	UNC5A	0.273546631	0.336	0.066	0.0	0.0
9	RALA	0.273442284	0.747	0.539	4.15e-71	1.09e-66
9	ABHD18	0.273117288	0.707	0.492	1.03e-70	2.71e-66
9	ANP32B	0.272974745	0.816	0.648	1.85e-62	4.83e-58
9	SBK1	0.272647738	0.508	0.239	3.63e-142	9.489999999999999e-138
9	LSM4	0.272639629	0.738	0.539	3.7900000000000005e-71	9.91e-67
9	SNRNP25	0.272580944	0.608	0.371	2.17e-95	5.69e-91
9	CELF1	0.272437948	0.743	0.529	4.39e-71	1.1500000000000001e-66
9	ATP6V1G1	0.272431214	0.88	0.782	4.0500000000000005e-58	1.0599999999999999e-53
9	ATCAY	0.272278716	0.428	0.159	4.4e-176	1.15e-171
9	MEF2A	0.272191779	0.89	0.733	6.15e-50	1.6099999999999998e-45
9	FAM227B	0.271933571	0.441	0.226	2.06e-97	5.38e-93
9	UCHL1	0.271576933	0.722	0.504	8.66e-70	2.27e-65
9	FSTL4	0.271450589	0.495	0.218	7.620000000000001e-144	1.99e-139
9	DCAF7	0.271315025	0.855	0.703	5.21e-60	1.36e-55
9	TMSB4X	0.271232093	0.935	0.833	2.36e-129	6.18e-125
9	RPH3AL	0.271089764	0.41	0.189	2.88e-121	7.530000000000001e-117
9	OPN5	0.270700282	0.33	0.086	7.93e-247	2.08e-242
9	TMEM182	0.270651016	0.363	0.141	2.29e-141	5.99e-137
9	KLF13	0.270449177	0.455	0.204	2.18e-140	5.7199999999999995e-136
9	MDH2	0.270171271	0.761	0.575	2.76e-60	7.220000000000001e-56
9	NDUFS5	0.270167556	0.874	0.745	4.94e-56	1.29e-51
9	XKR6	0.269798595	0.759	0.5	1.61e-85	4.22e-81
9	LYRM4	0.269727029	0.503	0.286	1.9499999999999998e-83	5.1100000000000005e-79
9	LINC02542	0.269673257	0.415	0.192	1.88e-113	4.93e-109
9	NDUFB9	0.269665936	0.853	0.704	1.26e-55	3.29e-51
9	SUPV3L1	0.26953285	0.67	0.449	3.63e-76	9.51e-72
9	MYO18B	0.269521776	0.307	0.065	0.0	0.0
9	LRGUK	0.26906473	0.426	0.203	7.75e-109	2.0299999999999998e-104
9	SRSF4	0.268965427	0.899	0.774	5.62e-58	1.47e-53
9	CEP41	0.268794786	0.462	0.21	3.42e-136	8.950000000000001e-132
9	MAGOH	0.268041378	0.699	0.466	8.74e-80	2.29e-75
9	DYNLT1	0.267975845	0.821	0.694	2.6e-55	6.8e-51
9	LSM7	0.267666261	0.81	0.643	1.7899999999999997e-61	4.68e-57
9	PRMT1	0.267432544	0.709	0.506	6.81e-70	1.78e-65
9	PET100	0.267149755	0.701	0.468	2.25e-81	5.9000000000000004e-77
9	NUSAP1	0.266694513	0.491	0.272	2.79e-79	7.3e-75
9	P2RY14	0.266432505	0.3	0.082	1.13e-219	2.97e-215
9	IRS2	0.266374204	0.743	0.517	4.0700000000000005e-73	1.06e-68
9	ODF2	0.266229763	0.544	0.298	2.4800000000000003e-105	6.5e-101
9	FRG1	0.266032768	0.654	0.409	1.04e-91	2.71e-87
9	NAA16	0.265797902	0.594	0.345	1.2099999999999999e-95	3.18e-91
9	SIPA1L1	0.265764977	0.851	0.714	7.179999999999999e-42	1.8800000000000002e-37
9	SUPT16H	0.265554329	0.822	0.652	2.3000000000000002e-66	6.02e-62
9	PSMA2	0.265369393	0.594	0.36	3.08e-89	8.060000000000001e-85
9	CHCHD3	0.265368225	0.874	0.711	1.85e-63	4.840000000000001e-59
9	UBL5	0.265030208	0.882	0.804	7.84e-55	2.05e-50
9	FAM57B	0.265028508	0.376	0.109	3.21e-244	8.4e-240
9	REEP1	0.264934512	0.437	0.224	9.38e-96	2.46e-91
9	FAM227A	0.264814375	0.431	0.195	6.16e-128	1.6100000000000002e-123
9	JAG2	0.264531298	0.347	0.099	9.329999999999999e-238	2.44e-233
9	SKI	0.264433467	0.69	0.473	6.61e-71	1.7300000000000002e-66
9	CKAP2	0.264362976	0.565	0.281	3.2400000000000003e-125	8.49e-121
9	DNAI2	0.264275553	0.315	0.065	0.0	0.0
9	AGPS	0.264241222	0.643	0.389	2.07e-93	5.41e-89
9	TOPBP1	0.264204419	0.684	0.449	6.54e-83	1.71e-78
9	HNRNPA1	0.264107259	0.888	0.805	2.45e-58	6.42e-54
9	SVBP	0.264063763	0.526	0.296	6.8e-97	1.78e-92
9	TBC1D19	0.263726151	0.658	0.442	4.14e-68	1.08e-63
9	DIS3	0.263584945	0.539	0.279	1.5500000000000001e-121	4.0600000000000005e-117
9	SGCE	0.263356023	0.612	0.372	1.1e-84	2.87e-80
9	ABL2	0.263183923	0.76	0.54	3.38e-69	8.850000000000001e-65
9	COX4I1	0.262424549	0.837	0.685	4.6e-53	1.1999999999999998e-48
9	CACNA2D1	0.262238999	0.935	0.665	2.29e-130	5.999999999999999e-126
9	LRRC10B	0.262152058	0.286	0.051	0.0	0.0
9	TTC7B	0.262061773	0.485	0.256	3.82e-102	1e-97
9	HIF1A-AS2	0.262036034	0.335	0.118	4.09e-157	1.0699999999999999e-152
9	DPYSL2	0.262000596	0.61	0.352	1.32e-101	3.47e-97
9	PCDH8	0.261871994	0.37	0.122	9.09e-193	2.3799999999999997e-188
9	SET	0.261863075	0.921	0.838	1.14e-60	2.97e-56
9	KANSL1	0.261802912	0.961	0.865	3.3299999999999996e-52	8.72e-48
9	HIF1A	0.261707092	0.762	0.537	3.12e-77	8.17e-73
9	TP73	0.261452009	0.546	0.269	1.73e-122	4.52e-118
9	STXBP1	0.261242308	0.566	0.318	7.84e-106	2.05e-101
9	SPPL2A	0.261186807	0.764	0.563	2.5700000000000003e-64	6.729999999999999e-60
9	NUP153	0.261186564	0.805	0.609	1.56e-70	4.1e-66
9	ABI2	0.261113624	0.88	0.722	3.7e-64	9.7e-60
9	METTL24	0.260886392	0.349	0.121	3.6e-165	9.420000000000001e-161
9	HSPA4L	0.260423183	0.447	0.227	4.38e-102	1.1500000000000001e-97
9	PFN1	0.26041642	0.87	0.765	1.84e-49	4.82e-45
9	RASD2	0.260299267	0.339	0.079	8.21e-306	2.15e-301
9	LRRC37B	0.260122115	0.541	0.314	1.03e-90	2.7000000000000003e-86
9	SYT11	0.260066829	0.382	0.112	7.269999999999999e-236	1.9e-231
9	TSTD2	0.259964499	0.6	0.349	1.48e-98	3.8699999999999996e-94
9	RIC3	0.259825759	0.532	0.266	9.389999999999999e-126	2.4600000000000002e-121
9	NRSN1	0.259709053	0.485	0.191	9.609999999999999e-170	2.52e-165
9	KIAA1549	0.259701658	0.567	0.336	2.12e-86	5.539999999999999e-82
9	IGSF9B	0.259689745	0.386	0.127	9.669999999999999e-205	2.5300000000000002e-200
9	PREX1	0.259314241	0.363	0.112	3.82e-215	1e-210
9	PLS3	0.258930967	0.283	0.052	0.0	0.0
9	ILF3	0.258909464	0.809	0.645	5.86e-61	1.53e-56
9	UGGT2	0.258872761	0.768	0.556	1.04e-61	2.73e-57
9	CCP110	0.258541322	0.653	0.426	1.47e-80	3.84e-76
9	RGS16	0.258482098	0.382	0.142	2.3100000000000003e-163	6.049999999999999e-159
9	C1orf194	0.258393462	0.351	0.099	4.64e-240	1.21e-235
9	RPAIN	0.258312366	0.651	0.431	4.1e-78	1.07e-73
9	GSE1	0.25785239	0.822	0.567	6.929999999999999e-95	1.81e-90
9	ALG5	0.257692935	0.558	0.319	9.970000000000001e-99	2.61e-94
9	SRSF10	0.257686641	0.886	0.744	4.2899999999999996e-69	1.12e-64
9	RFLNB	0.257647272	0.324	0.109	1.8500000000000003e-163	4.829999999999999e-159
9	XRCC4	0.257346735	0.46	0.221	2.78e-113	7.27e-109
9	DENND4A	0.257264938	0.813	0.633	7.73e-53	2.02e-48
9	ALDOA	0.257254599	0.842	0.697	5.28e-55	1.38e-50
9	DNM1L	0.256897467	0.766	0.571	5.95e-65	1.5599999999999999e-60
9	ARL16	0.25685232	0.628	0.408	1.84e-80	4.81e-76
9	PSMB1	0.256756813	0.865	0.754	4.5799999999999996e-48	1.2e-43
9	PRELID1	0.256734806	0.75	0.557	1.76e-60	4.6e-56
9	FBN1	0.256725972	0.603	0.294	4.53e-130	1.19e-125
9	LINC02340	0.256519308	0.427	0.201	3.23e-112	8.44e-108
9	KIF3A	0.25638726	0.67	0.444	1.67e-80	4.38e-76
9	CSNK2B	0.256256372	0.716	0.51	5.47e-68	1.43e-63
9	SAMD14	0.255758289	0.322	0.077	2.13e-279	5.57e-275
9	KCNMA1	0.255659946	0.965	0.763	2e-81	5.24e-77
9	STXBP4	0.255492768	0.761	0.573	1.24e-49	3.25e-45
9	GPRIN1	0.255211208	0.472	0.204	1.53e-149	4.0000000000000004e-145
9	SMG6	0.255209238	0.764	0.575	6.58e-59	1.7199999999999998e-54
9	COMMD6	0.25515219	0.793	0.656	1.0699999999999999e-48	2.8e-44
9	TTC25	0.254808289	0.421	0.186	2.14e-130	5.6e-126
9	KIF2A	0.254271894	0.833	0.642	1.1e-63	2.88e-59
9	DIAPH3	0.254138252	0.466	0.259	8.44e-71	2.2100000000000002e-66
9	RPS10	0.253930058	0.788	0.604	2.62e-54	6.85e-50
9	SLC35D3	0.253881458	0.297	0.067	8.3e-277	2.1700000000000002e-272
9	PTRHD1	0.253855606	0.63	0.405	8.32e-77	2.18e-72
9	LSM8	0.253752485	0.693	0.472	1.6400000000000001e-77	4.28e-73
9	MAD2L2	0.253589624	0.553	0.311	1.89e-98	4.93e-94
9	DCAF10	0.253511259	0.75	0.569	5.14e-54	1.35e-49
9	SORBS2	0.253440221	0.89	0.783	1.17e-40	3.0600000000000004e-36
9	HRK	0.253244887	0.33	0.103	8.22e-184	2.15e-179
9	HARS	0.253207277	0.595	0.355	1.3599999999999998e-91	3.55e-87
9	BIRC6	0.253124206	0.942	0.842	3.15e-50	8.25e-46
9	CACNG4	0.253110563	0.54	0.27	1.08e-116	2.83e-112
9	ATAD2	0.252724725	0.69	0.563	1.75e-34	4.58e-30
9	MRPS23	0.252605981	0.699	0.491	1.12e-64	2.92e-60
9	PDPR	0.2525539	0.431	0.226	6.929999999999999e-95	1.81e-90
9	HIP1R	0.252189037	0.374	0.155	2.7099999999999998e-136	7.100000000000001e-132
9	CYTOR	0.252053982	0.358	0.124	6.5e-166	1.7000000000000001e-161
9	RPL26L1	0.25174511	0.622	0.404	3.45e-75	9.02e-71
9	RASGEF1B	0.250490162	0.623	0.389	1.3e-72	3.4199999999999997e-68
9	MARCH9	0.2504156	0.459	0.24	1.02e-99	2.67e-95
9	DHPS	0.250333361	0.557	0.334	5.730000000000001e-85	1.5e-80
10	RALYL	3.994033206	0.751	0.043	0.0	0.0
10	KCNB2	3.831615671	0.847	0.014	0.0	0.0
10	RGS7	3.039822009	0.957	0.25	0.0	0.0
10	NKAIN2	2.685346914	0.625	0.136	0.0	0.0
10	FSTL5	2.629427544	0.513	0.02	0.0	0.0
10	SLC38A11	2.621350054	0.698	0.038	0.0	0.0
10	ASCL1	2.577682764	0.658	0.055	0.0	0.0
10	PAM	2.54524141	0.968	0.484	0.0	0.0
10	TFF3	2.524571597	0.845	0.563	7.52e-273	1.9699999999999998e-268
10	SYT1	2.512357422	0.983	0.53	0.0	0.0
10	GHRH	2.462635184	0.303	0.008	0.0	0.0
10	CNKSR3	2.422806433	0.86	0.368	0.0	0.0
10	GRP	2.394476523	0.545	0.051	0.0	0.0
10	CACNA2D3	2.284800048	0.696	0.125	0.0	0.0
10	CACNA1A	2.280183344	0.819	0.305	0.0	0.0
10	NOL4	2.27545147	0.848	0.218	0.0	0.0
10	ST18	2.2729036	0.885	0.243	0.0	0.0
10	KCTD8	2.262893237	0.349	0.006	0.0	0.0
10	SCN3A	2.242724954	0.849	0.235	0.0	0.0
10	ADARB2	2.151639318	0.794	0.296	0.0	0.0
10	PEG10	2.132865154	0.886	0.425	0.0	0.0
10	ANK2	2.007342703	0.785	0.146	0.0	0.0
10	LINC01811	1.831867002	0.571	0.021	0.0	0.0
10	FIGN	1.717018688	0.589	0.11	0.0	0.0
10	RASSF6	1.655122185	0.631	0.132	0.0	0.0
10	DLGAP1	1.646455808	0.654	0.314	1.4e-204	3.6600000000000006e-200
10	GALNT13	1.637220731	0.704	0.164	0.0	0.0
10	AL354994.1	1.626367402	0.651	0.026	0.0	0.0
10	SMAD9	1.606517343	0.734	0.201	0.0	0.0
10	MEG3	1.555389901	0.557	0.044	0.0	0.0
10	PEX5L	1.548715577	0.702	0.218	0.0	0.0
10	DISC1FP1	1.505785058	0.421	0.06	0.0	0.0
10	TMSB4X	1.495535724	0.915	0.835	1.5599999999999997e-216	4.0800000000000003e-212
10	ERBB4	1.474740078	0.562	0.213	8.26e-213	2.16e-208
10	COTL1	1.471543699	0.585	0.128	0.0	0.0
10	ZMAT4	1.445175436	0.811	0.414	8.389999999999999e-297	2.1999999999999997e-292
10	FABP5	1.438671378	0.771	0.591	8.52e-73	2.2299999999999997e-68
10	NCAM1	1.413752689	0.892	0.315	0.0	0.0
10	CAMK1D	1.402566747	0.91	0.572	2.08e-276	5.4400000000000005e-272
10	DGKB	1.395901737	0.514	0.108	0.0	0.0
10	H19	1.391530393	0.29	0.002	0.0	0.0
10	ROBO1	1.381181238	0.85	0.343	0.0	0.0
10	SCN2A	1.380725074	0.717	0.17	0.0	0.0
10	CTNNA2	1.379997944	0.697	0.175	0.0	0.0
10	BEX1	1.336912299	0.55	0.038	0.0	0.0
10	SNCAIP	1.336145789	0.504	0.022	0.0	0.0
10	SCG2	1.332966074	0.565	0.051	0.0	0.0
10	INSM1	1.317234259	0.744	0.277	0.0	0.0
10	RGS17	1.286466226	0.575	0.139	0.0	0.0
10	KCNH5	1.286359394	0.489	0.036	0.0	0.0
10	TOX	1.271233631	0.922	0.495	2.4999999999999997e-277	6.550000000000001e-273
10	CHGB	1.265353238	0.722	0.235	0.0	0.0
10	SERGEF	1.263268472	0.653	0.276	2.4799999999999997e-239	6.490000000000001e-235
10	CGA	1.26160081	0.373	0.114	3.2000000000000002e-161	8.38e-157
10	AGMO	1.233447454	0.435	0.167	1.43e-131	3.75e-127
10	MMP16	1.230276162	0.581	0.208	7.69e-217	2.01e-212
10	NRXN1	1.229426815	0.979	0.443	0.0	0.0
10	CHGA	1.223248693	0.618	0.126	0.0	0.0
10	DLGAP2	1.20902725	0.401	0.161	3.2599999999999995e-126	8.530000000000001e-122
10	DNER	1.204768634	0.595	0.118	0.0	0.0
10	RELN	1.195575572	0.558	0.162	4.46e-278	1.1700000000000001e-273
10	AC027288.3	1.194924941	0.544	0.124	0.0	0.0
10	RORA	1.189143456	0.868	0.706	3.2e-113	8.380000000000001e-109
10	PTPRN2	1.188829503	0.909	0.575	6.190000000000001e-272	1.6199999999999998e-267
10	SEC11C	1.185135688	0.805	0.616	9.97e-126	2.61e-121
10	TLDC1	1.184057683	0.425	0.097	0.0	0.0
10	MAP2	1.181846323	0.911	0.55	7.02e-249	1.8399999999999998e-244
10	FRY	1.170849944	0.61	0.09	0.0	0.0
10	KCNH8	1.163179547	0.829	0.384	3.27e-292	8.549999999999999e-288
10	INPP4B	1.161358591	0.463	0.146	3.3199999999999998e-214	8.69e-210
10	DPYSL3	1.137177786	0.827	0.487	4.96e-218	1.3e-213
10	SMOC2	1.135001773	0.587	0.202	9.36e-264	2.45e-259
10	PDE5A	1.127655305	0.653	0.282	3.29e-211	8.609999999999999e-207
10	RPTOR	1.12158647	0.851	0.617	6.18e-148	1.62e-143
10	TRIM9	1.111491934	0.578	0.171	1.23e-301	3.2099999999999997e-297
10	SMOC1	1.105079945	0.436	0.07	0.0	0.0
10	NRCAM	1.092331499	0.712	0.215	0.0	0.0
10	NELL1	1.091481247	0.631	0.192	3.63e-304	9.499999999999999e-300
10	SLCO3A1	1.087437967	0.732	0.315	2.8399999999999998e-242	7.43e-238
10	DNM3	1.0740573	0.829	0.394	4.490000000000001e-252	1.1800000000000001e-247
10	NPTX1	1.065768046	0.368	0.034	0.0	0.0
10	IGFBP2	1.054958113	0.877	0.647	4.51e-108	1.18e-103
10	SYN2	1.051744996	0.677	0.298	1.3999999999999999e-199	3.66e-195
10	TCF4	1.050754328	0.691	0.256	1.03e-274	2.6999999999999997e-270
10	CACNA2D1	1.040073534	0.953	0.668	1.63e-193	4.27e-189
10	AUTS2	1.037175506	0.945	0.827	1.3599999999999998e-159	3.55e-155
10	DOK6	1.031443794	0.625	0.311	3.99e-147	1.04e-142
10	CNTNAP2	1.02760497	0.852	0.694	1.49e-65	3.91e-61
10	CADM1	1.020517527	0.829	0.588	5.3100000000000004e-145	1.39e-140
10	IGFBP5	1.018364362	0.697	0.451	1.18e-74	3.0900000000000005e-70
10	AC104574.2	1.015405231	0.277	0.012	0.0	0.0
10	ITPR2	1.011876003	0.544	0.229	4.28e-173	1.12e-168
10	KCNH7	1.011781765	0.879	0.371	5.88e-237	1.54e-232
10	LMO3	1.009960726	0.598	0.145	0.0	0.0
10	UCHL1	1.00694381	0.843	0.504	1.07e-240	2.81e-236
10	RIMS1	1.006578135	0.69	0.348	4.73e-173	1.2399999999999999e-168
10	PROX1-AS1	1.006458276	0.697	0.21	0.0	0.0
10	PTPRO	1.004546301	0.592	0.158	0.0	0.0
10	CASC15	0.998298734	0.762	0.592	2.18e-84	5.71e-80
10	CPE	0.997651362	0.97	0.803	3.33e-228	8.72e-224
10	EYA2	0.981244988	0.763	0.464	3.5e-158	9.15e-154
10	INHBA	0.980724243	0.377	0.057	0.0	0.0
10	MEG8	0.977305557	0.437	0.031	0.0	0.0
10	SOX4	0.965982183	0.901	0.789	1.05e-88	2.75e-84
10	ALCAM	0.955680918	0.715	0.475	5.29e-90	1.39e-85
10	ERC2	0.940169239	0.827	0.51	5.429999999999999e-168	1.42e-163
10	TMEM108	0.937369444	0.82	0.36	2.37e-203	6.199999999999999e-199
10	KIAA1211L	0.931599407	0.499	0.11	0.0	0.0
10	SCG3	0.927456951	0.789	0.295	0.0	0.0
10	BCL2	0.926593257	0.579	0.177	3.76e-293	9.850000000000001e-289
10	RIMS2	0.912334692	0.988	0.935	2.64e-216	6.910000000000001e-212
10	ADAMTSL1	0.90295121	0.617	0.293	1.03e-126	2.6900000000000004e-122
10	CBFA2T2	0.895218245	0.928	0.787	8.640000000000001e-154	2.26e-149
10	NBEA	0.892587369	0.879	0.674	4.42e-141	1.16e-136
10	AL589740.1	0.882333812	0.57	0.244	7.57e-150	1.98e-145
10	NOVA1	0.88182581	0.609	0.251	8.31e-189	2.17e-184
10	KLHL29	0.877816384	0.762	0.367	2.9800000000000006e-185	7.81e-181
10	TMSB10	0.875642478	0.89	0.854	2.44e-116	6.39e-112
10	MS4A8	0.875074141	0.342	0.014	0.0	0.0
10	RBP1	0.872534868	0.695	0.429	1.3499999999999999e-131	3.53e-127
10	CCDC178	0.871570516	0.32	0.128	7.119999999999999e-83	1.86e-78
10	PROX1	0.869066744	0.791	0.347	4.86e-219	1.2699999999999999e-214
10	PAK3	0.868421862	0.464	0.048	0.0	0.0
10	ATP8A2	0.865849663	0.888	0.376	2.76e-236	7.23e-232
10	CADPS2	0.864389381	0.9	0.736	1.1899999999999999e-141	3.11e-137
10	GAREM1	0.856480557	0.667	0.451	4.3e-86	1.13e-81
10	ASXL3	0.855705081	0.671	0.179	0.0	0.0
10	RAPGEF4	0.852502358	0.636	0.149	0.0	0.0
10	FAM13A	0.835869412	0.673	0.53	8.93e-37	2.3400000000000003e-32
10	MTURN	0.832829512	0.681	0.299	4.52e-232	1.18e-227
10	SLC35F3	0.831252726	0.596	0.533	2.9e-13	7.59e-09
10	GPC6	0.830761489	0.835	0.771	3.36e-24	8.8e-20
10	DLEU1	0.827782698	0.747	0.48	3.83e-117	1e-112
10	PCLO	0.815420188	0.827	0.508	4.42e-155	1.1599999999999999e-150
10	PPM1E	0.815017868	0.895	0.57	6.51e-154	1.7e-149
10	ICA1	0.809185192	0.697	0.438	7.680000000000001e-123	2.01e-118
10	ASIC2	0.808313796	0.489	0.247	2.79e-96	7.3e-92
10	CA8	0.804566934	0.725	0.369	8.98e-171	2.35e-166
10	PIP5K1B	0.802919392	0.478	0.147	4.9800000000000004e-210	1.3e-205
10	RDX	0.802738281	0.803	0.536	8.39e-139	2.19e-134
10	HGNC:24955	0.799871602	0.561	0.134	0.0	0.0
10	GNG4	0.798393297	0.884	0.619	1.1e-165	2.8800000000000002e-161
10	MAGI2	0.797654497	0.662	0.287	1.14e-203	2.97e-199
10	HOMER1	0.795512207	0.673	0.388	5.66e-91	1.48e-86
10	EXTL3	0.792805042	0.538	0.172	4.79e-249	1.25e-244
10	SDK1	0.792112641	0.849	0.679	2.2599999999999997e-82	5.92e-78
10	CLVS1	0.790243191	0.489	0.076	0.0	0.0
10	CD24	0.788838496	0.842	0.736	4.63e-68	1.21e-63
10	HOXA9	0.787349011	0.451	0.023	0.0	0.0
10	DYNC1I1	0.786561197	0.472	0.124	3.8799999999999996e-277	1.0200000000000001e-272
10	REV3L	0.781992512	0.909	0.707	7.63e-144	2e-139
10	MARK1	0.781579134	0.759	0.478	1.15e-102	3e-98
10	IPCEF1	0.776505464	0.277	0.034	0.0	0.0
10	KCTD16	0.776274312	0.276	0.081	5.63e-128	1.4700000000000001e-123
10	TPD52	0.774671998	0.92	0.798	1.3099999999999998e-140	3.43e-136
10	TUBA1A	0.77458084	0.908	0.689	2.99e-128	7.83e-124
10	SRRM4	0.773890219	0.639	0.208	1.6000000000000002e-259	4.1899999999999997e-255
10	PLEKHA5	0.773105223	0.864	0.731	4.2e-70	1.1e-65
10	CHN2	0.773067589	0.846	0.413	2.0600000000000002e-169	5.3799999999999995e-165
10	SH3GL2	0.769923571	0.634	0.285	1.04e-167	2.7300000000000004e-163
10	LINC02197	0.768790925	0.369	0.041	0.0	0.0
10	CHD7	0.768480941	0.87	0.524	3.8600000000000003e-181	1.01e-176
10	SOBP	0.762166921	0.759	0.465	5.62e-127	1.47e-122
10	MAP1B	0.762128643	0.948	0.691	1.09e-175	2.85e-171
10	PTPRM	0.761381656	0.647	0.34	3.89e-113	1.0199999999999999e-108
10	PDE10A	0.76060813	0.429	0.106	3.53e-262	9.229999999999999e-258
10	TMTC1	0.76039275	0.458	0.185	2.06e-132	5.4e-128
10	LDLRAD4	0.754283109	0.908	0.668	1.74e-142	4.56e-138
10	CAMK2B	0.750527211	0.505	0.121	0.0	0.0
10	C9orf3	0.749035779	0.907	0.75	1.03e-109	2.71e-105
10	ZNF322	0.744539211	0.68	0.453	2.9900000000000003e-86	7.819999999999999e-82
10	LRRTM4	0.744210415	0.34	0.111	3.2900000000000005e-129	8.61e-125
10	PRICKLE2	0.740610627	0.617	0.241	1.46e-199	3.81e-195
10	CNTN4	0.732976819	0.516	0.349	9.01e-39	2.36e-34
10	S100A6	0.729329599	0.83	0.593	2.33e-105	6.1e-101
10	MAPRE2	0.727981896	0.77	0.423	1.73e-165	4.5400000000000006e-161
10	DNAJC12	0.722296342	0.783	0.498	2.17e-111	5.69e-107
10	SLIT2	0.720362787	0.331	0.1	9.43e-147	2.47e-142
10	FARP1	0.720138467	0.855	0.686	1.07e-96	2.79e-92
10	TUBB2B	0.71740242	0.776	0.368	8.849999999999999e-170	2.32e-165
10	CHRM3	0.716940363	0.27	0.115	1.15e-64	3.02e-60
10	LINC01091	0.715219707	0.611	0.309	9.77e-107	2.56e-102
10	ETV6	0.711464525	0.734	0.474	5.54e-103	1.45e-98
10	JAKMIP2	0.71066957	0.72	0.232	9.41e-301	2.46e-296
10	PGM2L1	0.709263389	0.708	0.549	8.220000000000001e-49	2.15e-44
10	PHYHIPL	0.708232219	0.791	0.425	3.56e-169	9.33e-165
10	FMN2	0.701471082	0.773	0.307	9.26e-221	2.43e-216
10	EFNA5	0.69666193	0.445	0.204	5.9e-86	1.54e-81
10	KIF1A	0.694389048	0.743	0.274	1.79e-264	4.68e-260
10	KIAA1456	0.693893727	0.673	0.309	1.03e-143	2.69e-139
10	STMN2	0.691869224	0.404	0.073	0.0	0.0
10	SMIM22	0.685238969	0.533	0.055	0.0	0.0
10	CEP112	0.684859702	0.674	0.476	2.54e-65	6.64e-61
10	TBCD	0.681846972	0.745	0.547	4.69e-64	1.23e-59
10	PDE7A	0.679315974	0.831	0.622	1.7e-93	4.44e-89
10	FBN2	0.678619944	0.393	0.096	4.51e-237	1.18e-232
10	FBXW7	0.677413021	0.829	0.598	4.28e-121	1.1200000000000001e-116
10	GPR137C	0.672711029	0.765	0.482	4.88e-107	1.28e-102
10	SNTG2	0.672134658	0.46	0.169	1.58e-153	4.13e-149
10	CRMP1	0.670777374	0.744	0.313	1.39e-215	3.64e-211
10	SNAP25	0.665945734	0.784	0.396	1.54e-151	4.04e-147
10	TIAM1	0.664885251	0.811	0.527	2.53e-115	6.62e-111
10	SSBP2	0.664807721	0.853	0.591	6.95e-114	1.82e-109
10	RAB30	0.664048865	0.683	0.38	5.730000000000001e-129	1.5000000000000002e-124
10	SDK2	0.663223539	0.641	0.304	6.02e-134	1.58e-129
10	ASB4	0.66240623	0.323	0.009	0.0	0.0
10	FAF1	0.661821691	0.969	0.889	1.9899999999999998e-146	5.21e-142
10	POU4F1	0.657973	0.47	0.157	6.5599999999999995e-186	1.72e-181
10	MGAT4C	0.657089873	0.702	0.323	1.08e-131	2.83e-127
10	PHACTR2	0.654377333	0.611	0.34	3.7499999999999994e-104	9.8e-100
10	RAB11FIP1	0.654279246	0.676	0.515	6.64e-47	1.74e-42
10	CUEDC1	0.652204019	0.778	0.474	7.09e-136	1.86e-131
10	HOXA10	0.649011753	0.431	0.096	0.0	0.0
10	ABR	0.647568654	0.698	0.415	3.97e-117	1.04e-112
10	NEBL	0.64597058	0.871	0.658	3.75e-103	9.81e-99
10	JAM3	0.645078413	0.566	0.163	9.39e-280	2.46e-275
10	RABGAP1L	0.643819807	0.93	0.798	8.869999999999999e-115	2.3200000000000003e-110
10	CDKN2C	0.634612613	0.655	0.379	1.1100000000000001e-100	2.9e-96
10	LSAMP	0.63292898	0.855	0.748	1e-31	2.6200000000000003e-27
10	TMEM178B	0.62974831	0.805	0.453	9.36e-134	2.4500000000000003e-129
10	ABLIM2	0.623852011	0.46	0.088	0.0	0.0
10	TAGLN3	0.622359219	0.614	0.217	2.21e-202	5.8e-198
10	GBE1	0.620490497	0.698	0.403	3.95e-111	1.0299999999999999e-106
10	GAP43	0.61762155	0.481	0.158	4.6199999999999994e-170	1.21e-165
10	AL445250.1	0.617601552	0.422	0.168	2.1e-120	5.5e-116
10	BAALC	0.616640218	0.496	0.138	1.43e-248	3.7299999999999995e-244
10	ABHD2	0.615508037	0.695	0.489	7.08e-67	1.85e-62
10	KLF12	0.614995882	0.81	0.539	7.21e-114	1.89e-109
10	DMD	0.613925506	0.331	0.101	2.22e-139	5.81e-135
10	LHFPL6	0.609744726	0.432	0.217	1.49e-72	3.8999999999999995e-68
10	FRMD5	0.609499657	0.84	0.641	2.09e-78	5.4599999999999994e-74
10	SLITRK6	0.607382098	0.43	0.05	0.0	0.0
10	MAN1A1	0.605934531	0.467	0.217	1.35e-94	3.53e-90
10	XPR1	0.604591795	0.739	0.492	5.5e-82	1.44e-77
10	SESTD1	0.604513721	0.77	0.44	2.4e-136	6.270000000000001e-132
10	FAM46A	0.603197321	0.739	0.539	9.58e-69	2.5100000000000002e-64
10	GRIK2	0.602869742	0.495	0.298	8.32e-44	2.18e-39
10	FYN	0.601345638	0.857	0.515	2.2699999999999997e-131	5.95e-127
10	MYT1L	0.600342013	0.744	0.326	4.57e-154	1.2e-149
10	SHISA2	0.598477228	0.48	0.173	1.38e-165	3.62e-161
10	TENM4	0.596977507	0.68	0.33	1.55e-113	4.05e-109
10	STMN1	0.594570364	0.906	0.776	1.37e-83	3.5900000000000003e-79
10	ID2	0.593515318	0.569	0.359	8.15e-60	2.13e-55
10	MIER1	0.592298338	0.805	0.592	5.02e-95	1.31e-90
10	PLCB4	0.590051244	0.752	0.471	2.76e-107	7.230000000000001e-103
10	RMST	0.589255768	0.72	0.499	2.18e-60	5.700000000000001e-56
10	APBB2	0.588867103	0.813	0.583	4.1899999999999995e-89	1.1e-84
10	CDKAL1	0.588824581	0.927	0.81	5.36e-75	1.4000000000000001e-70
10	RAPGEF5	0.585231223	0.585	0.296	4.12e-112	1.08e-107
10	PSIP1	0.583422488	0.849	0.619	8.98e-130	2.35e-125
10	EPCAM	0.583101382	0.892	0.763	2.21e-86	5.78e-82
10	CARMIL1	0.583030526	0.746	0.516	1.85e-78	4.85e-74
10	STK32A	0.582746789	0.538	0.199	7.870000000000001e-179	2.06e-174
10	ERN1	0.581939678	0.609	0.447	3.38e-45	8.85e-41
10	SCN9A	0.581125227	0.395	0.116	9.43e-186	2.4700000000000003e-181
10	TMEM176A	0.581044204	0.322	0.008	0.0	0.0
10	FNDC3A	0.575622182	0.835	0.653	4.8699999999999996e-83	1.28e-78
10	SCLT1	0.573294446	0.621	0.403	8.34e-62	2.18e-57
10	CXXC4	0.571814691	0.437	0.07	0.0	0.0
10	SORBS2	0.569750237	0.862	0.785	2.9900000000000002e-33	7.82e-29
10	DNAJC1	0.569492982	0.872	0.669	1.64e-117	4.29e-113
10	ID4	0.568500766	0.577	0.219	2.7600000000000003e-177	7.220000000000001e-173
10	KIF5C	0.56440625	0.942	0.834	2.96e-111	7.75e-107
10	PCSK1	0.564218175	0.631	0.268	3.22e-138	8.44e-134
10	LGALS1	0.563619073	0.574	0.408	1.01e-39	2.63e-35
10	ADAMTS6	0.562923565	0.392	0.083	6.8e-288	1.78e-283
10	GNG2	0.562181844	0.621	0.2	6.04e-244	1.58e-239
10	NAV1	0.558529944	0.68	0.327	1.61e-143	4.22e-139
10	SCGN	0.556940821	0.636	0.321	2.71e-114	7.090000000000001e-110
10	WNT5A	0.556895134	0.52	0.217	1.05e-149	2.74e-145
10	KRT18	0.553343242	0.798	0.725	7.08e-20	1.85e-15
10	CTHRC1	0.550835689	0.621	0.255	3.84e-173	1.01e-168
10	C3orf67	0.548869491	0.655	0.342	7.040000000000001e-123	1.84e-118
10	JAZF1	0.547675368	0.784	0.532	4.26e-88	1.11e-83
10	KIF2A	0.546972555	0.85	0.644	5.99e-97	1.57e-92
10	TSHZ2	0.542368623	0.797	0.628	6.19e-44	1.62e-39
10	PHTF1	0.54171787	0.665	0.37	2.52e-114	6.59e-110
10	GNAQ	0.541351497	0.893	0.719	3e-93	7.85e-89
10	SEMA6A	0.539742305	0.648	0.349	2.48e-95	6.48e-91
10	CASC9	0.538195865	0.35	0.021	0.0	0.0
10	UNC79	0.538189091	0.765	0.336	6.44e-166	1.68e-161
10	CDC42SE2	0.536386583	0.787	0.528	5.09e-97	1.33e-92
10	LINC01748	0.535297271	0.785	0.509	1.33e-90	3.4900000000000004e-86
10	SEZ6L	0.535175678	0.721	0.316	2.4600000000000003e-132	6.44e-128
10	SIK3	0.534473407	0.898	0.741	1.1e-85	2.88e-81
10	SEMA6D	0.534309931	0.878	0.399	3.75e-142	9.83e-138
10	PGAP1	0.530135204	0.73	0.48	3.36e-73	8.8e-69
10	SAMD3	0.529601521	0.268	0.048	1.17e-239	3.0600000000000003e-235
10	EZH2	0.528119851	0.841	0.634	1.46e-63	3.81e-59
10	L3MBTL4	0.527834674	0.808	0.581	2.24e-68	5.8600000000000005e-64
10	CMIP	0.52658306	0.736	0.489	3.61e-84	9.45e-80
10	AC005062.1	0.525895527	0.327	0.07	5.13e-236	1.3400000000000002e-231
10	SYT11	0.525815742	0.504	0.113	0.0	0.0
10	VAV2	0.525808171	0.696	0.443	5.8e-88	1.52e-83
10	TRAK1	0.525273449	0.688	0.373	3.51e-112	9.2e-108
10	CHST11	0.525227811	0.388	0.164	4.1e-89	1.0699999999999999e-84
10	GALNT7	0.524883994	0.645	0.394	1.15e-81	3.0200000000000002e-77
10	DTNA	0.524757397	0.854	0.579	6.98e-126	1.83e-121
10	SH3BP4	0.524104143	0.718	0.442	2.03e-99	5.3099999999999994e-95
10	DSCAML1	0.522729222	0.656	0.331	5.46e-99	1.43e-94
10	LAPTM4B	0.522497246	0.784	0.579	3.8e-88	9.93e-84
10	SLC38A1	0.52168896	0.855	0.496	1.13e-115	2.96e-111
10	SYT4	0.520460358	0.325	0.037	0.0	0.0
10	ARL4C	0.519834014	0.577	0.292	6.96e-112	1.82e-107
10	STT3B	0.516600243	0.795	0.558	9.28e-86	2.4299999999999998e-81
10	NRXN3	0.516324923	0.812	0.536	3.7900000000000005e-64	9.93e-60
10	SSH2	0.515841364	0.92	0.781	2.69e-87	7.03e-83
10	SNX29	0.512515122	0.722	0.491	4.63e-78	1.21e-73
10	DLL3	0.51055697	0.575	0.263	2.01e-136	5.2600000000000006e-132
10	GOLM1	0.510085754	0.614	0.417	6.95e-55	1.82e-50
10	XKR6	0.509994603	0.764	0.503	8.08e-93	2.11e-88
10	MSI2	0.507444981	0.963	0.908	1.77e-89	4.6500000000000004e-85
10	ZC3H12C	0.506661871	0.581	0.265	2.31e-128	6.050000000000001e-124
10	ARHGEF4	0.505572404	0.445	0.165	7.799999999999999e-150	2.0400000000000002e-145
10	DPYD	0.50492934	0.519	0.332	2.09e-45	5.48e-41
10	CACNA1B	0.504909547	0.639	0.383	4.0099999999999997e-82	1.05e-77
10	NPAS3	0.50441344	0.409	0.345	5.46e-10	1.43e-05
10	CRYBG3	0.503889691	0.346	0.174	1.75e-54	4.57e-50
10	KIT	0.502608582	0.435	0.098	3.72e-298	9.74e-294
10	PID1	0.501265972	0.371	0.146	8.200000000000001e-103	2.15e-98
10	TANC2	0.497262243	0.952	0.851	1e-78	2.62e-74
10	SMC2	0.496912298	0.643	0.39	8.34e-80	2.18e-75
10	NHS	0.495628684	0.517	0.261	5.56e-92	1.45e-87
10	TMEM150C	0.49496042	0.554	0.306	2.75e-81	7.21e-77
10	ZBTB7C	0.494213034	0.329	0.058	9.82e-304	2.5699999999999997e-299
10	ELAVL3	0.493272264	0.556	0.198	3.7600000000000003e-181	9.85e-177
10	DENND4A	0.489151366	0.798	0.635	7.6e-53	1.99e-48
10	LRRFIP1	0.488257809	0.826	0.652	6.21e-59	1.63e-54
10	CLASP2	0.487625222	0.795	0.577	2.52e-78	6.5899999999999996e-74
10	ADCYAP1	0.487206984	0.38	0.072	0.0	0.0
10	BICDL1	0.487181786	0.623	0.334	4.32e-107	1.13e-102
10	HDAC9	0.486780881	0.76	0.581	1.4200000000000001e-47	3.7200000000000004e-43
10	ATP1B1	0.486777831	0.775	0.567	9.69e-65	2.5399999999999997e-60
10	TESC	0.483877693	0.417	0.258	3.52e-41	9.230000000000001e-37
10	DGKH	0.483427411	0.61	0.29	2.56e-119	6.699999999999999e-115
10	PERP	0.481838485	0.752	0.576	1.3e-56	3.39e-52
10	SOX11	0.479787116	0.641	0.339	8.69e-82	2.27e-77
10	RFX2	0.477801152	0.766	0.568	1.06e-51	2.77e-47
10	GCH1	0.476909531	0.452	0.214	6.3e-88	1.65e-83
10	CTNNA3	0.476887475	0.694	0.465	6.28e-55	1.64e-50
10	KCND2	0.476749157	0.638	0.357	3.55e-65	9.289999999999999e-61
10	CYFIP2	0.474955845	0.608	0.295	2.11e-127	5.5200000000000006e-123
10	FOXN3	0.473202612	0.752	0.533	1.11e-65	2.9e-61
10	SKAP1	0.471911726	0.264	0.041	1.13e-287	2.96e-283
10	PITPNC1	0.471663278	0.583	0.3	1.21e-84	3.16e-80
10	PTMA	0.470997202	0.974	0.976	3.0199999999999996e-54	7.89e-50
10	LINC01250	0.470792899	0.369	0.08	7.82e-262	2.0500000000000002e-257
10	SLC2A13	0.468034966	0.461	0.289	3.55e-42	9.29e-38
10	ARL15	0.466448404	0.888	0.743	7.78e-63	2.0400000000000002e-58
10	GNA14	0.466259385	0.336	0.236	9.05e-19	2.37e-14
10	FOXO1	0.465883433	0.489	0.332	9.78e-36	2.56e-31
10	MARCH4	0.465736715	0.382	0.095	1.2200000000000002e-223	3.2e-219
10	RFTN1	0.465708848	0.296	0.035	0.0	0.0
10	KIRREL3	0.463865773	0.573	0.285	2.7400000000000005e-79	7.17e-75
10	TRPM8	0.463575732	0.32	0.169	6.96e-41	1.82e-36
10	ETV1	0.462840452	0.578	0.292	6.26e-85	1.6400000000000001e-80
10	HS3ST2	0.462774351	0.276	0.105	1.32e-76	3.45e-72
10	AKAP12	0.461797825	0.473	0.309	6.11e-27	1.6e-22
10	PAFAH1B1	0.461407707	0.915	0.794	3.13e-83	8.200000000000001e-79
10	MIAT	0.461320155	0.609	0.234	2.8400000000000003e-160	7.420000000000001e-156
10	CDH1	0.461208971	0.665	0.497	3.07e-39	8.04e-35
10	PTTG1	0.457782512	0.564	0.308	9.7e-66	2.54e-61
10	MCU	0.45747896	0.874	0.775	1.15e-38	3.01e-34
10	ADGRV1	0.45655466	0.898	0.726	1.9800000000000001e-72	5.179999999999999e-68
10	FAM126A	0.45645745	0.549	0.278	1.55e-94	4.06e-90
10	TBC1D8	0.456040345	0.751	0.561	1.37e-49	3.58e-45
10	UGT8	0.455984497	0.496	0.135	2.58e-249	6.76e-245
10	CCDC88A	0.455084981	0.759	0.504	1.41e-78	3.68e-74
10	AC024940.1	0.45313116	0.345	0.047	0.0	0.0
10	ST6GAL2	0.45134939	0.48	0.252	1.2600000000000002e-72	3.3e-68
10	FAM105A	0.451124134	0.414	0.155	3.23e-131	8.46e-127
10	HEPACAM2	0.450043469	0.51	0.193	2.3400000000000003e-133	6.130000000000001e-129
10	SEMA3E	0.450001542	0.4	0.174	1.0700000000000001e-86	2.81e-82
10	NEB	0.449982642	0.343	0.113	1.1200000000000001e-132	2.9299999999999996e-128
10	DCX	0.449560139	0.497	0.174	1.8700000000000002e-157	4.9e-153
10	DNAJC6	0.448420637	0.636	0.337	9.9e-101	2.59e-96
10	PELI2	0.447565086	0.543	0.303	9.31e-69	2.44e-64
10	ETS2	0.446771892	0.402	0.11	1.1100000000000001e-208	2.8999999999999997e-204
10	MGAT4A	0.446171134	0.605	0.287	2.71e-131	7.09e-127
10	CDH2	0.445840552	0.578	0.244	2.47e-121	6.480000000000001e-117
10	RIPPLY3	0.445461577	0.453	0.172	2.25e-146	5.89e-142
10	AGAP1	0.445137243	0.893	0.774	2.56e-60	6.700000000000001e-56
10	SULF1	0.443968055	0.379	0.092	2.8800000000000004e-223	7.55e-219
10	SYK	0.442953822	0.488	0.219	2.0299999999999999e-112	5.32e-108
10	RGS12	0.442785604	0.672	0.428	2.15e-69	5.62e-65
10	RHOBTB3	0.442773989	0.72	0.479	2.79e-68	7.31e-64
10	C4orf48	0.440306477	0.734	0.559	7.620000000000001e-56	1.99e-51
10	GPCPD1	0.439366035	0.645	0.379	4.35e-87	1.14e-82
10	GDAP1	0.438667091	0.749	0.444	1.69e-94	4.43e-90
10	ZNF124	0.437770276	0.684	0.399	9.27e-96	2.43e-91
10	PPP2R2B	0.437398221	0.276	0.065	9.41e-167	2.46e-162
10	IRS2	0.436977479	0.719	0.521	2.91e-54	7.63e-50
10	ZNF367	0.43674032	0.433	0.239	4.96e-55	1.3e-50
10	RFC3	0.436737375	0.537	0.283	6.85e-75	1.79e-70
10	GALNT2	0.436643875	0.584	0.346	2.85e-77	7.460000000000001e-73
10	ZBTB20	0.436400062	0.966	0.868	6.64e-56	1.74e-51
10	AP000462.1	0.436343932	0.332	0.1	1.24e-141	3.25e-137
10	LNX1	0.435677663	0.471	0.186	2.85e-131	7.45e-127
10	DUSP10	0.434887369	0.55	0.27	2.99e-103	7.820000000000001e-99
10	KCNQ1	0.434834152	0.608	0.37	3.17e-66	8.31e-62
10	SIPA1L2	0.434078089	0.708	0.379	3.37e-87	8.82e-83
10	AL359922.1	0.433597665	0.633	0.388	2.8099999999999996e-69	7.36e-65
10	NFASC	0.433442078	0.71	0.435	1.76e-84	4.62e-80
10	DCLK1	0.431819378	0.622	0.376	1.3299999999999999e-62	3.47e-58
10	SNRPN	0.430476577	0.67	0.411	1.1999999999999999e-89	3.13e-85
10	MYEF2	0.430279836	0.806	0.574	4.479999999999999e-81	1.17e-76
10	MACROD2	0.42983151	0.841	0.737	2.1900000000000003e-31	5.7300000000000004e-27
10	ST7	0.428926349	0.583	0.282	2.7199999999999997e-112	7.12e-108
10	AES	0.428277563	0.817	0.64	9.48e-74	2.48e-69
10	ELAVL4	0.427945157	0.628	0.262	8.179999999999999e-134	2.1400000000000002e-129
10	FMNL2	0.427586236	0.672	0.419	1.18e-70	3.09e-66
10	TENM3	0.427317672	0.771	0.378	4.1e-104	1.07e-99
10	GRM7	0.426450615	0.673	0.443	2.32e-66	6.08e-62
10	NKX2-1	0.425897398	0.325	0.02	0.0	0.0
10	GNPDA2	0.425572003	0.504	0.263	3.49e-83	9.150000000000001e-79
10	CDKN2A	0.425146539	0.819	0.659	2.15e-62	5.62e-58
10	PDS5B	0.424555556	0.742	0.516	1.14e-61	2.99e-57
10	PDZRN3	0.424288303	0.658	0.509	1.27e-31	3.3200000000000005e-27
10	RAB3IP	0.423853089	0.768	0.577	1.86e-61	4.86e-57
10	MGST1	0.423456037	0.642	0.551	1.49e-14	3.91e-10
10	FAM49B	0.421330833	0.833	0.665	4.5399999999999995e-67	1.19e-62
10	CDK8	0.421123813	0.717	0.454	6.58e-80	1.72e-75
10	LINC00491	0.419870874	0.271	0.045	1.15e-261	3.0200000000000003e-257
10	TMEM61	0.418752164	0.371	0.139	5.3200000000000004e-107	1.39e-102
10	ILDR2	0.417517154	0.336	0.009	0.0	0.0
10	BAMBI	0.416211439	0.502	0.238	4.48e-96	1.1699999999999999e-91
10	LINC01619	0.415348534	0.597	0.372	2.06e-56	5.3999999999999994e-52
10	HMGN2	0.414319266	0.917	0.876	2.53e-44	6.61e-40
10	TTLL7	0.414278716	0.786	0.592	3.33e-63	8.71e-59
10	RBM38	0.413273403	0.507	0.175	1.04e-188	2.72e-184
10	HOXD3	0.413025552	0.408	0.071	0.0	0.0
10	PTBP2	0.412820959	0.889	0.728	1.69e-69	4.41e-65
10	SP4	0.412553086	0.552	0.261	8.36e-114	2.19e-109
10	MVB12B	0.411415933	0.629	0.399	1.09e-59	2.84e-55
10	IP6K1	0.411386007	0.748	0.513	3.02e-75	7.910000000000001e-71
10	PPL	0.411156446	0.522	0.322	1.39e-53	3.63e-49
10	RBBP8	0.411097862	0.67	0.444	2.25e-63	5.900000000000001e-59
10	ITSN1	0.410687386	0.61	0.379	2.74e-65	7.18e-61
10	PLXNA2	0.408091365	0.335	0.103	4.37e-143	1.14e-138
10	CLMP	0.407962271	0.266	0.073	1.0200000000000001e-129	2.6600000000000003e-125
10	NR6A1	0.40763068	0.543	0.254	2.2600000000000002e-100	5.91e-96
10	XRCC5	0.407571023	0.918	0.821	7.05e-80	1.85e-75
10	NDUFA11	0.407566947	0.709	0.544	1.2799999999999999e-54	3.35e-50
10	GRAMD1B	0.407287119	0.417	0.133	2.44e-169	6.38e-165
10	UBE2S	0.406815931	0.756	0.627	4.82e-25	1.26e-20
10	RAP1GAP2	0.406788176	0.746	0.528	1.44e-63	3.7600000000000004e-59
10	TGFBI	0.405257805	0.253	0.027	0.0	0.0
10	RAB11A	0.404021573	0.871	0.726	3.25e-51	8.500000000000001e-47
10	AL139383.1	0.404002805	0.497	0.242	3.6000000000000004e-85	9.42e-81
10	STOX2	0.40338855	0.416	0.276	5.93e-25	1.55e-20
10	ATP2A3	0.401527786	0.332	0.071	1.57e-243	4.11e-239
10	STON2	0.401416385	0.508	0.241	2.41e-100	6.3e-96
10	DIAPH3	0.399717158	0.411	0.263	4.18e-28	1.0899999999999999e-23
10	SOX2	0.398029221	0.423	0.146	2.25e-135	5.88e-131
10	EPB41	0.39781474	0.737	0.527	3.4800000000000004e-59	9.1e-55
10	CAPZB	0.397406116	0.822	0.709	3.7e-38	9.689999999999999e-34
10	CORO1C	0.397403482	0.755	0.53	5.4e-60	1.41e-55
10	GABRB3	0.397207226	0.769	0.506	1.18e-72	3.1e-68
10	TSPAN8	0.396756343	0.283	0.147	1.89e-40	4.95e-36
10	H2AFY	0.394867238	0.84	0.702	3.31e-59	8.66e-55
10	SGCE	0.394342361	0.66	0.373	7.94e-95	2.08e-90
10	CSRP1	0.393628826	0.488	0.179	5.04e-166	1.32e-161
10	ZNF618	0.393175746	0.503	0.237	4.38e-100	1.15e-95
10	COX17	0.39245871	0.724	0.567	2.35e-47	6.1500000000000005e-43
10	PBX3	0.392365268	0.803	0.688	3.22e-26	8.43e-22
10	TNS3	0.392053961	0.561	0.35	1.7299999999999997e-52	4.52e-48
10	IGF2	0.39140601	0.296	0.035	0.0	0.0
10	CHRM5	0.389729909	0.254	0.065	6.06e-137	1.59e-132
10	HOXD10	0.389118549	0.317	0.023	0.0	0.0
10	ARPP19	0.38848823	0.75	0.54	9.67e-72	2.53e-67
10	SYNE2	0.388078204	0.857	0.769	4.82e-22	1.26e-17
10	NBL1	0.388048359	0.435	0.21	1.1800000000000002e-79	3.08e-75
10	TMEM131	0.387761427	0.768	0.596	3.3999999999999997e-48	8.91e-44
10	TRIM13	0.387665294	0.658	0.414	6.72e-68	1.76e-63
10	RAB3C	0.386720503	0.449	0.153	1.06e-147	2.78e-143
10	MYO16	0.386512957	0.255	0.113	5.46e-49	1.43e-44
10	GLYATL2	0.386126555	0.287	0.076	1.85e-151	4.85e-147
10	ATP6V0A1	0.385745058	0.776	0.562	1.6e-65	4.1899999999999995e-61
10	NSD2	0.384575036	0.835	0.698	5.7e-48	1.4900000000000001e-43
10	GBP1	0.383707162	0.338	0.063	7.02e-284	1.84e-279
10	BTBD11	0.381417744	0.326	0.192	1.27e-31	3.33e-27
10	CXorf57	0.380183257	0.392	0.113	2.11e-176	5.519999999999999e-172
10	PCSK1N	0.380130162	0.787	0.657	2.4899999999999998e-42	6.52e-38
10	LINC01572	0.379928063	0.44	0.281	1.03e-33	2.7e-29
10	PPP1R14C	0.379792022	0.276	0.052	4.3e-230	1.13e-225
10	ASRGL1	0.379314155	0.649	0.406	1.62e-71	4.2399999999999996e-67
10	NLRP1	0.378158	0.363	0.07	1.2000000000000001e-296	3.1399999999999996e-292
10	FNBP1L	0.377038654	0.825	0.657	1.85e-39	4.85e-35
10	IVNS1ABP	0.376609965	0.561	0.316	2.7600000000000002e-73	7.229999999999999e-69
10	TJP2	0.376477771	0.453	0.189	1.56e-117	4.1e-113
10	EPC2	0.376279468	0.816	0.632	1.1999999999999999e-54	3.14e-50
10	CALM1	0.376008619	0.883	0.812	5.2299999999999996e-48	1.3700000000000002e-43
10	POU2F1	0.374715677	0.795	0.646	5.0000000000000005e-37	1.31e-32
10	PCSK2	0.374355213	0.792	0.379	5.32e-93	1.39e-88
10	LINC00511	0.374353455	0.843	0.727	4.9400000000000004e-33	1.29e-28
10	CDK14	0.3743306	0.887	0.772	4.16e-41	1.0900000000000001e-36
10	SYNPR	0.373948632	0.373	0.131	1.25e-120	3.28e-116
10	ZNF516	0.371994853	0.372	0.071	2.11e-305	5.52e-301
10	DDC	0.371910889	0.522	0.186	1.03e-165	2.7000000000000003e-161
10	DLG5	0.37159006	0.831	0.735	1.6100000000000002e-32	4.22e-28
10	CPLX2	0.371454605	0.516	0.156	3.79e-209	9.919999999999999e-205
10	CLSTN2	0.371129503	0.299	0.205	3.3e-14	8.63e-10
10	HDAC2	0.371068518	0.803	0.614	7.17e-63	1.88e-58
10	SELENOP	0.370832755	0.601	0.409	2.7199999999999997e-48	7.11e-44
10	CAMK2D	0.37025917	0.732	0.486	9.5e-64	2.49e-59
10	CTSV	0.37020132	0.263	0.132	9.63e-41	2.52e-36
10	RET	0.370170571	0.295	0.047	6.45e-306	1.69e-301
10	GSK3B	0.369634012	0.884	0.761	1.1999999999999999e-52	3.14e-48
10	C3orf14	0.369378913	0.552	0.268	1.46e-107	3.83e-103
10	KHDRBS1	0.369014962	0.881	0.766	3.9400000000000004e-64	1.03e-59
10	TOP1	0.368181876	0.842	0.684	3.1599999999999995e-42	8.26e-38
10	CASD1	0.367466498	0.677	0.479	1.32e-43	3.45e-39
10	VAV3	0.367335305	0.336	0.138	2.79e-79	7.31e-75
10	AKAP13	0.366966555	0.812	0.631	1.3e-45	3.41e-41
10	LPGAT1	0.366759246	0.707	0.554	8.56e-28	2.2399999999999998e-23
10	PEAK1	0.3659619	0.607	0.393	2e-50	5.23e-46
10	INSR	0.365955543	0.656	0.472	5.37e-41	1.4100000000000001e-36
10	VOPP1	0.365269923	0.621	0.351	2.6899999999999998e-83	7.03e-79
10	PPM1D	0.365235412	0.727	0.511	2.22e-52	5.809999999999999e-48
10	AC134511.1	0.36463048	0.407	0.272	2.6e-28	6.8e-24
10	AC004540.1	0.364604308	0.448	0.176	1.35e-124	3.54e-120
10	ATAD2	0.363666366	0.636	0.566	1.12e-09	2.93e-05
10	SLIT1	0.363313638	0.465	0.193	1.51e-107	3.94e-103
10	PTPRS	0.361757347	0.79	0.629	7.2e-44	1.88e-39
10	SSR4	0.361575695	0.771	0.652	3.47e-36	9.080000000000001e-32
10	C11orf49	0.361270277	0.724	0.518	4.5799999999999997e-54	1.2e-49
10	RB1	0.360887049	0.702	0.5	4.05e-49	1.0600000000000001e-44
10	UHRF1	0.360843746	0.52	0.273	1.47e-75	3.8500000000000005e-71
10	PAX5	0.360624265	0.393	0.149	9.71e-115	2.5400000000000003e-110
10	PCBP3	0.360112212	0.75	0.529	1.8999999999999998e-54	4.96e-50
10	ARFGEF3	0.360064205	0.826	0.703	1.63e-24	4.26e-20
10	TRAPPC9	0.359905576	0.906	0.798	4.2800000000000004e-49	1.12e-44
10	PAN3	0.359821138	0.768	0.599	3.5899999999999996e-48	9.4e-44
10	ENO1	0.359777632	0.768	0.7	4.68e-07	0.012246625
10	CADPS	0.359384436	0.909	0.715	4.5e-47	1.18e-42
10	RALGAPA2	0.358387275	0.875	0.741	3.25e-42	8.52e-38
10	FAM219A	0.358195099	0.57	0.323	1.86e-74	4.86e-70
10	GADD45A	0.358040525	0.562	0.381	1.0099999999999999e-38	2.64e-34
10	PREP	0.357422556	0.565	0.325	7.879999999999999e-68	2.06e-63
10	CXADR	0.3571979	0.68	0.458	3.23e-61	8.45e-57
10	PDE8A	0.356816611	0.595	0.348	4.62e-73	1.21e-68
10	RFX3	0.356020123	0.929	0.803	1.12e-42	2.92e-38
10	DNMT1	0.355966769	0.748	0.543	3.37e-56	8.82e-52
10	ZFAND3	0.355348494	0.933	0.86	4.1e-49	1.07e-44
10	RPN2	0.355110754	0.74	0.59	5.59e-28	1.4599999999999998e-23
10	MAPK1IP1L	0.354466314	0.746	0.503	2.94e-76	7.68e-72
10	AP3B2	0.353713558	0.614	0.357	4.0800000000000004e-73	1.07e-68
10	RGS16	0.353518221	0.339	0.146	4.68e-73	1.2299999999999998e-68
10	PHACTR1	0.353489253	0.695	0.502	2.1600000000000003e-43	5.65e-39
10	AP000311.1	0.352928191	0.43	0.23	5.83e-57	1.5299999999999999e-52
10	GRIP1	0.352704614	0.45	0.29	1.1e-34	2.8799999999999997e-30
10	RIMBP2	0.352286314	0.558	0.278	7.8199999999999995e-90	2.05e-85
10	RBPJ	0.351918165	0.847	0.71	1.38e-45	3.61e-41
10	PAK1	0.351692219	0.749	0.589	1.28e-41	3.36e-37
10	SPATS2	0.351250949	0.822	0.65	1.47e-53	3.85e-49
10	DSCAM	0.351242864	0.29	0.118	9.24e-66	2.4199999999999997e-61
10	POU6F2	0.351204813	0.349	0.141	9.929999999999999e-82	2.6e-77
10	PHLPP1	0.350811484	0.497	0.298	4.1500000000000002e-50	1.0899999999999999e-45
10	CST3	0.349747859	0.757	0.62	4.12e-41	1.08e-36
10	AC099520.1	0.349102626	0.302	0.136	3.8199999999999995e-55	1e-50
10	SH3BP5	0.348782093	0.386	0.22	4.6600000000000004e-43	1.22e-38
10	ZNF706	0.347996938	0.818	0.694	3.3799999999999997e-41	8.860000000000001e-37
10	LRBA	0.347867927	0.967	0.885	1.29e-50	3.3699999999999998e-46
10	PRKAR1A	0.347851497	0.805	0.645	8.39e-46	2.2e-41
10	SETBP1	0.347252895	0.755	0.542	1.77e-51	4.63e-47
10	ONECUT2	0.347233789	0.581	0.329	8.2e-71	2.15e-66
10	AL021368.4	0.345461688	0.497	0.239	1.73e-90	4.52e-86
10	MARCH6	0.345035449	0.879	0.738	9.469999999999999e-52	2.48e-47
10	PKIB	0.344836942	0.732	0.519	1.0600000000000001e-43	2.77e-39
10	USP22	0.344414444	0.872	0.762	2.5499999999999998e-53	6.6700000000000004e-49
10	ARIH1	0.344253668	0.904	0.827	6.259999999999999e-42	1.6400000000000001e-37
10	TAF15	0.343714545	0.948	0.881	9.97e-58	2.61e-53
10	GGH	0.341911439	0.544	0.312	3.63e-63	9.49e-59
10	RIC8B	0.341746003	0.705	0.488	1.05e-56	2.7599999999999998e-52
10	LARGE1	0.341415434	0.633	0.439	3.05e-39	7.980000000000001e-35
10	ZFHX3	0.341270698	0.732	0.526	1.09e-39	2.85e-35
10	BEST3	0.340396879	0.392	0.131	2.5900000000000004e-129	6.78e-125
10	CRLF3	0.340007165	0.803	0.61	2.42e-46	6.339999999999999e-42
10	TUSC3	0.339685009	0.822	0.649	1.13e-48	2.96e-44
10	PLOD2	0.339194214	0.525	0.282	1.8699999999999998e-69	4.91e-65
10	AFF3	0.33862151	0.499	0.343	2.61e-21	6.83e-17
10	SLC6A6	0.33824738	0.407	0.144	4.2699999999999997e-131	1.1199999999999998e-126
10	EVL	0.337262604	0.763	0.547	1.8e-53	4.72e-49
10	FRMPD4	0.336893622	0.26	0.113	8.5500000000000005e-50	2.24e-45
10	ZNF608	0.336885614	0.46	0.275	2.02e-43	5.29e-39
10	RALA	0.33684981	0.752	0.541	3.9300000000000005e-58	1.03e-53
10	GPR158	0.335854688	0.526	0.43	5.57e-12	1.46e-07
10	C15orf41	0.335514145	0.424	0.226	1.16e-56	3.0299999999999997e-52
10	BTG3	0.334310596	0.56	0.323	9.67e-63	2.53e-58
10	MED27	0.334293937	0.744	0.534	8.989999999999999e-54	2.35e-49
10	UNC80	0.334004129	0.623	0.321	2.37e-82	6.2e-78
10	NSD3	0.333716154	0.908	0.791	1.6e-50	4.18e-46
10	LIN7A	0.333507635	0.427	0.161	1.9699999999999998e-113	5.1500000000000005e-109
10	PHF14	0.33288999	0.889	0.725	1.69e-53	4.42e-49
10	AC058822.1	0.332796253	0.579	0.347	3.37e-55	8.83e-51
10	OGT	0.331486693	0.711	0.573	9.700000000000001e-27	2.54e-22
10	MAPK8	0.331394336	0.855	0.676	2.29e-42	6e-38
10	PLS1	0.331384378	0.609	0.359	7.09e-64	1.8500000000000002e-59
10	STK39	0.331268343	0.804	0.624	4.02e-44	1.05e-39
10	AC090630.1	0.330815995	0.335	0.101	3.37e-136	8.810000000000001e-132
10	SFXN1	0.330237111	0.732	0.516	1.66e-58	4.3399999999999996e-54
10	NREP	0.330028575	0.671	0.44	5.5700000000000005e-56	1.46e-51
10	MSH2	0.32941694	0.736	0.554	1.79e-43	4.69e-39
10	SUSD6	0.328683936	0.692	0.469	1.2999999999999999e-54	3.41e-50
10	GLCCI1	0.328002608	0.685	0.529	2.89e-32	7.5599999999999995e-28
10	KSR1	0.327976521	0.615	0.361	2.68e-65	7.01e-61
10	SMPD3	0.327866515	0.396	0.143	6.73e-127	1.76e-122
10	BMP7	0.32752249	0.343	0.126	6.53e-107	1.71e-102
10	CCSER2	0.3274484	0.558	0.379	1.5800000000000002e-37	4.14e-33
10	IDH2	0.327406036	0.747	0.586	2.9199999999999997e-40	7.65e-36
10	MEST	0.327319196	0.61	0.355	4.02e-77	1.05e-72
10	PPDPF	0.327221397	0.763	0.673	5.83e-30	1.53e-25
10	DSP	0.326545279	0.504	0.322	1.35e-41	3.54e-37
10	ATP8A1	0.325770884	0.768	0.683	7.48e-15	1.96e-10
10	RBL1	0.32546343	0.621	0.418	1.31e-44	3.43e-40
10	MFSD14C	0.325060432	0.693	0.516	2.75e-39	7.2e-35
10	TAF3	0.324532097	0.707	0.485	8.51e-53	2.2299999999999997e-48
10	NOS1AP	0.32360249	0.579	0.395	3.7e-36	9.68e-32
10	ABHD3	0.323505129	0.687	0.574	6.88e-17	1.8e-12
10	AC011287.1	0.323241758	0.253	0.14	1.15e-25	3.01e-21
10	CYCS	0.322214622	0.765	0.638	1.09e-33	2.85e-29
10	CEP63	0.321159117	0.474	0.313	6.41e-26	1.68e-21
10	SLCO5A1	0.32053656	0.731	0.564	3.16e-26	8.28e-22
10	PLCB1	0.320050333	0.698	0.587	5.57e-15	1.46e-10
10	PUM2	0.319944765	0.921	0.826	7.06e-50	1.85e-45
10	LONRF2	0.31987354	0.553	0.349	1.52e-44	3.98e-40
10	PBRM1	0.318891705	0.867	0.747	3.2e-45	8.39e-41
10	BRINP1	0.318722412	0.405	0.218	6.89e-47	1.7999999999999998e-42
10	KIAA1211	0.318486078	0.678	0.481	1.17e-39	3.06e-35
10	HMGB1	0.318275626	0.894	0.861	1.29e-29	3.37e-25
10	SCAMP5	0.318250855	0.555	0.293	1.75e-82	4.59e-78
10	CELF1	0.317776859	0.744	0.532	1.0300000000000001e-57	2.7e-53
10	RBM26	0.317361129	0.801	0.622	1.4799999999999999e-53	3.87e-49
10	PLD5	0.316778754	0.435	0.27	2.54e-36	6.660000000000001e-32
10	COX7A2	0.315407173	0.867	0.82	7.330000000000001e-36	1.92e-31
10	DDX46	0.31520036	0.841	0.669	4.24e-50	1.11e-45
10	FAM111B	0.315136428	0.452	0.326	4.04e-22	1.06e-17
10	SMARCC1	0.315116602	0.901	0.78	1.05e-45	2.74e-41
10	MTCL1	0.314813069	0.552	0.312	1.76e-62	4.5900000000000005e-58
10	SLC36A4	0.314682202	0.857	0.594	2.02e-62	5.3e-58
10	EPHA4	0.31445515	0.398	0.218	1.1e-43	2.89e-39
10	DISC1	0.313388424	0.64	0.377	2.94e-51	7.700000000000001e-47
10	SBK1	0.313093647	0.511	0.242	4.47e-96	1.1699999999999999e-91
10	DIP2C	0.312857517	0.831	0.724	8.05e-27	2.11e-22
10	ZNF254	0.312705526	0.746	0.565	8.599999999999999e-42	2.25e-37
10	PSPC1	0.312693948	0.798	0.645	1.18e-40	3.09e-36
10	GABPB1	0.312305295	0.656	0.465	5.42e-43	1.42e-38
10	ELF1	0.31098274	0.634	0.508	5.050000000000001e-21	1.32e-16
10	FAM110B	0.310878419	0.502	0.323	1.32e-34	3.4499999999999996e-30
10	PRRC2C	0.310400742	0.857	0.726	1.54e-53	4.03e-49
10	RYBP	0.310327192	0.831	0.695	1.31e-34	3.42e-30
10	BAZ1B	0.310317158	0.805	0.613	2.6499999999999998e-52	6.94e-48
10	GNB1	0.308982006	0.908	0.825	4.18e-46	1.0899999999999999e-41
10	AGPS	0.308941416	0.645	0.392	3.94e-65	1.03e-60
10	FAM60A	0.308854989	0.722	0.552	2.0700000000000003e-37	5.41e-33
10	BACH2	0.308055265	0.486	0.364	1.12e-19	2.94e-15
10	PHTF2	0.307394832	0.702	0.506	2.79e-41	7.29e-37
10	PKD2	0.306987257	0.672	0.494	3.1e-35	8.11e-31
10	CRIP2	0.306707527	0.63	0.361	7.290000000000001e-72	1.91e-67
10	MLLT11	0.306374207	0.62	0.294	6.46e-95	1.6899999999999998e-90
10	CDKN2D	0.305294322	0.378	0.205	8e-46	2.09e-41
10	SYT5	0.305271198	0.359	0.098	1.79e-171	4.6900000000000006e-167
10	ERICH3	0.305066797	0.296	0.076	3.18e-153	8.31e-149
10	VGF	0.304696948	0.39	0.144	4.11e-113	1.07e-108
10	NUAK1	0.304452092	0.269	0.083	5.5e-110	1.44e-105
10	MZT1	0.303644328	0.495	0.276	7.970000000000001e-59	2.0899999999999997e-54
10	ELF3	0.303507791	0.601	0.398	4.24e-36	1.1100000000000001e-31
10	IPMK	0.303440645	0.581	0.344	1.69e-61	4.42e-57
10	PRKCE	0.302310373	0.492	0.356	1.3499999999999999e-24	3.54e-20
10	ATAD5	0.302147421	0.593	0.409	1.44e-35	3.7800000000000003e-31
10	SLC35D3	0.302145508	0.349	0.069	7.63e-270	2e-265
10	ATP2B1	0.302133798	0.765	0.615	2.7e-30	7.060000000000001e-26
10	SMYD3	0.301863593	0.936	0.894	5.98e-26	1.5600000000000002e-21
10	CRABP1	0.301777709	0.324	0.157	2.42e-49	6.34e-45
10	TOX3	0.30160228	0.277	0.112	5.28e-71	1.3800000000000002e-66
10	OPRD1	0.301242391	0.259	0.039	1.7800000000000002e-273	4.6500000000000005e-269
10	ZDHHC20	0.300121809	0.672	0.482	5.52e-42	1.44e-37
10	DAPK1	0.299848762	0.46	0.337	7.74e-18	2.03e-13
10	SELENOW	0.299576951	0.788	0.688	1.4399999999999998e-30	3.76e-26
10	OSBPL9	0.298800166	0.842	0.707	4.84e-38	1.27e-33
10	GAS2L3	0.29863806	0.367	0.191	1.64e-49	4.28e-45
10	HSF2	0.297869127	0.55	0.284	1.46e-82	3.82e-78
10	ELAVL2	0.297598766	0.605	0.377	6.71e-43	1.76e-38
10	ETV5	0.297416707	0.495	0.194	1.98e-119	5.18e-115
10	SEPT7	0.296759993	0.879	0.772	8.380000000000001e-43	2.19e-38
10	PGBD5	0.296641517	0.416	0.181	1.26e-89	3.2900000000000004e-85
10	DPYSL5	0.29620717	0.614	0.404	2.8499999999999997e-46	7.459999999999999e-42
10	CERS6	0.295909273	0.859	0.741	2.74e-22	7.16e-18
10	NUCB2	0.295905661	0.506	0.279	1.3700000000000001e-64	3.5799999999999996e-60
10	BTBD17	0.295905205	0.358	0.138	2.35e-91	6.15e-87
10	ZBTB20-AS5	0.295337857	0.351	0.159	1.28e-66	3.36e-62
10	TRIM2	0.295154195	0.631	0.464	2.34e-28	6.1199999999999996e-24
10	SRGAP1	0.294248431	0.844	0.654	6.3000000000000004e-49	1.65e-44
10	SNX10	0.294198616	0.418	0.14	7.14e-141	1.87e-136
10	CHD6	0.294000809	0.872	0.745	2.91e-34	7.61e-30
10	ADNP	0.29396902	0.881	0.777	1.5e-43	3.93e-39
10	DTL	0.293881893	0.351	0.211	1.24e-30	3.26e-26
10	KPNB1	0.293803812	0.874	0.796	3.15e-38	8.24e-34
10	MAP9	0.29289971	0.518	0.306	6.099999999999999e-52	1.6000000000000002e-47
10	CYSTM1	0.29283614	0.762	0.605	1.02e-33	2.67e-29
10	SESN1	0.292581262	0.596	0.401	6.11e-39	1.6e-34
10	LCOR	0.292556023	0.732	0.536	2.05e-41	5.38e-37
10	FGFR1	0.291925497	0.527	0.36	1.8199999999999999e-34	4.76e-30
10	PACRG	0.291921756	0.532	0.343	3.69e-40	9.660000000000001e-36
10	CEP152	0.29187199	0.535	0.296	1.55e-55	4.05e-51
10	ADGRL2	0.290950451	0.281	0.098	1.3e-90	3.4e-86
10	RIF1	0.290479546	0.794	0.632	1.02e-36	2.66e-32
10	CLSPN	0.290305263	0.374	0.169	8.070000000000001e-72	2.1099999999999998e-67
10	ARGLU1	0.290029147	0.771	0.564	1.6699999999999999e-52	4.37e-48
10	TMEM163	0.289858214	0.25	0.117	7.719999999999999e-42	2.02e-37
10	INTS7	0.289777857	0.604	0.371	9.09e-56	2.38e-51
10	SLC7A11	0.289696121	0.327	0.163	1.4700000000000002e-47	3.86e-43
10	LIN28B	0.289532387	0.535	0.276	6.6e-71	1.7300000000000002e-66
10	KIF26B	0.289444242	0.371	0.174	1.07e-58	2.7999999999999996e-54
10	RPS6KA3	0.289362334	0.769	0.621	1.7500000000000002e-26	4.570000000000001e-22
10	TAF2	0.289316209	0.785	0.609	4.71e-44	1.23e-39
10	NTHL1	0.288978402	0.366	0.148	1.59e-97	4.16e-93
10	CNTRL	0.288515478	0.628	0.412	3.38e-47	8.84e-43
10	TOPBP1	0.288180455	0.673	0.452	4.8999999999999996e-48	1.2800000000000002e-43
10	SKAP2	0.288137827	0.53	0.284	2.75e-72	7.189999999999999e-68
10	SPINT2	0.287886651	0.837	0.75	1.6e-26	4.19e-22
10	ANKRD10	0.287843753	0.724	0.534	4.16e-44	1.09e-39
10	FAM149A	0.28778008	0.384	0.177	7.120000000000001e-73	1.86e-68
10	CMTM7	0.287321164	0.505	0.341	4.31e-30	1.13e-25
10	ZMYM2	0.286715171	0.859	0.734	4.8300000000000004e-36	1.2600000000000002e-31
10	CREM	0.28667798	0.626	0.447	1.9599999999999998e-34	5.1399999999999994e-30
10	MICU2	0.286250061	0.732	0.539	4.4299999999999996e-46	1.1599999999999999e-41
10	EPAS1	0.285694734	0.39	0.195	1.23e-59	3.23e-55
10	MIR7-3HG	0.285133596	0.29	0.067	1.55e-175	4.04e-171
10	EBF1	0.284717431	0.729	0.451	1.02e-45	2.67e-41
10	PHIP	0.284593247	0.838	0.676	2.63e-37	6.89e-33
10	PPP1R14B	0.28446708	0.739	0.579	2.88e-36	7.550000000000001e-32
10	GAB2	0.283801417	0.602	0.407	3.46e-36	9.05e-32
10	EFCAB2	0.283564662	0.732	0.554	2.33e-34	6.1e-30
10	EIF4EBP2	0.283460259	0.804	0.631	2.08e-44	5.44e-40
10	PRC1	0.283217668	0.449	0.304	3.44e-24	8.99e-20
10	FAM222B	0.283102479	0.845	0.727	1.19e-34	3.1199999999999998e-30
10	NUP58	0.282556295	0.735	0.522	5.49e-50	1.44e-45
10	AGTPBP1	0.282498669	0.638	0.394	9.630000000000001e-56	2.52e-51
10	RHBDL3	0.282083698	0.403	0.172	6.08e-83	1.59e-78
10	TUBA1B	0.282054481	0.819	0.692	2.1700000000000002e-29	5.6799999999999995e-25
10	UNK	0.281618952	0.749	0.565	2.06e-43	5.39e-39
10	RAB3GAP2	0.281484754	0.684	0.513	1.8600000000000002e-31	4.880000000000001e-27
10	TDG	0.281388633	0.689	0.48	2.37e-49	6.19e-45
10	GINS2	0.281358825	0.398	0.159	2.7e-105	7.07e-101
10	PTK2	0.280774092	0.964	0.916	2.04e-37	5.33e-33
10	LYN	0.280622515	0.347	0.194	1.76e-39	4.6000000000000003e-35
10	LINC01060	0.280602037	0.728	0.565	1.8400000000000002e-29	4.83e-25
10	MAPK6	0.280559937	0.642	0.406	1.63e-55	4.26e-51
10	AC106795.3	0.280467641	0.344	0.136	4.5899999999999997e-91	1.2e-86
10	PON2	0.280080945	0.579	0.364	3.16e-52	8.269999999999999e-48
10	TRA2A	0.279996032	0.883	0.775	7.9e-38	2.07e-33
10	KMT2C	0.279924799	0.918	0.844	9.790000000000001e-37	2.5600000000000004e-32
10	UNC13A	0.279568741	0.513	0.228	6.91e-93	1.81e-88
10	MKL1	0.2793866	0.715	0.538	6.28e-34	1.64e-29
10	C1QTNF3-AMACR	0.279375886	0.595	0.385	1.12e-46	2.92e-42
10	E2F7	0.279133929	0.358	0.149	8.46e-79	2.21e-74
10	FKBP2	0.27890664	0.649	0.485	4.26e-32	1.1200000000000001e-27
10	BAZ2B	0.278668565	0.687	0.507	1.1100000000000001e-31	2.9000000000000004e-27
10	MARCH3	0.278167299	0.596	0.439	5.840000000000001e-26	1.5300000000000002e-21
10	AC092691.1	0.278131261	0.587	0.505	2.51e-07	0.006581985
10	KIAA1549	0.277941034	0.566	0.339	8.939999999999999e-54	2.34e-49
10	SCPEP1	0.277904428	0.543	0.368	1.17e-30	3.05e-26
10	IPO9	0.277789416	0.765	0.583	1.0399999999999999e-45	2.72e-41
10	RIMKLA	0.277675807	0.46	0.216	3.78e-85	9.9e-81
10	ADD2	0.276810836	0.498	0.255	1.38e-71	3.6099999999999997e-67
10	SIMC1	0.276687939	0.566	0.367	1.5e-41	3.92e-37
10	RIPOR2	0.276593695	0.562	0.286	1.94e-65	5.0699999999999994e-61
10	FAM171B	0.276488874	0.475	0.266	6.5900000000000005e-56	1.72e-51
10	IGF2R	0.275820832	0.641	0.47	1e-31	2.6200000000000003e-27
10	DHX36	0.275355331	0.788	0.628	4.32e-40	1.13e-35
10	HILPDA	0.275202504	0.379	0.192	8.799999999999999e-54	2.3e-49
10	FAM168A	0.274812577	0.747	0.581	6.16e-35	1.61e-30
10	RNF111	0.274792236	0.778	0.61	2.79e-38	7.31e-34
10	HIF1A-AS2	0.274664609	0.268	0.122	5.569999999999999e-48	1.4600000000000002e-43
10	EXOC4	0.274616744	0.933	0.834	3.69e-30	9.67e-26
10	HS3ST1	0.274166312	0.294	0.125	1.97e-67	5.15e-63
10	GALNT14	0.274026257	0.364	0.203	4.49e-39	1.18e-34
10	ITSN2	0.274024254	0.653	0.484	2.8800000000000002e-27	7.529999999999999e-23
10	HES6	0.273507798	0.765	0.49	1.5299999999999998e-60	3.99e-56
10	OCIAD2	0.273465641	0.757	0.608	2.2900000000000002e-32	6e-28
10	ARSJ	0.273071854	0.46	0.284	5.99e-36	1.5700000000000001e-31
10	MLLT3	0.272477144	0.647	0.494	5.0899999999999995e-23	1.33e-18
10	CELF4	0.27206029	0.46	0.179	2.05e-111	5.36e-107
10	MAP6	0.271755032	0.343	0.09	1.15e-178	2.9999999999999998e-174
10	ADAM23	0.2716124	0.325	0.124	5.23e-87	1.37e-82
10	LRRC8B	0.271498199	0.673	0.476	6.569999999999999e-40	1.72e-35
10	ADK	0.271192371	0.98	0.951	7.23e-34	1.8900000000000002e-29
10	PPM1L	0.271139243	0.495	0.356	6.92e-22	1.81e-17
10	UBE2D2	0.270829107	0.864	0.761	3.9900000000000003e-35	1.04e-30
10	CBX3	0.270766717	0.801	0.666	1.38e-34	3.61e-30
10	ZNRF2	0.27057671	0.639	0.48	6.06e-31	1.59e-26
10	AACS	0.270551125	0.435	0.2	9.25e-88	2.42e-83
10	TMEM181	0.269871763	0.735	0.55	1.96e-38	5.1299999999999995e-34
10	TULP4	0.269568234	0.784	0.599	3.96e-40	1.04e-35
10	TTC39B	0.269286199	0.48	0.291	9.489999999999999e-42	2.4800000000000003e-37
10	MFSD6	0.268499901	0.569	0.339	8.57e-55	2.24e-50
10	SPTSSA	0.268281637	0.649	0.478	8.25e-36	2.1600000000000003e-31
10	USP12	0.268144475	0.586	0.353	1.61e-55	4.22e-51
10	RNF38	0.267914853	0.762	0.61	2.88e-31	7.530000000000001e-27
10	LFNG	0.267755113	0.299	0.094	1.3e-120	3.4100000000000004e-116
10	BRI3BP	0.267249924	0.468	0.261	2.3600000000000003e-58	6.17e-54
10	KCNC1	0.266905254	0.333	0.081	5.02e-192	1.31e-187
10	HELLS	0.266749598	0.556	0.379	2.4099999999999997e-34	6.3e-30
10	PPIF	0.26658107	0.576	0.385	1.32e-41	3.46e-37
10	UBA2	0.266281303	0.8	0.655	1.94e-37	5.09e-33
10	SIL1	0.266254592	0.755	0.615	1.13e-25	2.9600000000000004e-21
10	JPT1	0.265855814	0.854	0.756	3.45e-33	9.040000000000001e-29
10	NF1	0.265737297	0.946	0.901	2.82e-37	7.39e-33
10	MAN1A2	0.265631112	0.752	0.59	1.76e-34	4.61e-30
10	PIBF1	0.265434513	0.815	0.621	3.0599999999999995e-42	8.01e-38
10	EVI5	0.264873107	0.748	0.62	3.49e-22	9.13e-18
10	AGPAT4	0.264726199	0.494	0.27	2.36e-55	6.17e-51
10	ARL6IP6	0.264270199	0.638	0.442	9.760000000000001e-43	2.56e-38
10	FBXW8	0.263807128	0.592	0.408	3.14e-32	8.22e-28
10	LMBRD1	0.263527866	0.547	0.362	1.3000000000000001e-37	3.4e-33
10	CPSF6	0.263426253	0.832	0.687	7.31e-34	1.9100000000000002e-29
10	KLHDC10	0.263380532	0.668	0.498	5.7599999999999994e-34	1.51e-29
10	MARCKS	0.263294033	0.842	0.813	6.56e-16	1.72e-11
10	SET	0.263262159	0.878	0.84	3.36e-25	8.790000000000001e-21
10	HNRNPH3	0.263099063	0.898	0.796	2.22e-37	5.81e-33
10	HNRNPA0	0.262392528	0.702	0.528	4.99e-38	1.3100000000000001e-33
10	GATAD2B	0.262160343	0.84	0.711	3.43e-31	8.99e-27
10	FAAH2	0.262146761	0.628	0.436	1.63e-35	4.27e-31
10	SREBF2	0.261943756	0.585	0.392	5.08e-39	1.33e-34
10	DHRSX	0.261915896	0.741	0.588	5.1900000000000005e-31	1.3600000000000002e-26
10	NHSL1	0.261764959	0.682	0.521	2.4100000000000002e-29	6.31e-25
10	GPR173	0.261759546	0.471	0.2	6.89e-92	1.8e-87
10	ANGPT2	0.261731723	0.269	0.115	2.07e-58	5.409999999999999e-54
10	ZCCHC11	0.26099672	0.856	0.725	3.05e-30	7.98e-26
10	SLC16A7	0.260756742	0.403	0.167	9.84e-87	2.57e-82
10	LCORL	0.260707883	0.82	0.696	8.09e-26	2.1200000000000003e-21
10	SYNRG	0.260597262	0.796	0.633	3.15e-38	8.249999999999999e-34
10	WSB2	0.260389074	0.629	0.399	2.09e-55	5.48e-51
10	FRYL	0.260354358	0.867	0.739	2.8299999999999997e-30	7.410000000000001e-26
10	PCGF5	0.260140791	0.433	0.226	3.4399999999999997e-60	9.02e-56
10	BASP1	0.260059649	0.864	0.753	1.8700000000000003e-27	4.89e-23
10	RAB12	0.259895461	0.564	0.331	7.750000000000001e-59	2.03e-54
10	RTN3	0.259741058	0.88	0.799	1.38e-31	3.6000000000000006e-27
10	SLC35G2	0.259500792	0.541	0.298	8.22e-62	2.15e-57
10	FSIP2	0.258810213	0.327	0.151	4.0600000000000002e-56	1.06e-51
10	GNA12	0.258374623	0.611	0.416	3.35e-41	8.780000000000001e-37
10	CTDSPL2	0.258341502	0.779	0.637	7.3400000000000005e-31	1.92e-26
10	MTMR7	0.258276415	0.489	0.267	9e-61	2.36e-56
10	PARM1	0.258041558	0.393	0.277	4.7e-19	1.23e-14
10	MCTP2	0.257367087	0.358	0.284	1.87e-09	4.89e-05
10	RAPH1	0.257276729	0.732	0.539	1.31e-36	3.4300000000000004e-32
10	POMP	0.25697298	0.735	0.609	2.97e-32	7.77e-28
10	ESR2	0.25680273	0.395	0.22	3.7499999999999997e-41	9.810000000000001e-37
10	POLA1	0.256753455	0.662	0.549	2.34e-15	6.13e-11
10	H3F3B	0.256727869	0.947	0.933	1.63e-20	4.26e-16
10	MTF2	0.256074864	0.742	0.566	1.47e-34	3.86e-30
10	TMEM176B	0.255837497	0.25	0.031	0.0	0.0
10	ABAT	0.255257715	0.324	0.173	3.15e-42	8.239999999999999e-38
10	RTKN2	0.254989165	0.487	0.35	7.51e-20	1.97e-15
10	HFM1	0.254343152	0.412	0.229	5.23e-45	1.3699999999999998e-40
10	YAF2	0.254217039	0.675	0.478	5.63e-40	1.47e-35
10	DNMT3A	0.25408969	0.699	0.479	3.45e-46	9.019999999999999e-42
10	CARHSP1	0.253830604	0.607	0.422	4.92e-39	1.29e-34
10	PTS	0.253631598	0.713	0.52	4.540000000000001e-43	1.19e-38
10	TMX4	0.253545614	0.734	0.566	3.5500000000000004e-31	9.28e-27
10	SMC3	0.253457233	0.613	0.423	3.25e-38	8.52e-34
10	EPB41L4B	0.253420453	0.367	0.159	2.22e-79	5.81e-75
10	CIT	0.253277492	0.31	0.226	4.25e-13	1.11e-08
10	HDGFL3	0.252943252	0.815	0.644	1.99e-34	5.2e-30
10	NDUFA13	0.25273089	0.606	0.419	9.38e-41	2.4600000000000002e-36
10	SAMD12	0.252290663	0.71	0.529	9.35e-29	2.45e-24
10	B4GALT5	0.251999427	0.665	0.458	2.8499999999999997e-42	7.46e-38
10	PHACTR4	0.251897211	0.849	0.731	1.28e-29	3.35e-25
10	PTBP3	0.251869876	0.77	0.629	2.3100000000000002e-29	6.04e-25
10	ST8SIA6	0.251698275	0.461	0.279	5.059999999999999e-38	1.33e-33
10	POU2F2	0.251440183	0.408	0.203	8.02e-62	2.1e-57
10	FAM92A	0.251389406	0.507	0.246	9.790000000000001e-80	2.56e-75
10	PCNA	0.251269156	0.632	0.517	1.83e-18	4.78e-14
10	PLS3	0.251082621	0.253	0.056	6.87e-165	1.8000000000000002e-160
10	DENND2A	0.250896431	0.569	0.413	9.210000000000001e-27	2.41e-22
10	ACVR2A	0.250822045	0.565	0.369	1.7e-39	4.45e-35
10	PWWP2A	0.2507689	0.672	0.464	3.8700000000000003e-44	1.01e-39
10	KCNK12	0.2507349	0.387	0.207	1.55e-49	4.0499999999999996e-45
10	PPP1CB	0.250686098	0.85	0.743	2.6e-30	6.8e-26
10	AC106869.1	0.250576939	0.431	0.234	3.95e-52	1.0300000000000001e-47
10	ETNK1	0.250211378	0.796	0.655	2.3300000000000002e-29	6.09e-25
10	CDH4	0.25008303	0.371	0.184	7.25e-51	1.9e-46
10	DST	0.250079048	0.872	0.703	1.27e-40	3.31e-36
11	NPY	3.695350683	0.954	0.181	0.0	0.0
11	MSMB	3.68157051	0.971	0.309	0.0	0.0
11	VIM	3.637522392	0.973	0.46	0.0	0.0
11	KLK3	3.572730672	0.97	0.107	0.0	0.0
11	KLK2	3.264296232	0.945	0.05	0.0	0.0
11	PLPP1	2.342234302	0.996	0.648	0.0	0.0
11	ERG	2.094975354	0.987	0.413	0.0	0.0
11	MROH2A	2.068053746	0.957	0.43	0.0	0.0
11	ZNF761	2.034771386	0.989	0.386	0.0	0.0
11	TMEFF2	2.023484507	0.705	0.182	0.0	0.0
11	SPON2	2.010421789	0.966	0.342	0.0	0.0
11	AL365226.2	1.989352792	0.768	0.082	0.0	0.0
11	CACNA1D	1.903776209	0.993	0.73	0.0	0.0
11	ASB3	1.880847295	0.79	0.181	0.0	0.0
11	PMEPA1	1.839949984	0.985	0.48	0.0	0.0
11	ARG2	1.826478427	0.956	0.5	0.0	0.0
11	KRT16	1.820964805	0.509	0.022	0.0	0.0
11	CFAP69	1.814270455	0.991	0.467	0.0	0.0
11	ZBTB20	1.757772829	0.995	0.868	0.0	0.0
11	NDRG1	1.681284501	0.947	0.413	0.0	0.0
11	GDF15	1.665798592	0.858	0.359	1.58e-305	4.13e-301
11	ISG15	1.602095731	0.836	0.186	0.0	0.0
11	SLC22A3	1.586486744	0.865	0.08	0.0	0.0
11	TMPRSS2	1.566986322	0.959	0.293	0.0	0.0
11	RDH11	1.554933907	0.961	0.536	0.0	0.0
11	BMPR1B	1.553180605	0.993	0.487	0.0	0.0
11	PDE4D	1.544220138	0.972	0.724	3.0199999999999997e-236	7.91e-232
11	PTGR1	1.530710032	0.948	0.468	0.0	0.0
11	KLK4	1.513082637	0.896	0.134	0.0	0.0
11	NKX3-1	1.495282534	0.93	0.388	0.0	0.0
11	CRISPLD2	1.482561445	0.865	0.244	0.0	0.0
11	IFI6	1.480409673	0.909	0.427	0.0	0.0
11	TMEM26	1.472135689	0.828	0.085	0.0	0.0
11	SOCS2-AS1	1.418031053	0.857	0.198	0.0	0.0
11	PI15	1.412717415	0.801	0.173	0.0	0.0
11	STEAP2	1.370563193	0.978	0.447	0.0	0.0
11	STEAP1	1.370203867	0.953	0.31	0.0	0.0
11	PRDX6	1.361279414	0.931	0.553	0.0	0.0
11	SLC45A3	1.345387701	0.838	0.053	0.0	0.0
11	ZBTB16	1.336947507	0.805	0.022	0.0	0.0
11	GULP1	1.316418011	0.905	0.32	0.0	0.0
11	AL589182.1	1.314268303	0.893	0.304	0.0	0.0
11	KCNG3	1.304175985	0.738	0.293	3.7399999999999998e-264	9.78e-260
11	DBI	1.271279715	0.91	0.629	3.95e-301	1.0300000000000001e-296
11	IGF1R	1.266819126	0.89	0.336	0.0	0.0
11	RTN1	1.237869268	0.939	0.563	5.6199999999999996e-244	1.47e-239
11	LINC01297	1.230502889	0.903	0.211	0.0	0.0
11	AL121790.1	1.219529365	0.95	0.342	0.0	0.0
11	PDLIM5	1.183651127	0.993	0.765	0.0	0.0
11	OR51E2	1.172436419	0.831	0.269	0.0	0.0
11	PDZD2	1.161475812	0.897	0.381	0.0	0.0
11	ASTN2	1.155965096	0.991	0.715	7.06e-260	1.8499999999999998e-255
11	SAMD5	1.154782672	0.919	0.367	0.0	0.0
11	FAM135A	1.145100163	0.965	0.601	4.44e-246	1.1599999999999999e-241
11	FP236383.1	1.109891961	0.838	0.353	9.44e-190	2.4700000000000002e-185
11	LINC00578	1.109500107	0.786	0.101	0.0	0.0
11	MAF	1.104023666	0.84	0.37	0.0	0.0
11	PDE9A	1.095396548	0.926	0.317	0.0	0.0
11	ACSL3	1.082344313	0.924	0.5	5.5999999999999997e-306	1.47e-301
11	PART1	1.073168596	0.841	0.209	0.0	0.0
11	MALT1	1.059937794	0.891	0.368	9.04e-282	2.37e-277
11	MBOAT2	1.052470361	0.934	0.385	0.0	0.0
11	DHRS7	1.046836774	0.953	0.633	5.01e-290	1.3099999999999998e-285
11	STARD3NL	1.046077987	0.919	0.465	0.0	0.0
11	SOCS2	1.044413392	0.861	0.216	0.0	0.0
11	COL2A1	1.037359561	0.927	0.267	0.0	0.0
11	GP2	1.033489499	0.662	0.097	0.0	0.0
11	SLC30A4	1.032120945	0.976	0.482	2.67e-294	6.979999999999999e-290
11	RPL13	1.027093635	0.971	0.884	1.95e-264	5.1e-260
11	STEAP4	1.024775865	0.81	0.172	0.0	0.0
11	BCAM	1.008141585	0.89	0.218	0.0	0.0
11	CSGALNACT1	0.994717203	0.967	0.602	5.98e-231	1.5700000000000002e-226
11	RPS18	0.990798579	0.989	0.963	9.56e-247	2.5e-242
11	H2AFJ	0.982798999	0.9	0.443	4.82e-260	1.26e-255
11	LINC01090	0.976410166	0.789	0.134	0.0	0.0
11	GMPR	0.968903924	0.905	0.303	0.0	0.0
11	LAMA3	0.952159851	0.722	0.208	0.0	0.0
11	GRIN3A	0.948543889	0.697	0.048	0.0	0.0
11	RNF144B	0.942119483	0.909	0.387	2.5900000000000002e-272	6.79e-268
11	NUDT4	0.935356794	0.921	0.507	1.95e-219	5.11e-215
11	SPOCK1	0.929642238	0.955	0.564	1.34e-235	3.5100000000000004e-231
11	ERLEC1	0.927804618	0.901	0.468	7.719999999999999e-285	2.02e-280
11	TNFAIP8	0.925771107	0.845	0.324	4.2e-288	1.1e-283
11	MPP6	0.924055887	0.93	0.49	6.97e-234	1.8199999999999997e-229
11	MAP3K5	0.921247864	0.936	0.581	4.2900000000000004e-157	1.12e-152
11	MT1X	0.91941958	0.76	0.338	5.7399999999999995e-214	1.5e-209
11	SLC25A37	0.916080835	0.899	0.342	0.0	0.0
11	SESN3	0.913402932	0.912	0.494	4.4499999999999995e-225	1.1699999999999999e-220
11	ABHD2	0.913007326	0.922	0.484	1.39e-265	3.65e-261
11	PPM1B	0.911730807	0.939	0.596	8.21e-189	2.15e-184
11	CLDN3	0.909471689	0.928	0.478	2.76e-234	7.22e-230
11	FLJ20021	0.908428672	0.864	0.29	0.0	0.0
11	DCXR	0.906195091	0.884	0.457	2.09e-284	5.46e-280
11	MIR2052HG	0.906135793	0.814	0.34	7.22e-225	1.89e-220
11	ALDH1A1	0.899877643	0.424	0.051	0.0	0.0
11	KLF6	0.898003398	0.869	0.689	1.07e-98	2.79e-94
11	ARID5B	0.887904625	0.983	0.779	6.83e-203	1.79e-198
11	RPL19	0.887556251	0.973	0.917	3.41e-219	8.920000000000001e-215
11	CD38	0.880041027	0.729	0.07	0.0	0.0
11	EEF1D	0.873079571	0.961	0.732	5.07e-264	1.3300000000000002e-259
11	DHCR24	0.862397398	0.839	0.25	0.0	0.0
11	CREB3L4	0.858285429	0.869	0.238	0.0	0.0
11	SAT1	0.856933625	0.974	0.627	2.2300000000000003e-163	5.83e-159
11	RPL26	0.851947022	0.957	0.847	1.4499999999999998e-197	3.79e-193
11	CUX2	0.850644753	0.964	0.622	2.19e-175	5.7299999999999995e-171
11	TSPAN1	0.848775271	0.827	0.23	0.0	0.0
11	DUXAP8	0.847402265	0.959	0.628	1.4e-241	3.67e-237
11	CNTN4	0.840425722	0.86	0.343	1.6800000000000002e-252	4.4e-248
11	TTC6	0.837094553	0.996	0.59	1.4999999999999999e-146	3.92e-142
11	SORD	0.828590736	0.873	0.351	0.0	0.0
11	PLPP5	0.825065685	0.93	0.493	1.6499999999999998e-275	4.33e-271
11	PLA2G7	0.823140745	0.908	0.318	0.0	0.0
11	IDH1	0.822962165	0.871	0.32	0.0	0.0
11	ACPP	0.821606173	0.956	0.478	6.269999999999999e-191	1.6399999999999999e-186
11	TRGC1	0.815690697	0.937	0.395	7.77e-273	2.03e-268
11	EMP2	0.815347318	0.951	0.487	2.2e-294	5.75e-290
11	MTRNR2L12	0.813213803	0.948	0.654	9.93e-163	2.6e-158
11	DMXL1	0.808717295	0.991	0.748	1.7799999999999998e-138	4.659999999999999e-134
11	RPL13A	0.803938743	0.977	0.925	1.59e-221	4.1600000000000005e-217
11	SPDEF	0.798672406	0.832	0.223	0.0	0.0
11	CENPX	0.796397608	0.892	0.595	1.24e-202	3.23e-198
11	BACE2	0.794454299	0.726	0.2	0.0	0.0
11	SQSTM1	0.790938559	0.968	0.71	5.1700000000000006e-161	1.35e-156
11	NAMPT	0.790607777	0.894	0.517	2.22e-168	5.81e-164
11	ADAM9	0.787040144	0.919	0.45	6.07e-260	1.59e-255
11	ZMIZ1	0.784582326	0.984	0.749	1.0099999999999999e-190	2.65e-186
11	VEGFA	0.784455326	0.72	0.262	3e-240	7.849999999999999e-236
11	LINC01297.1	0.781906812	0.837	0.178	0.0	0.0
11	KRT18	0.779350617	0.948	0.722	1.4899999999999998e-172	3.89e-168
11	ZFP36	0.777968554	0.807	0.502	1.37e-111	3.58e-107
11	CAVIN1	0.77766947	0.806	0.21	0.0	0.0
11	FAM43A	0.772292274	0.737	0.233	0.0	0.0
11	TMEM141	0.771949361	0.837	0.34	0.0	0.0
11	CAMK2N1	0.769273323	0.87	0.468	1.01e-215	2.65e-211
11	CALR	0.769267305	0.95	0.714	8.020000000000001e-200	2.1e-195
11	GRHL2	0.768929693	0.975	0.527	2.53e-154	6.619999999999999e-150
11	RAB3B	0.768781327	0.904	0.447	9.65e-272	2.53e-267
11	LAMC1	0.766085847	0.817	0.493	8.76e-96	2.29e-91
11	SGCD	0.763354915	0.844	0.543	1.8e-87	4.71e-83
11	CAST	0.761726305	0.949	0.529	1.4999999999999998e-188	3.9100000000000003e-184
11	RHPN2	0.758084084	0.948	0.454	4.97e-256	1.3000000000000002e-251
11	SOD3	0.752054301	0.742	0.117	0.0	0.0
11	ST6GAL1	0.75192368	0.807	0.277	2.34e-295	6.13e-291
11	NEDD4L	0.748075982	0.939	0.58	1.54e-135	4.03e-131
11	MT-ND1	0.748033484	0.986	0.994	1.54e-147	4.03e-143
11	CD9	0.74798238	0.94	0.621	3.9300000000000003e-212	1.03e-207
11	IQGAP2	0.747726574	0.876	0.279	0.0	0.0
11	PLEKHH1	0.74770972	0.832	0.203	0.0	0.0
11	CLIC1	0.745715098	0.906	0.549	3.74e-222	9.8e-218
11	FOXO3	0.745138556	0.952	0.724	8.86e-92	2.32e-87
11	ANKRD29	0.743335182	0.669	0.075	0.0	0.0
11	AMD1	0.72809227	0.96	0.658	3.0299999999999996e-172	7.93e-168
11	PDLIM3	0.724657761	0.961	0.66	2.65e-158	6.93e-154
11	TGFBR3	0.724291781	0.718	0.291	3.71e-194	9.7e-190
11	MT1E	0.720399304	0.828	0.537	3.1300000000000004e-116	8.19e-112
11	PPDPF	0.716968821	0.896	0.67	1.67e-164	4.37e-160
11	EPHA7	0.712511432	0.73	0.247	2.77e-257	7.26e-253
11	RPL3	0.712169652	0.961	0.869	7.620000000000001e-173	1.99e-168
11	ATP8B1	0.711775607	0.823	0.301	7.75e-278	2.03e-273
11	TAOK3	0.707115172	0.904	0.462	3.91e-191	1.02e-186
11	TRPM8	0.702047792	0.678	0.162	0.0	0.0
11	HEBP2	0.697814967	0.9	0.572	3.73e-199	9.77e-195
11	LRRFIP2	0.693948039	0.965	0.7	6.42e-138	1.6800000000000001e-133
11	AGTRAP	0.693001869	0.799	0.219	0.0	0.0
11	BICC1	0.686602581	0.94	0.548	1.33e-137	3.47e-133
11	REXO2	0.68481218	0.89	0.436	9.099999999999999e-239	2.38e-234
11	GHR	0.683282944	0.668	0.142	0.0	0.0
11	PM20D2	0.682347629	0.858	0.363	1.9399999999999999e-299	5.08e-295
11	RAB13	0.68228323	0.856	0.405	2.1599999999999997e-254	5.66e-250
11	PELI1	0.681872792	0.796	0.377	7.87e-157	2.06e-152
11	NFATC2	0.678544236	0.646	0.341	5.2699999999999996e-83	1.38e-78
11	CPNE4	0.678483075	0.999	0.589	1.8199999999999998e-119	4.769999999999999e-115
11	RPL27A	0.675668973	0.93	0.77	5.81e-181	1.5199999999999998e-176
11	C1orf116	0.675160057	0.773	0.12	0.0	0.0
11	HES4	0.672452043	0.81	0.25	0.0	0.0
11	TSPO	0.672359572	0.847	0.353	1.15e-297	3e-293
11	ANTXR2	0.671279885	0.87	0.413	3.1400000000000005e-185	8.23e-181
11	PXDN	0.668495504	0.847	0.236	0.0	0.0
11	ELK4	0.668068783	0.853	0.392	5.7000000000000004e-210	1.4899999999999999e-205
11	GABRG3	0.668010995	0.808	0.269	4.2200000000000003e-296	1.1e-291
11	LRRC9	0.667776775	0.754	0.186	0.0	0.0
11	DNPH1	0.667002036	0.858	0.433	1.0599999999999999e-228	2.7600000000000003e-224
11	PCNX4	0.664423035	0.941	0.639	5.34e-143	1.4e-138
11	AC109779.1	0.662967614	0.778	0.246	1.5699999999999999e-282	4.12e-278
11	ZG16B	0.658242567	0.853	0.283	0.0	0.0
11	GNG5	0.656949577	0.907	0.622	5.2600000000000006e-160	1.38e-155
11	RASEF	0.654990191	0.882	0.361	6.35e-240	1.66e-235
11	PDIA3	0.651945391	0.955	0.71	1.96e-190	5.13e-186
11	TSC22D1	0.651393209	0.963	0.746	2.32e-139	6.07e-135
11	DPY19L2	0.64965837	0.817	0.346	2.5599999999999997e-219	6.7e-215
11	ERGIC1	0.649592119	0.904	0.372	6.82e-290	1.7799999999999998e-285
11	NUPR1	0.647806912	0.874	0.404	2.22e-185	5.81e-181
11	NEFH	0.647132523	0.745	0.357	3.19e-151	8.35e-147
11	DDAH2	0.647044428	0.844	0.341	1.08e-295	2.84e-291
11	USP54	0.645953591	0.943	0.744	1.8400000000000002e-73	4.82e-69
11	NCOA4	0.644493589	0.873	0.406	1.05e-258	2.75e-254
11	RAI2	0.643363646	0.689	0.156	0.0	0.0
11	JUN	0.6401374	0.907	0.786	1.97e-66	5.15e-62
11	UBASH3B	0.639397446	0.597	0.187	1.56e-236	4.08e-232
11	SLC44A4	0.639117093	0.792	0.172	0.0	0.0
11	NPDC1	0.636979957	0.889	0.426	1.36e-256	3.55e-252
11	LRRFIP1	0.634082374	0.965	0.649	1.93e-174	5.0399999999999994e-170
11	RPLP0	0.63337897	0.964	0.885	2.16e-147	5.65e-143
11	PLPP2	0.629048987	0.87	0.358	1.7400000000000002e-294	4.55e-290
11	RPS9	0.62754449	0.965	0.866	7.27e-145	1.9e-140
11	BMPR1B-AS1	0.625390613	0.739	0.114	0.0	0.0
11	SERINC5	0.624761081	0.978	0.55	1.06e-139	2.76e-135
11	RASD1	0.622204324	0.615	0.18	6.900000000000001e-273	1.81e-268
11	SCHLAP1	0.62216525	0.999	0.958	1.95e-81	5.1e-77
11	KANK1	0.619772077	0.929	0.475	5.39e-159	1.41e-154
11	RBM47	0.617559645	0.986	0.612	2.0400000000000003e-132	5.34e-128
11	APRT	0.616812213	0.828	0.392	1.63e-231	4.27e-227
11	HOMER2	0.614136136	0.918	0.49	1.25e-209	3.27e-205
11	CDC14B	0.613092992	0.64	0.232	1.4799999999999998e-188	3.8700000000000003e-184
11	SMOC2	0.612505122	0.786	0.199	0.0	0.0
11	NME4	0.612177933	0.847	0.464	1.3500000000000001e-185	3.54e-181
11	FTL	0.609031883	0.95	0.843	1.67e-111	4.38e-107
11	RPS10	0.608060384	0.905	0.604	3.9900000000000003e-156	1.04e-151
11	CD24	0.60583491	0.93	0.735	8.47e-133	2.22e-128
11	CHDH	0.605281818	0.776	0.254	6.66e-302	1.74e-297
11	MALAT1	0.605030517	1.0	0.999	8.78e-83	2.3e-78
11	NEAT1	0.604741772	0.997	0.963	1.1700000000000001e-86	3.07e-82
11	AFF1	0.604684165	0.963	0.686	1.25e-88	3.28e-84
11	XBP1	0.603207654	0.844	0.321	3.78e-269	9.88e-265
11	APOD	0.602468463	0.668	0.053	0.0	0.0
11	TM7SF2	0.600651045	0.84	0.319	8.61e-305	2.2499999999999997e-300
11	FREM1	0.598266687	0.595	0.129	0.0	0.0
11	TMEM238	0.597649012	0.837	0.367	2.21e-241	5.79e-237
11	NPR3	0.597347984	0.773	0.237	0.0	0.0
11	MRPL41	0.596490387	0.87	0.535	1.3199999999999998e-165	3.46e-161
11	SLC25A27	0.596076123	0.919	0.392	3.09e-211	8.079999999999999e-207
11	ERRFI1	0.59568152	0.792	0.422	1.2800000000000002e-122	3.3600000000000003e-118
11	CIB1	0.5953858	0.836	0.331	1.7900000000000002e-269	4.68e-265
11	ANKH	0.592682508	0.943	0.631	3.8499999999999997e-115	1.0100000000000001e-110
11	TRGC2	0.591897302	0.896	0.348	4.2e-244	1.1e-239
11	AL033504.1	0.587741656	0.754	0.247	4.98e-263	1.2999999999999999e-258
11	TPT1	0.587236699	0.966	0.894	4.35e-117	1.14e-112
11	NME3	0.585752617	0.89	0.477	7.32e-195	1.92e-190
11	MLPH	0.585262188	0.909	0.356	2.88e-262	7.539999999999999e-258
11	MIF	0.583603679	0.846	0.415	2.45e-205	6.4e-201
11	RPL28	0.583000662	0.98	0.945	1.87e-121	4.8800000000000006e-117
11	PRKAG2	0.582148501	0.923	0.497	5.61e-139	1.4699999999999998e-134
11	PPM1H	0.578132484	0.815	0.276	1.9799999999999997e-288	5.18e-284
11	BASP1	0.578083566	0.954	0.752	8.49e-107	2.22e-102
11	ANKRD34B	0.577317365	0.663	0.06	0.0	0.0
11	PLA2G2A	0.577113288	0.704	0.336	4.96e-96	1.3e-91
11	SS18L2	0.575904042	0.863	0.46	8.42e-172	2.2e-167
11	SLC26A2	0.57433651	0.827	0.343	2.59e-219	6.78e-215
11	ADAMTS1	0.574320644	0.7	0.276	7.83e-167	2.05e-162
11	RPS2	0.574304726	0.987	0.946	6.88e-117	1.8e-112
11	CHCHD1	0.572430884	0.89	0.664	1.81e-146	4.73e-142
11	ADRB2	0.571422022	0.704	0.177	0.0	0.0
11	RCAN3	0.571189829	0.936	0.59	8.09e-133	2.12e-128
11	ZBTB10	0.568727657	0.845	0.462	5.1199999999999996e-136	1.34e-131
11	DPP7	0.568335779	0.866	0.335	1.54e-293	4.04e-289
11	CRY1	0.564771336	0.821	0.52	1.5e-83	3.9300000000000005e-79
11	SYTL1	0.563938927	0.816	0.229	0.0	0.0
11	C19orf48	0.563890424	0.846	0.361	2.63e-240	6.89e-236
11	RAMP1	0.563566596	0.846	0.401	1.78e-163	4.65e-159
11	FASN	0.56177799	0.787	0.234	0.0	0.0
11	MPC2	0.561177936	0.875	0.585	1.44e-132	3.7799999999999997e-128
11	GPX4	0.560625195	0.903	0.668	1.94e-128	5.09e-124
11	RORB	0.56045704	0.837	0.453	2.2700000000000002e-110	5.94e-106
11	UTRN	0.555618204	0.995	0.573	7.87e-112	2.06e-107
11	TBL1Y	0.554914122	0.75	0.216	0.0	0.0
11	CBR3-AS1	0.55461827	0.9	0.379	2.1600000000000002e-222	5.64e-218
11	BTG1	0.554319758	0.906	0.713	5.530000000000001e-79	1.45e-74
11	TACSTD2	0.551927604	0.886	0.379	1.82e-195	4.77e-191
11	NIPAL3	0.551914726	0.893	0.572	2.54e-117	6.64e-113
11	DLGAP1	0.551880808	0.755	0.312	3.34e-167	8.74e-163
11	CTSZ	0.551585645	0.799	0.304	2.48e-277	6.490000000000001e-273
11	RPL41	0.549687257	0.994	0.98	7.48e-123	1.9600000000000001e-118
11	LINC00486	0.54939694	0.846	0.217	0.0	0.0
11	P2RY1	0.548998494	0.698	0.11	0.0	0.0
11	TSTD1	0.545899444	0.879	0.561	1.45e-136	3.79e-132
11	EEF2	0.545059202	0.935	0.765	9.98e-133	2.61e-128
11	RPS14	0.544373388	0.977	0.933	1.01e-109	2.63e-105
11	GPR158	0.543789587	0.767	0.425	3.32e-89	8.700000000000001e-85
11	ZBTB20-AS5	0.543145991	0.621	0.154	0.0	0.0
11	ATP6V1G1	0.541136231	0.928	0.782	1.9e-116	4.97e-112
11	HGD	0.538086774	0.919	0.415	3.7800000000000005e-179	9.88e-175
11	ZFAND5	0.537973806	0.906	0.601	7.68e-134	2.0100000000000002e-129
11	LIFR	0.536221268	0.817	0.31	8.129999999999999e-236	2.13e-231
11	P4HB	0.534739663	0.96	0.733	1.85e-149	4.83e-145
11	WLS	0.53280403	0.89	0.48	6.82e-117	1.78e-112
11	FAU	0.531879308	0.952	0.842	3.45e-108	9.03e-104
11	CYB561	0.53110005	0.886	0.404	4.1e-232	1.07e-227
11	EMC6	0.525923181	0.755	0.203	0.0	0.0
11	UNC13B	0.52562276	0.801	0.436	2.2300000000000002e-103	5.8400000000000004e-99
11	PPP3CA	0.524993786	1.0	0.907	1.5899999999999998e-92	4.15e-88
11	RPL15	0.522742661	0.959	0.903	2.19e-109	5.72e-105
11	LINC00844	0.521335177	0.522	0.008	0.0	0.0
11	RPL18A	0.520063575	0.955	0.892	1.8899999999999999e-93	4.9399999999999994e-89
11	MT1G	0.518714586	0.492	0.181	5.08e-136	1.33e-131
11	PPP1R15A	0.518588686	0.802	0.45	1.01e-123	2.63e-119
11	MESP1	0.516498811	0.809	0.38	1.8500000000000002e-169	4.85e-165
11	SMARCA1	0.515928681	0.88	0.421	9.01e-154	2.36e-149
11	PSME2	0.515295896	0.859	0.49	2.53e-151	6.62e-147
11	CYP39A1	0.51190882	0.804	0.244	0.0	0.0
11	SYNGR2	0.511490893	0.84	0.365	1.69e-231	4.42e-227
11	DOCK8	0.508300673	0.589	0.085	0.0	0.0
11	BNIP3	0.505744866	0.859	0.434	4.9800000000000005e-164	1.3e-159
11	RPS6	0.504360638	0.97	0.916	5.460000000000001e-100	1.4299999999999999e-95
11	TRPV6	0.504148229	0.733	0.188	0.0	0.0
11	TM9SF3	0.502579585	0.922	0.586	6.18e-125	1.62e-120
11	SELENOH	0.501514417	0.86	0.464	1.23e-178	3.22e-174
11	CANT1	0.500954898	0.828	0.326	6.95e-265	1.82e-260
11	LRRC7	0.500626107	0.648	0.25	1.52e-154	3.98e-150
11	NAAA	0.499107873	0.77	0.215	0.0	0.0
11	TRIB1	0.498179479	0.849	0.656	3.5499999999999996e-60	9.29e-56
11	VMP1	0.496937773	0.985	0.861	3.93e-82	1.03e-77
11	BLVRB	0.496815896	0.83	0.343	6.96e-225	1.82e-220
11	PNRC1	0.496188269	0.863	0.548	2.13e-116	5.57e-112
11	RPL29	0.493759743	0.958	0.891	8.21e-80	2.15e-75
11	LDLR	0.493283105	0.682	0.231	1.57e-233	4.11e-229
11	FOXA1	0.492897063	0.922	0.456	1.89e-138	4.94e-134
11	GSDMD	0.492333947	0.803	0.274	9.289999999999999e-300	2.43e-295
11	RPL12	0.491726543	0.969	0.921	4.5199999999999995e-82	1.18e-77
11	RPS24	0.490924948	0.993	0.982	9.2e-105	2.41e-100
11	CHPT1	0.490532118	0.852	0.412	1.4200000000000002e-185	3.73e-181
11	FAM129A	0.486664571	0.664	0.24	4.61e-181	1.21e-176
11	ZNF532	0.484205043	0.669	0.148	0.0	0.0
11	EYA3	0.483824874	0.781	0.489	8.87e-44	2.32e-39
11	JUND	0.483273559	0.938	0.841	1.33e-56	3.48e-52
11	MYDGF	0.483220714	0.878	0.45	3.2199999999999996e-180	8.419999999999999e-176
11	RPS15	0.483074854	0.966	0.928	1.52e-90	3.99e-86
11	ARFGAP3	0.482372069	0.893	0.48	2.21e-150	5.799999999999999e-146
11	DUSP1	0.479191723	0.764	0.48	2.54e-69	6.65e-65
11	IFT57	0.479158385	0.879	0.483	4.11e-143	1.08e-138
11	MRPL36	0.478904361	0.786	0.333	3.65e-218	9.55e-214
11	LGALS3BP	0.478559956	0.91	0.539	4.42e-139	1.1599999999999998e-134
11	RPS23	0.477822934	0.961	0.894	1.7e-82	4.45e-78
11	ITGB5	0.476661369	0.694	0.217	4.75e-268	1.2399999999999999e-263
11	KRT19	0.476068462	0.931	0.697	4.33e-88	1.13e-83
11	TMEM79	0.475624028	0.696	0.084	0.0	0.0
11	HSPA8	0.474319894	0.942	0.772	1.85e-81	4.84e-77
11	RPS11	0.473933988	0.964	0.907	2.19e-101	5.72e-97
11	GOLM1	0.473872979	0.868	0.412	1.71e-175	4.47e-171
11	C1orf122	0.472253127	0.838	0.442	1.75e-156	4.58e-152
11	AHNAK	0.472198119	0.932	0.472	4.28e-147	1.12e-142
11	PRKD1	0.471966229	0.975	0.638	1.13e-85	2.95e-81
11	EIF2AK2	0.471875448	0.913	0.584	9.4e-125	2.46e-120
11	GCNT2	0.471869934	0.62	0.193	3.53e-229	9.239999999999999e-225
11	TMBIM6	0.471738717	0.964	0.782	5.32e-119	1.39e-114
11	SPCS2	0.467035459	0.939	0.731	3.3e-119	8.63e-115
11	BRI3	0.466900868	0.928	0.668	3.1300000000000004e-116	8.2e-112
11	TMEM205	0.466535854	0.836	0.384	3.4200000000000003e-192	8.96e-188
11	SFT2D1	0.46515847	0.853	0.368	4.13e-228	1.08e-223
11	PRDX1	0.46468929	0.934	0.753	7.73e-96	2.02e-91
11	HDLBP	0.462856508	0.959	0.688	1.08e-128	2.82e-124
11	CA5B	0.462718208	0.766	0.401	6.889999999999999e-115	1.8000000000000003e-110
11	GLMP	0.462499792	0.692	0.132	0.0	0.0
11	GUCY1A3	0.462300869	0.729	0.26	1.88e-195	4.9199999999999994e-191
11	RAB10	0.461896203	0.951	0.771	8.280000000000001e-56	2.17e-51
11	CEBPD	0.461808226	0.632	0.274	1.02e-125	2.66e-121
11	HSPA5	0.461162438	0.89	0.576	5.37e-96	1.4e-91
11	RPL30	0.460457692	0.978	0.95	3.53e-90	9.250000000000001e-86
11	MYH10	0.45969748	0.952	0.729	2.18e-52	5.69e-48
11	REEP5	0.457411003	0.885	0.502	1.33e-148	3.4700000000000004e-144
11	GLRX2	0.45701454	0.677	0.172	0.0	0.0
11	SSR3	0.456607457	0.856	0.483	1.73e-148	4.5300000000000003e-144
11	NUMA1	0.456581061	0.922	0.561	1.15e-130	2.9999999999999995e-126
11	RPL7A	0.455360636	0.973	0.918	1.63e-81	4.25e-77
11	MINOS1	0.452195776	0.874	0.532	4.88e-124	1.28e-119
11	HSPE1	0.45192447	0.923	0.751	2.09e-85	5.479999999999999e-81
11	SMS	0.451246936	0.938	0.682	2.5700000000000002e-110	6.73e-106
11	SMCO4	0.44915801	0.816	0.322	1.39e-238	3.6299999999999995e-234
11	ECHS1	0.44914193	0.801	0.335	1.37e-222	3.58e-218
11	RPL8	0.448902822	0.975	0.935	1.97e-76	5.150000000000001e-72
11	DHRS3	0.44627782	0.794	0.314	7.659999999999999e-197	2.01e-192
11	RPL32	0.44623782	0.969	0.927	4.08e-78	1.07e-73
11	B3GNT5	0.446112933	0.728	0.24	4.48e-241	1.1699999999999998e-236
11	ALDH1A3	0.445181086	0.822	0.407	9.43e-131	2.47e-126
11	PDGFA	0.445018623	0.797	0.312	8.730000000000001e-223	2.29e-218
11	PALMD	0.442228952	0.417	0.039	0.0	0.0
11	SLC35F2	0.441313194	0.617	0.152	0.0	0.0
11	SLC7A8	0.441044453	0.73	0.217	1.35e-295	3.53e-291
11	MLEC	0.440967266	0.913	0.586	1.31e-124	3.42e-120
11	RPS12	0.440509919	0.966	0.913	3.29e-71	8.61e-67
11	RBP7	0.440422461	0.688	0.166	0.0	0.0
11	RASSF8	0.439562393	0.876	0.425	4.51e-143	1.18e-138
11	ZFX	0.439551848	0.77	0.413	1.26e-92	3.3e-88
11	KDELR2	0.43952591	0.865	0.485	1.92e-146	5.03e-142
11	NACA	0.438670373	0.958	0.881	1.59e-83	4.17e-79
11	FSTL1	0.438491851	0.954	0.544	3.5000000000000003e-109	9.150000000000001e-105
11	EXOC7	0.438098786	0.906	0.46	1.39e-159	3.65e-155
11	RAB27A	0.437608903	0.781	0.311	1.22e-194	3.19e-190
11	RPL23A	0.436939496	0.976	0.936	5.26e-91	1.38e-86
11	SASH1	0.436360325	0.86	0.45	1.6e-122	4.19e-118
11	IGF1	0.435311546	0.256	0.047	4.3300000000000005e-195	1.13e-190
11	RPS19	0.435260429	0.98	0.945	1.72e-74	4.49e-70
11	SNHG8	0.434514804	0.844	0.43	1.54e-149	4.0200000000000004e-145
11	UBE2E2	0.434242002	0.961	0.605	1.3599999999999998e-91	3.55e-87
11	S100A11	0.432748611	0.885	0.581	9.87e-99	2.58e-94
11	RPS5	0.430292679	0.956	0.872	1.65e-69	4.31e-65
11	AP2S1	0.429864667	0.863	0.538	6.17e-112	1.62e-107
11	WHRN	0.425162825	0.781	0.385	4.63e-117	1.21e-112
11	PPP1R13B	0.424436712	0.931	0.613	3.52e-77	9.22e-73
11	AL691403.1	0.423293259	0.447	0.161	4.51e-117	1.18e-112
11	RPS27A	0.422958333	0.958	0.929	2.76e-78	7.229999999999999e-74
11	COX7A2L	0.421705589	0.912	0.635	3.13e-91	8.2e-87
11	GRINA	0.421629914	0.796	0.268	4.48e-288	1.17e-283
11	PARK7	0.421501976	0.924	0.756	6.63e-89	1.73e-84
11	MZT2B	0.421281586	0.922	0.757	6.41e-78	1.68e-73
11	TOB1	0.421194703	0.886	0.548	3.4e-112	8.899999999999999e-108
11	C8orf82	0.418839735	0.785	0.336	6.19e-190	1.6200000000000003e-185
11	UBC	0.418239789	0.951	0.849	2.86e-63	7.47e-59
11	C8orf4	0.41740301	0.433	0.081	0.0	0.0
11	GRM7	0.416760294	0.67	0.443	9.03e-34	2.3600000000000002e-29
11	SH3RF1	0.4163236	0.959	0.754	1.2600000000000001e-64	3.2899999999999996e-60
11	FZD5	0.416305069	0.615	0.103	0.0	0.0
11	SLC52A3	0.416190747	0.631	0.159	0.0	0.0
11	METRN	0.415464652	0.792	0.281	5.8099999999999995e-254	1.52e-249
11	MAP2K2	0.415354421	0.867	0.464	4.4400000000000004e-154	1.16e-149
11	TPM1	0.414366991	0.923	0.608	7.24e-121	1.9e-116
11	TMEM54	0.414267063	0.81	0.319	4.34e-214	1.1400000000000001e-209
11	AC002064.1	0.413999873	0.624	0.126	0.0	0.0
11	BARX1	0.41303059	0.756	0.251	1.3799999999999998e-277	3.6000000000000003e-273
11	RPL10	0.412185202	0.978	0.94	5.23e-63	1.37e-58
11	NNMT	0.409161518	0.475	0.015	0.0	0.0
11	EDF1	0.409097852	0.902	0.719	5.11e-85	1.34e-80
11	RPL10A	0.407391576	0.963	0.884	5.79e-78	1.51e-73
11	NCALD	0.406098081	0.97	0.793	2.8800000000000003e-43	7.54e-39
11	MT1M	0.405237888	0.652	0.275	1.39e-146	3.64e-142
11	GTF3C6	0.404479944	0.854	0.511	2.26e-120	5.93e-116
11	RPL11	0.403933264	0.968	0.927	2.05e-69	5.38e-65
11	CD109	0.403222864	0.724	0.23	2.48e-255	6.5e-251
11	FAM110B	0.403167731	0.741	0.318	5.28e-138	1.38e-133
11	MYL12A	0.402411871	0.898	0.632	1.18e-96	3.08e-92
11	ANXA11	0.40051304	0.899	0.459	2.32e-137	6.08e-133
11	PGM2	0.400165373	0.62	0.21	8.19e-193	2.14e-188
11	MX1	0.399348467	0.598	0.14	0.0	0.0
11	SCAND1	0.398683321	0.832	0.476	1.93e-122	5.05e-118
11	CA8	0.398018751	0.704	0.37	8.93e-75	2.34e-70
11	AC020916.1	0.396205978	0.628	0.237	2.87e-166	7.51e-162
11	HSP90AB1	0.395714685	0.976	0.916	1.0100000000000001e-79	2.65e-75
11	TMEM254	0.39459818	0.879	0.452	2.72e-154	7.13e-150
11	EBP	0.394039037	0.762	0.366	4.32e-138	1.1300000000000001e-133
11	PABPN1	0.392767101	0.842	0.383	9.38e-177	2.4499999999999997e-172
11	ANAPC11	0.392608956	0.913	0.739	6.77e-74	1.77e-69
11	ARHGAP6	0.3925672	0.906	0.511	2.55e-92	6.67e-88
11	MT-CYB	0.392439965	0.98	0.996	2.94e-63	7.68e-59
11	TIMM13	0.392340392	0.86	0.555	2.59e-101	6.770000000000001e-97
11	FAM84A	0.389597494	0.689	0.267	6.77e-171	1.77e-166
11	RPL27	0.388745224	0.968	0.894	4.52e-75	1.18e-70
11	RACK1	0.388627838	0.969	0.882	3.0800000000000003e-59	8.07e-55
11	GSTT2B	0.388407083	0.74	0.28	1.1099999999999999e-216	2.9200000000000003e-212
11	RPL14	0.387987421	0.963	0.873	8.95e-70	2.3400000000000002e-65
11	HPN	0.387565818	0.709	0.201	0.0	0.0
11	PABPC1	0.38740127	0.971	0.87	1.5599999999999998e-89	4.08e-85
11	VAMP8	0.386779636	0.826	0.352	1.32e-186	3.45e-182
11	NEU1	0.386244083	0.77	0.294	2.6e-205	6.81e-201
11	CRYBG1	0.386178194	0.868	0.423	6.539999999999999e-140	1.7099999999999998e-135
11	LRRC75A-AS1	0.386048874	0.91	0.713	1.59e-70	4.1700000000000004e-66
11	KCNS3	0.385284304	0.641	0.173	2.05e-303	5.37e-299
11	GPR160	0.38520443	0.838	0.328	6.809999999999999e-197	1.78e-192
11	ZNF428	0.384721031	0.842	0.409	1.0300000000000001e-156	2.69e-152
11	RPL4	0.384504178	0.932	0.773	5.39e-72	1.4099999999999999e-67
11	NTN4	0.384030444	0.472	0.233	7.99e-60	2.09e-55
11	CRISPLD1	0.383253005	0.869	0.441	1.3600000000000001e-105	3.56e-101
11	SHANK2	0.383020146	0.89	0.438	9.09e-128	2.38e-123
11	TBX3	0.381948153	0.826	0.338	3.56e-172	9.32e-168
11	PPP1CB	0.381691602	0.951	0.741	1.04e-85	2.72e-81
11	C19orf60	0.380381954	0.809	0.365	8.99e-177	2.35e-172
11	TBL1XR1	0.379767277	0.988	0.883	4.47e-57	1.1699999999999999e-52
11	SEPT10	0.378547061	0.81	0.308	8.71e-203	2.28e-198
11	FOSB	0.37693137	0.789	0.617	6.79e-40	1.7800000000000002e-35
11	FLNB	0.376226852	0.964	0.613	3.6599999999999997e-92	9.59e-88
11	AR	0.376019986	0.951	0.481	9.98e-108	2.61e-103
11	SYT7	0.375160457	0.818	0.359	2.38e-178	6.23e-174
11	CYHR1	0.374465855	0.85	0.4	2.8300000000000005e-163	7.4e-159
11	SLC9A3R2	0.374437548	0.655	0.141	0.0	0.0
11	FIS1	0.373936627	0.844	0.468	6.930000000000001e-125	1.81e-120
11	NR4A1	0.37328297	0.742	0.392	1.56e-96	4.09e-92
11	RPL18	0.373232197	0.966	0.916	2.74e-59	7.18e-55
11	SEC61B	0.372667675	0.909	0.711	2.46e-72	6.4299999999999994e-68
11	CUBN	0.372318616	0.45	0.056	0.0	0.0
11	CDKN1C	0.372301256	0.703	0.251	3.6100000000000003e-200	9.46e-196
11	MFSD10	0.372047492	0.789	0.304	2.68e-212	7.010000000000001e-208
11	PITHD1	0.37176646	0.826	0.401	1.45e-147	3.7900000000000002e-143
11	COPE	0.370553557	0.846	0.503	2.11e-105	5.51e-101
11	SQLE	0.369689645	0.82	0.458	2.37e-100	6.21e-96
11	MGST3	0.369245426	0.89	0.673	2.7300000000000002e-65	7.15e-61
11	SPSB1	0.369154807	0.628	0.241	2.27e-148	5.93e-144
11	TMEM256	0.368638947	0.746	0.271	7.009999999999999e-229	1.8400000000000001e-224
11	STAT1	0.367799403	0.79	0.406	7.99e-124	2.09e-119
11	ATP1B3	0.366341567	0.842	0.435	1.3e-132	3.4e-128
11	TBXAS1	0.366204984	0.504	0.115	2.11e-286	5.52e-282
11	PRSS23	0.365854129	0.748	0.245	4.31e-256	1.13e-251
11	TRAPPC6A	0.365624049	0.771	0.319	2.4199999999999998e-189	6.34e-185
11	DDT	0.365378526	0.803	0.417	9.620000000000001e-129	2.52e-124
11	APLP2	0.365325992	0.972	0.801	7.45e-74	1.95e-69
11	GRHPR	0.365215359	0.794	0.34	2.4199999999999997e-188	6.34e-184
11	NECTIN3	0.364762221	0.757	0.291	2.08e-177	5.43e-173
11	AC244021.1	0.364737678	0.469	0.082	0.0	0.0
11	NDUFB10	0.364181566	0.895	0.671	3.76e-75	9.83e-71
11	PIPOX	0.364165094	0.596	0.244	9.53e-131	2.49e-126
11	EPCAM	0.363998863	0.958	0.762	5.4399999999999996e-83	1.42e-78
11	ALDH1A2	0.363713596	0.615	0.228	9.56e-158	2.5e-153
11	HEXIM1	0.363217647	0.88	0.515	6.37e-119	1.67e-114
11	NFKBIA	0.362160573	0.786	0.415	3.21e-100	8.4e-96
11	RGL2	0.361922589	0.721	0.202	0.0	0.0
11	PYCARD	0.361676913	0.696	0.19	0.0	0.0
11	RAB25	0.361408587	0.766	0.291	4.07e-208	1.06e-203
11	ERP29	0.361271535	0.823	0.372	4.1800000000000006e-167	1.09e-162
11	GAS5	0.361232832	0.913	0.66	2.22e-69	5.8000000000000004e-65
11	MCCC2	0.36051882	0.812	0.375	9.420000000000001e-144	2.46e-139
11	TM2D2	0.360499296	0.711	0.222	8.57e-274	2.24e-269
11	ZHX2	0.36039601	0.823	0.347	9.9e-159	2.59e-154
11	NAPRT	0.360247657	0.731	0.196	0.0	0.0
11	MT-ND4	0.359523615	0.981	0.995	9.95e-57	2.6e-52
11	SAR1B	0.358685322	0.9	0.515	2.07e-120	5.43e-116
11	LPGAT1	0.357042665	0.864	0.551	7.62e-60	1.99e-55
11	GOLGA4	0.35660387	0.966	0.792	2.99e-62	7.82e-58
11	GPAA1	0.356332758	0.828	0.371	4.13e-170	1.0799999999999999e-165
11	WNK4	0.356148095	0.74	0.269	4.26e-200	1.1200000000000001e-195
11	CDYL2	0.35592934	0.674	0.203	1.32e-247	3.45e-243
11	C4orf3	0.355157092	0.851	0.52	3.42e-87	8.939999999999999e-83
11	RER1	0.354684844	0.841	0.465	1.09e-123	2.85e-119
11	TKT	0.353977413	0.75	0.242	4.78e-270	1.25e-265
11	LLGL2	0.353954169	0.891	0.445	1.41e-128	3.6800000000000003e-124
11	LRRC59	0.353766232	0.762	0.311	3.39e-190	8.87e-186
11	ATP6V0E1	0.353346575	0.909	0.626	8.19e-88	2.14e-83
11	MT2A	0.353215987	0.84	0.669	8.58e-24	2.25e-19
11	RPL36A	0.352892082	0.867	0.51	1.73e-110	4.52e-106
11	NDUFB7	0.352696855	0.888	0.63	5.03e-80	1.32e-75
11	IMPA2	0.351797074	0.689	0.17	0.0	0.0
11	HERPUD1	0.351534019	0.768	0.332	1.05e-155	2.74e-151
11	NPAS2	0.349638227	0.818	0.358	1.14e-133	2.9800000000000004e-129
11	MAP7	0.349586071	0.953	0.68	4.53e-60	1.1899999999999999e-55
11	MIA3	0.349425243	0.912	0.515	1.76e-105	4.61e-101
11	PDIA4	0.349156628	0.797	0.352	1.82e-161	4.77e-157
11	CYR61	0.348031329	0.698	0.313	1.01e-112	2.63e-108
11	ATP1A1	0.346958301	0.92	0.594	7.11e-88	1.86e-83
11	RPN2	0.346473615	0.903	0.587	6.73e-95	1.7599999999999998e-90
11	ZNF813	0.346456658	0.676	0.146	0.0	0.0
11	FXYD3	0.346256014	0.744	0.328	7.1e-139	1.8599999999999998e-134
11	ARFGEF3	0.345831718	0.968	0.7	4.42e-63	1.16e-58
11	PHB	0.345657537	0.882	0.548	6.74e-98	1.76e-93
11	RPL36AL	0.345550911	0.897	0.711	2.82e-62	7.38e-58
11	TMC4	0.345511308	0.829	0.304	1.47e-217	3.86e-213
11	DDX60	0.345472631	0.68	0.194	2.7599999999999998e-278	7.23e-274
11	EPPK1	0.345408276	0.677	0.167	0.0	0.0
11	RAI14	0.345113831	0.804	0.378	7.45e-129	1.95e-124
11	RPL35A	0.344606051	0.972	0.917	1.5499999999999997e-54	4.06e-50
11	AC016730.1	0.3444421	0.322	0.002	0.0	0.0
11	ECH1	0.344144788	0.81	0.433	4.08e-114	1.0700000000000001e-109
11	ASAH1	0.343789265	0.725	0.242	3.48e-233	9.11e-229
11	AP1S1	0.342498161	0.777	0.328	1.1300000000000001e-179	2.96e-175
11	STXBP5	0.341806602	0.995	0.851	3.88e-68	1.02e-63
11	PDK4	0.341761707	0.266	0.069	4.17e-122	1.0900000000000001e-117
11	PYCR1	0.340878127	0.69	0.183	0.0	0.0
11	EBPL	0.340858542	0.796	0.352	2.9e-164	7.59e-160
11	SEC22C	0.339711269	0.824	0.403	3.41e-142	8.94e-138
11	SERPINB6	0.3396651	0.895	0.512	1.85e-107	4.83e-103
11	RPL35	0.339516876	0.967	0.914	6.18e-59	1.6199999999999998e-54
11	TSC22D3	0.339474141	0.662	0.203	2.63e-247	6.88e-243
11	NOP53	0.339191614	0.811	0.39	7.48e-141	1.96e-136
11	FAAH	0.339042842	0.712	0.18	0.0	0.0
11	NDUFV3	0.338585807	0.878	0.553	6.44e-100	1.69e-95
11	ZNF217	0.338172088	0.843	0.388	8.199999999999999e-119	2.15e-114
11	NDUFC1	0.337964864	0.887	0.65	8.78e-77	2.3e-72
11	OST4	0.337595316	0.895	0.709	4.0700000000000003e-66	1.07e-61
11	GOLGB1	0.335962223	0.963	0.682	1.6899999999999999e-74	4.43e-70
11	COPRS	0.335680052	0.831	0.482	4.07e-105	1.06e-100
11	METTL26	0.335023024	0.81	0.415	2.6e-130	6.819999999999999e-126
11	SEPT9	0.334814462	0.942	0.629	8.180000000000001e-79	2.14e-74
11	IDI1	0.333907942	0.787	0.416	4.97e-107	1.3e-102
11	PFDN6	0.333737474	0.716	0.198	0.0	0.0
11	STARD10	0.333227247	0.712	0.212	4.6300000000000005e-291	1.21e-286
11	SLC39A1	0.332777402	0.703	0.209	7.88e-286	2.06e-281
11	KLF4	0.332466122	0.647	0.318	6.68e-95	1.75e-90
11	SEC62	0.332201211	0.945	0.706	5.55e-81	1.45e-76
11	RHOC	0.331266617	0.794	0.36	1.2e-145	3.15e-141
11	HOXB13	0.330389472	0.881	0.47	2.89e-101	7.57e-97
11	RC3H1	0.33035573	0.923	0.701	1.06e-40	2.77e-36
11	BAX	0.329477873	0.693	0.2	1.34e-294	3.52e-290
11	PHPT1	0.329464236	0.859	0.585	3.76e-75	9.85e-71
11	PRDX2	0.328972727	0.916	0.755	4.24e-60	1.1099999999999999e-55
11	COMTD1	0.328880208	0.76	0.322	1.1500000000000001e-163	3.0199999999999997e-159
11	CROT	0.328299137	0.699	0.227	1.1499999999999999e-233	2.9999999999999997e-229
11	ZFHX3	0.32812466	0.912	0.522	1.24e-88	3.2299999999999998e-84
11	EIF4A3	0.328099549	0.913	0.637	1.0300000000000001e-71	2.6899999999999998e-67
11	SP110	0.327470213	0.691	0.199	3.14e-275	8.210000000000001e-271
11	CCNH	0.327140921	0.62	0.243	4.8e-145	1.26e-140
11	RAC3	0.326713047	0.66	0.163	0.0	0.0
11	MKNK2	0.326523389	0.755	0.32	2.1800000000000002e-156	5.6999999999999995e-152
11	EGFL7	0.325511958	0.647	0.141	0.0	0.0
11	LINC01619	0.325205132	0.59	0.373	1.83e-32	4.78e-28
11	EEPD1	0.324490312	0.693	0.304	1.13e-117	2.96e-113
11	PNKP	0.324440408	0.814	0.372	2.5699999999999998e-138	6.739999999999999e-134
11	PPP3CB-AS1	0.324315804	0.663	0.286	2.26e-117	5.91e-113
11	PDIA6	0.323544977	0.916	0.65	1.2600000000000002e-73	3.2899999999999997e-69
11	RUNDC1	0.323541264	0.722	0.27	5.05e-196	1.32e-191
11	TMED9	0.322975853	0.834	0.419	1.7899999999999998e-128	4.68e-124
11	ATP5H	0.322734516	0.9	0.699	3.22e-65	8.419999999999999e-61
11	LAMB2	0.322416532	0.674	0.159	0.0	0.0
11	TFPT	0.321995221	0.68	0.222	3.2499999999999996e-238	8.51e-234
11	SLC25A16	0.321464865	0.923	0.655	5.2700000000000005e-64	1.38e-59
11	ODC1	0.321317882	0.903	0.686	2.5799999999999997e-45	6.74e-41
11	TMEM219	0.321146132	0.832	0.467	3.7200000000000005e-103	9.73e-99
11	EEF1A2	0.320851889	0.799	0.37	4.43e-142	1.16e-137
11	PCYOX1	0.320395416	0.776	0.348	3.06e-152	8.010000000000001e-148
11	PSMD8	0.319889549	0.887	0.623	9.12e-75	2.39e-70
11	CDH7	0.319828379	0.546	0.084	0.0	0.0
11	HLA-DPB1	0.319715548	0.686	0.197	1.07e-291	2.79e-287
11	UHRF2	0.319211924	0.854	0.484	2.03e-76	5.32e-72
11	RHOBTB1	0.319130212	0.756	0.313	9.41e-154	2.46e-149
11	TMEM200A	0.319127569	0.382	0.069	4.6099999999999997e-299	1.21e-294
11	GRN	0.318729072	0.816	0.362	5.62e-157	1.47e-152
11	ARL6IP4	0.318260547	0.75	0.298	2.99e-188	7.820000000000001e-184
11	NDUFA2	0.318122855	0.873	0.627	1.51e-69	3.94e-65
11	NDUFA11	0.317837968	0.872	0.541	5.58e-87	1.46e-82
11	RPS7	0.316723738	0.965	0.921	2.55e-50	6.67e-46
11	KDM4B	0.316208838	0.906	0.55	1.89e-83	4.9500000000000003e-79
11	PARP14	0.315816003	0.835	0.359	1.47e-144	3.8499999999999996e-140
11	BRD2	0.315720391	0.91	0.637	7.18e-77	1.88e-72
11	OAS1	0.315678348	0.525	0.068	0.0	0.0
11	RPS6KA2	0.315101497	0.735	0.265	7.09e-190	1.86e-185
11	NR2F6	0.314279569	0.731	0.258	1.73e-222	4.52e-218
11	RPL24	0.314074438	0.969	0.91	8.18e-51	2.1399999999999997e-46
11	WDR13	0.313919373	0.751	0.284	5.66e-194	1.4799999999999999e-189
11	HACD1	0.313349084	0.617	0.155	0.0	0.0
11	SOX4	0.31315683	0.931	0.788	4.26e-30	1.11e-25
11	GCC2	0.312540344	0.935	0.657	5.19e-63	1.36e-58
11	CNTD1	0.311860963	0.511	0.211	7.01e-96	1.83e-91
11	ABCC1	0.311813664	0.768	0.314	1.17e-157	3.06e-153
11	NFIC	0.311319835	0.925	0.66	1.6800000000000001e-72	4.4e-68
11	PGLS	0.311304027	0.848	0.506	1.29e-94	3.37e-90
11	FAM13C	0.310955734	0.81	0.381	4.73e-126	1.24e-121
11	KRTCAP3	0.310876429	0.71	0.209	7.43e-283	1.94e-278
11	MARCKSL1	0.309924574	0.937	0.822	3.93e-46	1.03e-41
11	TMED2	0.309715377	0.864	0.55	4.9499999999999996e-92	1.3e-87
11	MT-ATP6	0.309298131	0.983	0.997	2.17e-40	5.69e-36
11	USP43	0.309230494	0.757	0.291	3.71e-166	9.72e-162
11	AFDN	0.309053278	0.975	0.744	3.8e-65	9.939999999999999e-61
11	BICD1	0.3086471	0.882	0.599	6.23e-49	1.63e-44
11	ARRDC1	0.307984019	0.615	0.118	0.0	0.0
11	TACC1	0.307899773	0.842	0.532	1.53e-66	3.99e-62
11	NFATC1	0.30786653	0.689	0.297	4.51e-118	1.18e-113
11	ADAR	0.307051932	0.892	0.519	8.66e-98	2.27e-93
11	RAB8B	0.30697205	0.786	0.33	1.23e-155	3.22e-151
11	PHF12	0.306765468	0.82	0.493	1.4e-74	3.6800000000000004e-70
11	SERPINI1	0.30664692	0.751	0.438	2.25e-53	5.9e-49
11	SERTAD1	0.306192756	0.725	0.375	7.37e-91	1.93e-86
11	MEX3D	0.306035281	0.655	0.157	0.0	0.0
11	CRABP2	0.306010327	0.665	0.225	3.84e-206	1.01e-201
11	PLAGL1	0.305539545	0.552	0.181	1.48e-172	3.88e-168
11	C19orf70	0.305460816	0.804	0.43	5.55e-108	1.4500000000000002e-103
11	ERN1	0.304996713	0.82	0.442	1.9e-87	4.98e-83
11	IRX4	0.304920449	0.593	0.085	0.0	0.0
11	ARF6	0.304699204	0.789	0.438	2.96e-103	7.74e-99
11	SLC2A12	0.3045592	0.583	0.147	3.76e-283	9.84e-279
11	PTRHD1	0.30449668	0.781	0.405	3.08e-111	8.07e-107
11	SLC16A3	0.304468078	0.71	0.261	2.25e-182	5.89e-178
11	OSER1	0.304434551	0.779	0.395	2.83e-112	7.419999999999999e-108
11	PRDX5	0.304106044	0.874	0.629	3.5399999999999997e-62	9.27e-58
11	IRS2	0.303515155	0.853	0.518	2.22e-75	5.8e-71
11	ZDHHC9	0.302951368	0.627	0.185	2.66e-252	6.960000000000001e-248
11	GAMT	0.302334509	0.752	0.356	2.2400000000000002e-132	5.87e-128
11	EPHX1	0.302091518	0.857	0.415	9.33e-131	2.44e-126
11	LAMTOR2	0.301727121	0.817	0.455	7.8e-102	2.04e-97
11	SHROOM1	0.30110739	0.583	0.114	0.0	0.0
11	GADD45GIP1	0.300937228	0.85	0.541	6.679999999999999e-81	1.75e-76
11	MT-ND6	0.30086659	0.825	0.467	8e-83	2.09e-78
11	EIF3I	0.300764149	0.844	0.474	1.85e-105	4.84e-101
11	LIMCH1	0.300334798	0.891	0.49	3.16e-76	8.28e-72
11	ZNF703	0.30032261	0.578	0.15	1.47e-280	3.85e-276
11	ADGRF1	0.300308443	0.49	0.114	5.67e-262	1.4800000000000002e-257
11	CLTA	0.300095065	0.904	0.693	1.9800000000000002e-64	5.19e-60
11	SLC39A6	0.300078226	0.785	0.352	4.8599999999999995e-146	1.27e-141
11	TFAP2C	0.29993791	0.687	0.213	1.0899999999999999e-241	2.85e-237
11	ELOVL7	0.299848063	0.752	0.322	8.739999999999999e-128	2.2900000000000002e-123
11	SHISA6	0.299342783	0.637	0.177	2.3800000000000002e-265	6.22e-261
11	TMEM263	0.29907854	0.795	0.388	5.9899999999999996e-114	1.57e-109
11	SOX9	0.298938879	0.768	0.51	4.99e-41	1.31e-36
11	ABHD11	0.298876473	0.686	0.192	2.5699999999999996e-292	6.729999999999999e-288
11	RAB3D	0.29860111	0.661	0.169	0.0	0.0
11	TMEM251	0.298589482	0.696	0.22	1.38e-251	3.6200000000000004e-247
11	CLDN7	0.298539489	0.783	0.303	2.76e-169	7.229999999999999e-165
11	NT5C	0.298184644	0.761	0.304	8.86e-181	2.32e-176
11	NDUFAF3	0.298120599	0.749	0.337	6.37e-145	1.67e-140
11	HLA-C	0.297945709	0.905	0.515	1.45e-81	3.7900000000000004e-77
11	TCEA3	0.297880185	0.851	0.398	4.0499999999999997e-137	1.0600000000000001e-132
11	TSPAN15	0.297868469	0.904	0.486	6.53e-95	1.7099999999999999e-90
11	ACLY	0.297714378	0.89	0.559	7.69e-82	2.01e-77
11	TMC1	0.297598085	0.461	0.077	0.0	0.0
11	DPP4	0.297300797	0.47	0.027	0.0	0.0
11	BARD1	0.296266812	0.834	0.588	1.4e-29	3.6499999999999998e-25
11	CNP	0.296049189	0.757	0.29	2.3800000000000002e-193	6.23e-189
11	SERP1	0.295751939	0.903	0.673	1e-58	2.62e-54
11	NDUFS6	0.295676432	0.906	0.68	4.83e-61	1.26e-56
11	PRRC2A	0.295334777	0.781	0.338	1.2400000000000001e-155	3.24e-151
11	RAB1B	0.295249109	0.741	0.297	1.05e-177	2.75e-173
11	FBXO2	0.294973748	0.588	0.118	0.0	0.0
11	C1orf21	0.294179217	0.848	0.564	1e-48	2.63e-44
11	MT-CO1	0.294081213	0.98	0.998	1.77e-44	4.63e-40
11	CBLC	0.29399743	0.6	0.111	0.0	0.0
11	RHOU	0.293995015	0.612	0.194	2.2500000000000002e-206	5.88e-202
11	PKP1	0.293409101	0.534	0.05	0.0	0.0
11	MRPL32	0.292625529	0.792	0.36	2.4700000000000002e-145	6.45e-141
11	CERS4	0.29248242	0.77	0.313	4.1200000000000004e-160	1.08e-155
11	ZNF350	0.292377764	0.604	0.16	4.27e-275	1.12e-270
11	FAT1	0.291820654	0.836	0.422	3.36e-107	8.790000000000001e-103
11	HNRNPF	0.291636838	0.929	0.711	1.4699999999999998e-67	3.85e-63
11	TUFM	0.290742896	0.828	0.446	3.77e-105	9.87e-101
11	RPL22	0.290547426	0.964	0.896	7.19e-53	1.8799999999999998e-48
11	DNASE2B	0.290424852	0.441	0.025	0.0	0.0
11	STEAP2-AS1	0.289978139	0.593	0.155	1.04e-267	2.7099999999999998e-263
11	IER5L	0.289840097	0.639	0.245	1.46e-157	3.83e-153
11	EGFR	0.289520406	0.81	0.374	3.64e-108	9.54e-104
11	SURF4	0.289493121	0.81	0.365	7.97e-147	2.09e-142
11	AAED1	0.289487938	0.551	0.113	0.0	0.0
11	RRBP1	0.289258642	0.874	0.44	5.2200000000000004e-105	1.37e-100
11	POTEG	0.289214523	0.469	0.044	0.0	0.0
11	MRPS7	0.289171278	0.858	0.481	6.869999999999999e-104	1.8e-99
11	RPS3A	0.289001556	0.97	0.931	4.2400000000000003e-44	1.1099999999999999e-39
11	COPB2	0.288968525	0.886	0.545	1.8700000000000003e-80	4.88e-76
11	MAPK10	0.28857123	0.99	0.865	1.14e-28	2.98e-24
11	PLEC	0.288493192	0.782	0.313	4.81e-174	1.26e-169
11	PDE4C	0.287713545	0.474	0.24	5.69e-54	1.49e-49
11	SYPL1	0.287398263	0.854	0.449	4.84e-108	1.2700000000000002e-103
11	RPS8	0.287164804	0.969	0.918	3.6e-41	9.420000000000001e-37
11	FAM173A	0.286655732	0.717	0.259	6.53e-201	1.71e-196
11	CTNNBIP1	0.286412796	0.776	0.341	2.0900000000000002e-148	5.48e-144
11	GCSH	0.286184963	0.715	0.258	2.14e-202	5.61e-198
11	TSPYL1	0.286024656	0.75	0.324	3.62e-156	9.48e-152
11	SAT2	0.285619701	0.674	0.185	9.77e-295	2.5599999999999998e-290
11	TMEM87A	0.285197369	0.964	0.772	4.73e-38	1.2400000000000001e-33
11	TNFRSF18	0.284769633	0.588	0.103	0.0	0.0
11	MFSD3	0.284619893	0.657	0.178	1.14e-293	3.0000000000000003e-289
11	OAS2	0.284424655	0.514	0.074	0.0	0.0
11	ADAM15	0.284411246	0.668	0.184	1.15e-294	3.02e-290
11	IAH1	0.283027534	0.825	0.435	9.11e-110	2.3800000000000002e-105
11	TP53I13	0.282641768	0.682	0.198	6.490000000000001e-273	1.7e-268
11	MRPS16	0.281105347	0.91	0.688	5.34e-57	1.4e-52
11	TXNDC16	0.280652419	0.774	0.412	5.589999999999999e-81	1.46e-76
11	NECTIN2	0.280612218	0.854	0.432	6.1e-115	1.6e-110
11	CYB5A	0.280553301	0.809	0.434	2.33e-100	6.11e-96
11	SLC16A1	0.280134403	0.841	0.442	4.54e-103	1.19e-98
11	IFI35	0.279696429	0.661	0.192	3.9e-266	1.02e-261
11	UQCC3	0.279326651	0.768	0.338	2.62e-145	6.86e-141
11	TMEM147	0.279186805	0.812	0.445	6.17e-97	1.61e-92
11	LINC00276	0.279150408	0.368	0.033	0.0	0.0
11	NUDT9	0.27884409	0.783	0.346	4.73e-141	1.24e-136
11	RNF213	0.278711423	0.947	0.627	2.75e-63	7.2e-59
11	TUBB6	0.278651067	0.742	0.324	7.299999999999999e-140	1.91e-135
11	ADH5	0.278504582	0.795	0.368	4.6599999999999995e-138	1.2200000000000001e-133
11	FKBP5	0.278496405	0.83	0.453	6.34e-76	1.66e-71
11	TMEM217	0.278361871	0.426	0.15	4.56e-117	1.19e-112
11	HMG20B	0.277899442	0.737	0.28	3.56e-183	9.330000000000001e-179
11	ALDH3A2	0.277461699	0.821	0.419	2.8600000000000003e-107	7.470000000000001e-103
11	HAGHL	0.277412546	0.597	0.124	0.0	0.0
11	SSR4	0.277175752	0.89	0.649	6.11e-55	1.6e-50
11	ADI1	0.277095367	0.856	0.564	7.340000000000001e-71	1.92e-66
11	ADRA2A	0.276915422	0.59	0.276	1.8000000000000002e-86	4.71e-82
11	SNED1	0.276834549	0.751	0.314	4.8099999999999996e-142	1.2599999999999999e-137
11	LSAMP	0.276464004	0.925	0.747	1.21e-28	3.17e-24
11	ALKBH7	0.276142367	0.782	0.393	7.75e-108	2.0300000000000002e-103
11	AK4	0.276105895	0.741	0.309	1.09e-152	2.86e-148
11	TMED10	0.275492283	0.899	0.613	4.84e-69	1.2700000000000001e-64
11	CANX	0.274126141	0.943	0.727	2.64e-57	6.92e-53
11	STX3	0.273484851	0.673	0.285	1.25e-127	3.28e-123
11	PARP10	0.273357787	0.616	0.119	0.0	0.0
11	GTF3C1	0.273327329	0.846	0.482	7.97e-79	2.08e-74
11	MPG	0.273201095	0.756	0.323	7.14e-152	1.8699999999999998e-147
11	LAMTOR4	0.273034213	0.867	0.551	6.87e-73	1.7999999999999998e-68
11	SDF4	0.273024884	0.784	0.34	1.3599999999999998e-150	3.5499999999999997e-146
11	SLC39A7	0.272837659	0.754	0.306	5.1500000000000006e-163	1.35e-158
11	BAIAP2	0.272755671	0.82	0.418	2.95e-95	7.709999999999999e-91
11	DSP	0.272533676	0.78	0.317	2.88e-152	7.55e-148
11	MRPS34	0.272468051	0.794	0.411	3.9e-110	1.02e-105
11	APPL2	0.272217455	0.919	0.581	4.26e-63	1.11e-58
11	TMEM98	0.2712081	0.854	0.459	3.18e-101	8.31e-97
11	CSTB	0.27114338	0.881	0.644	1.41e-56	3.69e-52
11	GLUD1	0.270854874	0.701	0.289	9.539999999999999e-136	2.4999999999999997e-131
11	FAM213A	0.270810803	0.943	0.774	1.04e-58	2.72e-54
11	KTN1	0.270083838	0.951	0.764	4.3e-56	1.12e-51
11	ARL1	0.270061801	0.782	0.38	8.54e-122	2.2300000000000003e-117
11	MARC1	0.269923594	0.613	0.155	1.24e-298	3.23e-294
11	STAP2	0.26987343	0.69	0.192	2.81e-286	7.349999999999999e-282
11	MFSD4A	0.269529691	0.536	0.148	5.67e-224	1.49e-219
11	HDAC1	0.269456551	0.876	0.499	4.18e-94	1.0999999999999999e-89
11	WASHC2A	0.268433815	0.607	0.18	6.419999999999999e-230	1.6799999999999998e-225
11	TBCA	0.268291969	0.961	0.82	5.5e-53	1.44e-48
11	IMPAD1	0.267741421	0.828	0.423	1.1e-107	2.8700000000000003e-103
11	ZRSR2	0.267658602	0.576	0.215	2.68e-144	7.029999999999999e-140
11	MT-CO3	0.267599699	0.988	0.999	3.07e-38	8.03e-34
11	AAK1	0.267463627	0.838	0.594	1.2800000000000001e-27	3.34e-23
11	HDAC4	0.266124873	0.855	0.543	1.55e-50	4.06e-46
11	ARHGAP27	0.266013151	0.601	0.151	2.08e-296	5.4299999999999995e-292
11	LDHA	0.265984395	0.792	0.493	4.62e-42	1.2100000000000002e-37
11	DAD1	0.265766549	0.891	0.659	2.3799999999999997e-54	6.24e-50
11	ATP10A	0.26567925	0.423	0.041	0.0	0.0
11	MRPS12	0.265416004	0.703	0.26	1.27e-184	3.3299999999999996e-180
11	TMEM47	0.264685229	0.446	0.075	0.0	0.0
11	NANS	0.264370895	0.743	0.322	1.51e-141	3.9499999999999997e-137
11	KRT14	0.264336019	0.405	0.015	0.0	0.0
11	VCP	0.264192511	0.919	0.601	9.97e-71	2.61e-66
11	SFRP1	0.264062377	0.53	0.079	0.0	0.0
11	SLC35E1	0.263879153	0.778	0.346	6.19e-140	1.62e-135
11	UBAP1	0.26375064	0.83	0.535	1.23e-49	3.2199999999999996e-45
11	KIAA1522	0.263471341	0.795	0.339	3.06e-147	8.02e-143
11	ITGAV	0.263439768	0.801	0.451	3.88e-62	1.02e-57
11	SLC37A1	0.263013953	0.894	0.546	2.79e-64	7.3e-60
11	GTF2H5	0.262804519	0.793	0.444	2.66e-92	6.97e-88
11	CHCHD10	0.262673197	0.739	0.329	7.2e-134	1.8900000000000002e-129
11	EPHX2	0.262652163	0.65	0.144	0.0	0.0
11	RAB32	0.262375183	0.709	0.302	3.86e-134	1.0100000000000001e-129
11	HS6ST1	0.262271372	0.703	0.288	7.14e-144	1.87e-139
11	TP53TG1	0.262190168	0.679	0.215	8.709999999999999e-234	2.28e-229
11	ZNF577	0.262031008	0.85	0.428	1.32e-96	3.47e-92
11	TMEM87B	0.261809091	0.783	0.325	2.48e-151	6.49e-147
11	MRPL14	0.261763646	0.797	0.459	1.0299999999999999e-84	2.7e-80
11	BUD23	0.261750274	0.874	0.516	2.66e-79	6.95e-75
11	AKR1A1	0.261377849	0.78	0.345	7.59e-142	1.9899999999999999e-137
11	FAM210B	0.261112165	0.81	0.45	2.55e-88	6.69e-84
11	FKBP10	0.260893534	0.749	0.277	7.15e-187	1.87e-182
11	SELENOS	0.259662396	0.815	0.447	1.9e-91	4.9800000000000005e-87
11	CISD3	0.259544105	0.734	0.34	9.73e-125	2.55e-120
11	DUSP14	0.259525687	0.65	0.282	1.79e-117	4.68e-113
11	SLC22A17	0.259525137	0.632	0.177	2.03e-267	5.32e-263
11	SLC50A1	0.259412605	0.728	0.266	1.99e-189	5.21e-185
11	DUS1L	0.259281833	0.749	0.319	5.02e-146	1.31e-141
11	MAFF	0.259160993	0.61	0.264	1.1e-107	2.8800000000000003e-103
11	AURKAIP1	0.258944056	0.869	0.593	2.53e-60	6.620000000000001e-56
11	PTPN13	0.258926416	0.872	0.505	3.1000000000000003e-72	8.11e-68
11	ATP6V0E2	0.258781706	0.717	0.293	2.04e-152	5.34e-148
11	DECR1	0.258416319	0.884	0.476	9.07e-100	2.37e-95
11	SLC3A1	0.258269163	0.64	0.259	1.78e-125	4.66e-121
11	GLIPR2	0.258002855	0.598	0.102	0.0	0.0
11	JPT2	0.257698809	0.788	0.363	9.709999999999999e-136	2.54e-131
11	TMEM123	0.257638359	0.91	0.601	2.02e-64	5.3e-60
11	NDUFB4	0.257473258	0.888	0.712	2.4599999999999998e-48	6.43e-44
11	SPDYA	0.257429569	0.561	0.27	3.51e-71	9.18e-67
11	NFIL3	0.256923269	0.708	0.326	8.3e-107	2.17e-102
11	HDAC9	0.256871573	0.813	0.58	1.27e-20	3.32e-16
11	CYC1	0.256333869	0.85	0.498	1.46e-77	3.8300000000000006e-73
11	DACT2	0.256265049	0.464	0.047	0.0	0.0
11	PLEKHH3	0.25614488	0.714	0.272	4.27e-171	1.1200000000000001e-166
11	HLA-A	0.25548673	0.854	0.502	5.26e-76	1.38e-71
11	MYO1C	0.254707703	0.682	0.241	7.299999999999999e-189	1.91e-184
11	CITED4	0.254632152	0.626	0.178	4.36e-253	1.1400000000000001e-248
11	SNX3	0.254575899	0.884	0.596	3.0599999999999997e-61	8.000000000000001e-57
11	ZBTB7A	0.254027809	0.752	0.309	4.6199999999999997e-153	1.21e-148
11	AP1M2	0.253900337	0.71	0.23	9.310000000000001e-227	2.44e-222
11	GANAB	0.253899756	0.763	0.311	4.63e-158	1.21e-153
11	DUSP3	0.251944978	0.652	0.224	2.15e-195	5.62e-191
11	TCEAL4	0.25177826	0.886	0.592	1.89e-69	4.94e-65
11	LRPAP1	0.251481432	0.774	0.33	4.3100000000000004e-148	1.13e-143
11	MCRIP2	0.250953268	0.627	0.159	0.0	0.0
11	DDX21	0.250672472	0.949	0.769	8.28e-44	2.17e-39
11	ACAT2	0.25064361	0.721	0.322	3.19e-122	8.35e-118
11	UBXN4	0.250620282	0.945	0.737	1.48e-48	3.8700000000000003e-44
12	MROH2A	2.386040814	0.729	0.436	1.2899999999999998e-150	3.3899999999999996e-146
12	PLA2G2A	2.257686518	0.534	0.341	3.23e-64	8.45e-60
12	RPL12	1.82757034	0.988	0.921	0.0	0.0
12	NPC2	1.823166915	0.69	0.522	6.5399999999999996e-111	1.71e-106
12	RPL23	1.788460714	0.983	0.921	0.0	0.0
12	RPS17	1.756609789	0.951	0.867	3.66e-287	9.58e-283
12	RPS20	1.754103868	0.983	0.919	0.0	0.0
12	RPL31	1.746013273	0.891	0.83	3.54e-223	9.26e-219
12	RPL34	1.733801822	0.988	0.935	0.0	0.0
12	RPS27	1.730554332	0.999	0.956	0.0	0.0
12	RPS4X	1.710462222	0.978	0.908	2.78e-291	7.279999999999999e-287
12	RPS29	1.690842153	0.971	0.919	1.19e-249	3.1100000000000003e-245
12	RPL37	1.665997437	0.999	0.95	0.0	0.0
12	RPL7	1.661036313	0.974	0.903	0.0	0.0
12	RPL39	1.660730501	0.995	0.946	0.0	0.0
12	EEF1A1	1.648304255	0.999	0.976	0.0	0.0
12	RPL13A	1.643707151	0.984	0.925	0.0	0.0
12	RPS6	1.64190901	0.987	0.916	0.0	0.0
12	TRGC1	1.639681513	0.649	0.402	1.9999999999999999e-115	5.24e-111
12	RPS18	1.612133853	0.994	0.963	0.0	0.0
12	RPL37A	1.599603502	0.995	0.954	2.4100000000000002e-307	6.31e-303
12	VIM	1.586220563	0.473	0.471	2.43e-12	6.37e-08
12	RPL30	1.577846738	0.991	0.95	0.0	0.0
12	RPS8	1.572404756	0.984	0.918	0.0	0.0
12	RPS3A	1.571983696	0.986	0.931	0.0	0.0
12	TRGC2	1.564320686	0.557	0.356	1.68e-85	4.389999999999999e-81
12	PSME1	1.562961825	0.67	0.587	1.92e-97	5.02e-93
12	RPS24	1.554251787	0.999	0.982	0.0	0.0
12	RPS11	1.539824419	0.971	0.907	2.75e-303	7.21e-299
12	RPL10A	1.536683623	0.955	0.884	5.53e-272	1.4499999999999999e-267
12	RPL9	1.536074231	0.97	0.914	1.39e-298	3.6500000000000004e-294
12	RPL41	1.526089791	0.999	0.98	0.0	0.0
12	RPL35A	1.518024422	0.977	0.917	6.47e-306	1.69e-301
12	RPL6	1.516010082	0.974	0.923	1.3499999999999998e-298	3.55e-294
12	RPL15	1.512798308	0.969	0.903	1.34e-279	3.52e-275
12	RPLP1	1.510674321	1.0	0.984	0.0	0.0
12	RPL38	1.50613992	0.969	0.926	2.98e-239	7.79e-235
12	S100A10	1.50574293	0.774	0.572	2.96e-132	7.749999999999999e-128
12	RPS28	1.504852458	0.994	0.957	0.0	0.0
12	RPL28	1.492532963	0.99	0.945	0.0	0.0
12	NACA	1.4875977	0.927	0.881	5.69e-225	1.49e-220
12	RPS25	1.486729184	0.966	0.907	5.57e-287	1.4599999999999998e-282
12	PRAC1	1.485866476	0.864	0.773	6.5099999999999994e-170	1.7e-165
12	RPL22	1.473950733	0.956	0.896	4.13e-275	1.08e-270
12	MYL12B	1.466629153	0.787	0.758	7.729999999999999e-141	2.02e-136
12	RPL7A	1.46609159	0.975	0.918	4.35e-264	1.1400000000000001e-259
12	RPS3	1.449604361	0.965	0.912	4.05e-243	1.06e-238
12	RPL23A	1.442847395	0.986	0.936	0.0	0.0
12	RPS15A	1.433967406	0.986	0.919	1.89e-283	4.9599999999999996e-279
12	TPT1	1.429692251	0.955	0.895	1.09e-249	2.85e-245
12	RPL27A	1.426698092	0.795	0.773	2.79e-142	7.3e-138
12	RPS26	1.426514995	0.947	0.901	1.37e-236	3.6e-232
12	RPL36	1.423042861	0.982	0.923	8.77e-267	2.2899999999999999e-262
12	UQCRB	1.416861258	0.853	0.823	1.0500000000000001e-166	2.75e-162
12	FTL	1.414123759	0.903	0.845	8.449999999999999e-170	2.21e-165
12	RPS27A	1.413673407	0.979	0.929	1.4e-304	3.67e-300
12	RPL13	1.407101402	0.932	0.885	2.2e-214	5.7700000000000004e-210
12	RPL11	1.400431055	0.978	0.927	2.1400000000000002e-272	5.599999999999999e-268
12	RPL32	1.397267963	0.968	0.927	8.48e-269	2.22e-264
12	PRDX1	1.395669446	0.788	0.756	8.14e-130	2.13e-125
12	RPS2	1.395127157	0.986	0.946	6.6e-241	1.73e-236
12	OST4	1.391821967	0.732	0.713	7.46e-113	1.95e-108
12	RPL5	1.390669693	0.952	0.909	6.02e-259	1.58e-254
12	RPL29	1.377947846	0.939	0.891	6.76e-190	1.7700000000000003e-185
12	RPL26	1.374863982	0.916	0.848	2.93e-209	7.66e-205
12	DSTN	1.36423316	0.849	0.827	1.4700000000000002e-163	3.8499999999999997e-159
12	RPS12	1.363801247	0.968	0.913	3.77e-249	9.86e-245
12	PFDN5	1.35299872	0.83	0.811	4.1799999999999997e-159	1.09e-154
12	RPL3	1.341722537	0.909	0.87	5.159999999999999e-197	1.3500000000000002e-192
12	MSMB	1.336915871	0.425	0.321	2.71e-23	7.08e-19
12	COX7C	1.321667306	0.864	0.842	4.51e-177	1.1799999999999998e-172
12	HOXB13	1.316851286	0.599	0.477	1.33e-69	3.48e-65
12	NDUFB4	1.310532839	0.692	0.716	2.11e-71	5.53e-67
12	GLO1	1.300752629	0.757	0.732	2.6599999999999997e-104	6.95e-100
12	RPL21	1.294492421	0.947	0.895	4.68e-227	1.22e-222
12	RACK1	1.29309933	0.914	0.884	4.95e-190	1.3000000000000001e-185
12	B2M	1.290842815	0.847	0.811	1.19e-133	3.11e-129
12	SRP14	1.289051608	0.771	0.77	1.37e-115	3.6e-111
12	RPS14	1.283758008	0.977	0.933	3.29e-281	8.609999999999999e-277
12	RPS13	1.283636569	0.886	0.855	8.76e-177	2.2899999999999998e-172
12	RPLP2	1.282698293	0.91	0.87	1.37e-201	3.5799999999999996e-197
12	SERF2	1.282259604	0.945	0.891	2.14e-218	5.61e-214
12	RPS15	1.28192128	0.986	0.928	5.74e-266	1.5e-261
12	RPS23	1.268050046	0.948	0.894	3.22e-213	8.430000000000001e-209
12	RPL10	1.266160526	0.979	0.94	9.7e-204	2.54e-199
12	RPL35	1.263075391	0.943	0.915	2.57e-228	6.71e-224
12	RPL24	1.260930026	0.949	0.91	3.2400000000000003e-226	8.49e-222
12	S100A11	1.259775497	0.638	0.586	3.54e-59	9.26e-55
12	FTH1	1.255443561	0.99	0.96	2.2200000000000003e-208	5.82e-204
12	RPL14	1.250491798	0.903	0.875	1.38e-183	3.61e-179
12	CSTB	1.245179616	0.618	0.65	6.26e-53	1.6399999999999998e-48
12	RPL19	1.239273875	0.964	0.917	8.350000000000001e-213	2.1900000000000004e-208
12	GAS5	1.238430785	0.597	0.666	5.090000000000001e-37	1.33e-32
12	RPLP0	1.229689149	0.901	0.886	1.21e-164	3.17e-160
12	NDUFC1	1.228031307	0.636	0.655	1.97e-59	5.1599999999999994e-55
12	UBA52	1.224881197	0.922	0.88	2.08e-203	5.4399999999999995e-199
12	RPSA	1.208323762	0.892	0.866	3.9900000000000005e-163	1.04e-158
12	HLA-C	1.200518063	0.627	0.521	4.97e-66	1.2999999999999999e-61
12	LDHB	1.194877057	0.532	0.566	2.01e-31	5.270000000000001e-27
12	RPS4Y1	1.191516722	0.771	0.808	9.34e-105	2.4400000000000003e-100
12	PRDX6	1.185859096	0.569	0.561	6.23e-41	1.63e-36
12	TFF1	1.176649145	0.391	0.332	9.79e-14	2.56e-09
12	H2AFJ	1.176336805	0.506	0.452	1.35e-33	3.53e-29
12	COCH	1.162850074	0.384	0.459	0.000521291	1.0
12	RPL27	1.161641167	0.922	0.895	5.2e-169	1.36e-164
12	TOMM7	1.158902441	0.8	0.809	1.4500000000000001e-118	3.79e-114
12	RPS16	1.157645792	0.956	0.908	8.399999999999999e-197	2.2e-192
12	C6orf48	1.151033501	0.514	0.565	5.61e-24	1.47e-19
12	ATP5I	1.143171985	0.731	0.789	1.1e-71	2.8899999999999997e-67
12	DMKN	1.135603287	0.429	0.348	3.97e-32	1.0400000000000002e-27
12	UBL5	1.13381653	0.8	0.806	5.41e-103	1.42e-98
12	ATP5G2	1.129816216	0.762	0.808	4.84e-94	1.2699999999999998e-89
12	RPL8	1.129726624	0.97	0.935	1.75e-187	4.58e-183
12	ATP5E	1.12593465	0.895	0.882	1.85e-132	4.849999999999999e-128
12	RPL18	1.120895432	0.948	0.916	2.6499999999999998e-138	6.919999999999999e-134
12	SNHG6	1.113088752	0.799	0.835	2.3e-94	6.02e-90
12	LRRC75A-AS1	1.102620246	0.648	0.718	1.2e-44	3.1399999999999997e-40
12	AL589182.1	1.102183784	0.37	0.315	1.83e-15	4.79e-11
12	RPS21	1.102080076	0.94	0.942	5.79e-139	1.5099999999999998e-134
12	MYL12A	1.101779604	0.617	0.637	5.64e-43	1.48e-38
12	MYL6	1.099866813	0.947	0.924	4.83e-152	1.26e-147
12	RPS7	1.097046229	0.936	0.922	1.73e-143	4.52e-139
12	DHRS7	1.0963504	0.571	0.641	3.97e-25	1.04e-20
12	NDUFA1	1.089460807	0.579	0.684	9e-28	2.3499999999999997e-23
12	NUPR1	1.083716495	0.406	0.413	5.59e-10	1.46e-05
12	TCEAL9	1.08203787	0.536	0.616	1.3400000000000002e-21	3.49e-17
12	NDUFB1	1.080912483	0.599	0.69	1.6800000000000002e-32	4.39e-28
12	ROMO1	1.07170254	0.604	0.707	3.63e-31	9.51e-27
12	TMA7	1.063940768	0.852	0.843	2.84e-119	7.44e-115
12	RPS9	1.062146708	0.874	0.868	3.59e-131	9.39e-127
12	EEF1B2	1.058848754	0.734	0.769	2.96e-75	7.74e-71
12	PCBD1	1.056381982	0.629	0.689	2.6900000000000003e-47	7.04e-43
12	SEC11A	1.050126033	0.666	0.742	8.370000000000001e-57	2.19e-52
12	RPL18A	1.049247442	0.914	0.893	3.19e-120	8.34e-116
12	RPS19	1.048600901	0.97	0.945	4.9099999999999996e-180	1.29e-175
12	BRI3	1.042634054	0.594	0.674	4.73e-35	1.24e-30
12	LGALS3	1.041720043	0.4	0.344	4.3e-18	1.12e-13
12	HLA-B	1.041116579	0.571	0.516	1.6100000000000001e-35	4.21e-31
12	BTF3	1.039321174	0.8	0.819	6.45e-99	1.69e-94
12	ATP5H	1.036453256	0.64	0.704	1.2699999999999999e-48	3.33e-44
12	SELENOW	1.023602598	0.603	0.692	1.35e-33	3.53e-29
12	SRSF9	1.015384441	0.636	0.73	5.77e-38	1.51e-33
12	SOD1	1.01104781	0.766	0.82	4.99e-83	1.31e-78
12	PLA2G7	1.009406967	0.371	0.329	2.46e-15	6.44e-11
12	HSP90AB1	1.007214224	0.936	0.917	8.5e-136	2.2199999999999999e-131
12	GPX4	1.005994615	0.591	0.674	6.94e-30	1.82e-25
12	BRK1	0.998452248	0.601	0.684	9.24e-38	2.42e-33
12	CD63	0.993792039	0.775	0.822	8.14e-74	2.1299999999999998e-69
12	FXYD3	0.988825633	0.322	0.336	1.21e-05	0.316154643
12	UBB	0.987054045	0.814	0.841	2.3900000000000002e-88	6.25e-84
12	SLC25A5	0.984028914	0.591	0.692	1.21e-25	3.1600000000000003e-21
12	GNG5	0.981535123	0.542	0.629	4.77e-21	1.25e-16
12	TMEM258	0.981476834	0.623	0.723	1.9500000000000002e-35	5.11e-31
12	NSA2	0.975679765	0.481	0.604	1.24e-09	3.24e-05
12	TMEM59	0.973666254	0.677	0.762	3.96e-49	1.04e-44
12	TCEAL4	0.971554357	0.51	0.599	1.16e-15	3.04e-11
12	POLR2L	0.968433944	0.483	0.584	4.7e-12	1.23e-07
12	CPNE3	0.960199549	0.547	0.633	5.2600000000000004e-21	1.38e-16
12	SUMO2	0.94813324	0.904	0.881	3.7900000000000005e-129	9.92e-125
12	RPS5	0.945638318	0.884	0.873	2.18e-102	5.71e-98
12	RGS10	0.943492897	0.33	0.319	2.22e-09	5.81e-05
12	ARPC3	0.94260962	0.542	0.648	2e-19	5.23e-15
12	UQCRQ	0.942538071	0.744	0.801	9.16e-60	2.4e-55
12	C4orf3	0.937696522	0.427	0.528	2.38e-06	0.062194503
12	CHCHD1	0.936502122	0.566	0.67	4.65e-23	1.22e-18
12	RHOC	0.934822354	0.352	0.369	4.76e-08	0.001245365
12	TCEA1	0.933047793	0.688	0.786	3.24e-49	8.47e-45
12	BEX3	0.93245282	0.716	0.791	5.39e-54	1.41e-49
12	COX7B	0.930939131	0.597	0.71	1.45e-25	3.8000000000000005e-21
12	DBI	0.930438586	0.547	0.636	3.03e-20	7.93e-16
12	REXO2	0.929825093	0.412	0.445	5.99e-10	1.57e-05
12	TSTD1	0.928315289	0.513	0.568	2.44e-20	6.39e-16
12	EDF1	0.92708608	0.63	0.724	8.46e-38	2.22e-33
12	CYB5A	0.924315538	0.368	0.443	0.00020052	1.0
12	SNHG8	0.92325698	0.386	0.439	7.87e-07	0.020604889
12	OAZ1	0.922477113	0.696	0.781	4.3000000000000003e-47	1.13e-42
12	UQCRH	0.921673646	0.799	0.824	3.91e-86	1.02e-81
12	ANXA5	0.921160824	0.427	0.536	5.55e-06	0.14539894
12	SNRPD2	0.915282531	0.744	0.787	1.27e-65	3.3299999999999996e-61
12	NKX3-1	0.909641613	0.431	0.398	3.8e-13	9.96e-09
12	SDC2	0.90734794	0.434	0.5	7.21e-05	1.0
12	RPL36AL	0.907118537	0.626	0.716	1.9500000000000002e-35	5.100000000000001e-31
12	ZG16B	0.906578185	0.332	0.294	2.42e-13	6.34e-09
12	GGCT	0.906116239	0.373	0.468	0.001545885	1.0
12	CDC42	0.904791895	0.716	0.824	1.94e-56	5.0899999999999994e-52
12	VDAC1	0.903958662	0.521	0.652	5.12e-14	1.34e-09
12	KRTCAP2	0.900727019	0.362	0.426	8.7e-05	1.0
12	EIF3E	0.886711679	0.618	0.747	1.76e-28	4.61e-24
12	MIF	0.886278742	0.386	0.424	1.33e-08	0.000349355
12	ATRAID	0.884498929	0.395	0.437	1.05e-08	0.000274176
12	CNFN	0.883560675	0.279	0.296	0.000751228	1.0
12	RAB25	0.877487619	0.3	0.301	2.18e-06	0.056992763
12	HSPE1	0.876561818	0.649	0.756	1.4800000000000001e-33	3.8600000000000003e-29
12	NDUFA3	0.873443013	0.412	0.543	0.003086374	1.0
12	CENPX	0.871364769	0.503	0.603	1.52e-13	3.98e-09
12	PFN1	0.870449546	0.696	0.77	2.0100000000000003e-43	5.26e-39
12	HEBP2	0.870314111	0.457	0.581	7.81e-07	0.020448319
12	LAMTOR1	0.87000255	0.414	0.524	4.33e-05	1.0
12	UQCR10	0.866904814	0.583	0.706	1.54e-21	4.03e-17
12	COX20	0.866903628	0.452	0.576	1.75e-06	0.045691409
12	TMEM54	0.865920139	0.318	0.33	3.32e-06	0.08684911
12	MTCH1	0.86287044	0.466	0.585	8.37e-09	0.000219057
12	RPL4	0.861681772	0.681	0.777	8.74e-47	2.29e-42
12	GTF3C6	0.860209535	0.397	0.52	0.002975062	1.0
12	SPCS1	0.859742805	0.6	0.72	2.25e-24	5.89e-20
12	CRIP1	0.856281	0.258	0.241	2.14e-05	0.560411496
12	SCP2	0.854428431	0.487	0.628	1.8e-08	0.00047096
12	CAMK2N1	0.852247658	0.409	0.477	6.87e-06	0.179765179
12	PARK7	0.852140544	0.669	0.76	9.96e-40	2.6100000000000003e-35
12	PA2G4	0.851826975	0.438	0.6	0.001528162	1.0
12	CIB1	0.848956031	0.34	0.341	5.99e-08	0.001567256
12	PRDX3	0.847136911	0.344	0.427	0.009117831	1.0
12	DPY30	0.846941686	0.465	0.603	1.37e-06	0.035774582
12	ATP6V1G1	0.846746002	0.679	0.787	1.7800000000000002e-35	4.67e-31
12	HINT1	0.845231148	0.904	0.877	4.76e-102	1.2500000000000001e-97
12	TXNIP	0.8447229	0.532	0.658	3.23e-08	0.000845875
12	PPIA	0.843955141	0.849	0.869	1.9300000000000002e-88	5.05e-84
12	PEBP1	0.840430223	0.692	0.769	2.75e-44	7.1899999999999994e-40
12	PSMA4	0.837441919	0.483	0.639	7.34e-07	0.019209438
12	DYNLRB1	0.836580491	0.578	0.707	7.82e-21	2.05e-16
12	EEF1D	0.83604281	0.619	0.739	7.35e-29	1.92e-24
12	ST13	0.834745256	0.452	0.615	0.000260078	1.0
12	C8orf59	0.831594253	0.5	0.638	2.15e-10	5.62e-06
12	GAPDH	0.82993544	0.786	0.817	2.48e-50	6.4799999999999995e-46
12	CMPK1	0.829834851	0.442	0.566	8.47e-06	0.221749768
12	COA3	0.828123871	0.397	0.513	0.00103458	1.0
12	DYNLT1	0.826387727	0.555	0.7	4.05e-14	1.06e-09
12	CD9	0.825373911	0.516	0.629	4.48e-11	1.17e-06
12	TMEM106C	0.824755566	0.4	0.529	0.004579162	1.0
12	LINC00116	0.82373688	0.334	0.397	0.002450216	1.0
12	PPIB	0.822607233	0.571	0.715	1.14e-14	3e-10
12	HOPX	0.821832098	0.287	0.249	4.52e-09	0.000118361
12	COPRS	0.820412435	0.396	0.491	0.000228124	1.0
12	SRI	0.815488618	0.419	0.529	0.000230699	1.0
12	PNKD	0.813027358	0.419	0.548	0.000611283	1.0
12	NEDD8	0.811473166	0.531	0.657	1.32e-14	3.46e-10
12	COPS9	0.809926621	0.505	0.665	1.03e-08	0.000268312
12	RPS27L	0.809776707	0.434	0.6	0.009854003	1.0
12	ANAPC11	0.802930853	0.604	0.745	3.9800000000000006e-21	1.04e-16
12	FAU	0.802799983	0.806	0.845	4.16e-69	1.0900000000000001e-64
12	ATPIF1	0.800867305	0.595	0.716	4.16e-21	1.09e-16
12	NDUFA4	0.799590869	0.788	0.83	1.92e-63	5.0400000000000004e-59
12	SF3B6	0.79718888	0.558	0.705	3.62e-15	9.46e-11
12	RNF7	0.796082372	0.409	0.51	4.85e-05	1.0
12	COX4I1	0.795851448	0.545	0.692	1.81e-12	4.73e-08
12	USMG5	0.794665072	0.469	0.609	1.23e-06	0.032282073
12	TBCA	0.794485279	0.677	0.825	3.0399999999999997e-34	7.949999999999999e-30
12	ANXA11	0.793844811	0.43	0.469	6.38e-10	1.67e-05
12	RAB4A	0.793839123	0.39	0.505	0.00483798	1.0
12	SLC25A3	0.792541302	0.583	0.72	4.82e-20	1.26e-15
12	BLVRB	0.791019671	0.316	0.354	0.001334955	1.0
12	CLIC1	0.789895493	0.444	0.558	4.25e-06	0.111272078
12	PHPT1	0.78945071	0.449	0.593	0.000106091	1.0
12	ATP5G3	0.789319881	0.591	0.707	2.98e-21	7.8e-17
12	ANXA3	0.787700116	0.383	0.392	8.25e-08	0.00215983
12	PPCS	0.786906323	0.316	0.36	0.001877159	1.0
12	WDR83OS	0.786188097	0.518	0.658	1.3e-11	3.4e-07
12	CLDN3	0.784560341	0.458	0.488	8.33e-08	0.002181125
12	COX6B1	0.784524182	0.642	0.764	2.3400000000000003e-27	6.129999999999999e-23
12	SMCO4	0.784058667	0.297	0.332	0.002401257	1.0
12	FAM162A	0.783416732	0.471	0.624	0.000226332	1.0
12	TXN	0.78256622	0.721	0.805	3.34e-39	8.73e-35
12	MPC2	0.777635921	0.453	0.593	7.16e-05	1.0
12	ALDOA	0.776991386	0.557	0.704	3.7e-08	0.000968937
12	CCNI	0.775062469	0.774	0.852	2.7499999999999997e-54	7.21e-50
12	ELOB	0.771572447	0.721	0.801	5.06e-36	1.3300000000000002e-31
12	ATP5F1	0.771033561	0.406	0.542	0.007838084	1.0
12	SUB1	0.771000623	0.635	0.778	3.1799999999999998e-24	8.32e-20
12	CIRBP	0.769174571	0.644	0.791	7.84e-24	2.05e-19
12	SERP1	0.768007779	0.539	0.68	1.17e-14	3.06e-10
12	PHGDH	0.75998928	0.37	0.441	0.000847576	1.0
12	C15orf48	0.758398974	0.314	0.336	0.007577827	1.0
12	HNRNPA1	0.754228749	0.713	0.809	6.53e-41	1.7100000000000002e-36
12	PPDPF	0.752584065	0.552	0.677	6.67e-15	1.75e-10
12	VAMP8	0.751944183	0.318	0.363	0.002747642	1.0
12	SKP1	0.749326755	0.716	0.837	2.08e-39	5.44e-35
12	HMGN3	0.747090158	0.648	0.783	2.09e-24	5.46e-20
12	NDUFB2	0.74557001	0.564	0.708	1.61e-14	4.22e-10
12	DCXR	0.743929019	0.37	0.467	0.007627623	1.0
12	HSPB1	0.743590308	0.57	0.678	1.54e-10	4.03e-06
12	RAMP1	0.741866655	0.371	0.411	0.000137286	1.0
12	NPM1	0.74074797	0.757	0.842	2.41e-38	6.299999999999999e-34
12	SMS	0.738877927	0.543	0.689	1.12e-10	2.94e-06
12	PRDX5	0.73537138	0.484	0.637	5.17e-06	0.135352498
12	SNHG5	0.734694235	0.623	0.756	1.0600000000000001e-21	2.77e-17
12	EEF2	0.734130795	0.662	0.77	1.41e-29	3.69e-25
12	CNN3	0.732407936	0.449	0.615	0.005485794	1.0
12	YWHAB	0.731823108	0.574	0.75	1.62e-12	4.24e-08
12	C14orf2	0.72905902	0.557	0.714	6.28e-11	1.64e-06
12	PRDX2	0.728779245	0.671	0.76	1.5399999999999998e-30	4.02e-26
12	RAC1	0.728121804	0.603	0.763	1.13e-16	2.97e-12
12	RCAN3	0.727610539	0.508	0.598	7.47e-09	0.000195533
12	HSP90AA1	0.719343382	0.951	0.963	3.17e-65	8.31e-61
12	UBC	0.718943752	0.761	0.853	1.52e-33	3.9800000000000003e-29
12	C19orf53	0.71586819	0.44	0.603	0.00358867	1.0
12	COX7A2L	0.715570858	0.471	0.643	0.000406106	1.0
12	SSB	0.712854791	0.473	0.661	0.001112763	1.0
12	H3F3A	0.711347416	0.973	0.943	3.4699999999999994e-95	9.09e-91
12	SUMO1	0.711230791	0.496	0.675	7.68e-06	0.200912251
12	TMBIM6	0.710568317	0.643	0.788	6.910000000000001e-21	1.81e-16
12	MRPS16	0.71004129	0.523	0.695	5.31e-09	0.000139036
12	CD24	0.709576008	0.587	0.741	1.27e-11	3.32e-07
12	SEC61B	0.709264778	0.555	0.717	5.1e-10	1.33e-05
12	ANXA7	0.708919746	0.634	0.804	1.27e-19	3.33e-15
12	ATP5L	0.704988749	0.755	0.824	2.3999999999999997e-42	6.27e-38
12	KRT10	0.702485897	0.657	0.762	2.8099999999999998e-24	7.35e-20
12	LDHA	0.701170435	0.317	0.502	0.002109311	1.0
12	LAMTOR5	0.699616424	0.477	0.646	0.000221834	1.0
12	FOXA1	0.699215615	0.479	0.465	1.33e-14	3.48e-10
12	EIF4A2	0.696334788	0.614	0.782	1.07e-16	2.81e-12
12	ATP5J	0.692154259	0.631	0.756	1.07e-20	2.81e-16
12	COMMD6	0.690214763	0.492	0.663	1.96e-05	0.513908404
12	SRP9	0.689382483	0.565	0.727	1.2e-11	3.13e-07
12	TSPAN15	0.685875212	0.44	0.495	3.1e-06	0.081053163
12	CHCHD2	0.683814374	0.768	0.826	7.760000000000001e-43	2.03e-38
12	YWHAE	0.679908037	0.771	0.892	2.62e-38	6.87e-34
12	SLC35F1	0.678958845	0.44	0.594	0.004373615	1.0
12	ATP5G1	0.676612337	0.553	0.701	1.05e-11	2.74e-07
12	PSMB1	0.676201742	0.592	0.76	9.17e-12	2.4e-07
12	POLR2K	0.675918203	0.46	0.633	0.003483654	1.0
12	EIF1	0.673276548	0.918	0.921	1.77e-57	4.64e-53
12	ITM2B	0.672997832	0.523	0.734	5.34e-05	1.0
12	ACTG1	0.667873934	0.974	0.973	9.65e-69	2.5300000000000002e-64
12	DEK	0.664774041	0.647	0.821	3.08e-16	8.05e-12
12	MORF4L1	0.658908638	0.617	0.806	1.59e-13	4.16e-09
12	HNRNPK	0.657153376	0.675	0.822	1.17e-25	3.0700000000000002e-21
12	PSMB3	0.655577157	0.579	0.727	4.31e-12	1.13e-07
12	C14orf166	0.654130433	0.457	0.633	0.004857757	1.0
12	SPCS2	0.647281191	0.522	0.739	9.05e-05	1.0
12	NDUFS5	0.646618386	0.6	0.752	9.73e-14	2.55e-09
12	BZW1	0.642484171	0.509	0.712	0.002215548	1.0
12	EPCAM	0.640266581	0.603	0.768	2.33e-12	6.11e-08
12	RHOA	0.638552768	0.587	0.765	6.36e-12	1.66e-07
12	PDCD4	0.637870676	0.448	0.542	0.000384485	1.0
12	SPINT2	0.634541624	0.588	0.755	8.73e-11	2.29e-06
12	GPX1	0.61597503	0.484	0.661	0.003753376	1.0
12	UQCR11	0.615383024	0.608	0.735	2.52e-14	6.61e-10
12	CHMP2B	0.609200066	0.256	0.401	0.00304345	1.0
12	EIF3F	0.607721413	0.29	0.456	0.007986343	1.0
12	DAD1	0.607191291	0.474	0.666	0.007032406	1.0
12	RAN	0.600967054	0.587	0.734	6.28e-10	1.64e-05
12	ATP6AP2	0.600737108	0.299	0.477	0.005593209	1.0
12	MRPL20	0.59862536	0.514	0.7	0.000347795	1.0
12	AKR7A2	0.593922016	0.234	0.366	0.002351048	1.0
12	MZT2B	0.591610953	0.632	0.762	1.9e-16	4.97e-12
12	NCL	0.589485033	0.604	0.799	6.89e-08	0.001802406
12	DYNLL1	0.589316586	0.63	0.773	2.77e-11	7.25e-07
12	FOLH1	0.587972267	0.336	0.359	0.005373161	1.0
12	ISCU	0.586905985	0.253	0.407	0.001248313	1.0
12	TCEAL8	0.586565869	0.247	0.392	0.001219908	1.0
12	SDCBP	0.585357351	0.319	0.509	0.007106787	1.0
12	GLOD4	0.585242553	0.288	0.48	0.000402487	1.0
12	TOMM20	0.583643753	0.503	0.715	0.007002775	1.0
12	MRPS34	0.583581946	0.26	0.422	0.000691225	1.0
12	POLR2H	0.583100548	0.317	0.504	0.009797195	1.0
12	SNRPB	0.580884721	0.574	0.74	1.62e-07	0.004248621
12	PAXX	0.580789649	0.266	0.432	0.000857396	1.0
12	C8orf82	0.580159615	0.226	0.347	0.003884984	1.0
12	NOP53	0.579898535	0.251	0.401	0.000937961	1.0
12	NDUFB10	0.57975032	0.484	0.678	0.006872898	1.0
12	SET	0.577647204	0.71	0.843	7.29e-18	1.91e-13
12	VAPA	0.577350817	0.518	0.743	0.001949691	1.0
12	IMPDH2	0.575934672	0.256	0.399	0.003435807	1.0
12	TMEM14C	0.574843014	0.248	0.387	0.004723502	1.0
12	PGK1	0.574359612	0.391	0.651	4.15e-05	1.0
12	COX5B	0.573826237	0.634	0.78	2.88e-16	7.53e-12
12	ETFB	0.570062443	0.326	0.528	0.006139077	1.0
12	MRPS33	0.56665768	0.264	0.419	0.002624511	1.0
12	TMEM147	0.566322782	0.279	0.455	0.000753442	1.0
12	LARP7	0.564477604	0.256	0.467	3.71e-08	0.000970778
12	ACP1	0.563811068	0.312	0.511	0.002735968	1.0
12	NOP10	0.562995319	0.304	0.492	0.002679123	1.0
12	LSM1	0.56196987	0.286	0.475	0.000388674	1.0
12	COPZ1	0.56065898	0.249	0.392	0.002403192	1.0
12	EIF3L	0.560488536	0.238	0.376	0.001338087	1.0
12	MEA1	0.560281258	0.251	0.393	0.003650618	1.0
12	DUSP1	0.560253643	0.313	0.488	9.39e-05	1.0
12	MRPS7	0.558392994	0.299	0.491	0.001008355	1.0
12	SEM1	0.555088731	0.605	0.791	6.1e-10	1.6e-05
12	ERGIC3	0.553021109	0.296	0.498	0.000167074	1.0
12	HCFC1R1	0.550531253	0.188	0.29	0.002355663	1.0
12	PABPC1	0.550035473	0.738	0.874	2.21e-22	5.78e-18
12	CETN2	0.549376198	0.245	0.371	0.007413216	1.0
12	ESD	0.548618033	0.273	0.485	1.28e-07	0.003352789
12	TRMT112	0.54678379	0.535	0.712	0.000125831	1.0
12	NDUFB5	0.546380174	0.288	0.462	0.003518716	1.0
12	NUDCD2	0.545359349	0.268	0.442	0.000293675	1.0
12	RAB5C	0.545256042	0.275	0.468	2.93e-05	0.766212111
12	FUNDC2	0.543676816	0.275	0.443	0.001466619	1.0
12	TMEM9	0.543305028	0.221	0.362	0.000114732	1.0
12	TMBIM4	0.540476254	0.29	0.467	0.001868143	1.0
12	RNF181	0.539391533	0.225	0.369	7.97e-05	1.0
12	VTI1B	0.538755892	0.214	0.332	0.001970985	1.0
12	ZMAT2	0.537986492	0.214	0.376	8.93e-07	0.023375899
12	FAM213A	0.536536529	0.6	0.78	3.66e-10	9.57e-06
12	COX14	0.535101523	0.266	0.43	0.000864313	1.0
12	SPON2	0.534615026	0.248	0.356	0.002950622	1.0
12	CD81	0.534408663	0.31	0.504	0.002893837	1.0
12	RTL8A	0.532751244	0.264	0.465	1.03e-06	0.026936827
12	DPP7	0.530793113	0.226	0.348	0.00352485	1.0
12	PDZD11	0.528494502	0.205	0.308	0.007884399	1.0
12	OCIAD2	0.528351885	0.373	0.615	0.006388163	1.0
12	MRPL40	0.528169985	0.196	0.296	0.003811341	1.0
12	NARS	0.52705767	0.194	0.32	5.41e-05	1.0
12	NDUFA10	0.526216448	0.326	0.548	0.00034916	1.0
12	C1orf122	0.52591089	0.277	0.453	0.000275795	1.0
12	C19orf70	0.524473132	0.266	0.44	0.000185127	1.0
12	EID1	0.52409424	0.597	0.771	9.18e-07	0.024026088
12	ALKBH7	0.522917629	0.256	0.403	0.002776785	1.0
12	PXMP2	0.522420932	0.179	0.273	0.002574897	1.0
12	NAXE	0.521156908	0.239	0.393	8.89e-05	1.0
12	BCAS2	0.520140515	0.305	0.489	0.003459473	1.0
12	H3F3B	0.51853518	0.908	0.934	6.89e-30	1.8e-25
12	RPA3	0.518260606	0.297	0.494	0.00019762	1.0
12	GAMT	0.517967942	0.234	0.366	0.00161785	1.0
12	ATP6V1F	0.517278423	0.339	0.57	0.000268566	1.0
12	COPS6	0.516976454	0.291	0.498	1.78e-05	0.465264082
12	TSPO	0.516198133	0.231	0.365	0.00115353	1.0
12	PSAP	0.514688629	0.614	0.855	4.54e-05	1.0
12	MORN2	0.514588656	0.223	0.346	0.001704169	1.0
12	MRPL34	0.514535193	0.268	0.431	0.000999044	1.0
12	COA5	0.514359755	0.205	0.314	0.003226295	1.0
12	UFC1	0.514015843	0.268	0.46	1.24e-05	0.324990575
12	PTMS	0.51350919	0.531	0.707	0.000114075	1.0
12	NAA38	0.512964125	0.351	0.571	0.006585525	1.0
12	AIDA	0.512028177	0.245	0.418	4.09e-06	0.106975538
12	ANAPC16	0.511771496	0.652	0.842	9.12e-13	2.39e-08
12	MIEN1	0.511669863	0.278	0.464	9.98e-05	1.0
12	TRAPPC6A	0.511496321	0.208	0.33	0.000470135	1.0
12	SYPL1	0.510771042	0.271	0.46	1.51e-05	0.394493591
12	AP1S1	0.509349814	0.221	0.339	0.004324834	1.0
12	SMIM30	0.508346831	0.216	0.346	0.000246446	1.0
12	MRPS23	0.508335247	0.304	0.501	0.000421983	1.0
12	METTL9	0.508097123	0.325	0.56	4.08e-05	1.0
12	SNRPB2	0.508042718	0.347	0.59	0.000195651	1.0
12	THYN1	0.50762921	0.201	0.328	0.00015493	1.0
12	C12orf75	0.507448933	0.323	0.534	0.000601082	1.0
12	BOLA3	0.505106468	0.284	0.471	0.000148284	1.0
12	COX6C	0.503675918	0.748	0.846	9.159999999999999e-24	2.4e-19
12	STOML2	0.503095922	0.288	0.487	5.5e-05	1.0
12	TMED4	0.502985507	0.309	0.555	4.08e-07	0.010666628
12	CHCHD10	0.502956492	0.216	0.34	0.001070674	1.0
12	CTSZ	0.500086765	0.212	0.316	0.009722279	1.0
12	SYF2	0.499825391	0.279	0.466	7.09e-05	1.0
12	RNASEH2C	0.497219905	0.238	0.395	6.01e-05	1.0
12	NDUFB11	0.495074694	0.53	0.716	0.001567837	1.0
12	MRPL13	0.494774201	0.274	0.497	9.43e-08	0.002468056
12	CHRAC1	0.494504331	0.212	0.358	1.21e-05	0.316478499
12	EIF3H	0.493808991	0.555	0.791	0.001540748	1.0
12	VDAC2	0.491811983	0.61	0.789	1.13e-07	0.002962483
12	TMEM179B	0.49089405	0.27	0.49	5.79e-08	0.00151539
12	SDHD	0.490644122	0.195	0.307	0.000745776	1.0
12	HSD17B10	0.49024525	0.242	0.413	6.46e-06	0.169093501
12	MRPL57	0.490051543	0.339	0.552	0.001431691	1.0
12	HPRT1	0.489647713	0.279	0.464	0.000105805	1.0
12	NDUFB3	0.48935998	0.345	0.559	0.003529128	1.0
12	NAP1L1	0.486555813	0.382	0.648	0.000931679	1.0
12	TMSB15A	0.486359825	0.258	0.432	2.08e-05	0.544689217
12	KRT18	0.485771551	0.571	0.729	0.000439432	1.0
12	RBBP7	0.485428136	0.335	0.575	4.21e-05	1.0
12	FAAP20	0.484182911	0.243	0.414	2.22e-05	0.581460584
12	SPAG16	0.483831717	0.343	0.564	0.000222838	1.0
12	EPB41L4A-AS1	0.483413737	0.204	0.334	8.19e-05	1.0
12	FAM103A1	0.483129584	0.222	0.359	0.000248515	1.0
12	TMEM205	0.483101876	0.248	0.396	0.000860889	1.0
12	SCPEP1	0.481831341	0.213	0.374	6.43e-07	0.016836627
12	HPF1	0.481795763	0.243	0.445	1.09e-08	0.000284002
12	FIBP	0.481352542	0.245	0.402	0.000132128	1.0
12	PDCD10	0.480850574	0.29	0.524	1.57e-07	0.004118064
12	TRAM1	0.480562681	0.366	0.595	0.009183524	1.0
12	CWC15	0.479990176	0.262	0.477	2.73e-08	0.000714512
12	METTL5	0.479983252	0.256	0.439	5.59e-06	0.146353536
12	CFAP97	0.479470632	0.268	0.497	4.1e-09	0.000107445
12	SUCLG2	0.47876899	0.327	0.525	0.001804411	1.0
12	GRHPR	0.477849758	0.217	0.351	0.000238573	1.0
12	SNRPE	0.477459879	0.514	0.689	0.00209188	1.0
12	NDUFV3	0.476540105	0.323	0.563	6.74e-06	0.176482594
12	MARCKSL1	0.476361119	0.704	0.827	8.61e-13	2.25e-08
12	AIMP1	0.475541517	0.286	0.508	5.27e-07	0.013804074
12	C9orf16	0.474925261	0.282	0.479	2.61e-05	0.682663944
12	UBXN1	0.474874412	0.257	0.465	1.4e-07	0.003662966
12	SF3B5	0.47456816	0.323	0.525	0.002877429	1.0
12	CDK4	0.472701408	0.281	0.463	0.000242619	1.0
12	PTGES3	0.472493444	0.647	0.844	3.34e-11	8.73e-07
12	DDT	0.470263946	0.262	0.427	0.000174969	1.0
12	FKBP8	0.46874755	0.221	0.384	1.3e-06	0.034043291
12	NDUFAF3	0.468626752	0.214	0.347	0.000195805	1.0
12	SAT1	0.468027245	0.664	0.633	4.38e-13	1.15e-08
12	UNG	0.467686151	0.175	0.306	1.41e-06	0.036778134
12	FABP5	0.467568062	0.366	0.599	1.84e-05	0.482314973
12	RIDA	0.467223138	0.186	0.298	0.000246284	1.0
12	TCEA2	0.466745873	0.213	0.375	6.24e-07	0.01634574
12	TMEM50A	0.466582355	0.334	0.562	0.000153664	1.0
12	IFI6	0.464314772	0.273	0.439	0.000181526	1.0
12	ANAPC13	0.463161806	0.213	0.369	1.69e-06	0.044159072
12	GADD45GIP1	0.462811021	0.325	0.551	0.000164488	1.0
12	ADH5	0.461846583	0.212	0.379	1.06e-07	0.002777127
12	COA6	0.461668354	0.17	0.267	0.000623047	1.0
12	C9orf78	0.460255614	0.226	0.391	2.23e-06	0.058387287
12	ZNF580	0.458505634	0.19	0.325	5.23e-06	0.136939576
12	C19orf60	0.456933527	0.232	0.376	0.000262115	1.0
12	CHURC1	0.456430972	0.226	0.431	3.52e-10	9.21e-06
12	METTL26	0.456409845	0.257	0.425	0.000110936	1.0
12	TMEM134	0.455780352	0.253	0.451	2.92e-07	0.007653639
12	SCOC	0.455150989	0.265	0.47	2.67e-07	0.006985946
12	ARPC1A	0.455142205	0.248	0.422	1.43e-05	0.373775207
12	LAMP2	0.454821309	0.297	0.459	0.004347727	1.0
12	CYR61	0.453376294	0.194	0.323	6.33e-07	0.016560462
12	CD164	0.453145554	0.321	0.549	4.51e-05	1.0
12	C8orf33	0.452221928	0.225	0.435	4.27e-11	1.12e-06
12	ISCA2	0.451446813	0.17	0.275	0.000155159	1.0
12	MRPS6	0.451157629	0.239	0.416	1.12e-06	0.029234904
12	ZFYVE21	0.450711942	0.182	0.279	0.002007297	1.0
12	HDAC1	0.450015854	0.321	0.51	0.003657677	1.0
12	TAF9	0.449882957	0.208	0.345	2.75e-05	0.720381877
12	MAGED2	0.448848138	0.309	0.535	4.34e-06	0.113701445
12	AQP3	0.448602339	0.239	0.387	8.78e-05	1.0
12	BTF3L4	0.44839572	0.309	0.56	1.28e-07	0.003341587
12	SNU13	0.448039596	0.329	0.562	4.32e-05	1.0
12	ABRACL	0.445527446	0.166	0.275	4.42e-05	1.0
12	MMP24-AS1	0.445368614	0.2	0.348	7.95e-07	0.020806121
12	FAM200B	0.44513212	0.243	0.436	7.67e-08	0.00200858
12	LAMTOR4	0.444812428	0.316	0.561	9.3e-07	0.024339776
12	VBP1	0.444572745	0.275	0.491	4.53e-07	0.011846203
12	PRDX4	0.444212418	0.317	0.533	4.96e-05	1.0
12	PPP1CA	0.443562894	0.29	0.493	2.08e-05	0.543942697
12	METAP2	0.442064129	0.348	0.646	6.95e-09	0.000181838
12	ERLEC1	0.440290329	0.269	0.48	8.58e-08	0.002245708
12	GHITM	0.439800034	0.213	0.372	8.7e-07	0.022769844
12	THOC7	0.439784127	0.261	0.485	3.96e-09	0.000103649
12	POLR2G	0.439505503	0.248	0.445	1.32e-07	0.003446672
12	ITM2C	0.438968149	0.239	0.394	4.98e-05	1.0
12	C1QBP	0.438593105	0.238	0.412	1.87e-06	0.048973183
12	SLC3A1	0.438515826	0.181	0.268	0.001321364	1.0
12	WBP11	0.438131619	0.266	0.524	5.29e-12	1.39e-07
12	C21orf59	0.437393085	0.208	0.36	1.52e-06	0.039746146
12	SNRPG	0.437152731	0.562	0.757	0.001926821	1.0
12	CYHR1	0.435268417	0.244	0.411	1.56e-05	0.407103618
12	ATP5A1	0.434919677	0.26	0.465	2.09e-07	0.005460414
12	PEX2	0.434416159	0.221	0.385	1.2e-06	0.031345885
12	TPI1	0.433751346	0.384	0.621	0.007103691	1.0
12	HADHB	0.433361038	0.317	0.534	0.000105596	1.0
12	MRPL16	0.433049956	0.168	0.287	6.2e-06	0.162262678
12	FAM3B	0.432425913	0.203	0.313	0.001176628	1.0
12	UQCC3	0.432245939	0.205	0.348	6.86e-06	0.179459512
12	ATIC	0.430125006	0.181	0.309	4.75e-06	0.124211779
12	MGLL	0.429793592	0.165	0.26	0.000151169	1.0
12	TAF10	0.429020684	0.152	0.269	9.51e-07	0.024895201
12	SSBP1	0.428765882	0.386	0.635	0.009508977	1.0
12	CTSL	0.428722842	0.205	0.343	1.39e-05	0.365039919
12	BOD1	0.428472083	0.201	0.358	2.59e-07	0.006788023
12	EPHX1	0.428415985	0.26	0.426	9.88e-05	1.0
12	CHMP4B	0.428384325	0.229	0.4	7.18e-07	0.018801665
12	COX5A	0.428171831	0.375	0.634	0.000257926	1.0
12	SEPHS2	0.427957465	0.171	0.315	3.2e-08	0.0008365
12	WASHC3	0.426324454	0.227	0.432	1.59e-10	4.17e-06
12	C4orf48	0.425772673	0.334	0.566	2.82e-05	0.738928037
12	GNAS	0.425697394	0.839	0.916	5.7e-23	1.49e-18
12	POLE4	0.425641502	0.277	0.469	1.25e-05	0.326212131
12	SMIM7	0.424710248	0.245	0.457	4.1e-09	0.00010743
12	PDCD5	0.424634646	0.318	0.555	2.53e-06	0.06626532
12	TRAPPC4	0.424424338	0.203	0.381	2.75e-09	7.2e-05
12	MRPS14	0.424398958	0.182	0.33	6.1e-08	0.001597286
12	RABAC1	0.422982422	0.351	0.598	3.05e-05	0.797261867
12	EAPP	0.4228494	0.296	0.548	1.19e-08	0.000311949
12	SBDS	0.421819587	0.208	0.391	2.05e-09	5.37e-05
12	FBL	0.4216944	0.243	0.446	1.51e-08	0.000395249
12	YEATS4	0.421487471	0.209	0.394	1.23e-09	3.22e-05
12	CREB3L4	0.420819287	0.16	0.253	0.000343131	1.0
12	TXNDC17	0.420751193	0.243	0.42	1.74e-06	0.045635729
12	NPDC1	0.420495377	0.252	0.438	1.17e-06	0.030574301
12	VKORC1	0.419980783	0.252	0.454	4.67e-08	0.001222485
12	C11orf54	0.419102928	0.177	0.292	3.37e-05	0.882950083
12	SELENOT	0.417373622	0.286	0.537	1.1e-09	2.89e-05
12	PNRC2	0.417252275	0.295	0.517	1.43e-06	0.037382115
12	VAT1	0.417239324	0.162	0.273	1.51e-05	0.39421439
12	ACBD5	0.415677735	0.187	0.367	2.19e-11	5.74e-07
12	IMP3	0.415345864	0.197	0.345	7.36e-07	0.019273638
12	CHMP4C	0.415251051	0.162	0.26	0.000189094	1.0
12	MAF1	0.414891519	0.225	0.411	1.2e-08	0.000313441
12	PSMA7	0.4145889	0.631	0.81	0.000136236	1.0
12	MRPS18C	0.414469825	0.261	0.483	1.88e-09	4.93e-05
12	HIGD1A	0.414187763	0.169	0.286	1.28e-05	0.333989312
12	MED28	0.414008863	0.225	0.406	2.64e-08	0.000692101
12	HMGN2	0.413603776	0.831	0.877	7.34e-25	1.92e-20
12	GSTT2B	0.413430938	0.174	0.291	2.04e-05	0.533872348
12	SNHG16	0.413073026	0.281	0.503	1.75e-07	0.004587647
12	LSM2	0.412550614	0.251	0.468	1.66e-09	4.35e-05
12	TMED10	0.412523384	0.349	0.622	1.64e-06	0.043007852
12	CD151	0.412278077	0.178	0.299	1.11e-05	0.290637268
12	PCLAF	0.412030918	0.16	0.291	1.26e-08	0.00032971
12	MRPL18	0.411496598	0.287	0.53	3.73e-09	9.77e-05
12	CTSF	0.411389276	0.175	0.302	2.41e-06	0.06317247
12	MRPL51	0.410392707	0.287	0.506	4.16e-07	0.010898624
12	ZNF32	0.410218563	0.183	0.342	7.07e-09	0.000185051
12	ERP29	0.409616675	0.203	0.384	6.89e-10	1.8e-05
12	IFT22	0.408653133	0.205	0.35	4.5e-06	0.117740792
12	PTMA	0.408406594	0.99	0.976	3.1300000000000003e-43	8.18e-39
12	LGALS8	0.4079741	0.244	0.372	0.00108624	1.0
12	RAB18	0.406967231	0.339	0.603	6.59e-07	0.017250326
12	ZNHIT1	0.406948498	0.279	0.52	2e-09	5.24e-05
12	MRPL14	0.40694516	0.251	0.469	1.61e-09	4.22e-05
12	TSEN34	0.406650612	0.236	0.429	2.46e-08	0.000642716
12	CLDN7	0.406579497	0.209	0.315	0.002093964	1.0
12	ECI1	0.405948037	0.217	0.442	1.58e-13	4.14e-09
12	DYNLT3	0.405901928	0.181	0.315	1.05e-06	0.02756731
12	PPIG	0.404248361	0.414	0.707	0.000161479	1.0
12	CYC1	0.404152807	0.278	0.508	5.72e-09	0.000149695
12	CEBPZOS	0.40390674	0.209	0.439	2.89e-15	7.55e-11
12	PDIA6	0.403654894	0.379	0.66	2.05e-05	0.537227959
12	PPA1	0.402148679	0.625	0.831	0.000367765	1.0
12	MKKS	0.40202556	0.199	0.376	8.97e-10	2.35e-05
12	NUDT14	0.400595627	0.16	0.27	1.21e-05	0.315957847
12	APH1A	0.400485279	0.173	0.31	1.53e-07	0.00399955
12	MT1M	0.4004321	0.168	0.284	6.34e-06	0.166005468
12	CIR1	0.400219532	0.24	0.508	1.81e-17	4.73e-13
12	CCT8	0.399909329	0.317	0.573	1.3e-07	0.003411429
12	TADA3	0.399893226	0.212	0.385	3.74e-08	0.000978142
12	CISD1	0.398302293	0.351	0.597	4.74e-05	1.0
12	SLC25A39	0.398081168	0.256	0.473	5.67e-09	0.000148325
12	DNALI1	0.397904266	0.187	0.334	1.65e-07	0.004316974
12	RBMX2	0.39729973	0.158	0.314	1.25e-10	3.27e-06
12	AP2M1	0.397153145	0.27	0.487	5.41e-08	0.001416043
12	VPS29	0.397103421	0.31	0.545	1.65e-06	0.043136173
12	RNF187	0.396851364	0.161	0.278	2.89e-06	0.075602264
12	POLDIP2	0.396503203	0.223	0.407	2.58e-08	0.000674324
12	PCBP1	0.395473684	0.335	0.596	1.67e-06	0.04377984
12	GSDMD	0.394953294	0.181	0.287	0.000227953	1.0
12	DRAP1	0.394133883	0.229	0.421	9.78e-09	0.000256105
12	EIF6	0.393595138	0.203	0.378	2.98e-09	7.8e-05
12	ECI2	0.393108798	0.177	0.319	6.89e-08	0.001803584
12	ACTB	0.393108507	0.861	0.924	6.48e-12	1.7e-07
12	NAA20	0.39224783	0.262	0.485	1.03e-08	0.000269383
12	PTRHD1	0.391944359	0.214	0.416	5.69e-11	1.49e-06
12	RPL22L1	0.391926204	0.174	0.305	8.54e-07	0.022359754
12	LINC01578	0.390812084	0.416	0.706	0.000427831	1.0
12	SDF2	0.388882787	0.283	0.517	1.14e-08	0.000297186
12	CCT7	0.38830598	0.274	0.525	6.99e-11	1.83e-06
12	RBM8A	0.388023569	0.394	0.655	0.000858023	1.0
12	PYM1	0.387990228	0.147	0.293	1.69e-10	4.43e-06
12	RER1	0.387680439	0.264	0.476	6.36e-08	0.001663995
12	SMIM20	0.38760002	0.166	0.307	2.6e-08	0.000679843
12	MRPL11	0.387315709	0.242	0.44	1.45e-08	0.000380215
12	TCEAL3	0.387094006	0.181	0.354	4.51e-11	1.18e-06
12	CFAP36	0.386448039	0.253	0.473	9.21e-10	2.41e-05
12	DAZAP2	0.384190175	0.205	0.39	3.68e-10	9.64e-06
12	NDUFB7	0.384183673	0.384	0.639	0.00098956	1.0
12	NIT2	0.384034089	0.175	0.319	6.26e-08	0.001638498
12	GTF2A2	0.383834048	0.322	0.567	5.26e-07	0.01376662
12	TMEM14A	0.383565311	0.235	0.44	1.6e-09	4.2e-05
12	LRRCC1	0.382856268	0.168	0.311	1.09e-08	0.000285082
12	PUF60	0.382663434	0.275	0.506	1.11e-08	0.000289352
12	POLR3GL	0.382221691	0.153	0.289	1.48e-08	0.000386995
12	UQCRFS1	0.382145377	0.279	0.516	5.65e-09	0.00014799
12	LYRM2	0.381683913	0.252	0.501	2.77e-13	7.25e-09
12	BTBD6	0.381012364	0.148	0.262	8.84e-07	0.023149531
12	IFT20	0.38086631	0.256	0.489	1.28e-10	3.35e-06
12	RALB	0.380482974	0.173	0.311	8.83e-08	0.002310463
12	TXN2	0.378552319	0.153	0.306	7.28e-11	1.9e-06
12	TDP2	0.378206777	0.209	0.398	1.98e-10	5.19e-06
12	MRPS10	0.378015749	0.188	0.377	2.76e-12	7.22e-08
12	SLC2A4RG	0.377808027	0.179	0.309	1.47e-06	0.038359079
12	RSPH1	0.377735359	0.178	0.257	0.005694706	1.0
12	LSM5	0.377246032	0.348	0.597	4.03e-06	0.105530237
12	PSMD8	0.377203957	0.37	0.632	1.75e-05	0.456811816
12	GUK1	0.376724964	0.351	0.603	1.11e-05	0.289871032
12	OARD1	0.375523481	0.168	0.319	1.55e-09	4.06e-05
12	TMEM256	0.375352126	0.171	0.282	5.3e-05	1.0
12	ZNHIT3	0.375216539	0.257	0.482	4.45e-10	1.16e-05
12	LINC00467	0.375191525	0.174	0.387	3.53e-17	9.23e-13
12	ETHE1	0.374040041	0.165	0.307	1.09e-08	0.000285357
12	RAB14	0.374027617	0.292	0.577	3.02e-13	7.92e-09
12	PMVK	0.373522625	0.19	0.365	1.73e-10	4.53e-06
12	FXR1	0.373428943	0.396	0.703	1.39e-05	0.363577042
12	IMPACT	0.373427734	0.153	0.279	9.22e-08	0.002414043
12	ACADM	0.373104172	0.26	0.513	6.7e-13	1.75e-08
12	COMMD3	0.373072301	0.162	0.325	5.79e-11	1.52e-06
12	MRPL21	0.372972398	0.227	0.43	2.48e-10	6.49e-06
12	MPG	0.372697353	0.183	0.334	4.25e-08	0.001112152
12	CALM1	0.372365504	0.664	0.816	3.04e-08	0.000796854
12	NDUFAF8	0.37200646	0.344	0.591	6.83e-06	0.178884085
12	SARS	0.371709831	0.242	0.478	1.05e-12	2.75e-08
12	METTL23	0.370777084	0.201	0.37	6.22e-09	0.000162799
12	STEAP1	0.370420752	0.226	0.324	0.008627277	1.0
12	PLGRKT	0.37039079	0.173	0.336	1.97e-10	5.17e-06
12	TMED9	0.369873588	0.229	0.431	7.79e-10	2.04e-05
12	SNRNP25	0.368401077	0.206	0.381	6.98e-09	0.000182594
12	GINM1	0.367745881	0.226	0.442	8.02e-12	2.1e-07
12	EMB	0.367637357	0.219	0.401	2.68e-09	7.02e-05
12	TRAPPC1	0.367402292	0.138	0.266	6.17e-09	0.00016141
12	NBDY	0.367027272	0.229	0.452	2.57e-12	6.73e-08
12	MRPL37	0.366880497	0.173	0.316	2.4e-08	0.000628722
12	AAMP	0.36627216	0.156	0.318	1.44e-11	3.78e-07
12	RALBP1	0.365356952	0.256	0.517	5.78e-14	1.51e-09
12	IAH1	0.364608089	0.236	0.446	4.38e-10	1.15e-05
12	CCDC186	0.364537818	0.175	0.365	1.19e-13	3.13e-09
12	NEFH	0.36411703	0.218	0.367	8.93e-07	0.023362289
12	SRP19	0.364115522	0.184	0.354	4.8e-10	1.26e-05
12	RAB8A	0.363478826	0.157	0.328	1.02e-12	2.67e-08
12	EIF3J	0.363215499	0.283	0.581	5.68e-16	1.49e-11
12	PSMA3	0.362816691	0.351	0.626	2.82e-07	0.007369887
12	SEC22B	0.362751411	0.187	0.371	1.02e-11	2.68e-07
12	TMEM97	0.361814307	0.195	0.382	1.74e-11	4.56e-07
12	BARX1	0.361807948	0.158	0.262	3.86e-05	1.0
12	TSPYL1	0.361788565	0.173	0.335	3.04e-10	7.96e-06
12	TCP1	0.361461382	0.305	0.556	3.33e-08	0.000872116
12	BABAM1	0.361332299	0.156	0.292	1.54e-08	0.000402532
12	RFC1	0.361140499	0.287	0.594	2.12e-16	5.55e-12
12	MRPL32	0.36088679	0.188	0.372	2.1e-11	5.49e-07
12	COMTD1	0.360802859	0.183	0.333	3.56e-08	0.000932292
12	EI24	0.360625547	0.249	0.472	2.19e-10	5.74e-06
12	LAMTOR3	0.360522435	0.17	0.316	1.55e-08	0.000405007
12	UBE2V2	0.359716875	0.319	0.605	2.08e-10	5.45e-06
12	SUDS3	0.359232756	0.188	0.399	5.18e-15	1.36e-10
12	SS18L2	0.359229117	0.245	0.471	2.27e-11	5.95e-07
12	RSL1D1	0.358191776	0.262	0.495	1.89e-10	4.95e-06
12	HSD17B4	0.357500947	0.255	0.462	4.87e-09	0.000127562
12	CCS	0.357464692	0.19	0.352	6.74e-09	0.00017647
12	ANP32A	0.357303301	0.336	0.611	2.86e-08	0.00074976
12	HES1	0.356771396	0.31	0.536	8.14e-10	2.13e-05
12	SNF8	0.356708751	0.31	0.572	2.55e-09	6.67e-05
12	SUPT4H1	0.356476767	0.23	0.467	5.87e-14	1.54e-09
12	PCSK1N	0.355814604	0.405	0.664	9.4e-05	1.0
12	ARHGDIA	0.355798861	0.217	0.449	3.87e-15	1.01e-10
12	TSR2	0.3556546	0.149	0.251	1.86e-05	0.486592876
12	NR2F6	0.354668767	0.155	0.269	1.93e-06	0.050483878
12	HSDL2	0.354230095	0.269	0.495	2.47e-09	6.46e-05
12	MRPS36	0.354116695	0.214	0.438	4.16e-14	1.09e-09
12	SRSF5	0.353164442	0.432	0.721	0.003850707	1.0
12	ALDH6A1	0.352678947	0.148	0.257	2.15e-06	0.056327825
12	SUCLG1	0.352106761	0.195	0.413	2.2e-15	5.76e-11
12	PPP2CA	0.351337689	0.23	0.461	7.5e-13	1.96e-08
12	ANP32B	0.351138256	0.379	0.658	2.36e-06	0.061848515
12	JUNB	0.35109931	0.418	0.686	2.33e-08	0.000609744
12	LMAN2	0.350797449	0.206	0.429	2.93e-14	7.67e-10
12	BLOC1S6	0.350262603	0.212	0.456	1.25e-16	3.28e-12
12	LMAN1	0.349889878	0.261	0.524	4.86e-14	1.27e-09
12	PPP1R7	0.34972375	0.188	0.383	8.37e-13	2.19e-08
12	MSRB2	0.34936466	0.222	0.395	1.48e-07	0.003865156
12	SEPT2	0.349175661	0.414	0.72	7.52e-05	1.0
12	TTC32	0.347603688	0.142	0.262	7.14e-08	0.001868892
12	ACADVL	0.347545076	0.149	0.271	1.47e-07	0.003856155
12	ADSS	0.347240848	0.201	0.427	8.32e-16	2.18e-11
12	NFU1	0.346511216	0.19	0.362	4.26e-10	1.12e-05
12	EIF5A	0.346196908	0.21	0.415	4.13e-12	1.08e-07
12	THUMPD3	0.345801274	0.188	0.369	3.27e-11	8.55e-07
12	APMAP	0.345383696	0.164	0.316	7.81e-10	2.04e-05
12	RPL26L1	0.344787773	0.208	0.414	1.22e-12	3.18e-08
12	C12orf10	0.344526307	0.155	0.261	1.21e-05	0.316726605
12	FKBP2	0.344248795	0.239	0.493	1.61e-15	4.22e-11
12	AURKAIP1	0.34386932	0.349	0.602	3.3e-06	0.086432191
12	BTG1	0.343735594	0.44	0.721	6.87e-06	0.179862653
12	PSMG2	0.343612741	0.218	0.439	3.72e-13	9.74e-09
12	CAPNS1	0.343502789	0.253	0.478	3.46e-10	9.05e-06
12	MT-ATP8	0.342365934	0.464	0.747	2.04e-05	0.534893007
12	ABHD12	0.341959044	0.369	0.597	0.000428575	1.0
12	FAM177A1	0.341959005	0.304	0.595	4.48e-13	1.17e-08
12	MTPN	0.341892681	0.33	0.613	4.61e-09	0.000120746
12	FCGRT	0.341061804	0.131	0.266	1.53e-10	4.01e-06
12	PET100	0.340604595	0.242	0.48	3.43e-13	8.99e-09
12	TMEM183A	0.340371823	0.181	0.357	2.47e-11	6.45e-07
12	BAG1	0.34012596	0.221	0.429	9.99e-12	2.61e-07
12	CCT3	0.340071199	0.422	0.703	0.000632979	1.0
12	DAP	0.339842999	0.223	0.455	6.28e-14	1.64e-09
12	MAPKAPK5-AS1	0.339835615	0.147	0.29	4.14e-10	1.08e-05
12	ALDH3A2	0.339702117	0.245	0.43	6.92e-08	0.001811718
12	MCM4	0.338845689	0.238	0.488	7.84e-16	2.05e-11
12	TMEM178A	0.338196703	0.165	0.295	8.88e-08	0.002323379
12	SLC25A4	0.337954921	0.265	0.508	3.49e-11	9.14e-07
12	RPS19BP1	0.337472898	0.179	0.349	1.41e-10	3.7e-06
12	VPS25	0.337198381	0.188	0.359	8.2e-10	2.15e-05
12	PSMA1	0.337106345	0.236	0.49	1.32e-15	3.46e-11
12	EBAG9	0.337100796	0.21	0.438	6.39e-15	1.67e-10
12	HADHA	0.336037951	0.29	0.571	7.9e-13	2.07e-08
12	FOS	0.335668669	0.578	0.811	0.002375124	1.0
12	MAGOH	0.335461502	0.24	0.478	1.71e-13	4.48e-09
12	RBM17	0.335273607	0.275	0.558	1.85e-14	4.84e-10
12	TMEM126B	0.335129677	0.149	0.289	1.47e-09	3.84e-05
12	ATP6V0E2	0.335001657	0.151	0.304	3.31e-11	8.67e-07
12	GPR160	0.334653422	0.225	0.34	0.001872609	1.0
12	EBLN3P	0.334015329	0.21	0.431	2.7e-14	7.06e-10
12	LSM4	0.333937316	0.301	0.55	5.74e-09	0.000150163
12	MMADHC	0.333215967	0.201	0.417	3.26e-14	8.54e-10
12	SELENOF	0.333127997	0.331	0.628	9.96e-11	2.61e-06
12	MRPS35	0.331002415	0.184	0.38	3.34e-13	8.74e-09
12	TSFM	0.330914135	0.136	0.265	2.81e-09	7.36e-05
12	SELENOK	0.330801104	0.283	0.561	1.64e-14	4.3e-10
12	FAM136A	0.330457076	0.226	0.469	5.06e-15	1.32e-10
12	LITAF	0.329806945	0.24	0.411	1.11e-06	0.029147423
12	MRPL36	0.329522673	0.175	0.345	7.39e-11	1.93e-06
12	DNAJB1	0.328928851	0.348	0.521	0.00025304	1.0
12	NDUFA8	0.328845431	0.24	0.475	8.35e-13	2.19e-08
12	APPL1	0.328769504	0.275	0.585	1.01e-18	2.64e-14
12	DEGS1	0.328524419	0.323	0.59	2.95e-11	7.72e-07
12	EEF1A2	0.328337561	0.199	0.381	1.7e-10	4.46e-06
12	NAA10	0.328270484	0.187	0.378	1.42e-12	3.72e-08
12	NIFK	0.327898305	0.204	0.421	4.13e-14	1.08e-09
12	CKLF	0.327563663	0.16	0.286	2.09e-07	0.005466379
12	GNL3	0.327554342	0.23	0.477	7.49e-16	1.96e-11
12	TSTA3	0.327249338	0.158	0.302	1.61e-09	4.21e-05
12	HMG20B	0.326998597	0.161	0.291	9.43e-08	0.002467822
12	ARL6IP4	0.32691511	0.17	0.31	4.38e-08	0.0011457
12	HSPB11	0.32628557	0.269	0.52	1.27e-11	3.33e-07
12	RRAGA	0.326274205	0.169	0.352	3.4e-13	8.9e-09
12	EFNA1	0.325354776	0.169	0.332	4.57e-11	1.2e-06
12	RNH1	0.324680275	0.144	0.265	9.84e-08	0.002576209
12	GPAA1	0.324530501	0.177	0.384	6.96e-16	1.82e-11
12	RAB32	0.323984587	0.157	0.313	3.26e-11	8.54e-07
12	ABHD17A	0.323984571	0.143	0.261	1.47e-07	0.003854159
12	FAM120AOS	0.32328718	0.173	0.355	1.55e-12	4.06e-08
12	LSM3	0.323198986	0.317	0.563	1.65e-08	0.000433034
12	GAR1	0.32306446	0.143	0.294	1.29e-11	3.38e-07
12	TGOLN2	0.322911713	0.248	0.496	1.02e-13	2.66e-09
12	LGALS3BP	0.322515258	0.29	0.55	1.65e-11	4.33e-07
12	NDRG3	0.321314423	0.174	0.364	4.49e-14	1.18e-09
12	NCBP2	0.32030624	0.21	0.414	1.49e-11	3.89e-07
12	TUFM	0.320267359	0.227	0.457	7.36e-14	1.93e-09
12	DDX18	0.319761416	0.24	0.52	4.05e-19	1.06e-14
12	SERPINI1	0.319660745	0.291	0.446	0.000173287	1.0
12	OXLD1	0.319323324	0.149	0.288	2.13e-09	5.56e-05
12	PPIE	0.318989376	0.148	0.307	2.92e-12	7.65e-08
12	PBDC1	0.318969806	0.134	0.282	5.27e-12	1.38e-07
12	VAMP7	0.318812522	0.135	0.265	6.26e-10	1.64e-05
12	GSTK1	0.318535233	0.153	0.289	1.02e-08	0.000267051
12	RNF5	0.318098444	0.173	0.351	2.25e-12	5.89e-08
12	MRPL24	0.31800038	0.153	0.271	9.13e-07	0.023893317
12	LZIC	0.317733283	0.181	0.411	7.78e-19	2.04e-14
12	SEC14L1	0.317627097	0.366	0.664	4.07e-08	0.001064899
12	FAM96A	0.3173645	0.152	0.337	2.07e-15	5.43e-11
12	ATP5B	0.316881755	0.418	0.674	0.002375433	1.0
12	CACYBP	0.316414719	0.273	0.524	5.85e-12	1.53e-07
12	BNIP3L	0.316283743	0.205	0.413	5.52e-13	1.45e-08
12	CISD2	0.316238277	0.212	0.432	1.7e-13	4.44e-09
12	MLF2	0.316190482	0.221	0.465	2.59e-16	6.78e-12
12	PDCL3	0.316103606	0.165	0.348	1.74e-13	4.54e-09
12	ARF6	0.315237194	0.225	0.448	3.36e-13	8.79e-09
12	BROX	0.314917232	0.138	0.286	6.34e-12	1.66e-07
12	TM7SF2	0.314421179	0.165	0.332	1.33e-11	3.48e-07
12	ALYREF	0.314104536	0.229	0.452	6.48e-13	1.7e-08
12	MCTS1	0.313973942	0.187	0.399	3.92e-15	1.03e-10
12	RBX1	0.313833642	0.312	0.576	5.32e-11	1.39e-06
12	C1orf123	0.31368757	0.131	0.262	5.69e-10	1.49e-05
12	TRAPPC3	0.313641752	0.177	0.367	2.36e-13	6.18e-09
12	ATG3	0.313476728	0.151	0.334	2.28e-15	5.98e-11
12	CDIPT	0.313432873	0.13	0.261	4.26e-10	1.12e-05
12	GLTP	0.313407774	0.151	0.309	9.61e-12	2.52e-07
12	MRPS15	0.313306302	0.182	0.371	4.26e-13	1.11e-08
12	LINC02562	0.312867475	0.147	0.344	1.12e-17	2.93e-13
12	SLC9A3R1	0.311455299	0.183	0.371	1.4e-12	3.68e-08
12	PRELID3B	0.311162767	0.152	0.332	1.29e-14	3.37e-10
12	PSMC4	0.310870593	0.235	0.473	6.4e-14	1.67e-09
12	CD59	0.310413876	0.174	0.324	3.54e-09	9.27e-05
12	HNRNPA2B1	0.309941671	0.709	0.91	0.002860811	1.0
12	MRPL45	0.309791175	0.153	0.308	3.99e-11	1.04e-06
12	NSMCE1	0.309512036	0.139	0.26	3.37e-08	0.000882391
12	ERG28	0.308774724	0.153	0.335	1.03e-14	2.71e-10
12	GDI2	0.308639393	0.344	0.64	2.56e-09	6.69e-05
12	PCNP	0.308467432	0.329	0.626	8.08e-11	2.11e-06
12	RTFDC1	0.3070036	0.195	0.446	2.13e-20	5.57e-16
12	CLPP	0.306628295	0.174	0.349	8.14e-12	2.13e-07
12	UBE2L3	0.30648619	0.213	0.431	1.58e-13	4.12e-09
12	CNIH1	0.305988763	0.214	0.421	6.22e-12	1.63e-07
12	MRPL47	0.305603756	0.219	0.468	9.28e-17	2.43e-12
12	SLC50A1	0.304839187	0.142	0.277	1.04e-09	2.73e-05
12	SELENOP	0.304830705	0.196	0.416	5.61e-16	1.47e-11
12	TCTEX1D2	0.304679123	0.194	0.372	8.75e-11	2.29e-06
12	PDCD2	0.304645466	0.174	0.352	3.94e-12	1.03e-07
12	IK	0.304304631	0.271	0.541	1.21e-14	3.17e-10
12	DNAJA2	0.304206553	0.121	0.263	1.83e-12	4.79e-08
12	COMMD4	0.303934868	0.155	0.293	3.42e-09	8.94e-05
12	HTATSF1	0.303759476	0.218	0.497	4.26e-22	1.11e-17
12	MAP1LC3A	0.301810708	0.158	0.319	1.77e-11	4.64e-07
12	DECR1	0.301731979	0.249	0.488	1e-12	2.63e-08
12	YBEY	0.301637604	0.16	0.316	1.18e-10	3.1e-06
12	RCN2	0.301163012	0.325	0.626	6.77e-12	1.77e-07
12	GLT8D1	0.300532469	0.138	0.297	4.12e-13	1.08e-08
12	CCDC59	0.298403613	0.187	0.403	2.06e-16	5.39e-12
12	PFDN4	0.298102754	0.157	0.325	1.96e-12	5.12e-08
12	GID8	0.297219976	0.164	0.352	9.73e-15	2.55e-10
12	SNAPIN	0.296928251	0.129	0.257	7.61e-10	1.99e-05
12	CCNG1	0.296790986	0.151	0.293	1e-09	2.62e-05
12	FAM50A	0.296724724	0.164	0.333	4.84e-12	1.27e-07
12	POP5	0.296665759	0.134	0.284	3.12e-12	8.16e-08
12	EXOSC4	0.296128111	0.126	0.256	3.45e-10	9.03e-06
12	MRPL28	0.295999138	0.136	0.272	3.21e-10	8.41e-06
12	SMIM4	0.29598789	0.281	0.56	5.64e-14	1.48e-09
12	NET1	0.295749548	0.226	0.503	5.2400000000000006e-21	1.37e-16
12	PLPP2	0.295707747	0.187	0.371	4.19e-12	1.1e-07
12	TIMMDC1	0.295539224	0.187	0.399	4.08e-15	1.07e-10
12	PRSS23	0.295273288	0.155	0.256	1.21e-05	0.31630676
12	SFT2D1	0.295085907	0.19	0.38	3.09e-12	8.08e-08
12	MRPL27	0.295062068	0.23	0.463	1.5e-13	3.93e-09
12	TEX264	0.294928084	0.152	0.313	4.42e-12	1.16e-07
12	TNNT1	0.294534146	0.218	0.416	6.6e-11	1.73e-06
12	SSBP4	0.294195461	0.245	0.5	1.31e-14	3.43e-10
12	AMZ2	0.294061691	0.134	0.271	1.49e-10	3.9e-06
12	YIF1A	0.293842578	0.183	0.391	3.05e-15	7.99e-11
12	TECR	0.293752366	0.251	0.524	1.44e-16	3.78e-12
12	MRPL42	0.29360296	0.229	0.477	3.35e-16	8.77e-12
12	CDK2AP2	0.293453897	0.153	0.312	8e-12	2.09e-07
12	TMEM99	0.293087476	0.118	0.252	2.34e-11	6.11e-07
12	SAP18	0.292335329	0.351	0.618	2.43e-07	0.006370438
12	PSMC1	0.292312267	0.239	0.485	5.99e-14	1.57e-09
12	VEGFB	0.292280234	0.188	0.398	4.12e-15	1.08e-10
12	ZNRD1	0.290585659	0.119	0.251	3.54e-11	9.25e-07
12	GALNT1	0.29035971	0.394	0.67	2.02e-07	0.005275448
12	BCL7C	0.290190491	0.209	0.461	1.08e-18	2.84e-14
12	NORAD	0.289854948	0.253	0.541	1.02e-18	2.68e-14
12	ARPC5L	0.289781733	0.208	0.446	8.59e-17	2.25e-12
12	CCNB1IP1	0.289309264	0.188	0.404	6.04e-16	1.58e-11
12	PRPS2	0.289139694	0.142	0.278	3.53e-10	9.24e-06
12	EIF4H	0.288802289	0.217	0.467	2.6e-17	6.81e-13
12	PCGF2	0.288665223	0.165	0.339	1.54e-12	4.02e-08
12	ASNA1	0.288053078	0.131	0.261	8.4e-10	2.2e-05
12	MRFAP1L1	0.287666989	0.164	0.34	6.79e-13	1.78e-08
12	CCDC167	0.286295925	0.156	0.311	4.53e-11	1.19e-06
12	SARAF	0.286080968	0.235	0.486	1.36e-15	3.56e-11
12	DKC1	0.285721209	0.177	0.387	2.33e-16	6.09e-12
12	DDAH2	0.285603591	0.164	0.354	3.98e-15	1.04e-10
12	CIB2	0.285301857	0.144	0.286	2.12e-10	5.56e-06
12	MLEC	0.285276967	0.3	0.597	1.76e-14	4.61e-10
12	PM20D2	0.284578838	0.178	0.376	3.9e-15	1.02e-10
12	IGBP1	0.2841819	0.209	0.443	2.24e-16	5.86e-12
12	KIAA1143	0.284159115	0.164	0.394	2.08e-21	5.45e-17
12	RANBP1	0.283754402	0.296	0.523	1.14e-08	0.000299167
12	C15orf40	0.283238045	0.161	0.371	4.18e-18	1.09e-13
12	TSPAN6	0.283082665	0.136	0.267	1.44e-09	3.78e-05
12	MRPL55	0.282990431	0.175	0.385	2.35e-16	6.15e-12
12	RBP1	0.282674743	0.229	0.438	1.11e-11	2.91e-07
12	ORMDL2	0.282653045	0.152	0.303	4.72e-11	1.24e-06
12	PDHA1	0.282534444	0.142	0.324	3.77e-16	9.86e-12
12	CFL1	0.282137144	0.7	0.823	8.82e-06	0.230873685
12	NUCB1	0.28172782	0.145	0.313	9.9e-14	2.59e-09
12	DCTN3	0.281444802	0.286	0.515	2.68e-09	7.02e-05
12	MRPS12	0.280649831	0.143	0.271	1.19e-08	0.000312722
12	GNB2	0.280056432	0.316	0.58	6.3e-10	1.65e-05
12	POLD2	0.279598913	0.171	0.358	1.26e-13	3.31e-09
12	EIF4A3	0.279315468	0.381	0.646	2.05e-05	0.535477263
12	RCN1	0.279111582	0.151	0.327	4.02e-14	1.05e-09
12	CALM3	0.27894117	0.266	0.505	1.69e-11	4.43e-07
12	MCUR1	0.278071283	0.17	0.36	2.21e-14	5.79e-10
12	RPL7L1	0.277918247	0.26	0.562	9.09e-20	2.38e-15
12	NUCKS1	0.277846991	0.681	0.871	0.000208757	1.0
12	SDHAF3	0.277486067	0.2	0.404	5.02e-13	1.31e-08
12	ZNF667-AS1	0.277388878	0.164	0.348	2.28e-14	5.97e-10
12	SDF4	0.276665981	0.164	0.352	9.19e-15	2.4e-10
12	PMF1	0.27641691	0.143	0.322	1.63e-15	4.26e-11
12	COPB1	0.276383443	0.19	0.454	5.5999999999999996e-24	1.47e-19
12	PAICS	0.275960541	0.197	0.432	1.7e-17	4.45e-13
12	BCAP31	0.275279933	0.236	0.51	2.05e-18	5.36e-14
12	AMD1	0.275184959	0.406	0.668	4.96e-08	0.001299293
12	ZFAND1	0.274508318	0.17	0.4	3.17e-20	8.3e-16
12	CAPZA2	0.273836908	0.296	0.587	3.15e-14	8.24e-10
12	OCIAD1	0.27370896	0.423	0.75	4.03e-06	0.105406072
12	FAM32A	0.273082207	0.129	0.281	3.34e-13	8.74e-09
12	TMEM70	0.272826105	0.161	0.346	2.17e-14	5.67e-10
12	PSENEN	0.272752183	0.164	0.331	3.64e-12	9.52e-08
12	SLU7	0.272416196	0.125	0.312	1.1e-18	2.87e-14
12	ZNF226	0.272371386	0.135	0.313	3.42e-16	8.94e-12
12	ARFGAP3	0.272263541	0.239	0.493	4.89e-16	1.28e-11
12	TYW3	0.271813067	0.149	0.313	9.03e-13	2.36e-08
12	NEU1	0.270822142	0.16	0.306	7.37e-10	1.93e-05
12	ATG101	0.270412948	0.134	0.302	5.28e-15	1.38e-10
12	ARL2	0.270273304	0.134	0.276	2.83e-11	7.41e-07
12	SWI5	0.269975198	0.135	0.304	7.56e-15	1.98e-10
12	EIF3M	0.269878974	0.158	0.364	8.86e-18	2.32e-13
12	GSTO1	0.269401951	0.131	0.251	1.11e-08	0.000290727
12	MRPL50	0.269025626	0.119	0.264	7.14e-13	1.87e-08
12	SLBP	0.268940058	0.19	0.451	8.15e-23	2.13e-18
12	CHCHD5	0.268368191	0.162	0.37	6.47e-18	1.69e-13
12	MPLKIP	0.268352694	0.218	0.476	2.84e-18	7.44e-14
12	P4HB	0.267984777	0.43	0.742	1.29e-06	0.03366685
12	MRPL4	0.267817274	0.151	0.326	3.86e-14	1.01e-09
12	LTA4H	0.267784978	0.157	0.326	1.08e-12	2.82e-08
12	C19orf48	0.267766944	0.173	0.374	7.02e-16	1.84e-11
12	PPT1	0.267695574	0.148	0.32	3.14e-14	8.22e-10
12	CD320	0.267272939	0.136	0.315	2.05e-16	5.36e-12
12	ERLIN2	0.266569958	0.156	0.351	1.24e-16	3.23e-12
12	C14orf119	0.266261884	0.139	0.289	7.05e-12	1.85e-07
12	BORCS7	0.265671025	0.13	0.284	3e-13	7.85e-09
12	GSTA4	0.265625115	0.155	0.37	6.25e-20	1.64e-15
12	HADH	0.265457524	0.165	0.365	4.34e-16	1.14e-11
12	SNRPC	0.265449435	0.231	0.475	1.87e-15	4.89e-11
12	NT5C3B	0.264975157	0.184	0.396	5.99e-16	1.57e-11
12	SUPT16H	0.264936475	0.321	0.663	3.02e-19	7.91e-15
12	SNX6	0.264117033	0.299	0.609	5.87e-16	1.54e-11
12	LRRC75A	0.263525804	0.126	0.255	1.36e-10	3.56e-06
12	GGPS1	0.26254076	0.203	0.437	4.25e-17	1.11e-12
12	BCAP29	0.262429351	0.165	0.378	2.48e-18	6.49e-14
12	FAM96B	0.262033567	0.197	0.414	6.11e-15	1.6e-10
12	COX17	0.261994015	0.295	0.575	3.43e-14	8.97e-10
12	DYNC1I2	0.261874849	0.304	0.639	1.04e-19	2.73e-15
12	MTRNR2L8	0.261830931	0.348	0.539	0.000120191	1.0
12	GRINA	0.261692987	0.13	0.281	5.94e-13	1.56e-08
12	BLOC1S4	0.261453109	0.129	0.28	6.84e-13	1.79e-08
12	RAB1B	0.261312321	0.142	0.308	6.79e-14	1.78e-09
12	ZC3H15	0.26119451	0.229	0.536	2.2799999999999998e-24	5.96e-20
12	NDUFB8	0.261131292	0.186	0.395	1.89e-15	4.94e-11
12	RBM3	0.260981545	0.406	0.682	1.79e-07	0.004697161
12	CEBPZ	0.260152453	0.184	0.431	2.4900000000000004e-21	6.51e-17
12	LSM8	0.259863427	0.214	0.483	1.44e-20	3.77e-16
12	TMEM11	0.258664468	0.162	0.338	4.42e-13	1.16e-08
12	MT1F	0.258613145	0.104	0.253	2.92e-15	7.63e-11
12	HSPA9	0.258305843	0.336	0.654	2.45e-13	6.41e-09
12	NAGK	0.25795188	0.139	0.297	5.24e-13	1.37e-08
12	HSD17B12	0.257920999	0.131	0.283	7.1e-13	1.86e-08
12	CCNG2	0.257726061	0.24	0.451	7.43e-12	1.95e-07
12	CLTB	0.257668167	0.231	0.482	2.24e-16	5.87e-12
12	POLE3	0.257257377	0.138	0.311	3.64e-15	9.53e-11
12	MINOS1	0.256924474	0.284	0.543	8.51e-13	2.23e-08
12	GOLGA2	0.25600021	0.173	0.407	8.620000000000001e-21	2.26e-16
12	YIPF6	0.255770841	0.206	0.451	5.22e-18	1.37e-13
12	TMEM203	0.255317157	0.116	0.251	6.02e-12	1.58e-07
12	SEZ6L2	0.255108678	0.17	0.386	3.13e-18	8.2e-14
12	RTF1	0.255080701	0.225	0.511	6.86e-22	1.79e-17
12	PRKCSH	0.255076336	0.174	0.364	5.95e-14	1.56e-09
12	C11orf58	0.254018687	0.287	0.598	3.91e-18	1.02e-13
12	MPC1	0.253949388	0.155	0.359	5.85e-18	1.53e-13
12	YBX1	0.253487425	0.688	0.829	0.000559162	1.0
12	PHB2	0.253479935	0.156	0.35	2.68e-16	7.02e-12
12	SH3YL1	0.253246142	0.169	0.384	2.67e-18	6.99e-14
12	NBN	0.253060618	0.201	0.436	1.64e-17	4.29e-13
12	FLYWCH2	0.252745468	0.131	0.263	3.62e-10	9.48e-06
12	KLHDC2	0.252681508	0.168	0.393	2.08e-20	5.44e-16
12	COMMD7	0.251877765	0.164	0.374	6.2e-18	1.62e-13
12	ITGB1BP1	0.251608176	0.205	0.444	2.46e-17	6.43e-13
12	PTPN18	0.250790708	0.147	0.328	1.52e-15	3.99e-11
12	DDOST	0.250002474	0.223	0.503	4.22e-21	1.1e-16
13	APOE	3.435912728	0.774	0.122	0.0	0.0
13	SEMA5A	2.716308871	0.903	0.435	0.0	0.0
13	FBN2	2.479998443	0.786	0.093	0.0	0.0
13	ATP1B1	2.316858143	0.94	0.567	4.28e-298	1.12e-293
13	CRYAB	2.266208547	0.631	0.062	0.0	0.0
13	FGF12	2.195448142	0.822	0.382	3.3e-213	8.630000000000001e-209
13	SCGB1A1	2.166487317	0.363	0.015	0.0	0.0
13	VCAN	2.047693344	0.715	0.097	0.0	0.0
13	PDE4B	2.008995884	0.96	0.525	1.6e-281	4.2e-277
13	SLC35F1	2.004513739	0.919	0.588	8.77e-221	2.3e-216
13	S100A6	1.95235561	0.943	0.594	1.61e-229	4.22e-225
13	GAP43	1.936182516	0.838	0.156	0.0	0.0
13	MCAM	1.896373085	0.781	0.108	0.0	0.0
13	DCLK1	1.895934812	0.918	0.374	0.0	0.0
13	SLIT3	1.885997401	0.711	0.14	0.0	0.0
13	TMSB4X	1.87247179	0.972	0.835	2.53e-214	6.620000000000001e-210
13	PLPPR1	1.791796801	0.728	0.162	0.0	0.0
13	HEY1	1.791080688	0.767	0.046	0.0	0.0
13	TMSB10	1.786909109	0.982	0.853	5.02e-250	1.32e-245
13	HES4	1.76655914	0.84	0.254	0.0	0.0
13	EBF1	1.738543395	0.993	0.45	3.27e-301	8.56e-297
13	KCNH8	1.723832845	0.913	0.387	5.99e-299	1.57e-294
13	CADM1	1.718464165	0.962	0.588	6.0000000000000006e-257	1.57e-252
13	LRRTM3	1.717352306	0.755	0.212	0.0	0.0
13	MAML2	1.715513773	0.809	0.338	2.27e-227	5.95e-223
13	CALD1	1.612346677	0.893	0.566	3.98e-180	1.04e-175
13	ID3	1.600012808	0.618	0.186	1.2299999999999998e-221	3.21e-217
13	PLXDC2	1.597745886	0.793	0.337	8.85e-222	2.32e-217
13	ID1	1.555178014	0.714	0.286	1.44e-177	3.76e-173
13	S100A2	1.554584018	0.583	0.136	8.81e-268	2.3099999999999998e-263
13	FRMD6	1.534729677	0.661	0.196	3.08e-250	8.069999999999999e-246
13	STK39	1.52223069	0.915	0.624	3.33e-173	8.72e-169
13	ADAMTS18	1.515443098	0.64	0.042	0.0	0.0
13	APOC1	1.499720666	0.526	0.096	0.0	0.0
13	CCND1	1.479568982	0.546	0.064	0.0	0.0
13	NRXN1	1.479170458	0.985	0.447	9.339999999999999e-239	2.4499999999999998e-234
13	CREB5	1.457346195	0.759	0.241	2.1199999999999998e-278	5.55e-274
13	ROBO1	1.452016598	0.913	0.346	3.6799999999999994e-225	9.64e-221
13	THSD7A	1.425474322	0.934	0.343	3.3200000000000003e-251	8.68e-247
13	TUBA1A	1.418803649	0.974	0.69	3.92e-208	1.03e-203
13	GPC3	1.418758066	0.714	0.272	4.64e-182	1.21e-177
13	IGFBP5	1.402726186	0.821	0.451	5.14e-106	1.3499999999999999e-101
13	MIR4435-2HG	1.399405822	0.59	0.115	0.0	0.0
13	FRMD3	1.390194304	0.916	0.391	5.63e-243	1.47e-238
13	FYN	1.385524123	0.94	0.517	3.25e-224	8.51e-220
13	GPC6	1.384581473	0.99	0.77	1.03e-189	2.6900000000000003e-185
13	AL137230.2	1.382365111	0.448	0.034	0.0	0.0
13	CSMD2	1.381612351	0.673	0.108	0.0	0.0
13	NOTCH1	1.372428962	0.695	0.04	0.0	0.0
13	NEGR1	1.369260689	0.965	0.39	5.19e-223	1.36e-218
13	ARHGAP26	1.36431352	0.746	0.391	1.99e-130	5.2199999999999996e-126
13	SGIP1	1.362507394	0.476	0.022	0.0	0.0
13	GRID2	1.360063933	0.385	0.052	0.0	0.0
13	COL1A2	1.359740267	0.642	0.124	0.0	0.0
13	PLAT	1.331333117	0.526	0.049	0.0	0.0
13	ZEB2	1.307470143	0.643	0.061	0.0	0.0
13	ZMAT4	1.305121304	0.824	0.417	9.26e-175	2.42e-170
13	PTPRG	1.291096385	0.975	0.7	1.58e-185	4.1500000000000004e-181
13	GJC1	1.288062419	0.777	0.217	0.0	0.0
13	SPARC	1.258765865	0.438	0.012	0.0	0.0
13	TENM2	1.256715182	0.627	0.178	5.0700000000000006e-226	1.3299999999999998e-221
13	CASK	1.253508812	0.94	0.621	3.89e-178	1.02e-173
13	OLFM1	1.252175235	0.816	0.367	3.9900000000000005e-163	1.04e-158
13	TENM3	1.246435034	0.962	0.379	1.06e-240	2.78e-236
13	FBN1	1.240878727	0.819	0.297	4.12e-255	1.0799999999999999e-250
13	PRKCE	1.237480356	0.772	0.354	1.32e-182	3.44e-178
13	AMPH	1.228308258	0.733	0.231	6.779999999999999e-241	1.77e-236
13	PHACTR1	1.219813293	0.906	0.501	4.8000000000000006e-200	1.26e-195
13	ANKS1B	1.219411252	0.921	0.752	1.31e-86	3.42e-82
13	EFNA5	1.217796893	0.63	0.203	2.49e-172	6.509999999999999e-168
13	AGBL1	1.215560516	0.439	0.193	3.13e-65	8.18e-61
13	CYTOR	1.211517459	0.608	0.125	0.0	0.0
13	ENOX1	1.206520852	0.828	0.371	3.7100000000000006e-179	9.72e-175
13	CARMN	1.196455629	0.311	0.004	0.0	0.0
13	PEAK1	1.195272215	0.79	0.392	4.03e-163	1.06e-158
13	GRID1	1.192098931	0.74	0.174	0.0	0.0
13	ROR1	1.186956216	0.471	0.048	0.0	0.0
13	KCND2	1.182878655	0.843	0.357	4.8900000000000003e-160	1.28e-155
13	EXT1	1.182505947	0.968	0.752	1.32e-146	3.46e-142
13	TMTC1	1.179441866	0.631	0.185	2.9299999999999997e-229	7.68e-225
13	RNF144A	1.170780149	0.717	0.292	2.6099999999999997e-189	6.84e-185
13	FRMPD4	1.16198468	0.536	0.111	2.8e-267	7.34e-263
13	PRKG1	1.158703259	0.863	0.736	2.8700000000000003e-37	7.5e-33
13	THSD7B	1.131825638	0.74	0.276	5.88e-154	1.54e-149
13	NKAIN3	1.129506889	0.661	0.198	1.22e-218	3.2e-214
13	DNM3	1.129025145	0.863	0.397	1.61e-183	4.2200000000000004e-179
13	CELF2	1.107205556	0.91	0.543	4.23e-165	1.1100000000000001e-160
13	ID4	1.107071616	0.648	0.221	1.7000000000000002e-185	4.4400000000000005e-181
13	ADAMTS9	1.102119574	0.468	0.11	3.6300000000000004e-209	9.49e-205
13	PEG10	1.099512886	0.902	0.429	1.8199999999999999e-174	4.77e-170
13	TUBB2B	1.099401091	0.859	0.371	3.8099999999999994e-188	9.98e-184
13	HECW2	1.094034229	0.736	0.22	1.41e-251	3.7e-247
13	AKAP12	1.092332226	0.742	0.307	5.28e-142	1.38e-137
13	AL139246.5	1.082127427	0.414	0.027	0.0	0.0
13	C1orf61	1.077473242	0.433	0.024	0.0	0.0
13	PLXNA4	1.072707409	0.562	0.095	0.0	0.0
13	CA10	1.071973054	0.637	0.336	7.19e-77	1.88e-72
13	LINC00698	1.066931403	0.628	0.198	5.8e-187	1.52e-182
13	LURAP1L	1.065774871	0.849	0.391	6.690000000000001e-185	1.7499999999999998e-180
13	CEP85L	1.06495632	0.742	0.275	1.3e-195	3.39e-191
13	TMEM178B	1.058695884	0.862	0.456	3.21e-150	8.4e-146
13	SIPA1L2	1.056691207	0.858	0.38	5.95e-176	1.56e-171
13	TRIM9	1.045575135	0.681	0.173	3.7999999999999994e-285	9.960000000000001e-281
13	ZNF385D	1.043823848	0.414	0.066	8.54e-284	2.23e-279
13	FGFR1	1.041174513	0.752	0.359	2.13e-161	5.57e-157
13	HIVEP3	1.040804507	0.89	0.656	4.21e-122	1.1e-117
13	BAALC	1.040618502	0.652	0.139	0.0	0.0
13	EPHA5	1.033522415	0.828	0.343	1.88e-168	4.91e-164
13	FRMD4A	1.024951845	0.875	0.576	5.71e-119	1.49e-114
13	CXCR4	1.016067938	0.655	0.119	0.0	0.0
13	NDUFA4L2	1.01267563	0.307	0.08	8.76e-106	2.29e-101
13	ATP2B4	1.010438144	0.769	0.274	3.89e-196	1.0199999999999999e-191
13	SCD5	0.999855995	0.687	0.349	2.89e-122	7.58e-118
13	NAV1	0.999458282	0.756	0.329	1.23e-159	3.21e-155
13	PHLDA2	0.99813976	0.604	0.336	3.74e-66	9.78e-62
13	AFF3	0.994525998	0.765	0.341	4.53e-143	1.18e-138
13	P3H2	0.971843421	0.3	0.019	0.0	0.0
13	ATRNL1	0.966832276	0.937	0.377	2.44e-158	6.39e-154
13	PGM2L1	0.964882429	0.808	0.549	6.07e-86	1.59e-81
13	GNG2	0.963091653	0.702	0.202	2.56e-238	6.689999999999999e-234
13	MAP1B	0.962579781	0.975	0.693	2.49e-137	6.51e-133
13	CACHD1	0.954617689	0.559	0.176	2.01e-171	5.2600000000000005e-167
13	STMN1	0.946329812	0.984	0.776	1.09e-131	2.87e-127
13	S100A4	0.941933533	0.411	0.048	0.0	0.0
13	SEMA6D	0.940133787	0.946	0.402	2.97e-158	7.77e-154
13	DST	0.935608633	0.959	0.704	4e-120	1.05e-115
13	LGALS1	0.934531803	0.744	0.407	1.07e-100	2.8e-96
13	SEMA5B	0.934332612	0.518	0.061	0.0	0.0
13	TMTC2	0.928726562	0.711	0.412	3.94e-84	1.0300000000000001e-79
13	PCDH9	0.926659391	0.853	0.337	3.35e-156	8.77e-152
13	CACNA2D1	0.917505472	0.969	0.67	1.01e-136	2.64e-132
13	PITPNC1	0.917346854	0.671	0.301	5.400000000000001e-110	1.41e-105
13	LHFPL2	0.91708078	0.573	0.154	1.2000000000000001e-223	3.15e-219
13	FNDC3B	0.914844235	0.824	0.552	1.18e-92	3.1000000000000003e-88
13	NCAM1	0.909441948	0.852	0.321	1.53e-174	4.0199999999999996e-170
13	SHC4	0.905528482	0.838	0.34	2.73e-158	7.14e-154
13	AC073050.1	0.904130426	0.551	0.282	1.4900000000000001e-58	3.9099999999999994e-54
13	AUTS2	0.896450383	0.978	0.827	6.100000000000001e-124	1.6e-119
13	PDZD2	0.895705615	0.721	0.387	1.6200000000000002e-97	4.25e-93
13	GUCY1A2	0.892881668	0.59	0.217	1.6400000000000002e-125	4.29e-121
13	FOXO1	0.889956027	0.615	0.332	1.18e-75	3.09e-71
13	PHC2	0.88509204	0.811	0.512	8.35e-107	2.19e-102
13	POMP	0.883879963	0.907	0.608	2.86e-125	7.5e-121
13	ITPR2	0.879084434	0.493	0.233	3.13e-73	8.2e-69
13	MLLT11	0.878801495	0.797	0.295	8.579999999999999e-197	2.25e-192
13	KLHL29	0.878510033	0.819	0.37	5.31e-137	1.3900000000000001e-132
13	LSAMP	0.875950728	0.932	0.748	6.67e-78	1.74e-73
13	RBMS3	0.872334593	0.724	0.244	2.56e-179	6.69e-175
13	EPHA3	0.872225681	0.693	0.236	1.4000000000000001e-167	3.6500000000000005e-163
13	LRFN5	0.867877417	0.477	0.093	2.42e-248	6.33e-244
13	NHSL2	0.865381168	0.467	0.066	0.0	0.0
13	CERS6	0.86530859	0.916	0.741	6.439999999999999e-104	1.69e-99
13	ARHGAP10	0.861869946	0.693	0.346	2.6700000000000005e-110	6.98e-106
13	PTN	0.858329592	0.414	0.035	0.0	0.0
13	PDE3A	0.852681082	0.404	0.092	1.54e-172	4.04e-168
13	CCK	0.848324626	0.275	0.124	3.25e-32	8.5e-28
13	MMP16	0.847939789	0.671	0.21	3.65e-178	9.56e-174
13	TENM4	0.841174661	0.784	0.332	1.01e-127	2.6300000000000002e-123
13	SCG2	0.840050339	0.467	0.057	0.0	0.0
13	TCF4	0.83663415	0.758	0.259	1.4900000000000003e-185	3.89e-181
13	STOX2	0.835745491	0.664	0.274	2.6899999999999997e-134	7.03e-130
13	NRXN3	0.832641037	0.938	0.537	1.1e-99	2.8699999999999998e-95
13	HPSE2	0.83223129	0.311	0.027	0.0	0.0
13	CTNNA2	0.829849752	0.571	0.181	2.58e-149	6.750000000000001e-145
13	PGAP1	0.829574661	0.836	0.48	1.0500000000000001e-123	2.75e-119
13	CHST3	0.827796073	0.621	0.129	0.0	0.0
13	UCHL1	0.827609123	0.847	0.507	7.350000000000001e-117	1.9199999999999999e-112
13	KRT17	0.823406426	0.386	0.073	1.27e-205	3.3200000000000004e-201
13	ENO1	0.822762917	0.902	0.699	2.52e-81	6.6000000000000006e-77
13	PCBP3	0.821475695	0.836	0.53	1.45e-98	3.8e-94
13	SH3KBP1	0.818186464	0.627	0.355	7.3e-69	1.91e-64
13	SRRM3	0.816804532	0.793	0.323	4.94e-156	1.29e-151
13	PMP22	0.815889168	0.486	0.086	2.4699999999999997e-298	6.46e-294
13	ADAMTSL1	0.814318772	0.609	0.296	3.9000000000000004e-73	1.02e-68
13	GALNT14	0.811307034	0.511	0.202	3.36e-102	8.79e-98
13	IQCJ-SCHIP1	0.808728937	0.392	0.081	2.5099999999999996e-197	6.56e-193
13	BCL11A	0.80758626	0.618	0.157	2.55e-241	6.67e-237
13	DOK6	0.807546268	0.677	0.313	5.5e-111	1.44e-106
13	SNAI2	0.805809629	0.441	0.022	0.0	0.0
13	SOX11	0.803659477	0.827	0.339	8.45e-146	2.21e-141
13	LHFPL6	0.801291986	0.524	0.218	4.5199999999999997e-91	1.1800000000000001e-86
13	TPM1	0.799957798	0.811	0.612	1.72e-59	4.5099999999999996e-55
13	BACH2	0.796881038	0.692	0.363	3.2000000000000002e-87	8.369999999999999e-83
13	PTPRO	0.795101664	0.577	0.162	4.2600000000000006e-185	1.12e-180
13	SSBP2	0.790068093	0.893	0.593	1.47e-93	3.8499999999999996e-89
13	TMEM108	0.784108108	0.827	0.364	3.65e-120	9.570000000000001e-116
13	CNKSR3	0.783673501	0.699	0.374	5.57e-90	1.46e-85
13	COL21A1	0.777543941	0.493	0.154	5.249999999999999e-134	1.37e-129
13	ARL4C	0.77549914	0.631	0.294	1.3000000000000002e-109	3.4100000000000003e-105
13	ANKRD6	0.772333442	0.686	0.342	1.48e-108	3.87e-104
13	TAGLN2	0.771746578	0.85	0.575	3.2799999999999996e-89	8.59e-85
13	VIM	0.771051029	0.881	0.465	6.2e-162	1.62e-157
13	TSHZ2	0.770952559	0.831	0.629	8.05e-58	2.11e-53
13	PDE10A	0.759261301	0.41	0.109	3.5599999999999996e-139	9.319999999999999e-135
13	PAM	0.754871137	0.878	0.49	3.7299999999999996e-126	9.77e-122
13	APLP1	0.753835998	0.742	0.299	3.8300000000000004e-160	1e-155
13	SEPT6	0.749315528	0.753	0.376	4.13e-133	1.08e-128
13	RBMS1	0.748280931	0.758	0.442	7.13e-87	1.87e-82
13	DACH1	0.747513177	0.975	0.633	7.370000000000001e-110	1.93e-105
13	LINC01091	0.747065288	0.589	0.312	9.869999999999999e-61	2.5800000000000002e-56
13	PRKCA	0.746649297	0.884	0.681	6.1499999999999995e-52	1.6100000000000002e-47
13	SYT1	0.745582237	0.924	0.535	5.49e-113	1.44e-108
13	SEMA6A	0.744523395	0.758	0.35	5.16e-119	1.35e-114
13	FLRT2	0.744483597	0.429	0.047	0.0	0.0
13	TUBB	0.744049615	0.93	0.729	4.26e-85	1.1100000000000001e-80
13	EMCN	0.742766034	0.323	0.015	0.0	0.0
13	GPM6B	0.741497847	0.564	0.247	9.959999999999999e-104	2.6100000000000002e-99
13	PPP2R2B	0.739171465	0.348	0.066	1.11e-186	2.91e-182
13	SLC38A1	0.735393477	0.919	0.498	9.67e-116	2.53e-111
13	TUBA1B	0.733808345	0.918	0.692	2.2399999999999998e-82	5.88e-78
13	MARCKS	0.73358877	0.922	0.812	8.340000000000001e-77	2.18e-72
13	RGS5	0.731115291	0.421	0.292	2.43e-18	6.36e-14
13	CCDC50	0.731113203	0.671	0.375	1.1e-86	2.8699999999999997e-82
13	CTHRC1	0.730450268	0.661	0.258	2.6499999999999998e-138	6.939999999999999e-134
13	TRPC5	0.730388814	0.41	0.102	4.3700000000000005e-155	1.14e-150
13	ACTB	0.724509748	0.982	0.922	1.4e-83	3.6600000000000004e-79
13	CHN2	0.722044325	0.88	0.416	2.6200000000000002e-123	6.86e-119
13	SPATS2L	0.718009591	0.952	0.774	1.14e-91	2.97e-87
13	NEFL	0.717143348	0.48	0.154	8.51e-134	2.23e-129
13	PPP1CB	0.717019604	0.928	0.743	2e-90	5.23e-86
13	DCX	0.716718926	0.584	0.176	4.07e-175	1.0699999999999999e-170
13	STON2	0.713123757	0.586	0.242	2.91e-112	7.62e-108
13	TUBB2A	0.712016048	0.665	0.324	2.46e-111	6.45e-107
13	LMNA	0.711661768	0.896	0.658	6.72e-76	1.76e-71
13	C9orf3	0.707556692	0.915	0.752	2.64e-63	6.91e-59
13	NRG3	0.705692628	0.865	0.485	1.79e-99	4.68e-95
13	CST3	0.70564646	0.821	0.62	3.72e-62	9.73e-58
13	RGS20	0.704659454	0.411	0.106	1.05e-151	2.74e-147
13	RHOJ	0.703461502	0.352	0.016	0.0	0.0
13	UNC79	0.697302002	0.8	0.339	4.62e-137	1.2100000000000002e-132
13	MFGE8	0.697197395	0.552	0.19	8.81e-148	2.31e-143
13	ESRRG	0.696885061	0.903	0.683	6.5e-65	1.7e-60
13	PTK7	0.696331644	0.769	0.485	1.65e-83	4.32e-79
13	ZEB1	0.692592731	0.818	0.373	5.560000000000001e-117	1.45e-112
13	TTYH1	0.692409382	0.394	0.038	0.0	0.0
13	EXD3	0.685731406	0.523	0.254	1.9e-75	4.98e-71
13	PPP1R14B	0.68532582	0.869	0.578	9.21e-92	2.41e-87
13	NRP2	0.683121974	0.355	0.047	1.45e-302	3.7899999999999998e-298
13	TBCD	0.682302101	0.791	0.548	4.1200000000000004e-80	1.08e-75
13	CRMP1	0.682089516	0.758	0.316	1.45e-140	3.79e-136
13	PAG1	0.681521804	0.593	0.363	2.38e-49	6.229999999999999e-45
13	CFL1	0.681122398	0.949	0.819	6.67e-88	1.74e-83
13	MDK	0.678403692	0.918	0.722	4.37e-77	1.14e-72
13	FAM46A	0.67753721	0.821	0.539	8.24e-67	2.16e-62
13	MT1X	0.675104475	0.545	0.343	1.88e-33	4.9200000000000004e-29
13	ENC1	0.669123731	0.523	0.248	4.06e-77	1.0600000000000001e-72
13	DGKH	0.66859961	0.675	0.292	5.02e-116	1.31e-111
13	CDH11	0.667658601	0.341	0.012	0.0	0.0
13	CCDC88A	0.667448586	0.824	0.506	3.8e-92	9.94e-88
13	YBX1	0.664805338	0.947	0.826	9.140000000000001e-86	2.39e-81
13	AC092691.1	0.662228444	0.806	0.503	1.1099999999999999e-67	2.91e-63
13	ARHGEF17	0.659094733	0.517	0.129	2.68e-220	7.029999999999999e-216
13	NXN	0.6588315	0.717	0.459	3.23e-62	8.440000000000001e-58
13	FAM49A	0.658117855	0.609	0.285	2.68e-100	7.02e-96
13	HIGD1B	0.652531423	0.294	0.048	2.13e-193	5.5699999999999994e-189
13	CLDND1	0.646869207	0.686	0.406	2.14e-74	5.6100000000000006e-70
13	PDGFRB	0.645693869	0.298	0.004	0.0	0.0
13	AC124254.1	0.643959969	0.62	0.269	1.4e-104	3.66e-100
13	CTNNA3	0.64255553	0.793	0.465	8.29e-79	2.1699999999999998e-74
13	CRIP2	0.637946073	0.715	0.362	2.7e-105	7.08e-101
13	MBNL2	0.637321854	0.875	0.601	5.19e-63	1.36e-58
13	LINC01060	0.637276358	0.759	0.566	1.1300000000000001e-32	2.97e-28
13	PPM1L	0.636986567	0.624	0.356	3.78e-59	9.909999999999999e-55
13	STXBP6	0.636003549	0.499	0.252	4.02e-62	1.05e-57
13	KIF26B	0.63594863	0.405	0.175	3.2700000000000004e-58	8.57e-54
13	NHS	0.632813508	0.512	0.263	5.780000000000001e-59	1.5099999999999998e-54
13	MAP2	0.62931748	0.9	0.553	2.0500000000000003e-86	5.38e-82
13	THY1	0.629045721	0.446	0.066	0.0	0.0
13	KIF5C	0.628780652	0.962	0.834	8.63e-78	2.2600000000000003e-73
13	ERBB4	0.627559227	0.325	0.219	9.97e-14	2.61e-09
13	PLXDC1	0.623636765	0.301	0.045	3.35e-221	8.76e-217
13	TAGLN3	0.620940556	0.637	0.22	2.84e-139	7.42e-135
13	NFIA	0.620601238	0.96	0.865	3.0899999999999997e-54	8.08e-50
13	EPHA4	0.618290701	0.537	0.218	1.1999999999999999e-95	3.1399999999999997e-91
13	CMSS1	0.618170157	0.9	0.694	1.0700000000000001e-75	2.8e-71
13	SUSD4	0.615977379	0.598	0.31	4.24e-70	1.11e-65
13	ARHGAP15	0.61543566	0.714	0.314	8.7e-86	2.28e-81
13	RDX	0.61298219	0.791	0.539	2.8e-65	7.33e-61
13	LMO4	0.611367214	0.665	0.512	6.3099999999999994e-24	1.65e-19
13	NEFM	0.609545645	0.325	0.093	6.25e-97	1.64e-92
13	CPE	0.607936348	0.978	0.804	1.04e-78	2.74e-74
13	DPYD	0.60670228	0.571	0.333	3.07e-49	8.03e-45
13	NR6A1	0.606486637	0.649	0.255	1.14e-122	2.98e-118
13	GLCE	0.60539444	0.599	0.301	1.43e-80	3.75e-76
13	CHL1	0.605185111	0.486	0.254	1.2399999999999999e-48	3.25e-44
13	CELF4	0.6019322	0.581	0.18	1.13e-162	2.95e-158
13	MYT1L	0.601394278	0.775	0.329	1.16e-106	3.03e-102
13	STMN2	0.599351676	0.364	0.077	3.0800000000000004e-166	8.07e-162
13	IGF2BP3	0.594267463	0.567	0.208	1.31e-113	3.43e-109
13	SLC44A5	0.594051025	0.677	0.499	5.61e-28	1.47e-23
13	CASC15	0.593102755	0.767	0.594	5.23e-36	1.37e-31
13	LIN7A	0.592052637	0.535	0.162	1.43e-149	3.75e-145
13	ARC	0.592003196	0.612	0.295	1.63e-76	4.2600000000000003e-72
13	SSTR2	0.59170264	0.349	0.051	3.1500000000000003e-257	8.25e-253
13	LRRN3	0.591577122	0.483	0.152	1.41e-128	3.7000000000000003e-124
13	NME1	0.591009552	0.856	0.605	4.25e-67	1.11e-62
13	SRRM4	0.591002533	0.573	0.212	9.84e-112	2.58e-107
13	CAMK1D	0.590487708	0.824	0.576	7.51e-60	1.97e-55
13	PKIB	0.590356348	0.822	0.519	9.39e-72	2.46e-67
13	MSN	0.588994024	0.621	0.247	7.329999999999999e-128	1.9200000000000003e-123
13	VPS13D	0.587668664	0.812	0.609	1.05e-50	2.74e-46
13	GAPDH	0.58683003	0.95	0.815	2.87e-60	7.520000000000001e-56
13	TNR	0.585044597	0.295	0.054	7.18e-166	1.88e-161
13	LY6H	0.584426849	0.36	0.032	0.0	0.0
13	FERMT2	0.583476214	0.724	0.452	2.96e-61	7.76e-57
13	TIMP3	0.580965784	0.546	0.244	4.86e-75	1.27e-70
13	KCNN3	0.579918829	0.311	0.032	0.0	0.0
13	STEAP1B	0.577361837	0.316	0.034	0.0	0.0
13	B3GLCT	0.576096372	0.433	0.15	1.0199999999999999e-104	2.66e-100
13	SEPT7	0.571842994	0.93	0.772	4.610000000000001e-75	1.21e-70
13	ANK3	0.571562773	0.977	0.914	6.2699999999999996e-40	1.64e-35
13	ASAP1	0.571208061	0.944	0.735	1.4500000000000002e-70	3.8000000000000003e-66
13	TRAK1	0.570719007	0.689	0.375	7.490000000000001e-75	1.9600000000000002e-70
13	CDH2	0.57038869	0.67	0.245	4.79e-123	1.25e-118
13	CKB	0.569788897	0.883	0.592	8.260000000000001e-73	2.16e-68
13	CPEB4	0.568807701	0.856	0.643	1.91e-54	5.01e-50
13	FABP5	0.568340112	0.805	0.592	2.51e-41	6.570000000000001e-37
13	RNF150	0.567350722	0.426	0.165	1.09e-80	2.86e-76
13	NPB	0.565556454	0.36	0.099	3.88e-119	1.02e-114
13	NOTCH3	0.564876802	0.396	0.116	8.48e-127	2.2200000000000002e-122
13	SLC24A3	0.564210503	0.417	0.216	3.26e-41	8.53e-37
13	CSRNP3	0.563857862	0.746	0.298	4.39e-114	1.15e-109
13	SHISA2	0.563836376	0.504	0.176	1.36e-113	3.56e-109
13	EIF4EBP1	0.563709879	0.689	0.358	1.46e-91	3.83e-87
13	PCSK1N	0.563213598	0.877	0.657	3.27e-61	8.56e-57
13	GRM7	0.561842126	0.737	0.444	1.56e-65	4.09e-61
13	EIF1	0.561440411	0.977	0.921	8.28e-65	2.1699999999999999e-60
13	GNGT1	0.560818569	0.436	0.155	1.67e-85	4.36e-81
13	SORCS2	0.560594875	0.499	0.151	3.21e-136	8.4e-132
13	CDKN1C	0.560375744	0.377	0.259	1.13e-17	2.96e-13
13	LRRTM4	0.559866759	0.347	0.113	1.24e-78	3.2399999999999997e-74
13	EVL	0.559476304	0.834	0.548	2.3e-74	6.01e-70
13	JAKMIP2	0.559201945	0.64	0.238	6.590000000000001e-122	1.73e-117
13	RIPOR2	0.557300984	0.671	0.287	9.2e-95	2.41e-90
13	LINGO1	0.552932018	0.571	0.181	2.75e-159	7.19e-155
13	NT5DC2	0.550077296	0.659	0.348	4.85e-83	1.27e-78
13	PUS7	0.549779192	0.555	0.316	1.64e-56	4.309999999999999e-52
13	AP3B2	0.54967167	0.665	0.359	6.45e-77	1.6900000000000002e-72
13	CNTN4	0.548915399	0.501	0.351	1.61e-17	4.2e-13
13	KCNH7	0.548476894	0.86	0.376	1.57e-101	4.1e-97
13	SSH2	0.548299627	0.938	0.782	2.4e-63	6.29e-59
13	FAM19A1	0.546076852	0.658	0.331	9.06e-59	2.3699999999999997e-54
13	UBA2	0.545678998	0.862	0.656	2.3999999999999997e-67	6.28e-63
13	ASAP2	0.545571097	0.692	0.454	6.57e-53	1.7199999999999998e-48
13	NFIB	0.545482791	0.878	0.719	1.8699999999999998e-45	4.9e-41
13	MYO5A	0.545353314	0.626	0.375	1.5699999999999998e-54	4.11e-50
13	PALD1	0.545056971	0.504	0.174	2.66e-120	6.96e-116
13	ATP8A2	0.544698315	0.856	0.381	2.48e-95	6.5e-91
13	PFDN2	0.544301126	0.834	0.585	7.53e-70	1.97e-65
13	TGFBR2	0.544184945	0.463	0.179	3.3e-88	8.64e-84
13	GAS2	0.544122356	0.355	0.099	5.2500000000000005e-110	1.37e-105
13	NTRK2	0.543239722	0.272	0.046	2.8999999999999997e-170	7.580000000000001e-166
13	PHLDA1	0.542133824	0.338	0.025	0.0	0.0
13	TMEM65	0.541831587	0.7	0.468	4.23e-50	1.11e-45
13	SH3PXD2B	0.539560402	0.537	0.234	3.37e-90	8.82e-86
13	ZNF608	0.53949116	0.551	0.276	2.5700000000000003e-64	6.72e-60
13	ZNF711	0.538843305	0.561	0.178	2.4e-145	6.279999999999999e-141
13	NRCAM	0.536783045	0.564	0.221	3.2999999999999996e-94	8.649999999999999e-90
13	HRK	0.53603339	0.373	0.108	3.11e-111	8.15e-107
13	PTPRR	0.535446039	0.374	0.099	4.9099999999999996e-126	1.2900000000000001e-121
13	LRRC4C	0.535033708	0.394	0.154	2.22e-69	5.82e-65
13	GNB2	0.53469948	0.809	0.573	9.43e-67	2.47e-62
13	NR2F2	0.534238228	0.618	0.405	3.09e-44	8.08e-40
13	GNAL	0.534046092	0.539	0.245	1.04e-77	2.7200000000000004e-73
13	AGAP1	0.531536975	0.883	0.775	2.07e-39	5.42e-35
13	SEMA3A	0.531113172	0.354	0.083	1.32e-141	3.45e-137
13	TCF12	0.529104948	0.931	0.832	3.0600000000000003e-43	8e-39
13	LINC02232	0.528319837	0.448	0.127	9.09e-133	2.38e-128
13	ELAVL3	0.528254442	0.59	0.201	1.1600000000000001e-132	3.04e-128
13	SCG3	0.526689627	0.715	0.301	3.13e-100	8.2e-96
13	PHYHIPL	0.525201146	0.75	0.429	6.12e-71	1.6000000000000002e-66
13	FAM110B	0.523717245	0.471	0.325	6.790000000000001e-21	1.78e-16
13	C16orf45	0.522690569	0.577	0.243	2.13e-98	5.57e-94
13	OSBPL6	0.52170998	0.796	0.576	2.24e-44	5.87e-40
13	LAPTM4B	0.521507204	0.819	0.58	1.7700000000000002e-64	4.64e-60
13	ATP1A3	0.519953553	0.47	0.136	2.75e-147	7.1900000000000005e-143
13	CNN3	0.519268723	0.799	0.61	3.38e-37	8.830000000000001e-33
13	SPTBN1	0.518072852	0.89	0.747	8.65e-48	2.2700000000000003e-43
13	MYBL2	0.517220454	0.521	0.244	1.64e-63	4.29e-59
13	CAMK2D	0.515791455	0.75	0.488	3.44e-53	9e-49
13	RHOQ	0.515617506	0.577	0.387	2.19e-36	5.72e-32
13	AL645608.8	0.515530617	0.398	0.063	1.6799999999999999e-277	4.4000000000000004e-273
13	RHBDL3	0.514973633	0.499	0.173	6.770000000000001e-110	1.77e-105
13	RAPGEF4	0.514499468	0.485	0.155	9.890000000000001e-122	2.5900000000000002e-117
13	MIR4713HG	0.514080765	0.502	0.207	6.97e-74	1.83e-69
13	FBLIM1	0.513623951	0.545	0.275	1.9e-72	4.969999999999999e-68
13	AL356479.1	0.51154022	0.329	0.074	2.5700000000000002e-132	6.719999999999999e-128
13	TSC22D4	0.511214333	0.339	0.13	1.9999999999999997e-68	5.24e-64
13	NAV2	0.510304257	0.814	0.455	2.3900000000000004e-72	6.259999999999999e-68
13	RAB3C	0.510256308	0.499	0.154	1.06e-128	2.7600000000000003e-124
13	AC106744.1	0.509037157	0.432	0.135	9.76e-105	2.55e-100
13	IFI27L2	0.50891909	0.568	0.204	6.440000000000001e-123	1.69e-118
13	H2AFZ	0.508636226	0.9	0.718	8.88e-52	2.33e-47
13	CCDC102B	0.508324737	0.28	0.075	6.48e-93	1.7000000000000002e-88
13	JPT1	0.507861191	0.931	0.756	2.28e-60	5.96e-56
13	NIN	0.506676258	0.746	0.488	4.810000000000001e-59	1.26e-54
13	PFN1	0.50570379	0.907	0.767	8.37e-49	2.19e-44
13	GADD45A	0.504583377	0.634	0.382	6.66e-49	1.74e-44
13	DGUOK	0.504457773	0.891	0.681	6.9e-58	1.81e-53
13	RSU1	0.50428324	0.665	0.402	1.23e-59	3.23e-55
13	MARCKSL1	0.503691414	0.94	0.823	5.28e-51	1.38e-46
13	DCBLD2	0.503504666	0.605	0.387	2.7700000000000003e-43	7.24e-39
13	TIAM1	0.501947765	0.783	0.53	6.59e-50	1.7199999999999998e-45
13	MMP3	0.50105764	0.351	0.046	1.64e-292	4.29e-288
13	PAK5	0.500991942	0.433	0.142	7.599999999999999e-104	1.99e-99
13	QKI	0.50067167	0.853	0.636	1.48e-49	3.88e-45
13	ARHGEF7	0.498881371	0.733	0.479	7.809999999999999e-54	2.04e-49
13	AGPAT4	0.498288576	0.599	0.27	3.7200000000000003e-85	9.75e-81
13	KIF1B	0.497933823	0.909	0.713	2.2199999999999998e-55	5.8e-51
13	CYCS	0.49713505	0.86	0.638	4.3499999999999994e-54	1.14e-49
13	SCN9A	0.496251708	0.373	0.119	4.2299999999999997e-94	1.11e-89
13	EPB41L2	0.49588968	0.457	0.178	7.04e-84	1.8400000000000002e-79
13	CDKN2A	0.495594463	0.878	0.659	9.389999999999999e-60	2.4599999999999997e-55
13	ANK2	0.493938615	0.464	0.156	7.86e-102	2.06e-97
13	IGFBP4	0.49346738	0.377	0.091	1.27e-143	3.31e-139
13	CHSY3	0.492705552	0.552	0.258	1.73e-61	4.52e-57
13	CAMTA1	0.49152022	0.949	0.787	1.84e-65	4.81e-61
13	CALM1	0.490471887	0.924	0.812	1.84e-37	4.81e-33
13	RMST	0.490454427	0.75	0.501	5.78e-46	1.51e-41
13	HDAC2	0.490277404	0.855	0.615	4.23e-64	1.11e-59
13	ANXA2	0.489982901	0.89	0.693	6.33e-44	1.66e-39
13	FMNL2	0.489854486	0.696	0.421	1.2e-55	3.15e-51
13	LRRC7	0.48886701	0.499	0.255	8.119999999999999e-52	2.1300000000000002e-47
13	SNAP25	0.488822354	0.797	0.399	1.19e-83	3.1100000000000005e-79
13	DMD	0.488583689	0.329	0.103	1.33e-84	3.47e-80
13	DNER	0.488361218	0.351	0.125	4.8200000000000005e-73	1.2599999999999999e-68
13	GABRB3	0.487411863	0.762	0.508	4.05e-51	1.06e-46
13	SRGAP1	0.487235846	0.912	0.654	5.65e-63	1.4800000000000001e-58
13	GNAS	0.485245747	0.982	0.914	5.010000000000001e-66	1.3099999999999999e-61
13	RASAL2	0.485145162	0.855	0.683	9.23e-39	2.42e-34
13	IFNGR2	0.485081609	0.715	0.48	3.4099999999999998e-53	8.94e-49
13	SEPT4	0.484908149	0.307	0.046	1.47e-223	3.85e-219
13	PLXNA2	0.484141367	0.37	0.105	2.72e-115	7.12e-111
13	IGFBP2	0.483691744	0.956	0.648	1.7100000000000002e-72	4.4699999999999995e-68
13	HIPK2	0.483314953	0.833	0.703	2.72e-25	7.12e-21
13	SPARCL1	0.483164793	0.551	0.283	5e-49	1.31e-44
13	GTDC1	0.482781604	0.661	0.389	3.06e-55	8e-51
13	FGGY	0.482732807	0.812	0.606	4e-46	1.0499999999999999e-41
13	SDC1	0.481396843	0.489	0.237	7.09e-63	1.86e-58
13	ELAVL2	0.481176796	0.728	0.378	3.67e-75	9.6e-71
13	UNC5C	0.480974107	0.402	0.222	8.830000000000001e-33	2.31e-28
13	CREM	0.480602848	0.693	0.448	2.4199999999999997e-54	6.33e-50
13	NREP	0.479576825	0.728	0.441	1.5200000000000001e-65	3.9799999999999995e-61
13	GNAO1	0.47889145	0.529	0.2	9.57e-93	2.51e-88
13	DENND2A	0.47828207	0.683	0.413	2.76e-55	7.23e-51
13	RPS12	0.477891409	0.965	0.913	1.1399999999999999e-45	2.99e-41
13	AP000462.1	0.477879318	0.407	0.102	3.95e-154	1.03e-149
13	CENPV	0.477391248	0.683	0.374	1.08e-71	2.8399999999999998e-67
13	COX7A2	0.477105383	0.957	0.819	2.57e-60	6.720000000000001e-56
13	SLC35G2	0.476811464	0.653	0.299	3.1499999999999995e-95	8.23e-91
13	PRKN	0.476428667	0.708	0.488	2.34e-41	6.13e-37
13	CDH12	0.476400152	0.85	0.381	5.58e-78	1.4600000000000002e-73
13	S100A13	0.476099769	0.586	0.34	6.42e-50	1.68e-45
13	SEPT9	0.475024287	0.805	0.633	3.88e-40	1.0200000000000001e-35
13	NDUFA11	0.474299791	0.783	0.545	1.46e-50	3.83e-46
13	RBP1	0.473994715	0.683	0.431	3.41e-52	8.919999999999999e-48
13	SCN3A	0.473861117	0.658	0.244	7.38e-123	1.93e-118
13	SH3BP4	0.473379413	0.706	0.445	5.0299999999999994e-54	1.32e-49
13	CEP170	0.472439464	0.783	0.538	3.44e-56	9.009999999999999e-52
13	PCSK1	0.4721094	0.673	0.271	3.51e-99	9.18e-95
13	PELI2	0.471867883	0.586	0.305	3.72e-59	9.74e-55
13	RBX1	0.471193925	0.809	0.569	5.52e-56	1.45e-51
13	GALNT13	0.470691484	0.402	0.173	5.32e-57	1.3899999999999998e-52
13	CTNND2	0.469032961	0.866	0.755	5.31e-32	1.39e-27
13	ETV4	0.46902797	0.407	0.104	1.78e-145	4.66e-141
13	RPS19	0.468707258	0.985	0.945	5.22e-51	1.37e-46
13	ACTN1	0.467481261	0.653	0.45	5.1e-39	1.33e-34
13	PLCL1	0.467101711	0.272	0.114	1.59e-39	4.16e-35
13	GPR173	0.466087445	0.571	0.201	1.65e-116	4.31e-112
13	SLC38A2	0.465960004	0.753	0.537	1.7500000000000002e-43	4.58e-39
13	CDKN2C	0.465714864	0.64	0.381	2.03e-53	5.31e-49
13	COL5A1	0.464143418	0.369	0.112	6.13e-100	1.6099999999999998e-95
13	TMEFF2	0.463092721	0.43	0.189	3.2e-57	8.37e-53
13	SLC25A6	0.461517139	0.83	0.589	2.67e-51	6.980000000000001e-47
13	BEX3	0.460556223	0.916	0.788	4.03e-38	1.05e-33
13	OSBPL3	0.459604909	0.565	0.258	3.8200000000000005e-71	1.0000000000000001e-66
13	MYADM	0.459081902	0.573	0.341	3.5299999999999996e-46	9.249999999999999e-42
13	GNAQ	0.458863572	0.887	0.721	4.61e-47	1.2099999999999999e-42
13	PTPRM	0.458534446	0.614	0.343	4.94e-47	1.2899999999999998e-42
13	CAMK4	0.457415531	0.49	0.216	4.06e-60	1.06e-55
13	CDC25B	0.457145193	0.463	0.172	4.1e-93	1.07e-88
13	FRY	0.454776929	0.383	0.098	4.95e-136	1.3e-131
13	COL25A1	0.454117115	0.557	0.32	2.33e-37	6.1e-33
13	ATCAY	0.453688603	0.504	0.164	4.4000000000000004e-125	1.15e-120
13	KLF7	0.453475127	0.59	0.32	2.23e-57	5.85e-53
13	LAMA3	0.4515598	0.433	0.216	1.08e-45	2.82e-41
13	VGF	0.450790631	0.413	0.146	6.800000000000001e-88	1.7799999999999998e-83
13	CELSR2	0.450740537	0.455	0.114	1.92e-177	5.0200000000000004e-173
13	PPM1E	0.45032982	0.884	0.573	1.46e-57	3.8199999999999998e-53
13	B4GALT5	0.450170855	0.711	0.46	1.78e-49	4.6599999999999996e-45
13	NLGN4Y	0.45011812	0.806	0.61	1.58e-36	4.14e-32
13	HNRNPAB	0.449535015	0.83	0.63	5.65e-44	1.48e-39
13	GTF3A	0.449522473	0.664	0.391	1.6400000000000002e-58	4.28e-54
13	CACNA2D3	0.448442821	0.37	0.134	2.01e-70	5.27e-66
13	TTN	0.448235043	0.493	0.219	3.66e-60	9.58e-56
13	ITM2C	0.448173064	0.576	0.39	2.1900000000000001e-32	5.74e-28
13	TMEM63A	0.446163131	0.455	0.209	1.56e-64	4.08e-60
13	SESTD1	0.444108036	0.752	0.443	7.87e-66	2.06e-61
13	GDAP1	0.444030725	0.752	0.447	5.39e-62	1.41e-57
13	PRPH	0.443720734	0.37	0.101	3.4999999999999997e-115	9.169999999999999e-111
13	C3orf67	0.443598899	0.602	0.346	2.84e-49	7.42e-45
13	IGF2	0.442983086	0.26	0.038	6.54e-188	1.71e-183
13	VDAC2	0.442370046	0.922	0.784	3.81e-47	9.97e-43
13	CASP3	0.44136419	0.549	0.363	1.65e-33	4.31e-29
13	EPHB1	0.440949253	0.49	0.209	1.3e-67	3.41e-63
13	GPHN	0.440943489	0.932	0.814	3.89e-40	1.0200000000000001e-35
13	RBM3	0.439749843	0.883	0.675	6.52e-50	1.71e-45
13	ATP11A	0.439665251	0.838	0.525	3.9e-62	1.02e-57
13	DOCK10	0.4368109	0.627	0.288	5.91e-77	1.5500000000000002e-72
13	ENAH	0.436245062	0.962	0.84	8.36e-41	2.19e-36
13	PAFAH1B3	0.434913787	0.722	0.492	1.9799999999999997e-48	5.19e-44
13	BCAR3	0.434434682	0.49	0.223	5.0500000000000004e-70	1.32e-65
13	DCLK2	0.434207089	0.664	0.426	3.58e-43	9.37e-39
13	MAP4	0.434092171	0.838	0.645	1.07e-45	2.79e-41
13	MIER1	0.432952368	0.799	0.594	5.49e-40	1.44e-35
13	PGK1	0.432284215	0.821	0.645	9.34e-36	2.4400000000000003e-31
13	ALDOA	0.431503008	0.86	0.7	3.27e-37	8.55e-33
13	SOX9	0.431153185	0.696	0.513	1.42e-30	3.7300000000000003e-26
13	ADORA2B	0.430269089	0.345	0.045	3.05e-292	7.989999999999999e-288
13	CACNG4	0.430062793	0.599	0.275	1.18e-80	3.08e-76
13	CORO2B	0.429888857	0.59	0.246	3.7999999999999996e-82	9.95e-78
13	GNAI1	0.429284099	0.593	0.303	2.38e-58	6.239999999999999e-54
13	CHCHD2	0.428900102	0.938	0.824	3.72e-46	9.739999999999999e-42
13	C11orf96	0.427678383	0.261	0.1	1.6199999999999999e-46	4.2399999999999996e-42
13	DPYSL2	0.42737507	0.628	0.358	1.88e-60	4.92e-56
13	KLF12	0.425464336	0.789	0.542	2.51e-44	6.569999999999999e-40
13	EPHB2	0.423374354	0.452	0.163	9.57e-93	2.5e-88
13	SEZ6L	0.42328568	0.705	0.32	1.0100000000000001e-70	2.63e-66
13	ELOB	0.423047923	0.934	0.798	1.37e-47	3.5700000000000003e-43
13	SEMA3C	0.42301873	0.408	0.305	1.11e-11	2.9e-07
13	FARP1	0.422487893	0.866	0.687	9.769999999999999e-40	2.56e-35
13	OAZ2	0.419635668	0.508	0.273	4.8399999999999993e-54	1.27e-49
13	LINC02202	0.419412644	0.341	0.084	4.6599999999999997e-126	1.22e-121
13	RAMP2	0.419201704	0.612	0.378	3.8700000000000004e-47	1.0099999999999999e-42
13	STX12	0.417830083	0.724	0.506	1.45e-41	3.8e-37
13	PDE6D	0.416553165	0.589	0.326	1.62e-56	4.25e-52
13	MAP4K4	0.415614079	0.891	0.711	4.97e-44	1.3e-39
13	COL6A2	0.415586978	0.408	0.22	3.12e-39	8.160000000000001e-35
13	PTPN12	0.415523935	0.783	0.557	8.89e-41	2.33e-36
13	GFRA2	0.413200547	0.297	0.039	4.3e-243	1.13e-238
13	CLASP2	0.413124017	0.767	0.579	3.75e-35	9.830000000000001e-31
13	SYT11	0.412282577	0.41	0.118	1.4e-120	3.66e-116
13	SEC61G	0.411718239	0.881	0.69	9.689999999999999e-42	2.5400000000000002e-37
13	COX5B	0.411109711	0.925	0.776	5.49e-41	1.44e-36
13	NCK2	0.410959261	0.611	0.373	1.6499999999999999e-41	4.32e-37
13	PCSK2	0.410633645	0.922	0.381	3.98e-95	1.04e-90
13	RANBP1	0.410526454	0.765	0.517	3.36e-49	8.8e-45
13	APC	0.410216601	0.783	0.548	2.92e-44	7.65e-40
13	FHL2	0.410047466	0.752	0.413	5.5799999999999996e-61	1.46e-56
13	PPIA	0.409849024	0.962	0.867	4.2700000000000004e-47	1.12e-42
13	NPTX2	0.408372268	0.369	0.129	2.21e-82	5.78e-78
13	FSD1L	0.408298695	0.642	0.393	1.8699999999999998e-45	4.89e-41
13	PPA1	0.407583364	0.941	0.826	4e-34	1.0500000000000001e-29
13	JAM3	0.407328488	0.492	0.168	8.649999999999999e-106	2.26e-101
13	C4orf48	0.407149375	0.78	0.56	5.72e-44	1.5e-39
13	TTC28	0.407129088	0.863	0.665	2.3299999999999998e-38	6.1e-34
13	BTG3	0.406971229	0.587	0.324	3.23e-55	8.45e-51
13	GAB2	0.406552861	0.678	0.408	7.11e-49	1.86e-44
13	UNC13A	0.405983896	0.524	0.231	3e-73	7.849999999999999e-69
13	ETFB	0.40483056	0.731	0.522	1.63e-39	4.27e-35
13	BASP1	0.404738999	0.919	0.753	7.7e-41	2.02e-36
13	BTBD17	0.404648182	0.401	0.139	1.09e-81	2.84e-77
13	PRICKLE2	0.404491747	0.512	0.246	1.61e-56	4.2099999999999995e-52
13	CBL	0.403842794	0.683	0.45	4.52e-44	1.18e-39
13	IL1RAP	0.403718657	0.295	0.135	5.779999999999999e-38	1.51e-33
13	UQCRH	0.403261172	0.943	0.822	1.17e-38	3.05e-34
13	NECTIN1	0.402356553	0.515	0.253	6.6e-62	1.73e-57
13	SHC1	0.401584146	0.512	0.256	5.59e-61	1.46e-56
13	NMNAT2	0.401501867	0.443	0.213	8.529999999999999e-52	2.23e-47
13	MAP1LC3A	0.400877539	0.529	0.314	3e-41	7.85e-37
13	ATP5G1	0.400859166	0.849	0.696	5.97e-35	1.5599999999999999e-30
13	KAT6B	0.400837704	0.927	0.846	2.28e-25	5.980000000000001e-21
13	VCL	0.400753981	0.934	0.844	4.7600000000000003e-26	1.24e-21
13	LIN28B	0.400495749	0.586	0.277	5.5e-66	1.44e-61
13	YWHAQ	0.400290706	0.944	0.838	2.92e-41	7.63e-37
13	CDH4	0.39996907	0.417	0.185	1.44e-53	3.77e-49
13	CDKN1A	0.399576505	0.51	0.285	1.39e-43	3.63e-39
13	YWHAZ	0.399556445	0.974	0.922	1.1099999999999999e-55	2.91e-51
13	LIMD2	0.399006636	0.546	0.262	1.76e-66	4.6099999999999995e-62
13	SNRPD1	0.398620705	0.859	0.622	5.99e-49	1.57e-44
13	HSBP1	0.398479249	0.775	0.551	4.64e-43	1.21e-38
13	ADAM19	0.397584934	0.339	0.061	2.1999999999999998e-190	5.76e-186
13	GAS7	0.397290041	0.316	0.116	3.92e-62	1.0300000000000001e-57
13	UQCR11	0.397266202	0.89	0.731	1.95e-37	5.1e-33
13	HIF1A	0.39712491	0.764	0.542	1.1199999999999999e-40	2.9200000000000002e-36
13	PDS5B	0.39526092	0.761	0.518	3.31e-44	8.66e-40
13	GRK5	0.394931914	0.392	0.183	6.44e-49	1.69e-44
13	TYMS	0.394209514	0.606	0.381	3.79e-38	9.92e-34
13	GDAP1L1	0.39380023	0.498	0.175	2.66e-103	6.97e-99
13	SERPINE1	0.392527903	0.376	0.156	2.7e-50	7.07e-46
13	SNTG2	0.392431292	0.366	0.172	1.71e-41	4.48e-37
13	FABP6	0.392242765	0.492	0.185	4.83e-89	1.26e-84
13	MAPT	0.392203852	0.781	0.568	7.429999999999999e-42	1.94e-37
13	KALRN	0.391862984	0.847	0.65	5.51e-38	1.44e-33
13	KCNQ1	0.390274172	0.511	0.373	5.56e-20	1.45e-15
13	PAN3	0.390244545	0.787	0.6	2.35e-31	6.14e-27
13	HINT1	0.39018236	0.957	0.876	1.2900000000000001e-37	3.39e-33
13	ARPC5	0.390157482	0.761	0.588	1.03e-33	2.69e-29
13	KIAA1456	0.38960682	0.627	0.313	5.98e-58	1.57e-53
13	PKM	0.389441772	0.884	0.724	1.37e-34	3.57e-30
13	DDIT4	0.389014603	0.476	0.34	2.97e-15	7.77e-11
13	ZNF423	0.388182224	0.348	0.109	3.61e-87	9.44e-83
13	HS6ST2	0.387326541	0.421	0.188	8.32e-55	2.18e-50
13	RAP2A	0.386798278	0.511	0.258	7.14e-59	1.87e-54
13	KHDRBS1	0.386219203	0.909	0.767	2.3299999999999997e-42	6.11e-38
13	TRAPPC12	0.385228022	0.731	0.489	2.79e-48	7.3e-44
13	KPNB1	0.3847739	0.928	0.796	1.81e-43	4.73e-39
13	GPR137C	0.38453621	0.733	0.485	3.2299999999999997e-40	8.46e-36
13	PBX1	0.384121603	0.93	0.778	2.9600000000000002e-33	7.75e-29
13	CPEB2	0.383798639	0.391	0.206	1.0600000000000001e-35	2.7700000000000004e-31
13	DLEU1	0.38329478	0.7	0.483	1.2600000000000001e-37	3.31e-33
13	PPP2R2C	0.383294301	0.52	0.25	2.01e-65	5.25e-61
13	IKBIP	0.381530048	0.496	0.257	4.79e-53	1.25e-48
13	DGKB	0.381408696	0.257	0.115	5.81e-29	1.52e-24
13	SLC16A7	0.380961647	0.432	0.169	1.23e-71	3.21e-67
13	TNFRSF21	0.379836724	0.51	0.326	1.2399999999999999e-28	3.24e-24
13	ATP2B1	0.379823787	0.803	0.616	3.63e-34	9.51e-30
13	USP11	0.379667936	0.675	0.444	4.76e-49	1.25e-44
13	LDLRAD3	0.378832663	0.574	0.31	3.3199999999999995e-54	8.69e-50
13	XKR6	0.37842454	0.739	0.506	5.05e-41	1.3200000000000001e-36
13	MARCH4	0.377358621	0.338	0.098	2.78e-96	7.29e-92
13	MYCBP2	0.377302045	0.831	0.584	3.87e-49	1.01e-44
13	H2AFY2	0.376391182	0.841	0.632	3.7e-43	9.689999999999999e-39
13	SYT17	0.375167344	0.515	0.333	6.99e-30	1.8299999999999999e-25
13	SYN3	0.374610553	0.46	0.237	8.83e-45	2.31e-40
13	COMMD6	0.374563039	0.821	0.659	7.77e-34	2.0300000000000002e-29
13	LAMB1	0.373375691	0.454	0.216	8.76e-55	2.29e-50
13	FEZ1	0.373300738	0.592	0.269	4.73e-75	1.24e-70
13	LMCD1	0.372873889	0.396	0.212	2.78e-35	7.280000000000001e-31
13	PTMA	0.372510244	0.993	0.976	3.5900000000000004e-47	9.4e-43
13	ITPRIPL2	0.372494059	0.485	0.255	1.08e-49	2.83e-45
13	ATP5O	0.37237028	0.812	0.593	2.5e-40	6.55e-36
13	DPYSL3	0.372252839	0.692	0.492	6.94e-28	1.8199999999999997e-23
13	COL6A1	0.372050002	0.385	0.182	4.6e-50	1.2e-45
13	FSCN1	0.371322088	0.533	0.234	2.33e-75	6.11e-71
13	SATB1-AS1	0.370529973	0.458	0.177	2.39e-74	6.26e-70
13	LDHB	0.37021818	0.724	0.563	1.09e-24	2.86e-20
13	ACTG1	0.369654918	0.999	0.972	6.16e-35	1.61e-30
13	SDK1	0.369641835	0.822	0.681	2.5e-17	6.55e-13
13	TTL	0.369597508	0.587	0.329	1.6699999999999999e-52	4.37e-48
13	PKD2	0.368619638	0.699	0.495	2.23e-35	5.83e-31
13	SLC39A11	0.36859071	0.596	0.447	2.58e-21	6.75e-17
13	CAMSAP2	0.368053953	0.765	0.556	1.6e-38	4.1899999999999995e-34
13	NDUFAF8	0.367642823	0.789	0.584	9.64e-36	2.5200000000000003e-31
13	SETBP1	0.367476017	0.762	0.543	2.31e-36	6.04e-32
13	MEIS3	0.367088552	0.424	0.157	7.18e-87	1.8799999999999998e-82
13	NUP58	0.366967454	0.771	0.524	8.36e-46	2.19e-41
13	PCDH1	0.366794817	0.355	0.104	1.46e-107	3.83e-103
13	USPL1	0.366643984	0.626	0.344	1.04e-57	2.71e-53
13	RALA	0.365056686	0.764	0.543	5.82e-39	1.5199999999999998e-34
13	GNB1	0.364725519	0.949	0.826	1.0899999999999999e-41	2.8500000000000003e-37
13	RHOBTB3	0.36469616	0.733	0.481	6.13e-41	1.61e-36
13	RABAC1	0.364199902	0.783	0.592	5.77e-31	1.51e-26
13	RPL18A	0.364152709	0.954	0.893	8.94e-31	2.34e-26
13	COX6C	0.363735682	0.954	0.843	9.83e-36	2.57e-31
13	CCDC141	0.363052829	0.426	0.19	9.2e-51	2.4099999999999998e-46
13	PAFAH1B1	0.362624021	0.927	0.795	2.28e-38	5.9799999999999995e-34
13	APP	0.362504949	0.922	0.81	5.130000000000001e-35	1.34e-30
13	PPP1R1C	0.361842849	0.628	0.305	2.85e-60	7.46e-56
13	UBE2S	0.361783106	0.852	0.626	2.28e-36	5.98e-32
13	CCDC178	0.360986692	0.254	0.13	1.22e-20	3.2e-16
13	SESN3	0.360602347	0.714	0.499	1.2500000000000002e-35	3.2800000000000002e-31
13	PPIB	0.360327451	0.858	0.711	1.23e-27	3.23e-23
13	GFOD1	0.35927959	0.448	0.207	8.960000000000001e-58	2.35e-53
13	PRMT1	0.359143632	0.699	0.511	1.4599999999999999e-30	3.83e-26
13	RAB39A	0.358763601	0.468	0.189	1.39e-76	3.63e-72
13	MICAL2	0.35811037	0.304	0.117	7.91e-56	2.07e-51
13	GALR1	0.357939733	0.275	0.061	4.6e-115	1.2100000000000001e-110
13	C20orf194	0.357794987	0.721	0.498	6.46e-36	1.69e-31
13	ST8SIA2	0.357776249	0.424	0.138	2.13e-97	5.58e-93
13	SSBP4	0.357308124	0.7	0.494	4.28e-36	1.12e-31
13	ASPHD1	0.356451545	0.518	0.26	3.9199999999999996e-61	1.02e-56
13	MAGED2	0.356129867	0.73	0.529	3.48e-32	9.11e-28
13	RPS10	0.355703445	0.824	0.607	1.58e-38	4.13e-34
13	HMGB1	0.35543917	0.972	0.861	1.94e-45	5.07e-41
13	NDUFC2	0.354456033	0.863	0.635	8.879999999999999e-41	2.32e-36
13	LARGE1	0.354451818	0.643	0.44	3.1299999999999997e-30	8.18e-26
13	NDUFAB1	0.354425753	0.819	0.622	5.26e-35	1.3799999999999999e-30
13	CLIP2	0.354331253	0.645	0.363	5.18e-49	1.36e-44
13	GNG4	0.354056796	0.824	0.622	2.62e-32	6.86e-28
13	MRAP2	0.353565926	0.341	0.108	5.8e-82	1.5200000000000001e-77
13	RGMA	0.353440529	0.304	0.089	2.59e-87	6.77e-83
13	ARGLU1	0.35294747	0.768	0.566	9.53e-39	2.49e-34
13	ADD2	0.35240563	0.512	0.257	3.89e-54	1.02e-49
13	FJX1	0.351809549	0.286	0.065	4.6099999999999995e-115	1.2100000000000001e-110
13	PLD1	0.351257277	0.344	0.13	3.19e-62	8.35e-58
13	GUK1	0.350953786	0.803	0.596	4.6e-34	1.2000000000000001e-29
13	SERPINE2	0.350561012	0.357	0.156	2.43e-48	6.35e-44
13	SEZ6L2	0.350349771	0.604	0.38	1.52e-42	3.98e-38
13	ATP5L	0.349377019	0.949	0.822	1.34e-36	3.5000000000000004e-32
13	SAMMSON	0.349027773	0.289	0.081	1.02e-84	2.6700000000000002e-80
13	PSMB3	0.34877992	0.877	0.723	6.4e-33	1.67e-28
13	FNBP1L	0.348647896	0.819	0.659	6.75e-28	1.7699999999999998e-23
13	SNX10	0.348338871	0.411	0.142	1.83e-86	4.7999999999999996e-82
13	YWHAH	0.34709925	0.639	0.465	1.19e-28	3.12e-24
13	CCM2	0.346823832	0.58	0.344	1.2899999999999998e-42	3.37e-38
13	DTD1	0.346613582	0.759	0.546	9.28e-36	2.43e-31
13	CORO1C	0.345932555	0.787	0.531	3.9399999999999996e-42	1.03e-37
13	CLIC4	0.345344958	0.731	0.545	3.9199999999999995e-23	1.03e-18
13	UGGT2	0.345123316	0.769	0.56	7.43e-35	1.94e-30
13	JAG1	0.345044462	0.755	0.483	5.16e-51	1.35e-46
13	UBE2M	0.34446792	0.73	0.509	1e-36	2.62e-32
13	ARHGAP18	0.344426347	0.592	0.346	2.25e-40	5.89e-36
13	DBN1	0.344268767	0.59	0.325	4.48e-55	1.17e-50
13	ETV5	0.34425478	0.488	0.196	4.48e-75	1.17e-70
13	ATOX1	0.344159384	0.746	0.542	2.22e-36	5.820000000000001e-32
13	MIDN	0.34407364	0.7	0.476	7.2200000000000005e-37	1.8900000000000002e-32
13	NDUFB9	0.344033525	0.88	0.707	5.69e-33	1.49e-28
13	MBNL1	0.343917971	0.828	0.669	3.73e-25	9.760000000000001e-21
13	REV3L	0.343746524	0.843	0.71	4.76e-22	1.25e-17
13	SCN2A	0.343446289	0.461	0.178	3.57e-75	9.34e-71
13	ZNF609	0.343398182	0.872	0.717	1.2799999999999999e-30	3.36e-26
13	C3orf58	0.342921846	0.714	0.514	3.02e-26	7.92e-22
13	SRM	0.342771016	0.576	0.332	4.68e-47	1.23e-42
13	PHACTR3	0.342722909	0.263	0.039	2.63e-185	6.87e-181
13	RFC3	0.342644704	0.546	0.286	5.4399999999999995e-46	1.42e-41
13	ATL1	0.342586643	0.52	0.279	1.25e-46	3.28e-42
13	ATP5J	0.342469347	0.9	0.752	3.04e-32	7.96e-28
13	DUSP6	0.341926122	0.454	0.24	9.04e-42	2.37e-37
13	FXYD6	0.34186551	0.379	0.114	3.77e-106	9.86e-102
13	NDUFB2	0.341402657	0.85	0.704	5.6e-28	1.47e-23
13	ALDH1A2	0.341347606	0.42	0.233	2.5200000000000003e-31	6.6e-27
13	AP3S1	0.340804406	0.728	0.513	4.26e-36	1.12e-31
13	NAA16	0.340688719	0.612	0.35	2.68e-48	7.02e-44
13	TANK	0.340466586	0.692	0.517	9.65e-29	2.52e-24
13	XPO4	0.340036082	0.606	0.363	2.9200000000000003e-43	7.64e-39
13	CBX3	0.338735486	0.877	0.667	6.35e-40	1.66e-35
13	ELN	0.338702754	0.389	0.162	8.82e-62	2.31e-57
13	LRP12	0.338623212	0.618	0.383	5.79e-42	1.5200000000000002e-37
13	DPF3	0.338112104	0.301	0.092	1.62e-78	4.24e-74
13	SNRPE	0.337912626	0.884	0.684	1.2200000000000002e-37	3.2e-33
13	PSMB5	0.337791719	0.805	0.63	6.38e-30	1.6699999999999999e-25
13	TMEM167A	0.337499492	0.621	0.414	4.76e-38	1.2400000000000001e-33
13	ARHGDIA	0.337301528	0.653	0.443	4.19e-36	1.1e-31
13	MYO16	0.336579463	0.305	0.113	3.09e-53	8.09e-49
13	PPFIBP1	0.336331217	0.486	0.309	7.77e-28	2.0299999999999998e-23
13	NMD3	0.336244837	0.499	0.341	1.3e-22	3.41e-18
13	EMC10	0.335780627	0.659	0.445	7.57e-39	1.98e-34
13	TTYH3	0.335572984	0.52	0.259	1.0200000000000001e-58	2.6599999999999995e-54
13	STAT5B	0.33545261	0.681	0.496	1.0100000000000001e-29	2.64e-25
13	MYL6B	0.334740884	0.744	0.501	1.51e-44	3.95e-40
13	PDLIM7	0.334368305	0.41	0.187	1.5200000000000001e-56	3.97e-52
13	NRARP	0.334313025	0.317	0.097	1.4600000000000001e-86	3.81e-82
13	EPHA5-AS1	0.334293969	0.533	0.232	5.25e-66	1.37e-61
13	SPDYA	0.334274529	0.445	0.273	1.3600000000000002e-27	3.5599999999999996e-23
13	ATP5D	0.334270341	0.815	0.633	7.72e-32	2.0200000000000002e-27
13	DRGX	0.334244726	0.436	0.166	1.18e-71	3.0799999999999996e-67
13	NDUFS5	0.334239119	0.899	0.747	7.11e-31	1.8600000000000002e-26
13	ATP5J2	0.33408908	0.825	0.628	1.9800000000000002e-32	5.19e-28
13	EML1	0.333818708	0.446	0.279	6.61e-27	1.73e-22
13	STMN3	0.333800301	0.42	0.15	3.77e-86	9.87e-82
13	LOXL1	0.333692302	0.41	0.219	8.850000000000001e-35	2.3199999999999997e-30
13	DZIP1	0.333395787	0.539	0.272	7.54e-60	1.97e-55
13	MZT1	0.332921026	0.499	0.278	9.34e-40	2.44e-35
13	KPNA3	0.332913015	0.693	0.438	8.37e-44	2.19e-39
13	ADGRB1	0.332901444	0.295	0.054	1.9799999999999998e-159	5.17e-155
13	HGNC:24955	0.332645364	0.399	0.14	1.44e-78	3.78e-74
13	RPL27	0.332569827	0.965	0.895	2.07e-31	5.410000000000001e-27
13	KIF2A	0.332375522	0.843	0.646	5.14e-37	1.3500000000000002e-32
13	GADD45GIP1	0.332062903	0.743	0.545	2.09e-32	5.47e-28
13	ESYT2	0.332061458	0.752	0.578	1.05e-26	2.74e-22
13	BLOC1S1	0.331147401	0.618	0.385	9.26e-41	2.42e-36
13	FLOT1	0.331013021	0.633	0.451	1.1200000000000001e-27	2.9199999999999997e-23
13	PARVA	0.330952397	0.43	0.228	7.71e-39	2.02e-34
13	BANF1	0.330191851	0.811	0.636	4.34e-30	1.14e-25
13	CBX5	0.329315868	0.868	0.686	2.7899999999999997e-34	7.31e-30
13	ITGA7	0.3293076	0.25	0.065	5.0800000000000003e-85	1.33e-80
13	PCDH8	0.329171049	0.322	0.128	7.36e-51	1.93e-46
13	ARPC2	0.32886719	0.852	0.717	3.2e-28	8.379999999999999e-24
13	NDUFB11	0.328631493	0.871	0.711	1.7e-26	4.45e-22
13	PCLO	0.327809833	0.721	0.512	1.41e-27	3.6899999999999996e-23
13	ERO1A	0.327794058	0.426	0.189	2.26e-58	5.899999999999999e-54
13	GPCPD1	0.327281665	0.586	0.382	1.9400000000000002e-33	5.08e-29
13	ITM2B	0.327202539	0.862	0.729	5.47e-23	1.43e-18
13	FBXL7	0.32689625	0.814	0.636	4.02e-24	1.05e-19
13	VKORC1	0.325975018	0.656	0.448	5.23e-34	1.37e-29
13	EID1	0.325963017	0.91	0.767	3.45e-33	9.040000000000001e-29
13	RPL21	0.325886773	0.968	0.895	2.4100000000000002e-29	6.32e-25
13	NCL	0.325848455	0.905	0.795	1.4200000000000002e-21	3.72e-17
13	PTP4A3	0.325071332	0.36	0.142	5.41e-63	1.4200000000000001e-58
13	TBC1D2B	0.324820482	0.443	0.227	4.77e-46	1.25e-41
13	CCT5	0.32477696	0.765	0.579	5.0899999999999995e-28	1.3299999999999998e-23
13	CHGA	0.324717629	0.398	0.133	7.86e-86	2.0599999999999999e-81
13	KRT10	0.324453607	0.915	0.758	4.31e-27	1.13e-22
13	MAOB	0.324364983	0.438	0.19	1.3299999999999997e-54	3.48e-50
13	PTMS	0.324356737	0.862	0.702	5.4399999999999995e-30	1.4199999999999999e-25
13	BCL2	0.323835837	0.373	0.183	2.29e-37	5.9900000000000004e-33
13	NHP2	0.322818844	0.708	0.509	2.7099999999999998e-30	7.1e-26
13	SET	0.322497397	0.938	0.839	4.33e-29	1.13e-24
13	SNHG16	0.322005414	0.7	0.497	2.1199999999999997e-34	5.55e-30
13	SAP18	0.321224544	0.818	0.612	3.63e-31	9.5e-27
13	PBX3	0.321199611	0.809	0.689	2.13e-16	5.59e-12
13	FURIN	0.32052184	0.297	0.136	4.8899999999999997e-39	1.28e-34
13	DDT	0.320382919	0.611	0.422	2.1800000000000002e-29	5.6999999999999995e-25
13	RUNX1T1	0.319850004	0.767	0.33	1.0700000000000001e-80	2.8e-76
13	LINC01122	0.319229419	0.442	0.215	2.0499999999999998e-42	5.37e-38
13	PPM1D	0.319218988	0.693	0.514	6.240000000000001e-27	1.63e-22
13	DNMT3A	0.318750918	0.69	0.481	3.1e-33	8.120000000000001e-29
13	FAU	0.318523799	0.949	0.843	1.39e-26	3.6300000000000003e-22
13	CSNK2B	0.318499934	0.718	0.515	1.98e-33	5.18e-29
13	ANO6	0.317957858	0.608	0.426	1.26e-26	3.3e-22
13	EIF5A	0.317888772	0.605	0.409	4.790000000000001e-31	1.25e-26
13	COX6A1	0.316781454	0.922	0.788	6.27e-28	1.6399999999999998e-23
13	ATP6V0A1	0.316654482	0.761	0.564	3.79e-31	9.910000000000001e-27
13	MINOS1	0.316463148	0.769	0.536	9.23e-38	2.42e-33
13	RAN	0.315884701	0.877	0.729	5.050000000000001e-27	1.32e-22
13	STRAP	0.315831467	0.834	0.629	9.37e-34	2.4500000000000002e-29
13	GPC1	0.315333961	0.364	0.167	2.11e-48	5.52e-44
13	CACNA1B	0.315198355	0.58	0.386	5.0200000000000004e-29	1.32e-24
13	ROBO2	0.315018085	0.8	0.365	4.2599999999999996e-69	1.12e-64
13	ST3GAL3	0.314983401	0.653	0.457	3.4000000000000003e-29	8.91e-25
13	ASTN1	0.31451721	0.355	0.115	2.16e-79	5.66e-75
13	C3orf70	0.314278135	0.364	0.127	2.19e-72	5.73e-68
13	SPRED1	0.314067209	0.402	0.208	2.0099999999999999e-38	5.269999999999999e-34
13	NES	0.313488072	0.317	0.078	3.91e-119	1.02e-114
13	CADPS	0.313467508	0.909	0.717	9.81e-32	2.57e-27
13	WASF1	0.31323421	0.651	0.413	2.97e-36	7.770000000000001e-32
13	BSG	0.313126011	0.769	0.601	8.26e-29	2.1599999999999998e-24
13	DIXDC1	0.312704795	0.601	0.386	2.6200000000000002e-33	6.85e-29
13	LRRC4B	0.311738697	0.308	0.071	8.11e-126	2.12e-121
13	EIF1B	0.311278919	0.775	0.555	3.26e-35	8.520000000000001e-31
13	NPAS3	0.310179066	0.486	0.345	2.14e-15	5.61e-11
13	PDE3B	0.310136004	0.515	0.355	1.37e-19	3.6e-15
13	FAM219A	0.309092717	0.536	0.326	1.9500000000000002e-35	5.09e-31
13	SPOCK1	0.309067946	0.684	0.57	2.18e-10	5.7e-06
13	RPL8	0.309008602	0.978	0.935	6.4e-28	1.67e-23
13	NCKAP5	0.308609	0.37	0.263	7.91e-10	2.07e-05
13	AL590094.1	0.307890206	0.329	0.144	2.0799999999999998e-45	5.44e-41
13	NFE2L2	0.307595643	0.677	0.469	6.52e-30	1.71e-25
13	FLNA	0.307092711	0.482	0.269	1.61e-39	4.2200000000000004e-35
13	DDX10	0.306947447	0.656	0.476	1.84e-25	4.83e-21
13	ASXL3	0.306140434	0.482	0.186	1.94e-74	5.09e-70
13	FAM71E1	0.305908668	0.392	0.156	2.1899999999999998e-67	5.73e-63
13	FOXK1	0.305795388	0.637	0.429	1.5600000000000002e-32	4.07e-28
13	BSN	0.305749648	0.416	0.161	4.42e-70	1.16e-65
13	SCN5A	0.305717614	0.26	0.043	2.8e-160	7.33e-156
13	ILF2	0.305683249	0.744	0.548	5.71e-28	1.49e-23
13	NCAM2	0.305633669	0.74	0.568	2.9700000000000004e-27	7.769999999999999e-23
13	PHTF2	0.305426966	0.727	0.507	3.31e-33	8.67e-29
13	NECTIN4	0.305110144	0.323	0.102	3.76e-85	9.84e-81
13	IPMK	0.304582656	0.568	0.346	1.01e-37	2.6500000000000002e-33
13	C1orf122	0.304558599	0.633	0.448	3.9500000000000003e-26	1.0300000000000001e-21
13	SNRPG	0.304512826	0.9	0.752	3.2499999999999996e-30	8.5e-26
13	SCN11A	0.30378988	0.304	0.146	2.81e-29	7.34e-25
13	IER3	0.303753822	0.263	0.128	5.22e-27	1.37e-22
13	TNIK	0.303685357	0.836	0.595	4.94e-35	1.29e-30
13	SNAP91	0.303563645	0.479	0.289	2.1100000000000002e-29	5.53e-25
13	TRIO	0.303122581	0.888	0.774	1.08e-25	2.8400000000000003e-21
13	MED4	0.302893769	0.7	0.47	1.0999999999999999e-38	2.87e-34
13	CRTAC1	0.302760981	0.266	0.056	6.34e-120	1.66e-115
13	MCC	0.301694657	0.736	0.546	7.23e-27	1.89e-22
13	TBC1D23	0.301557364	0.505	0.366	6.92e-18	1.81e-13
13	GNG3	0.301216018	0.311	0.102	1.3999999999999998e-68	3.67e-64
13	CDK8	0.300833375	0.695	0.457	1.72e-36	4.5100000000000004e-32
13	CACNG5	0.30056683	0.289	0.078	2.1099999999999998e-89	5.51e-85
13	EPHB6	0.299906006	0.286	0.119	1.5e-45	3.93e-41
13	PKNOX2	0.299383512	0.339	0.142	5.46e-50	1.43e-45
13	SIPA1L1	0.299327543	0.809	0.718	5.35e-09	0.000140123
13	FKBP5	0.299326888	0.656	0.458	5.5799999999999996e-24	1.46e-19
13	USP22	0.298327547	0.902	0.762	8.239999999999999e-30	2.16e-25
13	AC006453.2	0.29820293	0.549	0.356	1.9e-33	4.9800000000000004e-29
13	LIMS1	0.298091427	0.728	0.585	6.04e-17	1.58e-12
13	PHF14	0.297884246	0.884	0.727	2.89e-30	7.58e-26
13	COX6B1	0.297494602	0.902	0.761	6.93e-24	1.81e-19
13	PCNX2	0.297378992	0.8	0.667	4.6099999999999997e-23	1.21e-18
13	SYNPR	0.296862585	0.305	0.134	1.21e-39	3.17e-35
13	ZFAND3	0.296608938	0.941	0.861	1.25e-25	3.2700000000000004e-21
13	HS3ST2	0.296480123	0.254	0.106	2.17e-34	5.68e-30
13	AURKAIP1	0.296373239	0.78	0.596	7.06e-25	1.85e-20
13	PUF60	0.296198001	0.705	0.5	2.58e-32	6.75e-28
13	PTPRN2	0.296176677	0.78	0.58	2.4000000000000002e-29	6.29e-25
13	SYP	0.295657956	0.474	0.208	3.9599999999999995e-61	1.0400000000000002e-56
13	SLIRP	0.295639755	0.868	0.705	4.12e-25	1.08e-20
13	GATAD2A	0.295528533	0.648	0.452	2.3800000000000003e-31	6.2300000000000004e-27
13	MAGI2	0.295391911	0.465	0.293	8.41e-26	2.2e-21
13	KMT2A	0.295390651	0.827	0.697	1.13e-21	2.97e-17
13	ARHGEF2	0.295096452	0.388	0.208	9.719999999999999e-34	2.54e-29
13	SPEN	0.29497855	0.768	0.598	1.59e-26	4.17e-22
13	DCUN1D4	0.294764879	0.637	0.453	5.78e-25	1.51e-20
13	PRTFDC1	0.294506279	0.58	0.383	2.0499999999999998e-30	5.35e-26
13	ZNF750	0.293950386	0.258	0.059	1.34e-106	3.51e-102
13	SOX6	0.292870935	0.577	0.424	2.68e-16	7.01e-12
13	MAPK1IP1L	0.292823307	0.727	0.505	1.77e-37	4.6200000000000004e-33
13	CCT2	0.292811024	0.79	0.582	5.53e-31	1.4500000000000002e-26
13	MDH2	0.291955363	0.755	0.579	3.14e-24	8.21e-20
13	FHL1	0.291786631	0.529	0.331	1.0600000000000001e-29	2.77e-25
13	JAZF1	0.291775297	0.75	0.535	2.3699999999999997e-30	6.210000000000001e-26
13	SNHG18	0.291543984	0.263	0.049	9.32e-139	2.44e-134
13	TXNL4A	0.2914258	0.637	0.468	4.12e-25	1.08e-20
13	DDX50	0.291295421	0.866	0.704	4.48e-34	1.1700000000000001e-29
13	ALPL	0.291260082	0.292	0.062	4.66e-131	1.22e-126
13	DAB1	0.290401394	0.612	0.438	3.0700000000000002e-21	8.04e-17
13	TOP1	0.290077052	0.831	0.686	2.3400000000000003e-21	6.14e-17
13	TOX2	0.290040169	0.508	0.354	1.5100000000000001e-22	3.94e-18
13	ST3GAL6	0.289515252	0.404	0.212	3.17e-35	8.29e-31
13	ATP5E	0.288692804	0.954	0.881	3.03e-25	7.930000000000001e-21
13	EMP3	0.288305607	0.329	0.147	3.4700000000000004e-43	9.08e-39
13	MB21D2	0.2881295	0.294	0.106	1.36e-55	3.55e-51
13	SGCE	0.288101142	0.617	0.377	1.66e-41	4.35e-37
13	SKA2	0.287641001	0.818	0.641	1.07e-28	2.7999999999999998e-24
13	SGK1	0.287629913	0.401	0.203	2.9700000000000002e-37	7.77e-33
13	PLD3	0.287253971	0.699	0.506	1.28e-29	3.36e-25
13	ZMYM2	0.287189363	0.881	0.735	7.99e-27	2.0900000000000002e-22
13	AC106798.1	0.28709321	0.461	0.194	9.52e-58	2.49e-53
13	MCRIP1	0.287049901	0.562	0.359	4.42e-33	1.1599999999999999e-28
13	DNAJC12	0.286797098	0.775	0.5	2.99e-35	7.83e-31
13	MIR181A1HG	0.286505399	0.322	0.16	4.08e-31	1.07e-26
13	NDUFA12	0.286164322	0.765	0.591	2.22e-26	5.8e-22
13	TRIB2	0.286156977	0.336	0.147	4.79e-47	1.2499999999999998e-42
13	TXN	0.286030023	0.91	0.803	1.1e-16	2.88e-12
13	LHX3	0.285594016	0.294	0.126	6.37e-38	1.67e-33
13	TBCB	0.285387569	0.775	0.543	4.39e-34	1.1500000000000001e-29
13	HNRNPA3	0.285249018	0.891	0.78	2.5999999999999997e-23	6.79e-19
13	MEX3A	0.285089984	0.523	0.267	4.42e-49	1.16e-44
13	PCBP4	0.285062364	0.476	0.225	9.8e-53	2.5699999999999997e-48
13	PRELID1	0.284632328	0.753	0.561	6.68e-29	1.75e-24
13	TUBB6	0.28451046	0.526	0.33	1.8500000000000001e-31	4.84e-27
13	DYNC1I1	0.2843425	0.317	0.129	4.02e-48	1.05e-43
13	RPS23	0.283494473	0.96	0.894	1.59e-19	4.17e-15
13	PLCH1	0.283406776	0.272	0.143	5.98e-23	1.56e-18
13	HS3ST3B1	0.28339708	0.386	0.193	2.26e-37	5.9200000000000005e-33
13	ACTR3B	0.283363184	0.449	0.273	1.11e-28	2.9e-24
13	SNRPN	0.283284209	0.601	0.415	8.49e-27	2.22e-22
13	GPRC5C	0.282945461	0.482	0.271	2.2899999999999998e-38	6e-34
13	FAM168A	0.282942091	0.753	0.582	8.509999999999999e-23	2.23e-18
13	LSM7	0.282826906	0.818	0.647	1.39e-25	3.63e-21
13	UBE2C	0.282416193	0.374	0.215	3.4800000000000006e-21	9.1e-17
13	LMNB1	0.282222199	0.577	0.346	1.24e-35	3.26e-31
13	TFDP1	0.282103551	0.623	0.431	2.23e-28	5.83e-24
13	RSRC1	0.281466083	0.781	0.576	1.91e-26	4.99e-22
13	PALM	0.281124489	0.443	0.232	1.64e-42	4.29e-38
13	UNC80	0.28088079	0.627	0.323	6.76e-49	1.77e-44
13	ZNF22	0.280755483	0.648	0.463	4.45e-29	1.17e-24
13	TMEM181	0.280392364	0.708	0.552	2.26e-22	5.92e-18
13	RPL35	0.280276459	0.957	0.914	1.8e-20	4.71e-16
13	RPS5	0.28009614	0.957	0.872	3.8e-19	9.94e-15
13	TTLL11	0.279554991	0.352	0.169	9.02e-39	2.36e-34
13	RUNDC3A	0.27944461	0.31	0.091	1.58e-84	4.13e-80
13	EIF3K	0.279268083	0.824	0.652	3.25e-23	8.49e-19
13	GSN	0.279243864	0.373	0.198	6.2e-33	1.62e-28
13	KIF5A	0.27913481	0.31	0.126	1.32e-49	3.47e-45
13	SOX4	0.279018194	0.897	0.79	1.29e-17	3.38e-13
13	TRPC1	0.278945794	0.601	0.415	1.14e-25	2.9900000000000004e-21
13	NOVA1	0.278726945	0.483	0.256	1.62e-42	4.24e-38
13	SCLT1	0.278275273	0.605	0.406	2.21e-26	5.78e-22
13	S100A11	0.278192005	0.696	0.586	7.49e-09	0.000196062
13	ERC2	0.278039056	0.755	0.514	5.97e-32	1.5600000000000002e-27
13	BTF3	0.277978729	0.919	0.817	2.9000000000000004e-21	7.6e-17
13	KCNS3	0.277685856	0.327	0.18	1.33e-26	3.48e-22
13	C14orf2	0.277600854	0.881	0.709	3.01e-26	7.89e-22
13	RTL8C	0.277354556	0.438	0.255	2.2e-32	5.75e-28
13	NPM1	0.277229228	0.928	0.84	3.14e-20	8.23e-16
13	ETFA	0.277080266	0.746	0.615	8.05e-17	2.11e-12
13	LIFR	0.276838629	0.446	0.319	4.79e-15	1.25e-10
13	RUFY3	0.276792442	0.899	0.719	1.58e-28	4.13e-24
13	CD44	0.276748864	0.413	0.244	6.61e-24	1.73e-19
13	AC008014.1	0.276678345	0.621	0.494	2.22e-13	5.8e-09
13	DLG1	0.275853142	0.863	0.788	4.76e-08	0.001245483
13	RPS2	0.275851503	0.981	0.946	1.3e-20	3.41e-16
13	SHC3	0.275590108	0.364	0.138	4.29e-63	1.1200000000000001e-58
13	HMGN2	0.275421965	0.943	0.876	1.01e-26	2.65e-22
13	WSB2	0.275051158	0.595	0.402	4.33e-30	1.13e-25
13	SARS	0.275006639	0.667	0.472	7.799999999999999e-30	2.04e-25
13	PIBF1	0.27498971	0.84	0.622	2.85e-32	7.47e-28
13	VPS45	0.274503028	0.72	0.504	1.14e-31	2.9800000000000003e-27
13	ANKRD44	0.27424977	0.432	0.233	7.480000000000001e-35	1.9599999999999997e-30
13	PODXL2	0.274173935	0.464	0.264	2.9899999999999998e-34	7.82e-30
13	CSRP2	0.27355501	0.338	0.122	6.76e-65	1.77e-60
13	NDUFA13	0.273206265	0.63	0.42	2.21e-31	5.7900000000000005e-27
13	ADCY1	0.272520131	0.421	0.212	4.96e-40	1.3e-35
13	GMNN	0.272459414	0.615	0.478	1.22e-15	3.2e-11
13	ERH	0.272444246	0.869	0.721	4.6699999999999993e-23	1.22e-18
13	LPIN1	0.272284759	0.458	0.296	3.5699999999999997e-23	9.36e-19
13	CD276	0.271854556	0.366	0.205	2.61e-28	6.819999999999999e-24
13	DNAJC6	0.271647385	0.568	0.341	3.11e-34	8.13e-30
13	KCNQ2	0.271603606	0.269	0.067	1.17e-93	3.0499999999999998e-89
13	CCDC82	0.271602226	0.452	0.241	1.08e-40	2.84e-36
13	PSIP1	0.271531994	0.821	0.621	5.4e-29	1.4099999999999999e-24
13	BMPR2	0.271059191	0.88	0.762	4.71e-16	1.23e-11
13	EGR3	0.271020372	0.329	0.134	5.46e-49	1.43e-44
13	KIAA1549	0.270984784	0.54	0.341	1.07e-28	2.8099999999999998e-24
13	RBM26	0.270937891	0.834	0.624	7.550000000000001e-32	1.9800000000000003e-27
13	AC004160.1	0.270857021	0.302	0.115	1.64e-50	4.2899999999999995e-46
13	NXPH4	0.270797886	0.266	0.089	9.05e-59	2.3699999999999997e-54
13	SNHG15	0.270791591	0.442	0.241	3.46e-38	9.049999999999999e-34
13	NIPAL2	0.270599144	0.438	0.271	9.900000000000001e-26	2.5900000000000003e-21
13	HSPA12A	0.270459582	0.396	0.21	1.74e-32	4.56e-28
13	DAXX	0.27035249	0.457	0.263	9.42e-36	2.4700000000000002e-31
13	CALM3	0.27022034	0.681	0.499	1.2599999999999999e-25	3.2900000000000002e-21
13	CCDC3	0.269818839	0.295	0.155	1.3499999999999999e-24	3.54e-20
13	HACD3	0.269754822	0.85	0.711	5.29e-23	1.39e-18
13	MRPL12	0.26910748	0.518	0.331	8.16e-30	2.13e-25
13	NDUFS7	0.269042867	0.599	0.413	2.25e-27	5.9e-23
13	BAZ1B	0.267896167	0.796	0.615	1.2200000000000002e-27	3.2e-23
13	PLXND1	0.267592322	0.25	0.056	4.02e-106	1.0499999999999999e-101
13	ADGRL2	0.267290982	0.276	0.099	7.79e-53	2.0399999999999998e-48
13	CD81	0.267091472	0.678	0.499	8.500000000000001e-21	2.22e-16
13	CPNE8	0.267034472	0.358	0.203	2.01e-24	5.26e-20
13	PSAP	0.266908847	0.928	0.85	1.11e-14	2.91e-10
13	LSM3	0.266756246	0.73	0.557	8.45e-25	2.21e-20
13	TBC1D9	0.26646842	0.505	0.366	2.59e-17	6.79e-13
13	PSMA2	0.266079389	0.592	0.365	9.43e-38	2.4700000000000002e-33
13	ANKRD10	0.265950528	0.717	0.536	2.1500000000000002e-26	5.62e-22
13	KIAA1211	0.265815211	0.634	0.483	5.07e-14	1.33e-09
13	NCKAP1	0.265446454	0.796	0.618	2.4299999999999997e-24	6.36e-20
13	MYT1	0.265243201	0.404	0.179	1.33e-52	3.49e-48
13	CDK2AP1	0.265140224	0.72	0.53	1.35e-25	3.5400000000000006e-21
13	MYO9B	0.265082565	0.551	0.385	1.1099999999999999e-23	2.9e-19
13	ZNF644	0.265053296	0.881	0.771	2.21e-16	5.77e-12
13	EML4	0.26462961	0.819	0.634	1.16e-25	3.0300000000000003e-21
13	DTL	0.264399433	0.404	0.211	4.72e-33	1.2399999999999999e-28
13	JAK1	0.264292984	0.692	0.494	4.8199999999999996e-24	1.26e-19
13	RBBP8	0.263676504	0.633	0.447	1.34e-26	3.49e-22
13	PDE7A	0.263633616	0.79	0.624	4.4499999999999995e-23	1.16e-18
13	FBXO11	0.263532743	0.903	0.781	2.36e-21	6.19e-17
13	HOMER1	0.263442448	0.627	0.391	1.0900000000000001e-29	2.8499999999999997e-25
13	DANCR	0.263012225	0.733	0.564	4.79e-20	1.25e-15
13	FILIP1L	0.262800952	0.57	0.368	1.4e-29	3.67e-25
13	CUEDC1	0.262776822	0.692	0.478	1.23e-28	3.2099999999999997e-24
13	LBH	0.262557162	0.648	0.444	9.49e-27	2.48e-22
13	NDUFS6	0.262214147	0.856	0.683	9.63e-25	2.52e-20
13	UBA52	0.261938056	0.949	0.879	1.5e-18	3.92e-14
13	HUNK	0.2618595	0.407	0.268	3.3e-19	8.63e-15
13	SEC61B	0.261856843	0.877	0.713	8.189999999999999e-23	2.14e-18
13	RPL32	0.261545966	0.968	0.927	1.2300000000000002e-21	3.23e-17
13	GTF2A2	0.26152842	0.715	0.562	4.04e-20	1.06e-15
13	DDX21	0.261513882	0.891	0.771	1.71e-17	4.47e-13
13	CUL4A	0.261017839	0.653	0.454	1.4500000000000002e-27	3.7999999999999995e-23
13	UBE2T	0.261003822	0.537	0.357	2.3e-22	6.03e-18
13	TRIM13	0.260959837	0.631	0.417	1.1500000000000001e-31	3e-27
13	WDFY2	0.260447057	0.731	0.56	4.04e-19	1.06e-14
13	CCT6A	0.260235788	0.784	0.633	3.65e-21	9.55e-17
13	AC112493.1	0.260055466	0.451	0.254	2.21e-31	5.770000000000001e-27
13	RPLP0	0.260005562	0.963	0.885	2.04e-19	5.34e-15
13	GGH	0.259299343	0.536	0.314	5.89e-33	1.54e-28
13	ADGRL1	0.259185571	0.476	0.261	1.85e-39	4.84e-35
13	PON2	0.258934467	0.518	0.367	7.54e-20	1.97e-15
13	SPATS2	0.25874436	0.814	0.652	1.3299999999999999e-24	3.47e-20
13	TPT1-AS1	0.25871632	0.514	0.319	1.1599999999999999e-30	3.03e-26
13	ABR	0.258553524	0.593	0.419	1.87e-25	4.89e-21
13	TTC39C	0.258416817	0.451	0.279	6.49e-26	1.7e-21
13	FBN3	0.2583439	0.307	0.119	3.63e-52	9.489999999999999e-48
13	YWHAG	0.258065128	0.796	0.613	1.25e-26	3.28e-22
13	NCOA7	0.257968676	0.438	0.232	5.97e-36	1.56e-31
13	PER2	0.257815523	0.532	0.334	3.34e-27	8.74e-23
13	SYCE1L	0.257495781	0.292	0.103	1.93e-61	5.05e-57
13	AKAP6	0.257490492	0.589	0.384	1.61e-25	4.22e-21
13	UNK	0.257406372	0.769	0.566	3.16e-28	8.27e-24
13	FAM13C	0.257028157	0.558	0.387	1.52e-21	3.97e-17
13	ACLY	0.256684874	0.725	0.563	1.61e-20	4.2e-16
13	MYC	0.256676053	0.38	0.209	1.0900000000000001e-29	2.86e-25
13	RTN2	0.256624637	0.419	0.231	2.1e-33	5.49e-29
13	KLHL42	0.256535128	0.517	0.317	4.5900000000000004e-33	1.1999999999999999e-28
13	ATP5B	0.256528441	0.815	0.668	4.34e-20	1.14e-15
13	RHOH	0.256277414	0.327	0.185	1.65e-22	4.33e-18
13	DNAJB11	0.256121306	0.486	0.308	7.800000000000001e-27	2.04e-22
13	RPS7	0.256086801	0.969	0.921	1.39e-20	3.63e-16
13	JPH4	0.255977466	0.342	0.116	9.22e-71	2.4100000000000003e-66
13	EFTUD2	0.255913961	0.614	0.434	9.04e-25	2.36e-20
13	CCNB1IP1	0.255880716	0.589	0.398	4.410000000000001e-27	1.15e-22
13	TUBGCP3	0.255804639	0.561	0.353	2.23e-31	5.850000000000001e-27
13	SCAMP5	0.255688188	0.514	0.296	4.5400000000000004e-36	1.1900000000000002e-31
13	PTBP2	0.255578865	0.863	0.73	2.7799999999999996e-23	7.27e-19
13	SNRPB	0.255481395	0.884	0.735	1.8400000000000002e-21	4.81e-17
13	CRABP1	0.254667471	0.345	0.158	2.26e-38	5.91e-34
13	RAB6A	0.254477409	0.802	0.636	7.11e-20	1.86e-15
13	NETO2	0.254320859	0.488	0.291	1.04e-28	2.72e-24
13	SSRP1	0.254226468	0.611	0.437	8.52e-25	2.23e-20
13	CENPP	0.253825763	0.696	0.501	1.13e-24	2.95e-20
13	SRSF12	0.25380188	0.468	0.252	1.93e-39	5.05e-35
13	HFM1	0.253472078	0.441	0.23	1.6000000000000001e-37	4.18e-33
13	CHD7	0.253302594	0.783	0.528	2.85e-34	7.46e-30
13	LTBP4	0.253147869	0.278	0.102	9.45e-53	2.4699999999999997e-48
13	ELAVL4	0.252915941	0.529	0.267	2.25e-40	5.88e-36
13	SCFD2	0.252784053	0.639	0.445	2.5299999999999998e-24	6.61e-20
13	GART	0.252530139	0.614	0.423	9.99e-28	2.6099999999999997e-23
13	PTPRZ1	0.252140747	0.416	0.204	2.17e-34	5.68e-30
13	ELP4	0.251939141	0.521	0.306	1.14e-31	2.9800000000000003e-27
13	ANO3	0.251755435	0.364	0.176	7.5899999999999996e-34	1.9900000000000002e-29
13	TPI1	0.251563715	0.783	0.615	1.6e-19	4.18e-15
13	LETM2	0.251539421	0.341	0.156	2.31e-41	6.04e-37
13	TNNT1	0.251474649	0.558	0.411	3.84e-18	1e-13
13	SPTBN4	0.251244461	0.436	0.235	2.94e-35	7.7e-31
13	NDUFA6	0.251040382	0.561	0.377	1.32e-26	3.46e-22
13	COX8A	0.250960732	0.871	0.705	7.230000000000001e-22	1.89e-17
13	SNRPC	0.250694993	0.649	0.469	8.9e-25	2.33e-20
13	MAST1	0.250674743	0.372	0.18	1.6e-39	4.19e-35
14	TEX14	3.79106434	0.86	0.465	5.53e-138	1.4500000000000001e-133
14	CROCC	2.483203811	0.65	0.329	1.16e-76	3.05e-72
14	MIR7-3HG	2.312123292	0.669	0.069	0.0	0.0
14	AC007952.4	1.831647059	0.541	0.198	1.14e-78	2.9699999999999998e-74
14	POLR2A	1.703388515	0.771	0.518	1.1e-76	2.87e-72
14	SLC38A2	1.558430355	0.764	0.539	3.2e-68	8.37e-64
14	PPM1D	1.505211037	0.742	0.515	2.11e-66	5.5299999999999995e-62
14	HEXIM1	1.465133097	0.732	0.521	3.63e-59	9.49e-55
14	ID4	1.458222487	0.564	0.225	4.2500000000000004e-73	1.11e-68
14	PPP1R10	1.444495987	0.729	0.57	5.88e-53	1.5399999999999998e-48
14	SNHG5	1.442224861	0.901	0.753	5.15e-85	1.35e-80
14	METTL12	1.442115381	0.513	0.196	2.1999999999999998e-67	5.75e-63
14	AP3B2	1.433168345	0.634	0.361	1.45e-57	3.79e-53
14	HIST1H3J	1.396532735	0.471	0.155	3.52e-71	9.22e-67
14	POU3F1	1.38799082	0.484	0.186	1.94e-61	5.07e-57
14	TRMO	1.362132147	0.481	0.212	6.2099999999999995e-52	1.6200000000000001e-47
14	WDR74	1.349036688	0.484	0.224	9.52e-49	2.49e-44
14	MAFB	1.341608466	0.564	0.333	6.98e-41	1.83e-36
14	IER5	1.32231698	0.551	0.327	4.29e-41	1.12e-36
14	DUSP10	1.321027367	0.548	0.274	3.29e-52	8.609999999999999e-48
14	GADD45G	1.313294741	0.51	0.236	1.39e-51	3.6300000000000003e-47
14	PLCG2	1.304445411	0.599	0.399	5.69e-29	1.49e-24
14	SIRT1	1.303749118	0.799	0.709	2.59e-53	6.77e-49
14	NOCT	1.296826802	0.561	0.327	1.37e-44	3.57e-40
14	MAPRE2	1.293620054	0.656	0.429	9.42e-48	2.47e-43
14	HMGCS1	1.265769282	0.634	0.523	1.1999999999999999e-28	3.14e-24
14	KLHL11	1.264364775	0.446	0.158	3.3499999999999995e-61	8.760000000000001e-57
14	LINC00854	1.255996984	0.404	0.154	3.67e-49	9.6e-45
14	KLF2	1.254072218	0.462	0.31	2.92e-22	7.63e-18
14	SOX4	1.243910642	0.863	0.791	1.28e-46	3.35e-42
14	NARF	1.238282416	0.726	0.53	5.509999999999999e-54	1.44e-49
14	HIST1H2AC	1.233268803	0.506	0.365	4.79e-19	1.25e-14
14	USPL1	1.231251092	0.557	0.346	3.6300000000000003e-37	9.5e-33
14	TUBA1A	1.230670173	0.943	0.692	4.02e-69	1.05e-64
14	FAM53C	1.222041403	0.615	0.417	3.89e-41	1.02e-36
14	TOB1	1.219694323	0.697	0.554	1.38e-36	3.62e-32
14	ADAMTSL4-AS1	1.218728086	0.691	0.503	2.0500000000000003e-43	5.36e-39
14	SERPINE1	1.218481491	0.309	0.158	3.7e-18	9.67e-14
14	GLS	1.199973005	0.704	0.52	2.02e-44	5.2799999999999996e-40
14	AC078778.2	1.199660683	0.363	0.091	4.46e-73	1.1699999999999999e-68
14	GTF2A1	1.197604747	0.522	0.344	3.29e-30	8.610000000000001e-26
14	HSPH1	1.189687115	0.64	0.518	3.78e-30	9.900000000000001e-26
14	OAT	1.187677568	0.475	0.227	4.4e-43	1.15e-38
14	BAMBI	1.182866354	0.443	0.242	6.2099999999999994e-30	1.63e-25
14	CA8	1.175476117	0.548	0.375	9.33e-28	2.4399999999999999e-23
14	HIST1H3D	1.154647767	0.309	0.172	1.95e-16	5.1e-12
14	PIK3R3	1.154530802	0.478	0.279	4.2e-31	1.1e-26
14	CLK1	1.138455771	0.615	0.46	8.74e-35	2.29e-30
14	ZNF367	1.136304459	0.424	0.242	2.63e-25	6.88e-21
14	KPNA2	1.132574623	0.611	0.459	1.37e-29	3.58e-25
14	CCNE2	1.126285728	0.586	0.447	5.84e-28	1.53e-23
14	LRRN3	1.119543991	0.328	0.156	2.6599999999999998e-24	6.97e-20
14	ATP1B1	1.117765895	0.704	0.571	1.93e-37	5.06e-33
14	AC091271.1	1.114116666	0.465	0.236	1.2900000000000001e-37	3.39e-33
14	DDIT4	1.113701488	0.564	0.341	6.690000000000001e-37	1.7500000000000002e-32
14	BRD2	1.099245418	0.736	0.642	1.3599999999999999e-34	3.5499999999999996e-30
14	CALB1	1.090893001	0.28	0.073	3.18e-51	8.33e-47
14	TFRC	1.087365637	0.554	0.417	3.66e-27	9.569999999999999e-23
14	ID1	1.087029671	0.475	0.291	9.39e-24	2.46e-19
14	WTAP	1.07289732	0.774	0.689	4.89e-47	1.28e-42
14	ILF3-AS1	1.072633396	0.545	0.39	1.04e-28	2.72e-24
14	C3orf58	1.072270409	0.631	0.516	1.84e-25	4.82e-21
14	SLC16A1	1.068049402	0.596	0.449	6.8e-28	1.7799999999999998e-23
14	TRA2B	1.062170239	0.72	0.682	1.04e-33	2.71e-29
14	SOX11	1.056546046	0.675	0.344	2.12e-50	5.54e-46
14	HIST1H2BJ	1.055960863	0.328	0.179	2.25e-18	5.89e-14
14	SRSF1	1.053441511	0.589	0.523	2.72e-22	7.12e-18
14	TRA2A	1.042367864	0.86	0.777	1.8e-59	4.71e-55
14	TMX4	1.042046771	0.618	0.57	1.24e-19	3.25e-15
14	SPTAN1	1.041983731	0.752	0.695	3.4e-37	8.91e-33
14	IFRD1	1.040936161	0.688	0.556	3.31e-32	8.68e-28
14	PNP	1.033985359	0.376	0.268	4.7e-13	1.23e-08
14	HECA	1.022285432	0.398	0.23	9.01e-24	2.36e-19
14	RNF19B	1.021513407	0.519	0.34	1.1300000000000002e-27	2.97e-23
14	NUFIP2	1.013263748	0.873	0.751	7.019999999999999e-54	1.84e-49
14	ZNF92	0.997846449	0.385	0.219	1.0199999999999999e-23	2.67e-19
14	KRT20	0.996410657	0.535	0.273	1.52e-30	3.97e-26
14	HIST1H2BH	0.995468966	0.328	0.201	5.24e-14	1.37e-09
14	BTG2	0.986675574	0.694	0.623	4.47e-28	1.1699999999999998e-23
14	KLHL15	0.975158439	0.462	0.248	6.58e-33	1.72e-28
14	SPAG6	0.972216153	0.334	0.14	7.27e-32	1.9e-27
14	SRSF7	0.963215102	0.85	0.801	2.4499999999999997e-42	6.42e-38
14	HIST1H2BN	0.956831484	0.357	0.161	2.2800000000000002e-29	5.98e-25
14	LINC02202	0.954883564	0.325	0.086	4.44e-60	1.16e-55
14	ID2	0.950487672	0.494	0.362	2.07e-17	5.42e-13
14	PSPC1	0.949987094	0.682	0.648	1.11e-25	2.9100000000000002e-21
14	CSRNP2	0.948600999	0.433	0.318	1.48e-16	3.89e-12
14	MYLIP	0.947420466	0.605	0.448	5.2100000000000006e-27	1.36e-22
14	GALM	0.937885755	0.541	0.361	4.88e-26	1.2800000000000001e-21
14	MXD1	0.937847697	0.589	0.452	7.51e-26	1.97e-21
14	HAP1	0.932539777	0.395	0.202	6.0900000000000004e-27	1.59e-22
14	ARC	0.930789098	0.452	0.298	4.44e-18	1.16e-13
14	ABHD5	0.927725616	0.545	0.41	8.169999999999999e-23	2.14e-18
14	TBC1D16	0.924120286	0.538	0.519	1.46e-12	3.82e-08
14	KANSL2	0.923437231	0.449	0.294	5.38e-23	1.41e-18
14	IRS2	0.919107517	0.621	0.525	5.61e-23	1.47e-18
14	ZNF711	0.917699173	0.392	0.181	8.480000000000001e-32	2.22e-27
14	CCDC173	0.914349661	0.465	0.369	4.95e-14	1.3e-09
14	HSF2	0.912014287	0.424	0.289	1.25e-18	3.27e-14
14	PPP4R3A	0.906689152	0.605	0.559	7.43e-22	1.95e-17
14	ARL4A	0.902812344	0.455	0.336	6.01e-18	1.57e-13
14	MED29	0.901257966	0.506	0.422	1.17e-16	3.05e-12
14	NOP58	0.900462435	0.618	0.592	4.84e-19	1.27e-14
14	AP3M1	0.899169291	0.58	0.531	8.2e-19	2.15e-14
14	ELAVL2	0.896469926	0.576	0.381	2.0500000000000002e-26	5.37e-22
14	KHDRBS3	0.891201	0.742	0.696	1.3500000000000002e-26	3.53e-22
14	ARL4D	0.887854115	0.322	0.16	2.12e-22	5.54e-18
14	IDI1	0.885391915	0.462	0.423	8.73e-10	2.29e-05
14	TUBA1C	0.883825394	0.602	0.509	4.53e-20	1.19e-15
14	ACSL3	0.881325846	0.576	0.509	3.45e-17	9.03e-13
14	SRSF10	0.878269688	0.764	0.749	3.37e-32	8.83e-28
14	CCT4	0.875231521	0.675	0.634	6.879999999999999e-23	1.8e-18
14	INA	0.871636314	0.357	0.168	2.36e-28	6.17e-24
14	SRSF3	0.868541471	0.828	0.818	2.0800000000000002e-32	5.45e-28
14	RAB39A	0.859352311	0.36	0.191	6.18e-23	1.62e-18
14	ATP1A3	0.856257671	0.309	0.139	6.679999999999999e-25	1.75e-20
14	PTRH2	0.855745923	0.554	0.488	7.17e-18	1.88e-13
14	IER5L	0.854947936	0.398	0.252	5.7e-19	1.49e-14
14	KLF4	0.853851761	0.427	0.325	3.52e-13	9.2e-09
14	USP22	0.852074569	0.809	0.764	6.92e-38	1.81e-33
14	NPPC	0.851243275	0.312	0.095	1.3299999999999999e-46	3.48e-42
14	ID3	0.850216333	0.344	0.191	2.02e-18	5.28e-14
14	NFKBIB	0.849276125	0.261	0.203	1.28e-05	0.335247044
14	CARS2	0.848410523	0.459	0.358	6.57e-15	1.72e-10
14	FSCN1	0.847858386	0.401	0.237	1.27e-21	3.32e-17
14	YWHAG	0.845388696	0.662	0.615	8.82e-24	2.31e-19
14	CDKN2B	0.835761754	0.347	0.221	1.74e-14	4.55e-10
14	CLIC4	0.834917236	0.592	0.547	3.63e-14	9.49e-10
14	LINC01970	0.83328641	0.283	0.085	5.94e-42	1.5500000000000002e-37
14	AL691403.1	0.829523016	0.293	0.166	7.48e-14	1.96e-09
14	GADD45A	0.828998932	0.497	0.385	1.85e-16	4.83e-12
14	ZBTB10	0.827353628	0.522	0.469	3.93e-13	1.03e-08
14	IP6K2	0.826886083	0.666	0.627	5.16e-23	1.35e-18
14	VGF	0.82519554	0.344	0.148	2.6599999999999998e-30	6.96e-26
14	FP236383.1	0.824114255	0.439	0.363	5.86e-09	0.000153372
14	SHISA2	0.822444481	0.354	0.179	8.429999999999999e-23	2.21e-18
14	ARRDC3	0.821547016	0.513	0.408	5.55e-16	1.45e-11
14	UNCX	0.821369257	0.344	0.161	6.48e-25	1.7e-20
14	EZH2	0.818019016	0.717	0.638	4.9999999999999997e-23	1.31e-18
14	ZNF844	0.815061668	0.408	0.264	1.11e-17	2.9e-13
14	IQCG	0.814044732	0.392	0.326	2.26e-09	5.93e-05
14	SLC25A32	0.81052033	0.417	0.337	4.73e-12	1.24e-07
14	CHGB	0.810251062	0.417	0.244	1.88e-19	4.93e-15
14	OGFRL1	0.808302845	0.334	0.216	9.41e-14	2.46e-09
14	BICRAL	0.807824945	0.583	0.572	3.12e-14	8.15e-10
14	JUN	0.806739808	0.838	0.788	1.1e-24	2.89e-20
14	WDR47	0.806066639	0.443	0.338	4.78e-14	1.25e-09
14	ARIH1	0.801383924	0.86	0.828	8.49e-35	2.22e-30
14	NNAT	0.80021197	0.92	0.373	1.5600000000000002e-79	4.0700000000000003e-75
14	SYN2	0.799964406	0.5	0.305	8.459999999999999e-23	2.22e-18
14	PTPN6	0.799560108	0.299	0.16	7.67e-18	2.01e-13
14	ACOT7	0.798808715	0.433	0.341	7.04e-13	1.84e-08
14	CCT6B	0.79802394	0.312	0.224	1.65e-09	4.32e-05
14	RBBP6	0.79702128	0.592	0.614	3.03e-12	7.94e-08
14	PPP1R2	0.795593996	0.468	0.464	8.56e-08	0.002241236
14	FAM222A	0.794718447	0.382	0.191	3.3799999999999997e-28	8.84e-24
14	NCBP1	0.793306931	0.471	0.4	3.71e-13	9.72e-09
14	RGS16	0.792207649	0.315	0.149	3.37e-23	8.83e-19
14	SLC25A25	0.791085413	0.49	0.463	1.31e-09	3.43e-05
14	BCAS2	0.789715162	0.525	0.486	8.21e-13	2.15e-08
14	ZNF143	0.784901911	0.334	0.203	8.84e-16	2.31e-11
14	SH3GL2	0.784475968	0.373	0.292	4.06e-08	0.001062803
14	GTF2B	0.784210834	0.484	0.433	3.37e-11	8.81e-07
14	SPAG9	0.783701343	0.803	0.776	4.5199999999999995e-30	1.1799999999999999e-25
14	KIAA0907	0.781318663	0.503	0.489	4.34e-10	1.14e-05
14	AL360012.1	0.78014598	0.252	0.091	6.66e-27	1.74e-22
14	SNHG15	0.778102724	0.347	0.243	7.98e-12	2.09e-07
14	PBLD	0.778084056	0.424	0.373	7.09e-09	0.00018555
14	SLC9A1	0.777434153	0.468	0.395	4.88e-11	1.28e-06
14	SAE1	0.775781855	0.567	0.581	2.45e-11	6.41e-07
14	HIST1H2BD	0.774531988	0.452	0.341	3.54e-11	9.28e-07
14	C17orf75	0.774090483	0.433	0.38	6.88e-10	1.8e-05
14	NUP210L	0.773593517	0.328	0.235	4.08e-09	0.000106751
14	MLF1	0.772130156	0.541	0.515	5.32e-11	1.39e-06
14	LMNA	0.772072015	0.704	0.661	1.78e-16	4.65e-12
14	DIS3	0.770529243	0.369	0.287	4.43e-10	1.16e-05
14	MCM4	0.767559089	0.545	0.484	4.4e-14	1.15e-09
14	FAM111B	0.766555521	0.436	0.328	6.52e-13	1.71e-08
14	SLC10A1	0.765132036	0.344	0.211	1.05e-14	2.75e-10
14	NMRK1	0.764157501	0.296	0.236	4.19e-06	0.109647777
14	CXorf57	0.764105093	0.258	0.118	7.86e-19	2.06e-14
14	CPEB4	0.763409165	0.672	0.645	8.5e-17	2.23e-12
14	SELENOP	0.763067795	0.455	0.413	1.62e-09	4.25e-05
14	MAPRE1	0.758826163	0.561	0.517	6.9e-15	1.8e-10
14	ARL6IP6	0.757873247	0.484	0.446	7.55e-10	1.98e-05
14	SLBP	0.757666525	0.487	0.447	1.15e-10	3.02e-06
14	IFT52	0.755156921	0.487	0.485	3.12e-09	8.16e-05
14	NABP1	0.752437331	0.334	0.191	4.4e-17	1.15e-12
14	DNAJC9	0.748813581	0.682	0.746	9.41e-12	2.46e-07
14	DHX9	0.74097546	0.653	0.692	5.01e-16	1.31e-11
14	EIF3B	0.73856123	0.443	0.449	4.77e-06	0.124861881
14	GTF3C4	0.738351712	0.408	0.368	6.01e-08	0.001571887
14	YME1L1	0.738340977	0.646	0.637	4e-17	1.05e-12
14	VIRMA	0.736384921	0.487	0.464	7.78e-09	0.00020374
14	PCDH9	0.736088102	0.72	0.341	7.47e-44	1.95e-39
14	MTHFD2	0.730507276	0.433	0.395	2.21e-08	0.00057953
14	TSTD2	0.730291481	0.443	0.357	1.01e-12	2.65e-08
14	ABHD17B	0.730128314	0.525	0.456	8.67e-13	2.27e-08
14	ATP2A2	0.728862673	0.653	0.676	9.35e-15	2.45e-10
14	EIF4A3	0.727018155	0.669	0.642	7e-18	1.83e-13
14	JPT1	0.725791118	0.847	0.758	4.2400000000000004e-33	1.11e-28
14	SNHG25	0.724358543	0.443	0.382	2.43e-10	6.37e-06
14	FAM126A	0.723702083	0.331	0.284	6.78e-06	0.1774297
14	NUP58	0.722685281	0.58	0.527	4.09e-15	1.07e-10
14	MLH1	0.719847681	0.338	0.266	1.8e-08	0.0004711
14	NAA16	0.718496093	0.452	0.353	3.92e-14	1.03e-09
14	STK17B	0.714690631	0.401	0.325	4.98e-10	1.3e-05
14	FAM83D	0.713425698	0.252	0.146	1.23e-10	3.22e-06
14	C11orf84	0.713244911	0.341	0.276	9.48e-08	0.002482067
14	HNRNPH3	0.712660822	0.783	0.798	5.17e-24	1.35e-19
14	AC008770.1	0.712372447	0.462	0.427	8.92e-09	0.000233433
14	HSPA9	0.712276153	0.646	0.649	1.31e-15	3.42e-11
14	DDX50	0.70975774	0.669	0.707	4.82e-15	1.26e-10
14	ZNF253	0.70871124	0.354	0.291	7.26e-08	0.001901167
14	ZC3H4	0.708040402	0.35	0.301	9.12e-07	0.023868346
14	TMEM107	0.707994483	0.309	0.25	1.81e-06	0.04727195
14	RAD23B	0.707930772	0.634	0.671	2.16e-14	5.66e-10
14	UTP23	0.705930678	0.475	0.454	2.39e-08	0.000624983
14	AC093323.1	0.704270769	0.264	0.194	8.39e-07	0.021971254
14	DNAJA1	0.70302008	0.815	0.797	1.58e-22	4.13e-18
14	BZW2	0.701906047	0.481	0.461	8.75e-08	0.002290814
14	CCDC12	0.699647354	0.436	0.413	2.15e-07	0.005624158
14	UAP1	0.699645233	0.334	0.275	6.72e-07	0.017602339
14	MYC	0.697966405	0.328	0.21	1.59e-12	4.17e-08
14	RNF38	0.697308801	0.631	0.614	2.36e-17	6.18e-13
14	IFFO2	0.694261819	0.271	0.102	6.4699999999999995e-28	1.69e-23
14	FYN	0.692966514	0.669	0.521	2.8e-20	7.32e-16
14	DDIT3	0.69287226	0.446	0.364	2.12e-10	5.55e-06
14	RAB26	0.692638138	0.414	0.331	3.36e-10	8.8e-06
14	LETM2	0.692578491	0.293	0.157	1.72e-16	4.5e-12
14	NPW	0.692534402	0.43	0.262	1.66e-16	4.35e-12
14	TP53	0.692519599	0.389	0.309	8.68e-10	2.27e-05
14	TCP1	0.69232756	0.535	0.553	7.48e-09	0.000195798
14	ZNF121	0.692094069	0.379	0.341	8.5e-07	0.022251138
14	C12orf65	0.691602932	0.481	0.45	1.54e-09	4.02e-05
14	MIR17HG	0.691537235	0.293	0.154	1.47e-16	3.85e-12
14	SF3A2	0.691046596	0.328	0.203	3.16e-14	8.27e-10
14	DUSP6	0.689425725	0.341	0.242	6.04e-11	1.58e-06
14	TMEM67	0.685937168	0.481	0.486	2.07e-06	0.054266036
14	STK35	0.685248649	0.401	0.313	4.04e-11	1.06e-06
14	INTS6	0.683671184	0.656	0.61	1.21e-15	3.17e-11
14	CBLL1	0.682543628	0.315	0.238	4.01e-08	0.001050302
14	RBMX	0.681631812	0.748	0.767	7.1e-18	1.86e-13
14	DALRD3	0.681054456	0.366	0.31	2.32e-07	0.006074711
14	MRM2	0.680445601	0.325	0.248	1.94e-08	0.000506722
14	AFF4	0.680380072	0.777	0.758	2.28e-22	5.96e-18
14	EPHA4	0.679686742	0.376	0.221	1.29e-16	3.37e-12
14	CDC6	0.678694747	0.258	0.161	1.18e-09	3.08e-05
14	SLC30A5	0.67659991	0.529	0.478	2.35e-13	6.16e-09
14	PRR3	0.675762925	0.369	0.295	5.56e-09	0.000145654
14	CCNT2	0.673956008	0.49	0.47	3.93e-09	0.000102857
14	DNAJC27	0.672178625	0.322	0.265	1.6e-06	0.041764004
14	TERF2IP	0.672068606	0.439	0.441	8.39e-06	0.219539502
14	CTNNB1	0.671493459	0.736	0.736	9.49e-19	2.48e-14
14	ZBTB11	0.670881029	0.424	0.405	5.25e-06	0.137494009
14	NOP56	0.670352398	0.455	0.455	1.59e-06	0.041710228
14	NDUFAF6	0.669890734	0.697	0.721	4.53e-14	1.19e-09
14	RNF10	0.669726696	0.497	0.493	1.45e-08	0.000379483
14	DISP3	0.669012674	0.268	0.124	2.48e-19	6.5e-15
14	NASP	0.668767311	0.704	0.759	6.05e-16	1.58e-11
14	CBX4	0.666916978	0.455	0.414	3.66e-09	9.59e-05
14	WDR43	0.666535523	0.455	0.498	5.11e-05	1.0
14	FBXL3	0.666252978	0.322	0.258	5.69e-07	0.014900759
14	TAF7	0.665465035	0.646	0.669	3.02e-12	7.89e-08
14	UBE2D1	0.665259863	0.516	0.538	8.23e-07	0.021544721
14	ISL1	0.66520559	0.557	0.335	1.82e-19	4.76e-15
14	JAM3	0.665024853	0.306	0.171	6.81e-15	1.78e-10
14	NPTX2	0.664280969	0.261	0.131	3.91e-16	1.02e-11
14	KLHL18	0.664247568	0.373	0.354	5.69e-05	1.0
14	PRPF39	0.662963615	0.42	0.396	5.58e-07	0.01460896
14	EIF2S1	0.662346426	0.414	0.436	0.00016217	1.0
14	RPS6KB1	0.660134551	0.529	0.55	1.35e-08	0.000353509
14	SKA2	0.660093764	0.643	0.643	2.81e-12	7.36e-08
14	NETO2	0.659449869	0.341	0.294	1.76e-05	0.459673536
14	HDAC2	0.658281818	0.589	0.619	6.01e-09	0.000157337
14	TAF1D	0.657882894	0.538	0.561	5.08e-09	0.000132924
14	OSBPL9	0.656946831	0.653	0.711	2.54e-11	6.65e-07
14	TSPYL2	0.653802483	0.29	0.188	1.41e-10	3.69e-06
14	GNL3	0.652591537	0.459	0.474	5.53e-06	0.14472563
14	HES6	0.652137892	0.806	0.494	1.2000000000000002e-37	3.15e-33
14	BTG1	0.650218014	0.71	0.717	1.29e-14	3.37e-10
14	PEG10	0.649874953	0.669	0.433	5.97e-26	1.5600000000000002e-21
14	CITED2	0.649762835	0.318	0.242	7.3e-08	0.001909827
14	ZMYM5	0.649360783	0.417	0.389	5.29e-07	0.013844694
14	ARGLU1	0.648695866	0.557	0.569	5.2e-10	1.36e-05
14	SNHG9	0.647690547	0.408	0.444	0.002274806	1.0
14	AFMID	0.646165136	0.414	0.393	1.85e-06	0.048505857
14	CCER2	0.64378344	0.844	0.386	1.6e-51	4.19e-47
14	EPHA5	0.640733702	0.522	0.348	9.53e-15	2.5e-10
14	CDKN2AIP	0.640094946	0.363	0.29	9.9e-09	0.000259123
14	STARD7	0.639450708	0.395	0.381	1.52e-05	0.398718155
14	CNBD2	0.638658892	0.264	0.144	4.24e-14	1.11e-09
14	WDR76	0.637474623	0.376	0.375	0.000880788	1.0
14	SURF4	0.637443404	0.404	0.374	5.98e-07	0.015661676
14	RHOB	0.636803593	0.519	0.518	1.9e-06	0.049845976
14	MSL2	0.63418288	0.392	0.375	1.7e-05	0.444197348
14	ATCAY	0.63090269	0.277	0.168	2.26e-11	5.91e-07
14	GUCY1A2	0.630589661	0.366	0.221	1.35e-13	3.52e-09
14	CASP2	0.630485294	0.312	0.263	1.08e-05	0.283503117
14	DLST	0.628942934	0.357	0.323	1.11e-05	0.290675366
14	SLC39A10	0.628827386	0.331	0.302	0.000180601	1.0
14	POLR1D	0.628686562	0.506	0.5	2.8e-08	0.000733965
14	CHAMP1	0.628218388	0.325	0.28	1.23e-05	0.322536845
14	RNPS1	0.627040306	0.433	0.454	9.64e-05	1.0
14	RPL22L1	0.6248716	0.357	0.303	4.46e-07	0.01167352
14	RNF168	0.624654805	0.43	0.459	0.000597592	1.0
14	MAML1	0.62363047	0.379	0.345	2.39e-06	0.062671187
14	SRRT	0.623500079	0.417	0.414	8.37e-06	0.219027513
14	SELENOI	0.623426543	0.494	0.466	7.05e-10	1.84e-05
14	ZNF326	0.622622056	0.519	0.549	2.93e-07	0.007676856
14	NYAP2	0.621484644	0.634	0.346	1.51e-25	3.95e-21
14	TXNIP	0.620219493	0.618	0.657	4.15e-07	0.010868423
14	KLF5	0.618963009	0.344	0.328	0.001243783	1.0
14	POLR1C	0.617019687	0.261	0.209	5.69e-05	1.0
14	FBF1	0.616751707	0.287	0.208	4.9e-08	0.001281963
14	TMPO	0.616725703	0.666	0.631	1.4e-13	3.66e-09
14	RBM12B	0.615886932	0.481	0.474	1.59e-07	0.004169836
14	ZNF821	0.615569208	0.274	0.214	8.01e-06	0.209550314
14	UHRF1	0.612896431	0.344	0.278	6.17e-07	0.016144625
14	SMPD3	0.612233213	0.277	0.147	3.32e-15	8.68e-11
14	MSH6	0.611660451	0.487	0.475	2.16e-08	0.000564965
14	MAPK6	0.610987335	0.411	0.411	5.88e-05	1.0
14	RASGEF1B	0.610981317	0.414	0.396	6.83e-05	1.0
14	AC084033.3	0.610468937	0.36	0.331	3.18e-05	0.832239298
14	UBA2	0.609463291	0.624	0.659	2.03e-12	5.33e-08
14	UBQLN1	0.608411401	0.481	0.543	0.000274983	1.0
14	PNN	0.607920648	0.611	0.658	7.22e-11	1.89e-06
14	CEP68	0.607763195	0.318	0.288	0.000210584	1.0
14	DDX42	0.606100739	0.621	0.662	1.99e-11	5.21e-07
14	CPSF6	0.605226712	0.646	0.691	4.34e-12	1.14e-07
14	WDR82	0.604572395	0.443	0.467	1.79e-05	0.467256879
14	TMSB10	0.600786998	0.927	0.854	5.18e-24	1.36e-19
14	IQCH	0.600618869	0.162	0.398	5.34e-12	1.4e-07
14	UTP6	0.600606899	0.43	0.498	0.007226133	1.0
14	CEBPZ	0.600577427	0.395	0.428	0.002687429	1.0
14	NDE1	0.600247666	0.331	0.321	0.001078557	1.0
14	HIF1A	0.599173751	0.516	0.545	1.87e-06	0.049026415
14	OTUD3	0.598500602	0.331	0.283	7.11e-06	0.186084955
14	TXNDC16	0.597109774	0.411	0.419	0.000372562	1.0
14	PPP4R3B	0.596186492	0.557	0.595	1.73e-07	0.004530566
14	SAFB2	0.595991635	0.455	0.499	0.000301003	1.0
14	KATNAL1	0.593857522	0.36	0.314	1.58e-05	0.414594928
14	KITLG	0.593476492	0.325	0.283	0.000112698	1.0
14	DNAJC12	0.592531396	0.554	0.504	4.82e-09	0.000126259
14	INSM1	0.592489269	0.462	0.286	1.3e-16	3.4e-12
14	PIBF1	0.592404907	0.615	0.625	7.61e-08	0.001992782
14	BAZ1B	0.591532832	0.576	0.618	4.41e-07	0.011537081
14	RHOA	0.590438429	0.682	0.763	5.11e-08	0.001337112
14	ZNF627	0.58573445	0.312	0.31	0.007429268	1.0
14	TGS1	0.583478459	0.443	0.504	0.003491962	1.0
14	TDG	0.583159962	0.446	0.485	0.000434509	1.0
14	FBXO5	0.583096179	0.252	0.23	0.008202901	1.0
14	KIAA1683	0.582662541	0.373	0.346	9.73e-05	1.0
14	DHX34	0.582281408	0.322	0.286	0.000110386	1.0
14	POR	0.582008636	0.398	0.404	0.000433718	1.0
14	RND3	0.581389724	0.433	0.378	2.53e-07	0.006611033
14	SMIM4	0.581379161	0.513	0.556	5.57e-06	0.145752179
14	YWHAQ	0.580503414	0.803	0.839	3.17e-15	8.29e-11
14	PSAP	0.578986827	0.815	0.851	7.43e-15	1.94e-10
14	SNRPD1	0.576583231	0.608	0.625	4.97e-09	0.000130164
14	BRIX1	0.576293472	0.315	0.314	0.003615951	1.0
14	SMPD4	0.575752876	0.35	0.319	3.17e-05	0.82869432
14	PHYHIPL	0.575647847	0.49	0.433	9.5e-09	0.000248598
14	FBXO33	0.574465376	0.344	0.313	7.12e-05	1.0
14	ESPN	0.574232	0.258	0.135	2.7e-14	7.06e-10
14	JMJD6	0.572977812	0.341	0.294	7.25e-06	0.189866677
14	SLC19A2	0.572024852	0.369	0.36	0.001254661	1.0
14	GADD45B	0.571826664	0.468	0.355	3.48e-11	9.12e-07
14	WDR12	0.571752606	0.357	0.364	0.002817188	1.0
14	YOD1	0.571292071	0.255	0.141	4.91e-13	1.29e-08
14	ATP6V1B2	0.57002049	0.255	0.181	6.01e-07	0.015743154
14	C6orf62	0.568916719	0.548	0.612	8.97e-06	0.234782321
14	SLC12A2	0.568388992	0.627	0.586	1.05e-10	2.74e-06
14	USP39	0.567541234	0.331	0.296	3.97e-05	1.0
14	SNHG1	0.567494018	0.312	0.273	6.43e-05	1.0
14	ATXN2L	0.565796934	0.417	0.418	5.4e-05	1.0
14	PRPF8	0.56471167	0.494	0.531	2.79e-05	0.730811213
14	SNRNP40	0.563971332	0.389	0.418	0.003649812	1.0
14	AC092910.3	0.563199737	0.287	0.241	0.000124307	1.0
14	EIF1B	0.559710131	0.557	0.558	2.24e-08	0.000586573
14	DHX8	0.558750729	0.401	0.429	0.000955303	1.0
14	PLK2	0.558697101	0.382	0.301	2.2e-08	0.000575115
14	IP6K1	0.558213691	0.525	0.518	1.18e-08	0.000309547
14	TUBB2B	0.557460751	0.589	0.376	5.84e-21	1.53e-16
14	ZNF124	0.554939538	0.43	0.405	3.13e-06	0.081985124
14	CYCS	0.554763029	0.64	0.641	5.18e-10	1.36e-05
14	DDX39A	0.554605034	0.312	0.289	0.000728382	1.0
14	RSL1D1	0.554075734	0.443	0.492	0.000769504	1.0
14	LINC01619	0.553237663	0.411	0.377	3.35e-05	0.876210967
14	PCF11	0.552799526	0.436	0.45	0.000195372	1.0
14	CCDC40	0.551914019	0.443	0.497	0.005516255	1.0
14	QRICH1	0.551893655	0.452	0.474	6.61e-05	1.0
14	UIMC1	0.5517451	0.459	0.5	0.000598673	1.0
14	SCAF4	0.55145886	0.443	0.472	0.000697509	1.0
14	DPYSL3	0.550051659	0.449	0.495	0.009534366	1.0
14	BAG4	0.549898593	0.36	0.37	0.0015124	1.0
14	DYNC1LI1	0.549483677	0.471	0.53	0.000197086	1.0
14	HNRNPF	0.549018875	0.637	0.716	1.06e-08	0.000277978
14	CCDC28A	0.548103214	0.258	0.219	0.000617546	1.0
14	PEAK1	0.547182142	0.417	0.397	0.000115663	1.0
14	LACTB2	0.546946226	0.325	0.325	0.005348975	1.0
14	SUGT1	0.546777799	0.411	0.444	0.001990712	1.0
14	OSER1-AS1	0.546439561	0.268	0.211	2.11e-05	0.552332776
14	FUS	0.545749958	0.841	0.858	2.04e-21	5.35e-17
14	SGK1	0.545430972	0.268	0.205	2.68e-05	0.70254395
14	GNA13	0.545127764	0.452	0.466	3.7e-05	0.96757114
14	TBPL1	0.544821175	0.385	0.38	0.000163178	1.0
14	LUC7L3	0.544767799	0.854	0.869	5.75e-23	1.5e-18
14	MT-ND2	0.544017742	0.994	0.988	1.43e-22	3.75e-18
14	ARL4C	0.542830769	0.331	0.298	0.000371171	1.0
14	MTMR6	0.541344358	0.296	0.23	2.26e-06	0.059111439
14	CDC42EP3	0.541079376	0.376	0.356	0.000253388	1.0
14	MYADM	0.540073975	0.357	0.344	0.000340516	1.0
14	YTHDF3	0.539882719	0.538	0.613	0.000237681	1.0
14	RBBP4	0.539081914	0.675	0.698	7.72e-12	2.02e-07
14	MDC1	0.5388097	0.271	0.246	0.002572343	1.0
14	SAFB	0.538409757	0.506	0.549	6.56e-06	0.171683835
14	EPS8	0.538381084	0.602	0.616	4.78e-08	0.001250528
14	ZNF830	0.53715303	0.341	0.358	0.007409375	1.0
14	AL135925.1	0.537089066	0.322	0.273	2.08e-05	0.543329733
14	RRN3	0.537025533	0.28	0.271	0.008193956	1.0
14	RAB30-AS1	0.536734398	0.465	0.545	0.007175601	1.0
14	BCL2L11	0.534109816	0.328	0.311	0.001124613	1.0
14	AC018521.5	0.533785382	0.271	0.19	5.84e-08	0.001527868
14	INTS8	0.533304339	0.443	0.464	0.000212264	1.0
14	JAKMIP2	0.53295157	0.35	0.242	3.06e-09	8.01e-05
14	HNRNPL	0.532637249	0.468	0.534	0.001428497	1.0
14	PRIM1	0.532323689	0.293	0.255	0.000222944	1.0
14	CNNM4	0.53208385	0.299	0.288	0.006734052	1.0
14	CHD7	0.531677032	0.57	0.531	4.3e-07	0.011259506
14	SAP18	0.531675033	0.608	0.614	5.19e-09	0.000135919
14	AASDHPPT	0.531350362	0.325	0.334	0.006908894	1.0
14	AL158152.2	0.530700006	0.379	0.335	3.44e-06	0.089920431
14	MAPK1IP1L	0.529722096	0.462	0.509	0.000668394	1.0
14	TEX10	0.529552531	0.331	0.316	0.000957034	1.0
14	TRIM13	0.52901597	0.414	0.42	0.000204831	1.0
14	PHTF1	0.528695132	0.376	0.377	0.000968049	1.0
14	MCM7	0.526450458	0.322	0.298	0.000598043	1.0
14	GJC1	0.526237608	0.303	0.224	3.92e-07	0.010264156
14	PPA1	0.525646387	0.809	0.828	5.16e-17	1.35e-12
14	HNRNPA0	0.525545068	0.494	0.532	0.000357655	1.0
14	RBM39	0.524534847	0.841	0.865	6.04e-18	1.58e-13
14	CASC3	0.523556928	0.42	0.479	0.009158076	1.0
14	FOS	0.523248048	0.838	0.807	6e-13	1.57e-08
14	HNRNPAB	0.522307648	0.583	0.633	3.43e-05	0.899067213
14	ELOVL4	0.521310625	0.283	0.249	0.000520575	1.0
14	TOP1	0.52109531	0.65	0.688	5.49e-08	0.001438148
14	C12orf57	0.51969512	0.478	0.516	0.000301083	1.0
14	NOL11	0.519458254	0.414	0.439	0.000896779	1.0
14	METTL16	0.519211278	0.468	0.525	0.001441805	1.0
14	ACVR2A	0.518567523	0.363	0.373	0.005142846	1.0
14	RASSF1	0.51747006	0.293	0.236	7.48e-06	0.195725147
14	CHAF1A	0.51731151	0.331	0.314	0.000748405	1.0
14	CDCA4	0.515872294	0.258	0.211	0.000154916	1.0
14	DACH1	0.515428436	0.873	0.636	1.11e-25	2.9000000000000004e-21
14	REV3L	0.514777807	0.704	0.712	3.74e-13	9.78e-09
14	CDK12	0.514518651	0.554	0.637	1.93e-05	0.506145182
14	TRNAU1AP	0.513643412	0.382	0.373	0.000229354	1.0
14	RFX2	0.513214477	0.576	0.573	6.57e-06	0.172081934
14	SYNJ1	0.512267056	0.35	0.294	2.48e-06	0.06486181
14	TRIT1	0.512186929	0.341	0.352	0.006069135	1.0
14	MEGF9	0.511511334	0.557	0.563	9.27e-07	0.024256061
14	ZNF66	0.511264541	0.264	0.236	0.001790186	1.0
14	NDUFAF4	0.511069573	0.293	0.289	0.00782826	1.0
14	CRKL	0.510648844	0.255	0.182	6.18e-07	0.016174831
14	NCAPG	0.509132757	0.252	0.181	9.81e-06	0.256882448
14	KDM2A	0.508994182	0.624	0.698	8.3e-08	0.00217235
14	AARS	0.507772271	0.264	0.193	1.36e-06	0.035562288
14	CHD1	0.506113186	0.503	0.567	0.000607427	1.0
14	SRRM4	0.505076972	0.328	0.216	8.53e-10	2.23e-05
14	YTHDF2	0.504042655	0.452	0.501	0.001706971	1.0
14	UBE2S	0.503342069	0.793	0.628	2.4399999999999997e-24	6.38e-20
14	HAUS2	0.502614319	0.309	0.293	0.001916671	1.0
14	LINC00476	0.502240626	0.299	0.288	0.006075325	1.0
14	UBXN2A	0.501929995	0.494	0.508	9.16e-06	0.239688979
14	PRPF3	0.501731634	0.417	0.454	0.007836452	1.0
14	MED1	0.501673806	0.439	0.488	0.000962274	1.0
14	LIN28B	0.501354201	0.354	0.281	1.14e-06	0.029873183
14	BPGM	0.499596575	0.29	0.231	7.86e-06	0.2057918
14	ZNF738	0.498376483	0.293	0.253	0.000225384	1.0
14	KHDRBS1	0.497841611	0.755	0.769	9.12e-15	2.39e-10
14	GPR137C	0.49752756	0.535	0.488	1.77e-07	0.004625722
14	CHORDC1	0.497147957	0.404	0.436	0.004508169	1.0
14	HYLS1	0.497082566	0.261	0.239	0.008804734	1.0
14	CTPS1	0.497068327	0.382	0.367	0.000165238	1.0
14	FAM117A	0.497064086	0.338	0.313	0.001156251	1.0
14	FAM46A	0.496666272	0.557	0.543	7.79e-06	0.203804588
14	MT-CO3	0.494699956	1.0	0.999	6.97e-22	1.82e-17
14	DNAJC6	0.494610852	0.369	0.343	0.000813175	1.0
14	RC3H2	0.49428523	0.462	0.498	0.000187654	1.0
14	RAB1A	0.494147025	0.589	0.662	1.72e-06	0.044898709
14	CKS2	0.49345928	0.541	0.514	6.43e-07	0.016842448
14	IER2	0.493041493	0.774	0.722	1.55e-14	4.07e-10
14	NOM1	0.492489127	0.255	0.197	2.79e-05	0.731302522
14	RSRC2	0.49215037	0.5	0.582	0.0065267	1.0
14	SP3	0.491829239	0.538	0.605	3.16e-05	0.826691876
14	CLASRP	0.491687882	0.354	0.366	0.008582886	1.0
14	CCDC47	0.491069426	0.592	0.663	6.85e-06	0.179408865
14	POLH	0.489415571	0.322	0.294	0.000488035	1.0
14	FUBP1	0.488983044	0.541	0.619	0.000153081	1.0
14	PTCH1	0.488668535	0.258	0.22	0.001109896	1.0
14	SLC25A4	0.488398151	0.455	0.505	0.001348496	1.0
14	SS18L2	0.488376985	0.417	0.468	0.00798284	1.0
14	KLF10	0.487251393	0.436	0.433	0.000124812	1.0
14	CHCHD7	0.486859441	0.252	0.219	0.001766767	1.0
14	SNX25	0.486803654	0.417	0.463	0.005307077	1.0
14	EIF5	0.486558385	0.64	0.698	7.77e-08	0.002033895
14	ETV5	0.483532307	0.274	0.2	2.86e-06	0.07473031
14	UBE2D3	0.482336085	0.761	0.827	5.7e-13	1.49e-08
14	RBM8A	0.481796338	0.621	0.652	5.52e-08	0.001444083
14	GRB2	0.480530684	0.64	0.704	1.99e-07	0.005209208
14	PTS	0.48029196	0.455	0.525	0.007030841	1.0
14	PANK2	0.480030574	0.439	0.502	0.004940885	1.0
14	TRIM24	0.479382557	0.551	0.632	0.00042278	1.0
14	WASF1	0.479375354	0.443	0.416	1.42e-05	0.371217729
14	DPM1	0.478315639	0.43	0.486	0.007740246	1.0
14	DUSP12	0.4772562	0.255	0.2	4.63e-05	1.0
14	CLIP2	0.476905741	0.408	0.367	5.35e-05	1.0
14	RAF1	0.476779448	0.535	0.627	0.000393658	1.0
14	MGRN1	0.476740678	0.414	0.447	0.004644138	1.0
14	FEM1C	0.476490832	0.258	0.224	0.001384658	1.0
14	MBNL2	0.476272594	0.666	0.604	1.07e-09	2.8e-05
14	NUP160	0.476053501	0.411	0.431	0.002984899	1.0
14	RALY	0.475298281	0.621	0.678	2.83e-07	0.00740906
14	GSE1	0.475165089	0.564	0.576	2.76e-05	0.721602812
14	RBM25	0.47432911	0.621	0.698	4.95e-07	0.012953018
14	SYP	0.473318116	0.274	0.211	1.77e-05	0.464562386
14	STT3B	0.473045763	0.487	0.564	0.006551326	1.0
14	STIP1	0.472584986	0.452	0.508	0.002473009	1.0
14	KIF21A	0.470332184	0.551	0.588	4.2e-05	1.0
14	CCT8	0.469193427	0.497	0.57	0.002102885	1.0
14	SIK3	0.469085241	0.742	0.744	6.27e-11	1.64e-06
14	NXF1	0.46717575	0.268	0.241	0.004178331	1.0
14	PROX1	0.466673156	0.481	0.356	1.25e-08	0.0003274
14	EIF3J	0.466451836	0.487	0.577	0.002812196	1.0
14	FOXO1	0.465792002	0.357	0.335	0.002552494	1.0
14	DBR1	0.464740767	0.258	0.207	0.000107441	1.0
14	TFAP2B	0.464709872	0.424	0.281	2.69e-10	7.05e-06
14	RTN3	0.46460029	0.736	0.801	5.01e-10	1.31e-05
14	FAM222B	0.462639927	0.701	0.73	2.05e-10	5.38e-06
14	MORF4L1	0.460895183	0.748	0.804	7.66e-12	2.01e-07
14	COX17	0.460272609	0.522	0.571	0.000516022	1.0
14	CHST8	0.459854921	0.519	0.474	1.87e-06	0.04907244
14	CBX5	0.459006969	0.634	0.688	8.25e-06	0.216064222
14	KIAA1324L	0.458926197	0.325	0.256	9.2e-06	0.240733824
14	MAT2A	0.457385152	0.494	0.574	0.005232802	1.0
14	ADNP	0.455261058	0.723	0.78	2.21e-09	5.8e-05
14	DDX3X	0.45443657	0.535	0.595	0.000330722	1.0
14	DEFA6	0.453051715	0.389	0.223	1.92e-14	5.02e-10
14	GNG2	0.44821193	0.287	0.208	4.02e-06	0.105339913
14	RAP2A	0.446082869	0.274	0.261	0.008830172	1.0
14	DYNC1H1	0.445368221	0.561	0.655	0.000209085	1.0
14	AHCTF1	0.444587266	0.487	0.529	8.81e-05	1.0
14	PAFAH1B1	0.444071357	0.726	0.797	3.71e-08	0.00097139
14	AC015813.2	0.442805105	0.312	0.306	0.005431053	1.0
14	EPHA3	0.441113107	0.347	0.242	3.47e-08	0.000908179
14	NMT1	0.441082056	0.462	0.518	0.002972349	1.0
14	UBE2B	0.440753078	0.589	0.661	4.87e-06	0.12746539
14	EPC1	0.440743841	0.627	0.771	0.002410803	1.0
14	MT-CO2	0.439728314	0.997	0.998	2.24e-20	5.87e-16
14	METAP2	0.439727334	0.557	0.642	0.000994085	1.0
14	STMN1	0.438765349	0.946	0.778	1.56e-25	4.08e-21
14	ZNF329	0.438393389	0.271	0.252	0.00727917	1.0
14	ZNF280C	0.438154761	0.261	0.244	0.009718335	1.0
14	SCG3	0.4371006	0.408	0.305	2.65e-07	0.006931194
14	PKIA	0.436287767	0.592	0.681	0.001747602	1.0
14	EIF3H	0.435286677	0.691	0.788	2.61e-05	0.683632227
14	MT-CYB	0.435000865	1.0	0.995	1.48e-17	3.88e-13
14	MTO1	0.434786612	0.274	0.256	0.006564027	1.0
14	ARID4B	0.431033832	0.739	0.833	4.34e-08	0.00113696
14	PABPC1	0.429869371	0.86	0.872	2.36e-12	6.17e-08
14	ZNF254	0.428768824	0.487	0.569	0.005774506	1.0
14	MNX1	0.428318648	0.271	0.248	0.008983284	1.0
14	RUNX1T1	0.426211029	0.525	0.334	6.56e-14	1.72e-09
14	PELI2	0.426047279	0.334	0.308	0.003102194	1.0
14	PPP1R13B	0.42362701	0.58	0.62	2.89e-05	0.756430911
14	SNRPF	0.422801151	0.583	0.669	0.000139081	1.0
14	PSMD12	0.421607277	0.541	0.638	0.001586645	1.0
14	FOSB	0.421555285	0.634	0.621	3.86e-05	1.0
14	CDK8	0.42088475	0.433	0.46	0.008198001	1.0
14	NCAM1	0.420031099	0.506	0.326	5.75e-12	1.51e-07
14	PFDN2	0.419795003	0.516	0.589	0.002278841	1.0
14	UCHL1	0.418154814	0.513	0.511	7.9e-05	1.0
14	FBXO11	0.417753734	0.672	0.783	0.001708262	1.0
14	TIMP2	0.4174561	0.475	0.519	0.001765041	1.0
14	HBEGF	0.417389729	0.325	0.312	0.005884792	1.0
14	AL139383.1	0.41521616	0.306	0.247	7.92e-05	1.0
14	MORF4L2	0.412049063	0.697	0.77	3.28e-08	0.000859258
14	MAP2	0.41105486	0.659	0.557	1.91e-09	4.99e-05
14	KPNA1	0.409081744	0.487	0.566	0.005758998	1.0
14	ZFAND5	0.408235883	0.545	0.607	0.002185136	1.0
14	ETNK1	0.406129292	0.551	0.659	0.004103408	1.0
14	WSB1	0.405575138	0.745	0.794	8.11e-08	0.002122602
14	EFNB2	0.405261929	0.258	0.217	0.001450597	1.0
14	CNBP	0.404642006	0.529	0.625	0.003815507	1.0
14	ARHGAP18	0.404242801	0.363	0.349	0.005692663	1.0
14	SLC36A4	0.403838113	0.729	0.599	3.08e-14	8.06e-10
14	MRPL57	0.402208413	0.484	0.55	0.006205876	1.0
14	HNRNPU	0.400012789	0.742	0.831	1.43e-06	0.037539503
14	ELAVL4	0.399088134	0.347	0.27	1.71e-05	0.448663187
14	FXR1	0.398291992	0.583	0.699	0.002505224	1.0
14	TUBA4A	0.397585444	0.264	0.225	0.001698095	1.0
14	HOMER1	0.395785178	0.478	0.394	1.85e-07	0.004846657
14	HNRNPDL	0.394582585	0.755	0.799	5.27e-06	0.13796932
14	GNAI1	0.39382486	0.341	0.307	0.001722844	1.0
14	ELOC	0.393264413	0.653	0.721	4.45e-06	0.116388481
14	BRINP1	0.391096641	0.264	0.222	0.004028181	1.0
14	SF1	0.390992996	0.586	0.692	0.000385	1.0
14	CDH2	0.38994836	0.29	0.251	0.009518388	1.0
14	SNHG6	0.388632801	0.799	0.835	2.22e-07	0.005799345
14	HNRNPA2B1	0.386367694	0.876	0.907	2.24e-10	5.86e-06
14	SQSTM1	0.384934459	0.736	0.715	3.34e-10	8.76e-06
14	MT-ATP6	0.382693792	1.0	0.997	1.69e-16	4.43e-12
14	SMURF2	0.382653411	0.678	0.761	9.78e-06	0.255949124
14	SNAP25	0.381194269	0.532	0.403	1.25e-09	3.28e-05
14	ODC1	0.381046343	0.627	0.691	0.005502925	1.0
14	PPP1CC	0.379845899	0.5	0.569	0.003159032	1.0
14	ATAD2	0.37877231	0.551	0.568	0.000226452	1.0
14	MT-ND5	0.377199696	0.952	0.95	7.53e-11	1.97e-06
14	MT-CO1	0.376899215	1.0	0.997	2.01e-15	5.26e-11
14	ZNF131	0.37675121	0.576	0.692	0.003578529	1.0
14	EIF4A2	0.375811291	0.713	0.78	3.52e-06	0.092108299
14	CCNL1	0.374124243	0.627	0.636	3.14e-06	0.082209518
14	MT-ND1	0.372250768	0.997	0.994	1.49e-14	3.9e-10
14	KLHL29	0.370403939	0.497	0.375	2.34e-09	6.12e-05
14	EGR1	0.36998323	0.777	0.784	9.59e-08	0.002509233
14	CSNK2A1	0.369819335	0.573	0.67	0.001720831	1.0
14	DGUOK	0.366168577	0.643	0.684	6.29e-05	1.0
14	TNRC6A	0.36409677	0.646	0.769	0.005870053	1.0
14	PAIP2	0.362618803	0.599	0.719	0.002226385	1.0
14	PRKCA	0.36261356	0.707	0.684	1.03e-07	0.002703603
14	ASXL1	0.35961671	0.605	0.71	0.004237994	1.0
14	KIF1B	0.359571565	0.631	0.716	0.00081328	1.0
14	G3BP1	0.358630911	0.564	0.658	0.000625171	1.0
14	MT-ND4	0.356531288	0.997	0.994	7.02e-14	1.84e-09
14	PRICKLE2	0.355513722	0.293	0.249	0.002078029	1.0
14	DYRK1A	0.355395262	0.672	0.774	0.000216525	1.0
14	RUFY2	0.354681253	0.666	0.763	7e-05	1.0
14	KPNB1	0.35377205	0.717	0.799	7.34e-05	1.0
14	HNRNPM	0.34888908	0.672	0.765	0.000115915	1.0
14	SLC38A1	0.346706756	0.605	0.503	6.08e-07	0.015912703
14	GPC5	0.34544486	0.478	0.309	3.41e-10	8.93e-06
14	GIGYF2	0.344811682	0.589	0.71	0.003916927	1.0
14	MPP6	0.333886739	0.478	0.499	0.00689456	1.0
14	LRRTM3	0.330708745	0.268	0.219	0.002412104	1.0
14	GPATCH8	0.329890033	0.793	0.882	0.000950884	1.0
14	MAP4K4	0.3292475	0.646	0.713	0.001616891	1.0
14	SOD2	0.328931464	0.545	0.637	0.005153303	1.0
14	ENY2	0.326238981	0.697	0.739	6.9e-05	1.0
14	GRM3	0.325149811	0.293	0.182	3.22e-08	0.000842565
14	MARCH6	0.324786001	0.65	0.742	0.000126607	1.0
14	HEPACAM2	0.322950656	0.28	0.2	2.71e-05	0.710451929
14	PROX1-AS1	0.320559804	0.283	0.22	0.000341458	1.0
14	ENSA	0.318419826	0.643	0.744	0.000130847	1.0
14	ELMO1	0.317099318	0.398	0.318	4.12e-05	1.0
14	SMAD9	0.316481946	0.252	0.213	0.007652825	1.0
14	ATP5L	0.31641476	0.777	0.824	2.03e-05	0.531446342
14	SNRPG	0.316165306	0.675	0.754	0.000725148	1.0
14	MYT1L	0.314323693	0.51	0.334	1.88e-10	4.91e-06
14	SLIRP	0.313997083	0.64	0.707	8.26e-05	1.0
14	CALM1	0.313241617	0.79	0.814	2.03e-08	0.000531595
14	GNAO1	0.313166846	0.258	0.204	0.001126164	1.0
14	FCHSD2	0.310912564	0.624	0.655	0.001280195	1.0
14	FOXA2	0.309552753	0.36	0.28	0.00030266	1.0
14	DST	0.304699369	0.723	0.707	3.88e-06	0.101461611
14	UBE2D2	0.30314886	0.646	0.764	0.002556715	1.0
14	WAC	0.30215476	0.72	0.829	0.000889429	1.0
14	CRIM1	0.297988544	0.548	0.569	0.001148727	1.0
14	G3BP2	0.297183485	0.599	0.706	0.007915441	1.0
14	UNC79	0.292985756	0.43	0.345	2.87e-05	0.751317776
14	ETV1	0.291602783	0.357	0.298	0.000940722	1.0
14	TSC22D1	0.290529748	0.653	0.751	0.003246018	1.0
14	HMGB1	0.289181215	0.911	0.862	1.58e-15	4.13e-11
14	EZR	0.288523589	0.691	0.794	0.003236415	1.0
14	AMD1	0.2863373	0.631	0.664	0.001577886	1.0
14	TCF4	0.28467089	0.347	0.265	7.44e-05	1.0
14	CHN2	0.284091296	0.573	0.421	1.28e-08	0.000334243
14	SRSF2	0.282699823	0.669	0.777	0.003465571	1.0
14	JUNB	0.279717082	0.72	0.681	3.89e-06	0.1017379
14	KLF6	0.278075275	0.675	0.693	0.000487947	1.0
14	CSNK1A1	0.277150891	0.669	0.761	0.001316654	1.0
14	YWHAZ	0.270721797	0.882	0.923	5.78e-05	1.0
14	P4HA1	0.265626198	0.694	0.789	0.002395219	1.0
14	HNRNPC	0.260124007	0.869	0.923	0.000140781	1.0
14	REEP3	0.259077271	0.771	0.856	6.76e-05	1.0
14	ZEB1	0.25627183	0.494	0.378	1.69e-06	0.044216721
14	HNRNPA3	0.251420051	0.682	0.782	0.005813226	1.0
15	MSMB	4.912676325	0.973	0.319	4.04e-197	1.06e-192
15	NPY	4.251175153	0.941	0.193	8.769999999999999e-279	2.3e-274
15	VIM	4.106287101	0.965	0.468	2.01e-153	5.2599999999999995e-149
15	MROH2A	3.805520191	0.976	0.438	5.88e-168	1.54e-163
15	KLK3	3.311085884	0.894	0.121	0.0	0.0
15	KLK2	3.263431425	0.863	0.065	0.0	0.0
15	ISG15	3.158229359	0.827	0.196	6.59e-203	1.73e-198
15	KRT16	2.66325416	0.384	0.03	2.71e-238	7.089999999999999e-234
15	PRDX6	2.621737445	0.953	0.559	2.01e-141	5.26e-137
15	DBI	2.498948979	0.969	0.633	1.74e-142	4.55e-138
15	PTGR1	2.370942994	0.898	0.476	6.57e-121	1.72e-116
15	ARG2	2.365062341	0.941	0.507	2.57e-122	6.74e-118
15	AL365226.2	2.252311897	0.588	0.093	4.43e-178	1.16e-173
15	NDRG1	2.117582906	0.839	0.422	4.74e-93	1.24e-88
15	IFI6	2.106572852	0.737	0.435	6.13e-64	1.61e-59
15	NKX3-1	2.087999048	0.91	0.396	2.2800000000000002e-123	5.979999999999999e-119
15	CENPX	2.05738281	0.941	0.599	3.68e-129	9.63e-125
15	DCXR	2.022213417	0.875	0.463	2.18e-115	5.7e-111
15	KLK4	2.021829407	0.788	0.146	5.51e-233	1.4399999999999997e-228
15	RPL13	2.016696603	1.0	0.885	2.31e-146	6.0399999999999996e-142
15	TRGC1	2.005090655	0.922	0.403	3.85e-124	1.0099999999999999e-119
15	RPL26	2.004040909	0.992	0.848	1.04e-136	2.73e-132
15	AL589182.1	2.000549503	0.859	0.313	5.3100000000000004e-129	1.3900000000000002e-124
15	RPS18	1.97767802	1.0	0.963	5.899999999999999e-147	1.54e-142
15	RPL19	1.976325576	0.996	0.917	1.75e-150	4.59e-146
15	RPL3	1.916890853	0.996	0.87	6.01e-142	1.5699999999999998e-137
15	PSME2	1.864072902	0.855	0.496	2.98e-101	7.81e-97
15	PRDX1	1.857048104	0.973	0.755	9.87e-122	2.5800000000000003e-117
15	RPLP0	1.84885482	1.0	0.886	1.14e-141	2.98e-137
15	RPL13A	1.847950335	1.0	0.926	9.359999999999999e-147	2.4499999999999998e-142
15	PPDPF	1.831118522	0.937	0.674	1.19e-113	3.11e-109
15	PRDX2	1.818147957	0.969	0.758	1.02e-119	2.68e-115
15	GPX4	1.817925288	0.937	0.671	5.9e-113	1.54e-108
15	H2AFJ	1.813661576	0.886	0.45	5.82e-106	1.52e-101
15	TMEM141	1.801355156	0.808	0.348	1.07e-111	2.8e-107
15	PART1	1.786600873	0.702	0.219	1.69e-115	4.42e-111
15	SORD	1.77799863	0.773	0.36	2.9299999999999997e-91	7.67e-87
15	TRGC2	1.748705802	0.851	0.357	1.5299999999999998e-104	4e-100
15	RPS2	1.747340908	1.0	0.947	2.73e-139	7.14e-135
15	EEF1D	1.744841457	0.965	0.736	4.92e-122	1.2900000000000001e-117
15	RPS6	1.7394129	1.0	0.917	2.36e-134	6.18e-130
15	RPS15	1.725321905	1.0	0.928	3.08e-145	8.069999999999999e-141
15	CHCHD1	1.698935751	0.965	0.667	5.79e-125	1.52e-120
15	RPL32	1.66749729	1.0	0.927	7.23e-130	1.8900000000000002e-125
15	RPL28	1.661869369	0.996	0.946	4.89e-138	1.28e-133
15	RPL29	1.64354163	0.996	0.891	1.1800000000000001e-124	3.09e-120
15	TPT1	1.640843566	0.992	0.895	1.36e-122	3.55e-118
15	DNPH1	1.638117293	0.796	0.44	3.4700000000000003e-88	9.09e-84
15	RPL18A	1.637184627	0.996	0.893	1.31e-120	3.42e-116
15	RPL15	1.63647813	1.0	0.904	1.14e-136	2.9900000000000005e-132
15	EDF1	1.632799581	0.937	0.722	7.32e-107	1.92e-102
15	STARD3NL	1.632017855	0.816	0.472	7.9e-84	2.07e-79
15	RPL8	1.629213579	1.0	0.935	1.17e-137	3.07e-133
15	NACA	1.621478444	0.988	0.882	2.54e-123	6.64e-119
15	HSPE1	1.619778447	0.949	0.753	1.9700000000000002e-100	5.17e-96
15	RPL12	1.606417663	0.996	0.922	2e-117	5.23e-113
15	RPL35	1.606268272	1.0	0.915	1.5400000000000001e-133	4.0300000000000004e-129
15	RPS24	1.59899948	1.0	0.982	1.53e-147	4.0000000000000003e-143
15	RPL7A	1.597303356	1.0	0.919	2.7000000000000003e-133	7.060000000000001e-129
15	RPS14	1.58815618	1.0	0.934	8.510000000000001e-133	2.23e-128
15	RPS3A	1.579946607	1.0	0.932	4.8200000000000005e-129	1.26e-124
15	SPON2	1.579185744	0.776	0.353	5.000000000000001e-72	1.31e-67
15	IDH1	1.575220922	0.71	0.329	9.44e-76	2.47e-71
15	APRT	1.562314256	0.804	0.399	1.46e-97	3.83e-93
15	RPS27A	1.56216669	1.0	0.929	1.63e-134	4.26e-130
15	RPL41	1.557478951	1.0	0.98	6.46e-141	1.6899999999999999e-136
15	RPS10	1.554435669	0.906	0.608	2.29e-93	5.999999999999999e-89
15	AP2S1	1.547823008	0.835	0.543	2.6300000000000002e-86	6.879999999999999e-82
15	LRRC75A-AS1	1.536350609	0.918	0.716	5.06e-84	1.3200000000000001e-79
15	RPL11	1.535347104	0.996	0.928	6.12e-130	1.6000000000000002e-125
15	CLIC1	1.535162425	0.827	0.555	7.04e-75	1.8400000000000002e-70
15	RACK1	1.530643067	1.0	0.883	8.44e-121	2.21e-116
15	GAPDH	1.529521202	0.973	0.816	6.15e-92	1.61e-87
15	RPS9	1.527506679	0.98	0.867	6.98e-115	1.8300000000000002e-110
15	MPC2	1.523945056	0.843	0.59	7.19e-77	1.88e-72
15	MYL12B	1.52169039	0.976	0.758	4.55e-105	1.19e-100
15	SRP14	1.51936833	0.969	0.769	2.37e-107	6.2e-103
15	MRPL41	1.518235075	0.851	0.541	1.53e-87	4.01e-83
15	RPS12	1.511322219	0.992	0.914	1.72e-109	4.5000000000000005e-105
15	RPL27A	1.507259686	0.957	0.773	1.6199999999999998e-101	4.24e-97
15	RPL22	1.499098367	0.992	0.897	1.74e-125	4.55e-121
15	RPS23	1.498675708	0.988	0.895	1.26e-113	3.2900000000000004e-109
15	PARK7	1.493599328	0.961	0.758	2.3800000000000002e-105	6.24e-101
15	IFT57	1.482786949	0.757	0.489	2.98e-57	7.81e-53
15	RPL23A	1.479292555	1.0	0.937	1.21e-127	3.1800000000000005e-123
15	RPS19	1.47669832	0.996	0.946	1.11e-120	2.92e-116
15	RPL10A	1.476064811	1.0	0.885	8.720000000000001e-117	2.28e-112
15	PMEPA1	1.475058573	0.863	0.489	9.37e-76	2.45e-71
15	PDLIM5	1.470805268	0.957	0.768	1.75e-71	4.59e-67
15	EEF2	1.467633009	0.965	0.767	2.8100000000000002e-99	7.36e-95
15	NME4	1.465301524	0.804	0.47	1.62e-79	4.25e-75
15	RPL27	1.457531314	0.996	0.895	1.57e-120	4.1100000000000003e-116
15	SOCS2-AS1	1.445363018	0.608	0.21	5.6300000000000006e-77	1.47e-72
15	MYL6	1.443531174	1.0	0.924	7.26e-114	1.9e-109
15	ALDOA	1.442658492	0.906	0.701	2.1499999999999998e-67	5.62e-63
15	PSME1	1.435945201	0.894	0.587	8.88e-86	2.32e-81
15	ATP5H	1.434181746	0.922	0.702	7.84e-93	2.05e-88
15	RPL14	1.432745262	0.992	0.874	4.64e-113	1.21e-108
15	ATP6V1G1	1.428340068	0.957	0.784	7.38e-96	1.93e-91
15	ECHS1	1.426609903	0.737	0.342	4.2500000000000004e-86	1.11e-81
15	RPSA	1.424353784	0.988	0.866	2.8299999999999996e-104	7.42e-100
15	SRSF9	1.423696491	0.949	0.728	1.46e-102	3.83e-98
15	RPL31	1.421893117	0.961	0.83	2.63e-92	6.87e-88
15	FAU	1.420512289	0.98	0.844	1.1500000000000001e-117	3.02e-113
15	SMS	1.41580156	0.91	0.686	1.31e-80	3.44e-76
15	BLVRB	1.405818932	0.765	0.351	2.9400000000000002e-86	7.7e-82
15	EIF3I	1.397025279	0.796	0.48	1.7e-73	4.45e-69
15	RPL10	1.393895351	0.992	0.94	2.03e-109	5.32e-105
15	HSP90AB1	1.389566898	0.992	0.917	3.43e-101	8.99e-97
15	GNG5	1.387713057	0.867	0.627	1.46e-71	3.82e-67
15	RPL6	1.386951392	1.0	0.924	4.05e-112	1.06e-107
15	HEBP2	1.384315598	0.867	0.577	6.17e-83	1.62e-78
15	RPL30	1.382318181	1.0	0.951	7.98e-125	2.09e-120
15	PSMD8	1.381633384	0.859	0.627	5.9599999999999995e-74	1.5599999999999998e-69
15	S100A11	1.379309451	0.871	0.586	1e-65	2.6199999999999997e-61
15	HOXB13	1.373114984	0.831	0.477	7.04e-72	1.84e-67
15	UQCRH	1.373002778	0.945	0.823	9.65e-91	2.53e-86
15	RPL7	1.372922844	1.0	0.904	2.08e-108	5.45e-104
15	CIB1	1.372692143	0.725	0.339	1.7200000000000002e-73	4.4899999999999997e-69
15	RPS5	1.369307126	0.984	0.873	5.96e-101	1.56e-96
15	SOCS2	1.367513196	0.671	0.227	1.7699999999999998e-94	4.64e-90
15	HSBP1	1.365073487	0.816	0.552	3.6799999999999997e-68	9.64e-64
15	EEF1A2	1.363788047	0.725	0.377	1.1900000000000001e-70	3.1200000000000004e-66
15	GMPR	1.363094144	0.71	0.313	6.3499999999999995e-74	1.6599999999999999e-69
15	LDHB	1.361278414	0.839	0.564	3.2599999999999997e-74	8.54e-70
15	GTF3C6	1.357699261	0.824	0.516	2.5100000000000002e-79	6.57e-75
15	SERF2	1.356908497	0.988	0.891	1.07e-108	2.81e-104
15	PPIA	1.356169673	0.984	0.868	7.969999999999999e-104	2.09e-99
15	NPM1	1.356114272	0.976	0.84	8.82e-96	2.31e-91
15	RPL4	1.354132722	0.949	0.775	5.0499999999999996e-82	1.3200000000000001e-77
15	RPS8	1.353159282	1.0	0.919	5.54e-118	1.45e-113
15	RPS11	1.35201337	0.988	0.907	3.33e-106	8.71e-102
15	C1orf122	1.350331825	0.769	0.449	1.38e-71	3.62e-67
15	RPS7	1.341661025	0.996	0.922	5.1699999999999996e-111	1.3499999999999999e-106
15	SPDEF	1.340772611	0.624	0.234	9.12e-77	2.3900000000000004e-72
15	RPS4X	1.334076209	1.0	0.908	3.45e-98	9.04e-94
15	ARPC3	1.333819899	0.871	0.645	1.54e-74	4.02e-70
15	SOD1	1.333515895	0.961	0.818	1.4e-89	3.67e-85
15	TSTD1	1.331335258	0.82	0.566	7.18e-65	1.88e-60
15	NDUFC1	1.330224318	0.875	0.654	1.15e-75	3e-71
15	RPL9	1.329896473	0.996	0.915	1.58e-108	4.1399999999999994e-104
15	ENO1	1.327303141	0.886	0.701	6.67e-62	1.7400000000000002e-57
15	ATP5D	1.323434714	0.898	0.634	1.93e-83	5.0400000000000003e-79
15	MZT2B	1.321621889	0.957	0.759	2.87e-90	7.51e-86
15	ATP5G3	1.319174016	0.937	0.704	1.4199999999999998e-82	3.72e-78
15	PCBD1	1.317664064	0.859	0.687	7.009999999999999e-67	1.84e-62
15	NDUFS6	1.315057647	0.91	0.684	6.25e-80	1.64e-75
15	MYL12A	1.314646412	0.886	0.636	3.56e-69	9.31e-65
15	PHGDH	1.312481637	0.773	0.438	2.55e-68	6.67e-64
15	C19orf48	1.30946928	0.663	0.37	1.36e-53	3.55e-49
15	RPL35A	1.307980749	0.992	0.917	3.67e-108	9.599999999999999e-104
15	COPE	1.30786033	0.796	0.508	2.78e-70	7.270000000000001e-66
15	MINOS1	1.30481784	0.8	0.538	8.35e-62	2.1900000000000002e-57
15	NUPR1	1.303366164	0.78	0.411	1.08e-63	2.82e-59
15	PRDX5	1.302915192	0.855	0.633	2.5e-65	6.53e-61
15	REXO2	1.300717215	0.804	0.443	9.07e-73	2.37e-68
15	CSTB	1.294863293	0.875	0.648	5.43e-72	1.4199999999999999e-67
15	C8orf82	1.287341936	0.647	0.344	2.2199999999999998e-54	5.8e-50
15	RPL24	1.287016823	0.996	0.91	7.64e-109	2e-104
15	OAZ1	1.286669537	0.961	0.779	1.11e-87	2.9e-83
15	GADD45GIP1	1.281860268	0.831	0.546	6.950000000000001e-73	1.82e-68
15	FTH1	1.275647768	1.0	0.96	2.6999999999999997e-106	7.06e-102
15	KRT18	1.272995637	0.949	0.726	7.15e-72	1.87e-67
15	NDUFS5	1.272484311	0.937	0.748	3e-79	7.86e-75
15	ATP5J2	1.269043103	0.875	0.629	1.23e-70	3.2100000000000004e-66
15	GAMT	1.268917273	0.686	0.363	1.26e-60	3.3100000000000004e-56
15	RPS3	1.268626007	0.988	0.912	5.22e-97	1.37e-92
15	PEBP1	1.26633168	0.953	0.767	1.11e-83	2.9e-79
15	EEF1A1	1.256300402	1.0	0.976	2.46e-111	6.44e-107
15	GP2	1.254821662	0.435	0.107	1.34e-75	3.5e-71
15	UBB	1.253327281	0.992	0.84	2.97e-92	7.760000000000001e-88
15	RPS25	1.251811638	0.973	0.908	2.4e-99	6.28e-95
15	RPL36	1.251328055	1.0	0.924	1.6400000000000002e-110	4.2999999999999997e-106
15	DDAH2	1.251211441	0.69	0.35	9.490000000000001e-64	2.48e-59
15	MARCKSL1	1.246193114	0.98	0.824	1.4400000000000001e-80	3.78e-76
15	MIF	1.240914245	0.733	0.422	3.63e-61	9.510000000000001e-57
15	TPI1	1.236084295	0.843	0.616	1.55e-60	4.0600000000000002e-56
15	GGCT	1.235631924	0.725	0.465	8.929999999999999e-54	2.34e-49
15	MESP1	1.234569916	0.639	0.388	1.16e-40	3.05e-36
15	PHB	1.233270253	0.812	0.554	6.92e-67	1.8099999999999999e-62
15	NDUFB4	1.233100945	0.925	0.715	7.050000000000001e-73	1.8499999999999998e-68
15	NDUFA11	1.231889067	0.808	0.547	2.37e-59	6.19e-55
15	PFDN5	1.228920044	0.965	0.81	1.0600000000000001e-85	2.77e-81
15	MAP2K2	1.224503095	0.796	0.471	5.24e-74	1.3699999999999998e-69
15	AGTRAP	1.224285791	0.569	0.229	7.159999999999999e-61	1.8800000000000001e-56
15	FKBP3	1.221913775	0.808	0.618	8.150000000000001e-56	2.13e-51
15	FTL	1.221061201	0.98	0.845	1.87e-63	4.900000000000001e-59
15	PLA2G2A	1.219007363	0.51	0.343	9.2e-12	2.41e-07
15	ANAPC11	1.211449261	0.902	0.742	1.5399999999999999e-69	4.04e-65
15	SELENOH	1.211420008	0.757	0.471	1.01e-62	2.6400000000000002e-58
15	RHOC	1.208198705	0.671	0.368	4.77e-53	1.25e-48
15	SCAND1	1.205809656	0.745	0.482	1.89e-53	4.94e-49
15	VDAC1	1.203254444	0.851	0.649	8.270000000000001e-63	2.1600000000000003e-58
15	TIMM13	1.200935381	0.831	0.559	5.0600000000000005e-70	1.32e-65
15	RPL36AL	1.197033439	0.902	0.714	6.47e-72	1.6899999999999997e-67
15	AP1S1	1.195378833	0.639	0.336	2.7699999999999998e-55	7.24e-51
15	RPS15A	1.194646111	1.0	0.92	8.589999999999999e-91	2.2500000000000002e-86
15	EEF1B2	1.191448291	0.91	0.768	8.61e-67	2.25e-62
15	LINC00844	1.191333722	0.392	0.016	0.0	0.0
15	UBA52	1.190906249	0.992	0.88	4.12e-100	1.08e-95
15	ADI1	1.188490268	0.765	0.569	2.51e-50	6.57e-46
15	UQCRB	1.187512444	0.953	0.823	5.32e-80	1.39e-75
15	RBP7	1.186911077	0.49	0.175	5.4e-57	1.41e-52
15	RPS16	1.185853234	0.996	0.908	1.83e-99	4.7799999999999996e-95
15	BRI3	1.185825143	0.808	0.672	2.34e-47	6.13e-43
15	PGLS	1.185585969	0.78	0.512	2.5000000000000002e-58	6.539999999999999e-54
15	NDUFB10	1.181595348	0.89	0.674	6.3499999999999995e-74	1.6599999999999999e-69
15	PRDX3	1.181015458	0.722	0.424	7.370000000000001e-59	1.9299999999999997e-54
15	TSPO	1.177431737	0.671	0.362	1.7499999999999998e-55	4.59e-51
15	OST4	1.176274508	0.902	0.712	5.309999999999999e-69	1.39e-64
15	RPL18	1.17607434	0.996	0.916	9.73e-95	2.55e-90
15	TALDO1	1.174601983	0.675	0.387	2.63e-53	6.89e-49
15	GPX1	1.170858819	0.855	0.657	2.87e-59	7.52e-55
15	PSMC5	1.16753492	0.808	0.563	4.33e-62	1.13e-57
15	KRT19	1.164245353	0.867	0.701	1.48e-39	3.8800000000000004e-35
15	GSDMD	1.163602326	0.655	0.283	2.99e-68	7.81e-64
15	ATPIF1	1.162045361	0.875	0.714	3.27e-61	8.56e-57
15	FKBP1A	1.160986861	0.792	0.539	8.45e-53	2.2099999999999998e-48
15	NDUFA2	1.160857258	0.831	0.631	1.06e-60	2.77e-56
15	SLC25A3	1.159365444	0.89	0.717	1.49e-67	3.89e-63
15	RPL38	1.157649461	0.996	0.926	5.32e-101	1.39e-96
15	AURKAIP1	1.155591501	0.796	0.597	6.07e-53	1.59e-48
15	PI15	1.153061374	0.573	0.184	2.64e-69	6.91e-65
15	ECH1	1.15271035	0.71	0.439	1.66e-52	4.33e-48
15	RPL5	1.152470348	0.988	0.909	1.96e-87	5.12e-83
15	RPS20	1.151618068	0.988	0.919	3.2099999999999996e-94	8.41e-90
15	COX7C	1.150825189	0.973	0.841	6.77e-86	1.7699999999999998e-81
15	SUMO2	1.148526482	0.988	0.88	2.48e-98	6.479999999999999e-94
15	COX6B1	1.145400016	0.933	0.762	3.92e-72	1.03e-67
15	SRP9	1.143387444	0.89	0.724	1.1899999999999999e-61	3.12e-57
15	TMEM54	1.137789222	0.667	0.328	3.19e-59	8.34e-55
15	SNRPB	1.13631398	0.91	0.737	1.87e-66	4.8999999999999995e-62
15	MAF	1.134447533	0.608	0.378	1.5800000000000002e-31	4.14e-27
15	GSTT2B	1.133199751	0.58	0.288	1.5399999999999998e-48	4.03e-44
15	BARX1	1.129924293	0.569	0.259	3.2299999999999998e-52	8.459999999999999e-48
15	RPS4Y1	1.129340386	0.922	0.807	1.85e-66	4.84e-62
15	CAMK2N1	1.122336778	0.761	0.475	2.46e-52	6.43e-48
15	BMPR1B-AS1	1.120816551	0.482	0.125	3.6599999999999996e-82	9.59e-78
15	MRPL12	1.11936154	0.62	0.332	3.2499999999999996e-48	8.51e-44
15	RPL36A	1.118770501	0.706	0.516	3.97e-40	1.04e-35
15	NDUFB2	1.117064201	0.878	0.705	7.61e-65	1.99e-60
15	H1FX	1.116952599	0.8	0.654	6.42e-39	1.68e-34
15	TPM1	1.116656587	0.796	0.613	1.1199999999999999e-40	2.93e-36
15	ZNF761	1.11637911	0.667	0.397	1.03e-39	2.69e-35
15	DYNLT1	1.11623675	0.871	0.697	2.87e-59	7.51e-55
15	UBE2L6	1.115824738	0.584	0.224	5.489999999999999e-68	1.44e-63
15	MRFAP1	1.115017213	0.812	0.622	2.1699999999999997e-52	5.67e-48
15	BNIP3	1.112983425	0.671	0.442	4.140000000000001e-37	1.08e-32
15	CHCHD2	1.112556452	0.969	0.825	7.03e-75	1.8400000000000002e-70
15	TRMT112	1.112405642	0.906	0.708	6.13e-62	1.6e-57
15	SEC61B	1.112184369	0.894	0.714	5.98e-65	1.57e-60
15	HNRNPF	1.109858625	0.886	0.715	2.0599999999999998e-55	5.39e-51
15	HES4	1.109767501	0.588	0.26	1.77e-52	4.6299999999999994e-48
15	SLC25A39	1.10931618	0.722	0.469	2.73e-49	7.14e-45
15	SKP1	1.108194206	0.953	0.834	1.87e-74	4.8900000000000006e-70
15	ZG16B	1.108035872	0.639	0.293	2.2e-56	5.76e-52
15	UQCRQ	1.107855005	0.945	0.799	6.2799999999999995e-68	1.64e-63
15	PDAP1	1.106745608	0.808	0.576	1.2899999999999999e-61	3.39e-57
15	RPS27	1.105858683	1.0	0.957	4.51e-91	1.1800000000000001e-86
15	POLR2K	1.105679649	0.824	0.63	1.52e-52	3.9699999999999994e-48
15	RPS17	1.104868439	0.984	0.867	5.93e-71	1.5500000000000001e-66
15	DSTN	1.102252947	0.973	0.827	2.1e-71	5.51e-67
15	PPP1CB	1.100017311	0.886	0.745	2.51e-56	6.58e-52
15	RPL37	1.099363344	0.996	0.951	1.65e-91	4.31e-87
15	LSM4	1.098911829	0.722	0.545	1.9e-37	4.98e-33
15	UQCC2	1.097714955	0.78	0.557	7.88e-54	2.06e-49
15	NDUFA4	1.093539235	0.941	0.829	3.54e-68	9.26e-64
15	EIF5A	1.093330585	0.678	0.41	1.9499999999999998e-48	5.1e-44
15	VAMP8	1.092740303	0.663	0.36	9.06e-50	2.37e-45
15	VPS28	1.090331623	0.82	0.582	9.33e-55	2.44e-50
15	DDT	1.087407024	0.682	0.423	6.42e-46	1.68e-41
15	NDUFB7	1.086945948	0.82	0.635	7.86e-55	2.06e-50
15	FIS1	1.086409948	0.725	0.474	1.5399999999999998e-48	4.04e-44
15	ANXA5	1.086071415	0.729	0.533	2.32e-39	6.080000000000001e-35
15	COA3	1.083257025	0.718	0.51	5.729999999999999e-42	1.5e-37
15	UBL5	1.082751119	0.953	0.806	9.439999999999999e-67	2.47e-62
15	RPS27L	1.081732936	0.773	0.597	1.0699999999999999e-46	2.81e-42
15	ERH	1.081257828	0.878	0.722	6.65e-55	1.74e-50
15	RPL37A	1.080866426	1.0	0.954	4.0199999999999996e-94	1.0499999999999999e-89
15	ATP5G2	1.079376028	0.925	0.807	8.01e-62	2.1e-57
15	ATP5G1	1.079259842	0.882	0.697	2.85e-58	7.469999999999999e-54
15	GTF2H5	1.078781071	0.698	0.449	1.38e-47	3.62e-43
15	TMSB15A	1.077659075	0.608	0.428	4.0400000000000005e-27	1.06e-22
15	TUBA1B	1.07637003	0.769	0.695	8.18e-18	2.14e-13
15	SSU72	1.074870506	0.714	0.554	2.05e-39	5.35e-35
15	STEAP1	1.074078468	0.635	0.321	3.89e-42	1.02e-37
15	SELENOW	1.071907904	0.835	0.69	1.53e-46	3.99e-42
15	RAB25	1.071467127	0.62	0.299	1.27e-53	3.3200000000000002e-49
15	NAPRT	1.071291002	0.498	0.206	3.1000000000000003e-47	8.12e-43
15	CCT7	1.069911382	0.741	0.521	7.51e-47	1.9699999999999998e-42
15	PSMA5	1.068750029	0.765	0.496	5.38e-54	1.41e-49
15	NDUFB3	1.068094679	0.722	0.555	9.25e-37	2.42e-32
15	C4orf3	1.066923069	0.718	0.526	2.34e-39	6.12e-35
15	SMCO4	1.065818801	0.639	0.33	2.09e-51	5.47e-47
15	POLR2L	1.064365157	0.745	0.581	5.68e-40	1.49e-35
15	NEDD8	1.063825457	0.851	0.654	4.15e-58	1.09e-53
15	PGK1	1.063608866	0.769	0.647	6.2000000000000004e-27	1.62e-22
15	RAN	1.063473653	0.922	0.73	9.530000000000001e-57	2.4999999999999996e-52
15	RPLP1	1.063374146	1.0	0.984	3.0699999999999995e-104	8.040000000000001e-100
15	COPRS	1.06210881	0.753	0.488	1.74e-52	4.5599999999999997e-48
15	ATP5E	1.061892584	0.984	0.882	4.16e-80	1.09e-75
15	PSMA4	1.061521518	0.835	0.636	2.3099999999999997e-52	6.04e-48
15	GNAS	1.061102054	0.988	0.915	2.73e-83	7.140000000000001e-79
15	GRHPR	1.060422343	0.635	0.348	8.99e-50	2.35e-45
15	METRN	1.06024656	0.635	0.289	1.94e-58	5.0799999999999994e-54
15	HMGN1	1.058660234	0.816	0.665	5.56e-44	1.45e-39
15	PRELID1	1.057181231	0.765	0.562	1.4599999999999999e-46	3.81e-42
15	PSMB3	1.056471515	0.886	0.724	2.72e-54	7.13e-50
15	PFDN6	1.055956135	0.549	0.207	3.79e-63	9.92e-59
15	TBCA	1.055755425	0.922	0.822	1.35e-66	3.53e-62
15	DYNLRB1	1.054401081	0.843	0.704	2.6900000000000003e-47	7.04e-43
15	DCTPP1	1.053523662	0.6	0.329	4.16e-44	1.09e-39
15	ATP5J	1.052355701	0.918	0.753	3.43e-63	8.970000000000001e-59
15	ETFB	1.04917591	0.718	0.524	4.46e-40	1.17e-35
15	LAGE3	1.047156679	0.686	0.462	2.4899999999999998e-39	6.51e-35
15	RDH11	1.045999214	0.745	0.544	4.13e-30	1.08e-25
15	MZT2A	1.044003973	0.827	0.633	3.99e-49	1.04e-44
15	H3F3A	1.043427452	1.0	0.944	6.66e-92	1.74e-87
15	UQCR10	1.041733901	0.859	0.704	7.37e-50	1.93e-45
15	LAMTOR2	1.041252015	0.71	0.461	1.51e-46	3.95e-42
15	PHPT1	1.040584796	0.796	0.59	5.17e-48	1.3500000000000002e-43
15	CHMP2A	1.040082211	0.737	0.505	3.91e-47	1.02e-42
15	EID1	1.037998053	0.945	0.768	5.6300000000000005e-65	1.47e-60
15	FLJ20021	1.037880997	0.584	0.3	8.45e-39	2.2099999999999997e-34
15	HINT1	1.037329363	0.992	0.876	1.63e-81	4.26e-77
15	METTL26	1.036991303	0.647	0.422	3.44e-39	9e-35
15	BAD	1.03647581	0.643	0.403	3.7499999999999995e-40	9.82e-36
15	ZNF428	1.036327769	0.69	0.416	2e-50	5.25e-46
15	RPS29	1.034683849	0.984	0.92	1.08e-75	2.84e-71
15	HNRNPA1	1.032518953	0.933	0.807	1.3e-66	3.39e-62
15	MGST3	1.028498683	0.8	0.677	9.2e-40	2.4100000000000004e-35
15	CLTA	1.028229549	0.871	0.696	3.07e-59	8.04e-55
15	TRAPPC6A	1.027765659	0.604	0.327	1.89e-45	4.95e-41
15	SCP2	1.026236838	0.792	0.625	4.54e-48	1.1900000000000002e-43
15	CCDC74A	1.025320294	0.58	0.367	1.3099999999999999e-30	3.42e-26
15	ADH5	1.024166502	0.616	0.375	5.42e-39	1.42e-34
15	COX8A	1.01486622	0.898	0.706	7.23e-52	1.89e-47
15	HLA-DPB1	1.01407345	0.51	0.205	5.05e-51	1.32e-46
15	B2M	1.013771289	0.867	0.811	2.66e-22	6.97e-18
15	DUT	1.012821151	0.773	0.631	1.96e-24	5.12e-20
15	EMC6	1.010164434	0.549	0.213	6.82e-61	1.7800000000000002e-56
15	CREB3L4	1.00960775	0.553	0.25	7.42e-48	1.9400000000000003e-43
15	NDUFS8	1.009318771	0.765	0.582	7.029999999999999e-42	1.84e-37
15	SUMO1	1.007949339	0.843	0.672	6.69e-51	1.7499999999999999e-46
15	PFN1	1.006605133	0.914	0.768	1.08e-50	2.83e-46
15	RPL34	1.006404355	0.988	0.936	2.5e-76	6.55e-72
15	C19orf53	1.003030056	0.792	0.599	2.66e-47	6.970000000000001e-43
15	CBR1	0.999115868	0.635	0.434	9.76e-33	2.5599999999999998e-28
15	TUBB4B	0.998801065	0.831	0.707	5.82e-24	1.52e-19
15	LDHA	0.997764706	0.667	0.498	1.11e-25	2.9000000000000004e-21
15	ASB3	0.996390713	0.471	0.192	2.4699999999999997e-40	6.46e-36
15	TIMM8B	0.99607592	0.757	0.57	1.42e-41	3.73e-37
15	CHMP5	0.993664249	0.729	0.526	4.3799999999999995e-40	1.1500000000000001e-35
15	DPP7	0.993094678	0.58	0.345	7.930000000000001e-35	2.08e-30
15	PSMB6	0.990913041	0.792	0.613	1.6e-44	4.18e-40
15	MRPS7	0.990655135	0.69	0.487	8.83e-40	2.3100000000000001e-35
15	SCOC	0.989433595	0.663	0.466	2.57e-36	6.74e-32
15	RPL21	0.988267018	0.988	0.895	2.7600000000000003e-66	7.22e-62
15	ZCRB1	0.988156371	0.698	0.518	5.290000000000001e-37	1.38e-32
15	ARL6IP4	0.987706186	0.596	0.306	1.6999999999999998e-48	4.46e-44
15	HSPD1	0.985971177	0.867	0.752	9.33e-44	2.44e-39
15	TUBB	0.985733378	0.831	0.731	1.6700000000000001e-22	4.36e-18
15	CCT3	0.984973993	0.851	0.698	2.8400000000000003e-43	7.45e-39
15	LINC01090	0.984308873	0.431	0.146	5.5e-47	1.44e-42
15	APOD	0.983986191	0.349	0.064	3.94e-83	1.03e-78
15	CAPNS1	0.983849165	0.682	0.474	1.12e-37	2.94e-33
15	ATP5C1	0.983342608	0.792	0.639	1.72e-38	4.4999999999999996e-34
15	NME3	0.980831667	0.706	0.485	7.28e-38	1.9e-33
15	GLO1	0.98075575	0.882	0.732	2.01e-45	5.26e-41
15	CYC1	0.978675103	0.702	0.504	3.47e-38	9.08e-34
15	PYCR1	0.978392497	0.522	0.192	8.86e-60	2.32e-55
15	ELOB	0.978042067	0.965	0.799	1.4099999999999999e-61	3.7e-57
15	RAMP1	0.976710536	0.663	0.409	2.9e-33	7.600000000000001e-29
15	PTMS	0.976479368	0.855	0.704	2.92e-44	7.64e-40
15	BRK1	0.975726604	0.863	0.682	1.69e-54	4.41e-50
15	HNRNPK	0.975202078	0.922	0.82	5.67e-54	1.48e-49
15	RPS13	0.975064187	0.961	0.855	1.02e-56	2.6699999999999997e-52
15	SLC45A3	0.974880799	0.349	0.068	2.75e-78	7.199999999999999e-74
15	RPLP2	0.973755213	0.973	0.87	1.98e-65	5.1799999999999995e-61
15	PNKD	0.973169961	0.702	0.545	2.0300000000000002e-32	5.32e-28
15	RPS26	0.971548646	0.984	0.902	1.19e-75	3.1e-71
15	SUB1	0.971149497	0.894	0.775	3.9299999999999995e-52	1.0300000000000001e-47
15	HDAC1	0.970781089	0.745	0.506	9.67e-45	2.53e-40
15	MRPS16	0.968725223	0.875	0.692	3.77e-57	9.86e-53
15	SNHG8	0.965994873	0.635	0.438	1.0100000000000001e-29	2.65e-25
15	RAB5C	0.965749402	0.682	0.464	3.44e-38	8.999999999999999e-34
15	ROMO1	0.965431562	0.847	0.705	7.789999999999999e-46	2.04e-41
15	AP2M1	0.964945682	0.671	0.483	6.97e-35	1.82e-30
15	CYB5A	0.961103164	0.635	0.441	6.020000000000001e-32	1.5800000000000002e-27
15	SNRPD3	0.960711326	0.745	0.607	2.14e-35	5.61e-31
15	SF3B5	0.960073959	0.729	0.521	2.11e-40	5.53e-36
15	SF3B6	0.959835899	0.851	0.702	1.7399999999999998e-46	4.559999999999999e-42
15	SLC25A6	0.956828005	0.812	0.591	4.8699999999999995e-42	1.2700000000000001e-37
15	SDHD	0.955841479	0.561	0.304	1.02e-38	2.66e-34
15	CD24	0.955650834	0.855	0.738	1.57e-35	4.1000000000000005e-31
15	IMPA2	0.955378887	0.463	0.179	1.62e-45	4.24e-41
15	LAMTOR1	0.95077	0.69	0.522	1.1900000000000002e-31	3.11e-27
15	CMPK1	0.950459103	0.729	0.564	2.2499999999999998e-34	5.8899999999999995e-30
15	C19orf70	0.950112403	0.643	0.436	8.5e-35	2.23e-30
15	PSMB4	0.948017246	0.682	0.493	2.35e-35	6.14e-31
15	DHRS7	0.946432591	0.765	0.639	1.4e-26	3.67e-22
15	TXNDC17	0.946391978	0.627	0.416	5.34e-35	1.4e-30
15	PLA2G7	0.946387749	0.631	0.329	1.94e-39	5.090000000000001e-35
15	COA4	0.94625863	0.639	0.454	1.94e-31	5.08e-27
15	MRPL14	0.945304405	0.702	0.465	9.36e-42	2.45e-37
15	COX17	0.945133066	0.722	0.57	2.78e-32	7.28e-28
15	WDR34	0.942999415	0.549	0.408	9.170000000000001e-21	2.4e-16
15	TCEAL4	0.942990579	0.745	0.597	7.63e-33	2e-28
15	PARP1	0.940900241	0.729	0.58	6.96e-32	1.82e-27
15	SERP1	0.936502909	0.835	0.677	1.4699999999999998e-48	3.86e-44
15	STOML2	0.935776935	0.663	0.484	1.67e-32	4.36e-28
15	MDH1	0.935325582	0.694	0.547	1.8600000000000002e-31	4.880000000000001e-27
15	COX7B	0.935014283	0.851	0.708	1.6899999999999999e-41	4.430000000000001e-37
15	NUCKS1	0.93395472	0.945	0.868	6.65e-44	1.74e-39
15	ALDH9A1	0.933573955	0.604	0.365	4.7900000000000004e-37	1.25e-32
15	CISD3	0.932980059	0.627	0.347	3.1e-44	8.11e-40
15	TRAPPC4	0.932386741	0.557	0.377	1.11e-27	2.8899999999999995e-23
15	IFI35	0.931930021	0.459	0.2	4.27e-38	1.12e-33
15	CRABP2	0.931388759	0.471	0.233	5.64e-32	1.48e-27
15	FBXO2	0.931175766	0.4	0.126	2.88e-50	7.529999999999999e-46
15	PCNA	0.93050549	0.553	0.519	6.18e-08	0.001618596
15	C14orf2	0.930498004	0.831	0.711	1.6399999999999999e-40	4.29e-36
15	TMED2	0.930301141	0.682	0.556	1.1400000000000001e-29	2.99e-25
15	COX5A	0.929048252	0.769	0.63	1.94e-36	5.08e-32
15	NEFH	0.928900071	0.439	0.365	5.72e-08	0.001498347
15	SSB	0.928720654	0.776	0.657	1.8500000000000002e-35	4.850000000000001e-31
15	SH3BGRL3	0.927128787	0.667	0.449	1.14e-34	2.99e-30
15	H1F0	0.925758916	0.659	0.514	3.84e-23	1.01e-18
15	TCEA1	0.925392591	0.855	0.784	7.480000000000001e-35	1.9599999999999997e-30
15	SOD3	0.922749721	0.388	0.128	6.36e-45	1.6599999999999999e-40
15	NDUFA13	0.922418356	0.624	0.422	1.73e-30	4.5200000000000004e-26
15	MRPL36	0.920572968	0.576	0.341	8.570000000000001e-35	2.24e-30
15	RNF7	0.920385256	0.694	0.508	5.15e-34	1.35e-29
15	GAS5	0.920379072	0.749	0.665	3.0099999999999995e-23	7.87e-19
15	ERLEC1	0.920328861	0.584	0.477	5.86e-19	1.53e-14
15	ANXA11	0.920147086	0.722	0.467	3.54e-38	9.26e-34
15	CKB	0.919679001	0.737	0.596	8.43e-15	2.21e-10
15	TMA7	0.919484871	0.941	0.843	5.46e-53	1.43e-48
15	COX7A2L	0.919264389	0.788	0.64	5.299999999999999e-40	1.39e-35
15	DEK	0.918660433	0.922	0.817	1.72e-39	4.5100000000000003e-35
15	STUB1	0.918481493	0.616	0.452	5.14e-27	1.34e-22
15	MRPL20	0.912590909	0.827	0.697	2.63e-37	6.89e-33
15	NCOA4	0.911536547	0.608	0.415	9.3e-28	2.4299999999999998e-23
15	HNRNPA0	0.911168715	0.718	0.531	1.45e-33	3.8000000000000003e-29
15	HNRNPA2B1	0.910722831	0.973	0.907	5.89e-47	1.54e-42
15	TMEM219	0.910453243	0.69	0.474	2.52e-36	6.6e-32
15	SLC25A5	0.9083814	0.855	0.69	4.16e-41	1.0900000000000001e-36
15	PSMB1	0.907074958	0.89	0.757	3.39e-46	8.87e-42
15	PTMA	0.906635119	1.0	0.976	8.809999999999999e-60	2.2999999999999998e-55
15	SNX3	0.90465124	0.776	0.601	3.56e-39	9.31e-35
15	TSTA3	0.904445341	0.541	0.299	7.45e-35	1.9499999999999998e-30
15	TMEM256	0.904165979	0.51	0.279	4.4100000000000004e-32	1.16e-27
15	COMTD1	0.903818798	0.541	0.33	1.6600000000000003e-27	4.3399999999999996e-23
15	COPZ1	0.902780678	0.58	0.389	1.76e-28	4.61e-24
15	LAMTOR5	0.901610908	0.773	0.643	5.89e-37	1.5400000000000002e-32
15	C19orf60	0.901206986	0.588	0.373	1.9100000000000002e-32	5.01e-28
15	MRPL13	0.900613813	0.631	0.493	1.57e-24	4.1e-20
15	TSC22D3	0.900432463	0.451	0.212	6.13e-33	1.61e-28
15	ALKBH7	0.900106392	0.62	0.4	4.89e-34	1.28e-29
15	NDUFB1	0.900024391	0.816	0.688	1.13e-35	2.95e-31
15	GCSH	0.89963683	0.553	0.266	4.48e-45	1.17e-40
15	RAB1B	0.897130681	0.545	0.305	1.3599999999999999e-34	3.5499999999999996e-30
15	LAMTOR4	0.894723574	0.718	0.556	4.11e-34	1.0800000000000001e-29
15	YWHAB	0.893515374	0.875	0.747	3.62e-45	9.47e-41
15	SNF8	0.892668009	0.718	0.567	2.71e-33	7.1e-29
15	YWHAQ	0.891924918	0.949	0.839	1.9199999999999999e-53	5.0200000000000004e-49
15	PPCS	0.88906987	0.576	0.358	9.770000000000001e-31	2.5600000000000002e-26
15	NDUFAF3	0.888832866	0.545	0.344	1.01e-28	2.65e-24
15	PDCD6	0.888140936	0.749	0.581	8.82e-38	2.3100000000000002e-33
15	EIF3G	0.887675045	0.663	0.455	7.92e-35	2.07e-30
15	PYCARD	0.887255726	0.498	0.198	6.4e-48	1.6800000000000002e-43
15	SMARCA1	0.886168387	0.667	0.429	2.9100000000000003e-27	7.61e-23
15	NUMA1	0.885380064	0.69	0.567	1.47e-23	3.84e-19
15	MRPL34	0.884572997	0.604	0.427	3.64e-28	9.52e-24
15	SERPINB6	0.883897786	0.718	0.519	1.1500000000000001e-33	3e-29
15	SLC3A1	0.883882267	0.455	0.265	1.24e-18	3.23e-14
15	FASN	0.883788695	0.482	0.244	1.0100000000000001e-31	2.6300000000000002e-27
15	NDUFA12	0.883602487	0.757	0.592	6.400000000000001e-35	1.67e-30
15	WDR83OS	0.883125618	0.761	0.655	7.46e-31	1.9500000000000002e-26
15	CALM3	0.883058855	0.663	0.5	1.82e-25	4.76e-21
15	TRIR	0.88301376	0.784	0.628	2.1e-35	5.51e-31
15	UQCRFS1	0.882743635	0.69	0.512	1.39e-32	3.63e-28
15	MRPL27	0.882643073	0.596	0.459	2.5599999999999997e-24	6.71e-20
15	NME1	0.881464075	0.808	0.608	1.54e-35	4.040000000000001e-31
15	NPDC1	0.88111522	0.584	0.435	4.5799999999999995e-24	1.2e-19
15	NHP2	0.879613379	0.698	0.511	1.04e-34	2.7099999999999998e-30
15	S100A10	0.879522131	0.839	0.574	1.6e-38	4.2e-34
15	PSMB8	0.879239393	0.482	0.205	2.6499999999999997e-42	6.94e-38
15	GLRX5	0.879079207	0.714	0.536	1.5200000000000002e-35	3.980000000000001e-31
15	C14orf166	0.878905842	0.788	0.63	3.48e-39	9.110000000000001e-35
15	CFL1	0.877045034	0.945	0.82	2.86e-51	7.49e-47
15	COX6C	0.87576835	0.929	0.844	1.83e-51	4.79e-47
15	ACP1	0.875217343	0.651	0.508	2.39e-27	6.25e-23
15	RAC3	0.874776566	0.447	0.171	1.0600000000000001e-44	2.77e-40
15	SPCS1	0.871762724	0.8	0.718	1.01e-32	2.63e-28
15	TMEM14B	0.869450277	0.58	0.417	8.1e-26	2.1200000000000003e-21
15	SEM1	0.867524866	0.89	0.788	4.3099999999999997e-42	1.13e-37
15	ARL1	0.866581285	0.584	0.387	1.22e-28	3.1899999999999998e-24
15	H2AFZ	0.866016498	0.769	0.72	2.03e-08	0.000532175
15	LSM3	0.865387926	0.698	0.559	1.4999999999999997e-23	3.92e-19
15	NUDC	0.865165827	0.769	0.628	3.6e-33	9.41e-29
15	GLRX2	0.864324585	0.388	0.181	4.25e-27	1.11e-22
15	VDAC2	0.863634344	0.914	0.785	4.0399999999999996e-42	1.06e-37
15	DNAJC19	0.863443734	0.698	0.493	4.56e-36	1.1900000000000002e-31
15	ATP5L	0.86129691	0.949	0.823	1.71e-53	4.46e-49
15	DPY30	0.859476883	0.733	0.6	1.5999999999999998e-30	4.19e-26
15	CALR	0.858558599	0.71	0.719	1.72e-12	4.5e-08
15	CDC42	0.858260378	0.906	0.822	1.48e-36	3.87e-32
15	NOP53	0.856772265	0.557	0.398	9.549999999999999e-23	2.5e-18
15	SERBP1	0.856504585	0.894	0.77	3.9400000000000004e-43	1.0299999999999999e-38
15	SSR4	0.856381031	0.776	0.654	1.5600000000000002e-27	4.0799999999999996e-23
15	MKKS	0.855550055	0.541	0.373	1.75e-23	4.57e-19
15	UBE2M	0.854832308	0.733	0.511	5.170000000000001e-37	1.3500000000000002e-32
15	TMEM238	0.854440949	0.576	0.375	1.04e-28	2.72e-24
15	RPS28	0.851664047	0.996	0.958	1.04e-67	2.73e-63
15	DAD1	0.851575862	0.753	0.663	1.15e-26	3.01e-22
15	PUF60	0.851471682	0.651	0.502	2.77e-26	7.25e-22
15	PSMB5	0.849471929	0.757	0.632	3.04e-30	7.95e-26
15	MRPS26	0.849239494	0.671	0.495	1.29e-29	3.37e-25
15	MDH2	0.848573605	0.69	0.581	2.91e-24	7.62e-20
15	CHCHD10	0.848256655	0.545	0.337	3.18e-29	8.33e-25
15	NOL7	0.847676425	0.71	0.564	8.400000000000001e-32	2.2000000000000002e-27
15	MRPS34	0.847560522	0.631	0.418	6.3e-33	1.6499999999999999e-28
15	UBC	0.847044089	0.945	0.851	3.3000000000000004e-31	8.650000000000001e-27
15	MRPL51	0.846331276	0.635	0.502	3.35e-23	8.76e-19
15	POLR2E	0.845511155	0.604	0.379	1.72e-33	4.51e-29
15	HDLBP	0.844165246	0.82	0.693	2.4900000000000002e-29	6.52e-25
15	NR2F6	0.843127044	0.502	0.266	8.66e-33	2.27e-28
15	C12orf57	0.84249119	0.627	0.515	5.65e-21	1.48e-16
15	FKBP8	0.842421464	0.553	0.381	6.3299999999999995e-25	1.66e-20
15	NCL	0.84234145	0.871	0.796	1.57e-28	4.11e-24
15	PSMC4	0.842090278	0.627	0.469	4.38e-26	1.1500000000000002e-21
15	UBE2V2	0.842044114	0.733	0.6	1.4700000000000002e-31	3.8500000000000006e-27
15	PHYH	0.841432242	0.541	0.276	1.29e-35	3.3600000000000003e-31
15	HGD	0.841199333	0.714	0.424	5e-32	1.3100000000000002e-27
15	TFPT	0.841166331	0.475	0.23	6.72e-34	1.7600000000000001e-29
15	MAZ	0.839923138	0.631	0.474	2.03e-25	5.3200000000000004e-21
15	RPL23	0.836659511	0.992	0.921	1.28e-46	3.35e-42
15	SNU13	0.836358871	0.694	0.558	5.41e-29	1.42e-24
15	NOP10	0.83579415	0.616	0.488	1.9300000000000003e-21	5.06e-17
15	BASP1	0.835350547	0.878	0.755	1.02e-32	2.67e-28
15	C1QBP	0.834106853	0.549	0.409	1.82e-20	4.76e-16
15	PSMA7	0.833786613	0.961	0.806	1.43e-45	3.74e-41
15	SNRPD2	0.832415666	0.922	0.786	3.2e-45	8.37e-41
15	ARHGDIA	0.832169726	0.596	0.445	5.77e-23	1.51e-18
15	SNRPD1	0.831781613	0.745	0.625	1.45e-25	3.78e-21
15	DECR1	0.82875262	0.643	0.483	7.33e-23	1.92e-18
15	COX4I1	0.827801237	0.796	0.689	4.2300000000000004e-32	1.11e-27
15	MRPL28	0.826117216	0.502	0.269	2.23e-31	5.830000000000001e-27
15	PPP1CA	0.825766274	0.627	0.49	9.349999999999999e-23	2.45e-18
15	PPA1	0.82404073	0.91	0.827	7.85e-36	2.06e-31
15	PSMA2	0.822149218	0.545	0.367	1.7599999999999998e-24	4.61e-20
15	PIH1D1	0.821434903	0.584	0.376	1.1000000000000001e-29	2.89e-25
15	SDHC	0.81744546	0.639	0.51	2.2799999999999998e-24	5.96e-20
15	EIF3K	0.814714995	0.824	0.653	8.26e-36	2.1600000000000003e-31
15	POLR2I	0.813056287	0.678	0.56	1.2999999999999998e-23	3.41e-19
15	NDUFA5	0.812589918	0.745	0.628	6.91e-30	1.81e-25
15	SIVA1	0.81177367	0.714	0.612	4.91e-23	1.29e-18
15	SLC35F1	0.811729493	0.702	0.591	1.58e-26	4.14e-22
15	PDE9A	0.808543275	0.529	0.328	5.669999999999999e-23	1.48e-18
15	NDUFB11	0.808041204	0.835	0.713	2.81e-35	7.350000000000001e-31
15	CD9	0.807148131	0.718	0.627	1.49e-20	3.89e-16
15	TCTEX1D2	0.806259499	0.533	0.368	6.16e-21	1.61e-16
15	CTSZ	0.805073025	0.475	0.314	1.86e-19	4.87e-15
15	PMF1	0.804850636	0.51	0.318	1.3399999999999999e-24	3.51e-20
15	COPS6	0.804836141	0.592	0.494	6.89e-18	1.8e-13
15	GABARAPL2	0.804591642	0.667	0.509	5.520000000000001e-27	1.45e-22
15	FAM213A	0.804554792	0.855	0.777	3.75e-35	9.81e-31
15	MRPS33	0.804200411	0.584	0.416	4.1e-24	1.07e-19
15	MRPS15	0.803954518	0.537	0.368	3.38e-23	8.85e-19
15	C15orf48	0.803783474	0.412	0.335	1.67e-05	0.438025283
15	SNRPF	0.802295098	0.816	0.667	5.610000000000001e-32	1.4700000000000002e-27
15	PDCL3	0.801399358	0.522	0.344	2.4599999999999996e-23	6.44e-19
15	LRRC59	0.801046621	0.478	0.319	1.68e-19	4.39e-15
15	ATP5B	0.800950338	0.812	0.669	9.289999999999999e-30	2.43e-25
15	MIEN1	0.798624431	0.576	0.46	1.67e-18	4.38e-14
15	HIGD2A	0.798289402	0.624	0.491	2.3099999999999999e-23	6.04e-19
15	PRMT1	0.798250379	0.675	0.512	1.72e-25	4.4900000000000005e-21
15	C7orf73	0.796900755	0.737	0.623	1.7300000000000003e-27	4.52e-23
15	NDUFV3	0.794787865	0.639	0.559	1.48e-19	3.87e-15
15	ECI1	0.794067872	0.529	0.438	6.3e-15	1.65e-10
15	ISCA2	0.793374963	0.478	0.273	1.37e-25	3.59e-21
15	FAM50A	0.792917487	0.498	0.329	3.4200000000000005e-21	8.94e-17
15	RCAN3	0.790218074	0.776	0.596	2.47e-22	6.46e-18
15	UBXN1	0.789705857	0.62	0.461	1.32e-24	3.45e-20
15	PKM	0.788946935	0.808	0.726	8.650000000000001e-21	2.27e-16
15	TKT	0.78836416	0.482	0.251	7.48e-31	1.9600000000000002e-26
15	ATP5F1	0.786936182	0.714	0.54	2.9700000000000003e-31	7.78e-27
15	EIF2S2	0.78661176	0.725	0.66	1.13e-21	2.96e-17
15	SNRPG	0.783391524	0.886	0.753	9.760000000000001e-37	2.55e-32
15	PTRHD1	0.782970762	0.565	0.412	1.32e-21	3.46e-17
15	ATP5I	0.782900135	0.894	0.787	1.15e-37	3e-33
15	SUPT4H1	0.781704967	0.565	0.463	2.87e-17	7.51e-13
15	DNAJC8	0.78160937	0.706	0.625	2.1099999999999998e-23	5.52e-19
15	JTB	0.781197047	0.655	0.535	1.42e-24	3.71e-20
15	CMBL	0.781187699	0.525	0.347	4.91e-22	1.29e-17
15	ATP6V1F	0.781178374	0.761	0.565	1.47e-34	3.84e-30
15	FAAP20	0.780466513	0.584	0.41	2.1e-24	5.5e-20
15	MAF1	0.780048445	0.537	0.408	2.91e-18	7.63e-14
15	NANS	0.778718691	0.502	0.33	4.4300000000000005e-21	1.16e-16
15	LSM7	0.778700293	0.784	0.648	1.2100000000000001e-29	3.1699999999999997e-25
15	MRPL33	0.778627091	0.718	0.626	3.77e-24	9.86e-20
15	MEA1	0.778133403	0.541	0.39	3.39e-20	8.88e-16
15	CCNI	0.777642241	0.933	0.85	3.32e-36	8.680000000000001e-32
15	CNBP	0.776262372	0.745	0.624	1.39e-28	3.64e-24
15	FIBP	0.776048007	0.557	0.399	4.21e-22	1.1e-17
15	ACAT2	0.775809906	0.502	0.33	1.82e-21	4.77e-17
15	MT1E	0.775167871	0.541	0.543	0.000395749	1.0
15	BAX	0.774870089	0.412	0.209	3.2e-25	8.38e-21
15	CCT5	0.77431773	0.71	0.58	6.01e-26	1.57e-21
15	PLIN3	0.773548938	0.463	0.249	1.11e-26	2.9e-22
15	KDELR2	0.771929091	0.631	0.492	3.99e-22	1.04e-17
15	C8orf59	0.770719668	0.761	0.635	1.59e-30	4.1500000000000003e-26
15	NUDCD2	0.769346932	0.604	0.438	9.85e-25	2.58e-20
15	EIF4A2	0.769121438	0.886	0.779	9.16e-39	2.4e-34
15	COX14	0.768715849	0.537	0.427	5.01e-16	1.31e-11
15	RPL39	0.768058743	0.996	0.947	1.6699999999999998e-54	4.36e-50
15	AKT1	0.767675869	0.482	0.302	1.9e-22	4.98e-18
15	SEC61G	0.766951911	0.816	0.692	1.02e-28	2.6699999999999998e-24
15	AP1M2	0.766503527	0.486	0.239	9.09e-34	2.3800000000000002e-29
15	ACTG1	0.766479877	1.0	0.973	9.62e-50	2.52e-45
15	MRPS12	0.766372991	0.455	0.268	1.1399999999999999e-23	2.99e-19
15	NDUFA1	0.76504722	0.8	0.682	7.010000000000001e-32	1.8400000000000002e-27
15	UQCC3	0.764497758	0.49	0.346	1.81e-18	4.74e-14
15	PSMB7	0.763345628	0.741	0.61	1.72e-27	4.5e-23
15	DMKN	0.762425981	0.506	0.348	3.87e-17	1.01e-12
15	ATP6V0E2	0.762339175	0.443	0.301	1.29e-16	3.36e-12
15	SNRPC	0.758381502	0.604	0.47	2.89e-19	7.58e-15
15	ABHD17A	0.75836584	0.471	0.258	3.1000000000000002e-27	8.119999999999999e-23
15	TOMM7	0.75654417	0.906	0.808	4.71e-34	1.2300000000000001e-29
15	CSNK2B	0.756253518	0.655	0.517	2.2e-22	5.75e-18
15	PXMP2	0.755904062	0.459	0.271	7.669999999999999e-23	2.01e-18
15	PM20D2	0.755104595	0.494	0.373	6.49e-15	1.7e-10
15	SET	0.754304383	0.949	0.84	1.46e-38	3.8199999999999997e-34
15	NDUFS7	0.752921538	0.533	0.415	1.78e-16	4.65e-12
15	HMG20B	0.752762783	0.498	0.288	6.01e-26	1.57e-21
15	MRPL52	0.752322121	0.663	0.531	4e-22	1.05e-17
15	EIF4A3	0.750272514	0.729	0.642	1.49e-21	3.89e-17
15	DMAC1	0.749465505	0.58	0.451	1.27e-19	3.33e-15
15	AHCY	0.748616454	0.486	0.305	1.0600000000000001e-21	2.78e-17
15	ATP5O	0.748344388	0.749	0.595	1.3199999999999999e-28	3.46e-24
15	NDUFC2	0.748150358	0.773	0.637	3.4099999999999995e-24	8.92e-20
15	GALK1	0.747917815	0.431	0.196	4.12e-32	1.0800000000000001e-27
15	PAXX	0.747570047	0.588	0.429	4.94e-22	1.29e-17
15	CUTA	0.747474653	0.702	0.635	3e-17	7.84e-13
15	PLPP5	0.746646626	0.635	0.501	7.12e-19	1.86e-14
15	SLC9A3R2	0.746624959	0.396	0.15	1.5800000000000002e-37	4.13e-33
15	HINT2	0.746314562	0.631	0.504	4.1999999999999996e-23	1.1e-18
15	POLD2	0.74486078	0.518	0.355	7.3e-21	1.91e-16
15	RANBP1	0.744794028	0.6	0.52	5.98e-13	1.56e-08
15	POLR2H	0.744635681	0.627	0.501	6.840000000000001e-21	1.79e-16
15	TSEN34	0.742514948	0.576	0.425	1.29e-21	3.39e-17
15	LRRC75A	0.74068167	0.412	0.252	1.2e-15	3.14e-11
15	PSMD4	0.740470921	0.62	0.442	5.52e-26	1.4400000000000001e-21
15	TSPYL1	0.739842856	0.49	0.332	1.84e-18	4.81e-14
15	TM7SF2	0.738430811	0.482	0.329	1.17e-17	3.07e-13
15	NDUFA10	0.737925004	0.635	0.544	2.68e-20	7.02e-16
15	ANAPC16	0.733225941	0.918	0.839	5.1e-38	1.33e-33
15	TUFM	0.731699895	0.569	0.453	1.18e-17	3.09e-13
15	BTF3	0.730953926	0.929	0.818	5.58e-43	1.46e-38
15	IAH1	0.730793277	0.596	0.442	1.4999999999999997e-23	3.93e-19
15	SYTL1	0.730131172	0.439	0.24	1.43e-23	3.75e-19
15	PABPC1	0.730105433	0.957	0.872	1.04e-28	2.71e-24
15	AAMP	0.729170744	0.494	0.315	2.2800000000000002e-21	5.96e-17
15	POLR2G	0.728666551	0.573	0.442	9.91e-19	2.59e-14
15	GPAA1	0.728598881	0.494	0.38	5.42e-14	1.42e-09
15	CWC15	0.728485923	0.557	0.473	1.62e-13	4.23e-09
15	ISYNA1	0.728479054	0.404	0.219	8.73e-22	2.28e-17
15	SRI	0.72838604	0.663	0.527	1.6e-21	4.19e-17
15	MAGED2	0.726932139	0.616	0.531	2.22e-15	5.8e-11
15	NAA10	0.726836841	0.518	0.374	1.03e-17	2.7e-13
15	TMEM251	0.726582467	0.431	0.228	4.94e-25	1.29e-20
15	H3F3B	0.725223761	0.992	0.933	8.760000000000001e-37	2.2900000000000002e-32
15	ST13	0.724992504	0.725	0.612	3.6899999999999995e-24	9.65e-20
15	EIF3E	0.724001266	0.808	0.744	2.2e-26	5.76e-22
15	YBX1	0.723737156	0.945	0.827	7.71e-36	2.0200000000000003e-31
15	CROT	0.723426644	0.455	0.236	6.87e-26	1.8000000000000003e-21
15	SUMO3	0.722553836	0.569	0.435	7.85e-20	2.06e-15
15	RAB4A	0.72167154	0.608	0.503	8.78e-19	2.3e-14
15	IMPDH2	0.721070983	0.49	0.397	2.56e-12	6.7e-08
15	ANXA7	0.720765924	0.894	0.801	3.18e-29	8.32e-25
15	SNRPN	0.720684861	0.565	0.416	4.02e-19	1.05e-14
15	IDH2	0.72053741	0.733	0.589	4.32e-25	1.13e-20
15	PSMD7	0.719261422	0.514	0.419	5.35e-13	1.4e-08
15	SMIM26	0.717820335	0.6	0.527	1.88e-14	4.91e-10
15	NDUFB6	0.71698633	0.671	0.576	4.6100000000000006e-21	1.21e-16
15	ARF1	0.716201101	0.757	0.667	5.44e-24	1.42e-19
15	MSRB2	0.716162286	0.529	0.392	3.54e-17	9.27e-13
15	NINJ1	0.716060615	0.369	0.136	8.34e-36	2.18e-31
15	COA6	0.714749551	0.471	0.264	1.59e-25	4.16e-21
15	UFC1	0.71445783	0.608	0.456	8.5e-23	2.22e-18
15	LAP3	0.712732814	0.471	0.277	6.37e-23	1.67e-18
15	CLPP	0.712679124	0.502	0.345	1.09e-18	2.85e-14
15	STARD10	0.712281399	0.427	0.221	1.39e-25	3.63e-21
15	NDUFAB1	0.711980089	0.741	0.624	3.81e-22	9.97e-18
15	RHOA	0.710811694	0.831	0.762	1.09e-27	2.84e-23
15	ARL2	0.710149052	0.427	0.273	3.79e-17	9.92e-13
15	LGALS1	0.709962372	0.584	0.411	1.23e-15	3.21e-11
15	EIF4EBP1	0.70980351	0.498	0.362	5.81e-15	1.52e-10
15	NDUFAF8	0.708037549	0.706	0.587	9.459999999999999e-23	2.48e-18
15	TCEA3	0.707979744	0.576	0.407	8.46e-20	2.21e-15
15	TNNT1	0.707828625	0.525	0.413	1.57e-14	4.11e-10
15	PSMD2	0.707486019	0.58	0.493	1.57e-14	4.1e-10
15	ARPC1A	0.706982059	0.569	0.419	8.92e-22	2.34e-17
15	PMVK	0.706659036	0.525	0.362	3.89e-20	1.02e-15
15	SSBP1	0.706395178	0.71	0.631	6.92e-21	1.81e-16
15	TSPAN1	0.705998798	0.42	0.241	1.79e-17	4.68e-13
15	ALYREF	0.705480554	0.525	0.449	3.86e-12	1.01e-07
15	HOMER2	0.70441054	0.608	0.498	8.32e-17	2.18e-12
15	ZNHIT1	0.703949413	0.639	0.515	6.190000000000001e-22	1.62e-17
15	RER1	0.702500001	0.553	0.472	7.23e-15	1.89e-10
15	SLC25A11	0.702411414	0.416	0.253	7.28e-18	1.91e-13
15	TUBG1	0.702263504	0.463	0.343	2.61e-13	6.84e-09
15	SMIM15	0.701880618	0.569	0.407	3.850000000000001e-21	1.01e-16
15	NT5C	0.701751677	0.459	0.313	2.88e-17	7.53e-13
15	VPS29	0.701482361	0.647	0.541	5.56e-19	1.45e-14
15	CCT8	0.701231452	0.647	0.569	1.2e-16	3.14e-12
15	RFXANK	0.700910631	0.404	0.217	3.0500000000000003e-22	7.98e-18
15	FAM136A	0.698734947	0.545	0.465	1.67e-12	4.37e-08
15	ARF6	0.698725049	0.553	0.444	2.54e-15	6.64e-11
15	WDR13	0.698577527	0.424	0.293	1.17e-13	3.07e-09
15	EIF6	0.698169616	0.51	0.375	2.82e-17	7.39e-13
15	TMEM147	0.697549482	0.573	0.452	7.69e-18	2.01e-13
15	EIF1	0.696784275	0.996	0.921	6.459999999999999e-45	1.69e-40
15	CIRBP	0.695730661	0.871	0.788	2.4299999999999998e-23	6.37e-19
15	ATOX1	0.69572303	0.627	0.544	1.31e-17	3.43e-13
15	NDUFA3	0.695074703	0.667	0.54	2.6600000000000002e-21	6.96e-17
15	SSR3	0.694814568	0.573	0.49	9.3e-15	2.43e-10
15	MCRIP1	0.694660681	0.471	0.362	1.36e-12	3.55e-08
15	HSP90AA1	0.694397196	0.992	0.962	5.02e-31	1.32e-26
15	BCAM	0.694359487	0.42	0.231	3.8700000000000004e-21	1.01e-16
15	MAP1LC3A	0.694245819	0.451	0.316	3.34e-15	8.74e-11
15	LINC01297.1	0.690538925	0.431	0.19	1.59e-30	4.1500000000000003e-26
15	RNASEH2C	0.690048746	0.549	0.392	5.62e-20	1.47e-15
15	RNF187	0.689280882	0.431	0.276	1.14e-16	2.98e-12
15	C17orf58	0.688955866	0.384	0.226	5.48e-17	1.44e-12
15	SNRPE	0.688397985	0.827	0.686	3.23e-29	8.46e-25
15	APEX1	0.687043616	0.667	0.561	7.27e-20	1.9e-15
15	SPCS2	0.686847764	0.765	0.736	2.83e-18	7.41e-14
15	PSMD3	0.685296701	0.647	0.523	6.11e-20	1.6e-15
15	NENF	0.6846538	0.675	0.601	4.94e-19	1.29e-14
15	GSTM3	0.684133155	0.604	0.462	2.78e-20	7.28e-16
15	TMEM205	0.682814049	0.506	0.393	2.06e-13	5.39e-09
15	LSM2	0.681476511	0.561	0.464	1.08e-14	2.82e-10
15	GLMP	0.681403068	0.306	0.142	4.39e-19	1.15e-14
15	MRPS36	0.681335524	0.545	0.434	5.42e-15	1.42e-10
15	ACOT13	0.679907548	0.475	0.366	2.29e-12	5.99e-08
15	JOSD2	0.679793633	0.353	0.188	3.42e-18	8.94e-14
15	SNHG6	0.678971648	0.867	0.834	3.29e-24	8.61e-20
15	TPM3	0.677434257	0.773	0.71	8.9e-18	2.33e-13
15	IQGAP2	0.677101961	0.416	0.29	3.67e-10	9.61e-06
15	GPS1	0.676440892	0.463	0.292	2.83e-19	7.39e-15
15	ABHD11	0.674690553	0.373	0.201	6.55e-19	1.72e-14
15	CYCS	0.673868564	0.757	0.64	5.38e-22	1.41e-17
15	ATP5A1	0.673655766	0.561	0.462	9.63e-15	2.52e-10
15	BANF1	0.673368481	0.706	0.638	3.3e-17	8.65e-13
15	TPRKB	0.672260296	0.431	0.301	4.62e-14	1.21e-09
15	PTGES3	0.671605172	0.898	0.841	2.0600000000000002e-26	5.4e-22
15	PAICS	0.670011019	0.525	0.428	6.03e-14	1.58e-09
15	RGS10	0.667238472	0.529	0.318	2.94e-23	7.69e-19
15	TMEM79	0.667058787	0.325	0.095	2.6199999999999997e-42	6.849999999999999e-38
15	RHOD	0.666626642	0.329	0.145	2.69e-23	7.04e-19
15	SLC2A4RG	0.666504009	0.459	0.306	5.77e-17	1.51e-12
15	MORN2	0.665855151	0.49	0.344	1.64e-16	4.28e-12
15	ATP6V0E1	0.665772698	0.659	0.631	1.25e-15	3.27e-11
15	FAM210B	0.665651775	0.533	0.457	1.42e-10	3.72e-06
15	HSD17B10	0.665241475	0.522	0.41	8.39e-14	2.2e-09
15	USMG5	0.665135058	0.655	0.606	2.67e-14	6.99e-10
15	HNRNPA3	0.665001855	0.82	0.781	6.28e-19	1.64e-14
15	SAP18	0.664692254	0.682	0.614	2.07e-15	5.43e-11
15	POLR2J	0.6635043	0.631	0.524	8.37e-19	2.19e-14
15	MOB1A	0.663191536	0.604	0.475	1.56e-16	4.08e-12
15	GUK1	0.663178569	0.722	0.598	1.09e-22	2.85e-18
15	GPR160	0.663009441	0.573	0.337	2.27e-25	5.9400000000000005e-21
15	TMEM134	0.661322473	0.541	0.447	4.17e-14	1.09e-09
15	DYNLL1	0.659993295	0.863	0.771	4.8699999999999997e-23	1.28e-18
15	CCDC28B	0.659586371	0.408	0.258	1.94e-15	5.07e-11
15	AMD1	0.658927881	0.718	0.663	1.66e-10	4.35e-06
15	MPG	0.657152537	0.482	0.331	1.37e-17	3.57e-13
15	SNRNP25	0.657117775	0.525	0.378	4.54e-18	1.19e-13
15	MRPL24	0.655394167	0.424	0.268	6.88e-16	1.8e-11
15	KRT10	0.655146837	0.855	0.76	6.94e-27	1.82e-22
15	TXN	0.654786673	0.91	0.804	3.45e-34	9.03e-30
15	NDUFB8	0.654493408	0.51	0.391	1.23e-14	3.21e-10
15	AKR7A2	0.654353763	0.478	0.364	1.22e-13	3.19e-09
15	PPIF	0.654283106	0.498	0.389	2.97e-12	7.78e-08
15	JPT2	0.653213587	0.49	0.371	3.24e-13	8.48e-09
15	PRR13	0.653065349	0.431	0.265	5.5e-18	1.44e-13
15	RAC1	0.651211748	0.863	0.761	3.98e-22	1.04e-17
15	RNF5	0.651019443	0.459	0.348	1.44e-12	3.77e-08
15	AK6	0.650824604	0.506	0.352	8.34e-18	2.18e-13
15	SAT2	0.649991377	0.349	0.195	2.71e-16	7.09e-12
15	DUS1L	0.649029105	0.439	0.327	3.18e-12	8.32e-08
15	EBNA1BP2	0.648516463	0.494	0.383	2.19e-13	5.74e-09
15	PDCD5	0.647469248	0.631	0.551	8.05e-16	2.11e-11
15	CORO1B	0.646208276	0.322	0.161	2.45e-18	6.4e-14
15	TPD52	0.645342144	0.918	0.8	2.06e-23	5.4e-19
15	MRPL42	0.64299695	0.573	0.473	3.51e-15	9.19e-11
15	SHARPIN	0.642981663	0.482	0.392	2.28e-11	5.97e-07
15	VAPA	0.642233663	0.8	0.739	5.4400000000000005e-21	1.42e-16
15	NDUFA6	0.641888045	0.475	0.379	1.87e-11	4.89e-07
15	GNB2	0.641342156	0.706	0.575	8.14e-21	2.13e-16
15	LGALS3	0.640829336	0.494	0.344	2.6e-11	6.81e-07
15	CHPT1	0.640794426	0.545	0.421	1.33e-14	3.48e-10
15	TMEM230	0.640756907	0.588	0.52	2.13e-13	5.58e-09
15	MRPL23	0.640717788	0.431	0.281	2.95e-16	7.73e-12
15	TCEAL9	0.640581821	0.671	0.615	6.14e-12	1.61e-07
15	MRPL55	0.640105962	0.494	0.381	1.63e-14	4.27e-10
15	NIT2	0.639631668	0.455	0.317	5.26e-15	1.38e-10
15	PA2G4	0.638795658	0.647	0.598	9.99e-12	2.62e-07
15	EBP	0.638036199	0.424	0.374	1.08e-06	0.028158479
15	TCP1	0.638000194	0.624	0.552	4.08e-15	1.07e-10
15	RIDA	0.637763049	0.475	0.295	3.73e-20	9.77e-16
15	SMDT1	0.637515004	0.471	0.35	2.93e-14	7.66e-10
15	GNPDA1	0.63735366	0.455	0.34	9.55e-13	2.5e-08
15	ERP29	0.636934726	0.51	0.38	1.13e-14	2.95e-10
15	SFN	0.636235042	0.42	0.259	2.43e-15	6.37e-11
15	SIPA1	0.63584654	0.322	0.123	5.53e-28	1.4499999999999998e-23
15	IRAK1	0.635838423	0.365	0.205	1.35e-16	3.54e-12
15	VPS25	0.635523121	0.502	0.355	1.86e-17	4.86e-13
15	H2AFV	0.63476015	0.694	0.708	4.83e-10	1.26e-05
15	CD63	0.634407274	0.878	0.821	3.82e-19	9.99e-15
15	MTCH1	0.63438822	0.686	0.582	1.37e-19	3.59e-15
15	HADH	0.63415464	0.471	0.361	1.37e-11	3.59e-07
15	COPS9	0.634048078	0.745	0.662	3.2500000000000003e-21	8.5e-17
15	C9orf16	0.634044239	0.569	0.476	1.41e-14	3.69e-10
15	CRYBA2	0.633140355	0.459	0.262	4.77e-17	1.25e-12
15	MCRIP2	0.632698918	0.337	0.167	2.33e-19	6.09e-15
15	PHB2	0.630897258	0.451	0.347	9.11e-12	2.38e-07
15	UQCR11	0.630426311	0.839	0.733	2.47e-24	6.46e-20
15	NAA20	0.630077537	0.604	0.481	1.02e-18	2.67e-14
15	COMMD4	0.629735821	0.396	0.291	1.94e-10	5.08e-06
15	NAXE	0.62825337	0.502	0.39	1.79e-13	4.7e-09
15	BOLA3	0.626772857	0.537	0.468	3.01e-10	7.88e-06
15	SYNGR2	0.626226025	0.455	0.374	8.52e-10	2.23e-05
15	SSNA1	0.626168026	0.471	0.374	6.07e-12	1.59e-07
15	ARF5	0.625675334	0.49	0.336	2.15e-17	5.63e-13
15	MRPL40	0.625634254	0.416	0.294	9.14e-13	2.39e-08
15	ZNHIT3	0.624420516	0.6	0.478	5.4e-18	1.41e-13
15	PSMC1	0.624307894	0.569	0.481	1.94e-14	5.07e-10
15	RWDD1	0.624271216	0.631	0.599	5.25e-12	1.37e-07
15	SLC9A3R1	0.623536344	0.467	0.368	4.07e-11	1.06e-06
15	ATRAID	0.622928392	0.569	0.435	4.47e-17	1.17e-12
15	SUCLG1	0.621980533	0.518	0.409	3.72e-14	9.75e-10
15	TMEM98	0.620741434	0.522	0.466	6.7e-10	1.75e-05
15	MRPL57	0.618636808	0.643	0.549	1.93e-15	5.05e-11
15	CAVIN1	0.618278797	0.373	0.221	2.85e-14	7.46e-10
15	PCBP1	0.617843677	0.671	0.592	2.52e-14	6.59e-10
15	CHAC2	0.617538847	0.298	0.114	5.17e-25	1.35e-20
15	EPHX2	0.615959215	0.357	0.153	3.1200000000000003e-26	8.17e-22
15	PSMD11	0.615863824	0.694	0.631	1.2e-16	3.14e-12
15	FAM32A	0.615543785	0.396	0.278	2.19e-11	5.74e-07
15	SEC22B	0.615488305	0.435	0.368	1.64e-08	0.00042916
15	CTNNBIP1	0.615445018	0.471	0.349	1.89e-13	4.95e-09
15	NUDT16L1	0.615265791	0.42	0.294	1.17e-12	3.06e-08
15	IDI1	0.613645707	0.49	0.423	1.23e-07	0.00320897
15	PPP1R1B	0.61341766	0.325	0.154	1.14e-19	2.99e-15
15	RAB32	0.612759484	0.478	0.31	1.63e-17	4.28e-13
15	ASNA1	0.612731418	0.396	0.258	3.05e-14	8e-10
15	CDK4	0.612002757	0.565	0.46	1.19e-14	3.1e-10
15	MAGEF1	0.611951364	0.475	0.335	8.57e-16	2.24e-11
15	NAA38	0.61118401	0.647	0.567	3.19e-15	8.34e-11
15	CNDP2	0.61115055	0.298	0.169	1.42e-12	3.71e-08
15	LYPLA2	0.610927805	0.392	0.217	4.58e-19	1.2e-14
15	PAIP2	0.610721476	0.761	0.718	3.15e-14	8.25e-10
15	RPA3	0.609744676	0.584	0.491	4.31e-13	1.13e-08
15	DNAJB2	0.609300594	0.376	0.229	1.21e-14	3.17e-10
15	SPR	0.609261141	0.376	0.173	2.98e-25	7.810000000000001e-21
15	SBDS	0.609013061	0.443	0.388	1.85e-07	0.004854097
15	MAD2L2	0.608813947	0.455	0.318	6.97e-14	1.82e-09
15	COX6A1	0.608727803	0.816	0.79	6.84e-17	1.79e-12
15	MDK	0.608606125	0.812	0.724	1.22e-16	3.2e-12
15	PLP2	0.608061647	0.49	0.471	4.72e-06	0.123613228
15	MRPL16	0.60731714	0.396	0.285	1.02e-10	2.67e-06
15	HAGHL	0.607023575	0.306	0.133	6.840000000000001e-21	1.79e-16
15	MAGOH	0.606294451	0.561	0.474	4.69e-13	1.23e-08
15	MMP24-AS1	0.606173711	0.451	0.345	5.59e-11	1.46e-06
15	MRPL3	0.60524773	0.6	0.512	8.14e-15	2.13e-10
15	QDPR	0.60465547	0.369	0.219	2.41e-15	6.31e-11
15	NIPSNAP2	0.604168812	0.69	0.61	3.12e-14	8.15e-10
15	TMBIM6	0.603932507	0.773	0.786	2.45e-11	6.41e-07
15	ISOC2	0.60380434	0.357	0.219	1.5e-13	3.92e-09
15	MRPL21	0.603562343	0.529	0.427	2.35e-13	6.15e-09
15	FBXW5	0.602857701	0.38	0.213	6.31e-18	1.65e-13
15	SLC39A4	0.602469968	0.337	0.24	1.64e-08	0.000429496
15	PITHD1	0.602313784	0.522	0.409	5.83e-14	1.53e-09
15	SDHAF3	0.600971095	0.482	0.401	4.51e-10	1.18e-05
15	IMP3	0.599825302	0.416	0.343	2.68e-08	0.000702443
15	DCTN3	0.599037888	0.584	0.511	1.78e-11	4.65e-07
15	MGST1	0.597475646	0.643	0.552	3.44e-13	9.01e-09
15	CNP	0.597410834	0.416	0.299	6.01e-12	1.57e-07
15	OCEL1	0.59725253	0.345	0.142	6.640000000000001e-27	1.74e-22
15	MRPL15	0.595758854	0.396	0.339	3.99e-07	0.010433458
15	CD81	0.594983724	0.549	0.501	1.83e-09	4.79e-05
15	AK4	0.594732598	0.439	0.317	2.81e-12	7.36e-08
15	FAM103A1	0.594050863	0.447	0.357	1.31e-10	3.43e-06
15	MRPS23	0.592251461	0.592	0.498	5.03e-14	1.32e-09
15	IFT22	0.591087383	0.459	0.347	5.07e-12	1.33e-07
15	MRPS21	0.590999771	0.635	0.61	9.78e-12	2.56e-07
15	SRP19	0.590910288	0.435	0.351	2.27e-09	5.95e-05
15	SLC39A1	0.590033559	0.384	0.218	1.6e-17	4.18e-13
15	PFN2	0.589929837	0.584	0.474	5.43e-15	1.42e-10
15	RAB13	0.589680582	0.451	0.414	7.88e-06	0.206360235
15	RALBP1	0.589278637	0.514	0.513	9.72e-06	0.254504069
15	TADA3	0.586952521	0.463	0.382	1.62e-09	4.24e-05
15	HIGD1A	0.586947605	0.4	0.284	1.97e-11	5.16e-07
15	FAM89B	0.585360087	0.388	0.27	2.35e-11	6.15e-07
15	MRPL17	0.584959942	0.365	0.217	2.76e-15	7.21e-11
15	PDZD11	0.584509314	0.412	0.306	1.18e-10	3.09e-06
15	F12	0.5831823	0.329	0.173	6.16e-17	1.61e-12
15	MLF2	0.582716927	0.529	0.461	8.24e-10	2.16e-05
15	AKR1A1	0.582641365	0.435	0.354	3.08e-09	8.07e-05
15	C20orf24	0.582551291	0.475	0.324	1.71e-16	4.49e-12
15	MRPL54	0.582075705	0.459	0.344	1.85e-12	4.83e-08
15	PDIA3	0.581234082	0.694	0.715	3.05e-07	0.007974709
15	PRR7	0.581068784	0.353	0.174	9.510000000000002e-21	2.49e-16
15	LSM1	0.58030909	0.576	0.472	1.51e-14	3.95e-10
15	TCEA2	0.580088306	0.447	0.372	7.9e-09	0.000206686
15	LY6E	0.579818329	0.294	0.169	6.32e-12	1.66e-07
15	ADRM1	0.579477484	0.475	0.39	2.1e-10	5.5e-06
15	MX1	0.579376444	0.282	0.148	3.14e-13	8.22e-09
15	RPS21	0.579246808	0.976	0.942	2.6699999999999997e-30	6.98e-26
15	LARP7	0.57858145	0.486	0.464	6.13e-06	0.160401337
15	SSSCA1	0.578004697	0.353	0.189	2.21e-17	5.79e-13
15	ARPC5L	0.577035583	0.533	0.442	1.37e-12	3.59e-08
15	SLC25A4	0.574721378	0.561	0.504	9.36e-11	2.45e-06
15	MCCC2	0.574361266	0.424	0.383	2.69e-05	0.704576679
15	TMEM14C	0.574239415	0.455	0.384	1.9e-08	0.000498277
15	BCAS2	0.574146134	0.541	0.486	7.81e-10	2.04e-05
15	PIN1	0.573714627	0.49	0.424	3.47e-08	0.00090795
15	CCDC167	0.572488996	0.447	0.308	6.34e-14	1.66e-09
15	RNF181	0.571889061	0.447	0.366	1.29e-09	3.37e-05
15	MEX3D	0.571427254	0.353	0.166	5.59e-22	1.46e-17
15	CCDC74B	0.570867059	0.294	0.14	3.26e-17	8.53e-13
15	SLC50A1	0.569779081	0.408	0.274	2.75e-13	7.19e-09
15	COMMD8	0.569506134	0.337	0.185	1.43e-15	3.75e-11
15	MRPL22	0.568796214	0.494	0.4	1.45e-11	3.8e-07
15	GCA	0.568562174	0.4	0.305	2.96e-09	7.75e-05
15	SMIM20	0.567885614	0.416	0.304	9.68e-11	2.53e-06
15	TYSND1	0.56776176	0.357	0.233	3.8e-11	9.94e-07
15	NDUFA8	0.567738982	0.553	0.472	1.09e-11	2.85e-07
15	TMEM106C	0.567551877	0.545	0.527	1.77e-07	0.004644942
15	ENDOG	0.566965394	0.416	0.271	1.82e-13	4.77e-09
15	PYURF	0.566955138	0.569	0.492	6.74e-12	1.76e-07
15	PRPF19	0.566947972	0.337	0.261	7.76e-07	0.020323398
15	CDC37	0.5665721	0.498	0.409	5.53e-11	1.45e-06
15	METTL9	0.565362152	0.627	0.556	8.77e-14	2.3e-09
15	BTBD6	0.565141238	0.392	0.26	2.93e-13	7.68e-09
15	SMIM7	0.56487486	0.51	0.453	1.66e-09	4.35e-05
15	FKBP4	0.564600107	0.365	0.219	2.97e-14	7.78e-10
15	TAX1BP1	0.564555917	0.769	0.734	4.68e-12	1.22e-07
15	CCDC124	0.564421468	0.443	0.331	3.22e-11	8.44e-07
15	CAMLG	0.563517577	0.6	0.544	5.3e-12	1.39e-07
15	BLOC1S6	0.563364677	0.486	0.453	3.27e-06	0.085656722
15	GSR	0.563268974	0.341	0.219	4.12e-11	1.08e-06
15	C19orf24	0.563236181	0.365	0.209	9.65e-16	2.53e-11
15	TP53TG1	0.562879922	0.384	0.224	1.25e-16	3.28e-12
15	SWI5	0.56259473	0.435	0.301	1.67e-13	4.36e-09
15	CST3	0.562164194	0.627	0.623	1.38e-07	0.003612129
15	CPNE3	0.56206155	0.706	0.631	4.03e-13	1.06e-08
15	PKN1	0.560501512	0.427	0.35	2.94e-08	0.000769444
15	PAFAH1B3	0.560301086	0.584	0.495	3.28e-11	8.57e-07
15	PDLIM2	0.559827462	0.322	0.146	2.2e-21	5.75e-17
15	BORCS7	0.559825857	0.376	0.281	4.36e-09	0.000114242
15	PIN4	0.559757915	0.549	0.489	6.06e-11	1.59e-06
15	PPIB	0.559513662	0.71	0.713	1.03e-08	0.000270043
15	NUDT4	0.559360954	0.647	0.515	9.89e-12	2.59e-07
15	GRINA	0.55906876	0.392	0.278	2.53e-11	6.62e-07
15	COMT	0.55841678	0.275	0.13	5.27e-16	1.38e-11
15	CFAP36	0.557427221	0.549	0.469	3.8e-11	9.94e-07
15	ZNF580	0.557079617	0.412	0.322	3.03e-09	7.94e-05
15	CBX1	0.556584425	0.718	0.675	5.97e-14	1.56e-09
15	GSTZ1	0.556455255	0.341	0.228	1.28e-10	3.35e-06
15	CARHSP1	0.55606842	0.463	0.426	3.21e-06	0.083939148
15	SQOR	0.555205428	0.333	0.18	6.21e-16	1.62e-11
15	RPL17	0.554915293	0.341	0.184	2.81e-16	7.35e-12
15	SRM	0.554659008	0.451	0.335	8.81e-12	2.31e-07
15	RGL2	0.554498659	0.333	0.212	7.49e-11	1.96e-06
15	SSR2	0.554302965	0.647	0.626	9.62e-11	2.52e-06
15	MYL9	0.553207049	0.337	0.192	5.01e-14	1.31e-09
15	RSL1D1	0.551596372	0.498	0.491	2.15e-06	0.05639741
15	APOPT1	0.551529814	0.365	0.265	4.3e-09	0.000112483
15	FUOM	0.551306171	0.259	0.075	1.02e-32	2.68e-28
15	DTYMK	0.551096121	0.455	0.418	3.33e-05	0.87205934
15	NDUFB5	0.550435429	0.514	0.459	1.11e-09	2.9e-05
15	TUBA1C	0.550121067	0.553	0.509	3.98e-07	0.010408979
15	MRPL4	0.548525967	0.463	0.322	8.36e-15	2.19e-10
15	GSTA4	0.548123188	0.427	0.367	4.89e-07	0.012800986
15	TSR3	0.547821564	0.365	0.239	8.24e-12	2.16e-07
15	TSC22D1	0.547434876	0.722	0.751	1.23e-06	0.032236943
15	XRCC6	0.544357758	0.51	0.48	1.1e-07	0.002872236
15	RBBP7	0.544346975	0.604	0.571	4.53e-09	0.000118482
15	TUBB6	0.544339566	0.431	0.332	1.46e-09	3.81e-05
15	MTX1	0.543723846	0.365	0.245	3.19e-11	8.34e-07
15	CHMP3	0.542790022	0.522	0.45	5.2e-10	1.36e-05
15	HSD17B4	0.541387259	0.518	0.459	1.89e-08	0.000494314
15	HOOK1	0.540988956	0.408	0.382	6.76e-05	1.0
15	HADHB	0.540924493	0.584	0.53	3.59e-10	9.41e-06
15	ELOC	0.540403484	0.773	0.72	3.33e-16	8.73e-12
15	ASRGL1	0.540335299	0.475	0.411	1.06e-07	0.002775114
15	CCDC25	0.539304169	0.267	0.236	0.003873414	1.0
15	SPTSSA	0.539147668	0.565	0.481	1.75e-12	4.58e-08
15	SAR1B	0.538993053	0.498	0.523	0.000723372	1.0
15	IMPACT	0.538215533	0.349	0.277	1.62e-06	0.042512463
15	COMMD7	0.537585409	0.439	0.371	2.3e-08	0.000602773
15	FOXA1	0.537399234	0.675	0.464	3.51e-12	9.18e-08
15	GLIPR2	0.536205724	0.278	0.111	3.410000000000001e-21	8.92e-17
15	PLEKHJ1	0.536024698	0.435	0.337	3.98e-10	1.04e-05
15	NQO1	0.535908476	0.353	0.234	5.17e-10	1.35e-05
15	RBP1	0.535818808	0.494	0.434	1.64e-07	0.004285637
15	KCNS3	0.53568292	0.345	0.181	1.78e-16	4.65e-12
15	HLA-C	0.535639462	0.671	0.522	1.28e-11	3.36e-07
15	MTPN	0.534323205	0.612	0.609	6.6e-07	0.017266125
15	SHMT1	0.533769926	0.275	0.153	2.41e-11	6.32e-07
15	TMSB10	0.533717135	0.933	0.854	4.01e-20	1.05e-15
15	C12orf75	0.533557359	0.58	0.531	2.3e-09	6.02e-05
15	PPP1R7	0.533553095	0.478	0.379	2.51e-11	6.58e-07
15	FDPS	0.530991213	0.557	0.461	3.3e-12	8.65e-08
15	TMED9	0.530895114	0.486	0.427	4.55e-08	0.001191437
15	PEX10	0.530845278	0.302	0.158	8.32e-15	2.18e-10
15	ARRDC1	0.530431924	0.259	0.128	1.16e-13	3.04e-09
15	EIF1AX	0.530329452	0.773	0.744	2.3e-13	6.02e-09
15	BEX3	0.530247688	0.859	0.79	1.39e-18	3.65e-14
15	RNPS1	0.529139496	0.529	0.454	6.99e-10	1.83e-05
15	RBCK1	0.529044526	0.431	0.34	9.66e-10	2.53e-05
15	ZC3H15	0.527970304	0.514	0.532	1.6e-05	0.419674216
15	NDUFS2	0.527607217	0.396	0.277	3.03e-11	7.93e-07
15	HMGB3	0.526938229	0.424	0.327	1.22e-08	0.000318312
15	STAT1	0.526901594	0.439	0.414	3.6e-05	0.943443773
15	CYHR1	0.526683387	0.49	0.408	3.5e-09	9.17e-05
15	RAB11A	0.526562447	0.765	0.729	3.48e-15	9.11e-11
15	MRPL18	0.526235192	0.565	0.526	7.64e-10	2e-05
15	ZNF706	0.524702325	0.725	0.697	1.24e-12	3.24e-08
15	UXT	0.524195278	0.525	0.467	3.87e-09	0.000101303
15	ODC1	0.523061088	0.706	0.691	6.9e-06	0.180618085
15	HSPA8	0.52301311	0.855	0.775	5.82e-12	1.52e-07
15	GSTO1	0.520615389	0.373	0.248	3.52e-12	9.22e-08
15	C1orf123	0.520583806	0.365	0.26	1.38e-09	3.61e-05
15	CFD	0.519885789	0.282	0.141	8.44e-15	2.21e-10
15	POLE4	0.519620352	0.522	0.466	6.81e-09	0.000178125
15	PCNP	0.519520304	0.659	0.621	1e-12	2.62e-08
15	NIPSNAP3A	0.51858133	0.337	0.239	1.71e-08	0.000447052
15	PSMB9	0.517422239	0.318	0.187	3.86e-12	1.01e-07
15	EGFL7	0.517390452	0.298	0.151	2.37e-15	6.21e-11
15	MRPL32	0.517178597	0.431	0.369	1.22e-07	0.003186103
15	SPAG16	0.517138661	0.678	0.56	4.47e-16	1.17e-11
15	OSTC	0.517011468	0.553	0.536	3.39e-08	0.000888574
15	MTHFS	0.516356093	0.278	0.135	1.38e-15	3.61e-11
15	PRPF31	0.51538992	0.431	0.313	5.35e-12	1.4e-07
15	VCP	0.515215151	0.635	0.607	2.29e-08	0.000598766
15	PDHA1	0.515214805	0.4	0.321	3.77e-08	0.0009867
15	FXYD3	0.514963436	0.408	0.336	4.37e-06	0.114338715
15	RTF1	0.514949247	0.502	0.507	6.17e-05	1.0
15	DYNLT3	0.514888381	0.412	0.312	1.79e-09	4.68e-05
15	MRPL49	0.514670663	0.306	0.211	5.04e-08	0.001318159
15	MFSD3	0.513883214	0.329	0.187	6.8e-14	1.78e-09
15	TM2D2	0.513695086	0.349	0.231	1.73e-10	4.52e-06
15	MYDGF	0.513406379	0.478	0.459	3.84e-06	0.100560473
15	COPS5	0.510921056	0.506	0.447	2.64e-09	6.92e-05
15	STAP2	0.510666617	0.341	0.202	2.37e-13	6.2e-09
15	APEH	0.510137396	0.306	0.139	2.24e-19	5.87e-15
15	NSA2	0.509982729	0.635	0.602	1.83e-09	4.78e-05
15	ENOPH1	0.509751364	0.435	0.383	2.34e-06	0.061165724
15	COA5	0.508680518	0.408	0.312	3.01e-09	7.88e-05
15	MED16	0.507880861	0.282	0.137	1.39e-15	3.65e-11
15	ACADVL	0.507236902	0.353	0.269	1.8e-07	0.004717975
15	RABAC1	0.506972382	0.576	0.594	4.7e-06	0.122985945
15	UBE2N	0.50685826	0.663	0.617	1.18e-12	3.1e-08
15	NT5C3B	0.506285079	0.475	0.393	6.25e-10	1.64e-05
15	BZW1	0.506045711	0.71	0.709	1.41e-09	3.68e-05
15	C1orf116	0.505472807	0.263	0.133	5.05e-13	1.32e-08
15	ITGB1BP1	0.504156207	0.482	0.44	1.71e-06	0.044639065
15	C6orf48	0.504038716	0.588	0.564	5.89e-08	0.001541613
15	RBM42	0.503850475	0.388	0.282	1.1e-09	2.89e-05
15	TMEM258	0.502294952	0.773	0.721	8.06e-15	2.11e-10
15	YWHAE	0.502220857	0.945	0.89	3.83e-21	1e-16
15	RRP36	0.501580458	0.404	0.398	0.000452459	1.0
15	CHMP4B	0.500707986	0.459	0.397	1.26e-07	0.003304922
15	CETN2	0.500316711	0.435	0.369	7.6e-07	0.019895028
15	PGAM1	0.499610276	0.447	0.365	6e-09	0.000157079
15	DNPEP	0.498775115	0.302	0.226	4.19e-06	0.109565686
15	COX5B	0.497573606	0.835	0.777	1.33e-14	3.47e-10
15	LINC00116	0.497467319	0.475	0.396	8.46e-09	0.000221531
15	RBM8A	0.497369131	0.667	0.651	2.96e-10	7.74e-06
15	NCBP2-AS2	0.497245378	0.341	0.277	4.79e-06	0.125383969
15	RPL7L1	0.496574098	0.58	0.557	5.55e-08	0.001451738
15	ARPC5	0.496034944	0.584	0.59	5.69e-07	0.014881676
15	BCL7C	0.4952215	0.502	0.457	3.12e-07	0.008169612
15	EIF4B	0.49438053	0.671	0.685	1.75e-08	0.000459186
15	DHPS	0.493930953	0.42	0.341	1.12e-07	0.002937277
15	FLYWCH2	0.493208588	0.353	0.261	3.84e-08	0.0010045
15	SNX5	0.492053537	0.439	0.405	2.38e-05	0.624135456
15	SUCLG2	0.491761569	0.565	0.522	2.07e-07	0.005416142
15	CD2BP2	0.490370882	0.341	0.246	1.98e-08	0.000517023
15	LGALS3BP	0.490273234	0.518	0.546	0.001192754	1.0
15	TOMM40	0.4902665	0.404	0.306	5.57e-09	0.000145812
15	NTMT1	0.49015286	0.349	0.254	3.93e-08	0.001027998
15	HMGN3	0.49012142	0.827	0.78	5.91e-11	1.55e-06
15	KIF22	0.489200587	0.404	0.354	3.08e-05	0.807269494
15	SAMD1	0.48901263	0.361	0.349	0.002212195	1.0
15	TAF9	0.488517936	0.42	0.343	9.81e-08	0.002568784
15	ARFIP2	0.488043247	0.278	0.17	1.56e-09	4.09e-05
15	BCKDK	0.487825114	0.318	0.171	6e-15	1.57e-10
15	UQCRC1	0.487773347	0.447	0.432	6.35e-05	1.0
15	NAAA	0.486564989	0.314	0.225	7.46e-07	0.019535897
15	RFK	0.486186886	0.31	0.22	2e-07	0.005235143
15	MRPS35	0.485206932	0.42	0.376	1.49e-05	0.389399012
15	MYL5	0.484942818	0.278	0.128	4.4e-17	1.15e-12
15	PTOV1	0.48407934	0.553	0.52	6.06e-07	0.01586857
15	PPP4C	0.483578283	0.467	0.434	8.21e-07	0.021490828
15	HPRT1	0.483447631	0.522	0.461	3.12e-08	0.000816789
15	FAM96B	0.482632132	0.467	0.411	9.37e-07	0.024522839
15	EMC9	0.482219899	0.286	0.183	1.1e-08	0.000287649
15	KRTCAP3	0.481376738	0.31	0.219	1.7e-07	0.004461117
15	LINC00486	0.481128647	0.373	0.229	2.21e-13	5.77e-09
15	HJURP	0.481093679	0.333	0.228	3.11e-08	0.000813231
15	CAPZA2	0.480684275	0.612	0.582	1.37e-08	0.000357668
15	MRPL11	0.480645427	0.506	0.436	6.09e-09	0.000159447
15	ECI2	0.480121903	0.384	0.316	1.68e-06	0.044086378
15	MRPL37	0.479237855	0.373	0.314	6.22e-06	0.162801356
15	COX20	0.478860236	0.588	0.574	6.35e-07	0.016627618
15	EIF2AK2	0.47784332	0.58	0.591	2.95e-05	0.771334284
15	HLA-A	0.477838243	0.518	0.509	0.000365049	1.0
15	CAST	0.477687071	0.694	0.537	9.91e-12	2.59e-07
15	GCHFR	0.477654126	0.271	0.107	2.9700000000000003e-21	7.79e-17
15	MGAT4B	0.477383198	0.333	0.247	1.35e-07	0.003529348
15	HNRNPR	0.477182108	0.824	0.774	2.7e-14	7.08e-10
15	FAM173A	0.476938355	0.369	0.268	5.5e-09	0.000144084
15	DRAP1	0.476919812	0.478	0.418	5.68e-08	0.001487707
15	PSENEN	0.476065861	0.4	0.328	6.96e-07	0.018206302
15	TWF1	0.475861683	0.318	0.266	7.57e-05	1.0
15	RPL26L1	0.47539014	0.451	0.411	1.78e-06	0.046592392
15	FAM207A	0.47525888	0.31	0.232	2.7e-06	0.070777503
15	EBPL	0.475150096	0.435	0.36	7.62e-08	0.001993741
15	PLGRKT	0.475076918	0.396	0.333	1.2e-06	0.031346427
15	NUBP2	0.474562183	0.345	0.252	5.87e-08	0.001536878
15	PSMC3	0.474455227	0.361	0.249	6.08e-10	1.59e-05
15	MRPS11	0.47402632	0.424	0.367	5.15e-07	0.013470505
15	SPATA20	0.474006902	0.318	0.207	1e-09	2.62e-05
15	ACTB	0.473522355	0.98	0.923	6.71e-17	1.76e-12
15	POMP	0.471324982	0.682	0.612	3.84e-10	1.01e-05
15	ZNF593	0.470850068	0.369	0.315	2.24e-05	0.586849821
15	BOD1	0.470505866	0.396	0.356	1.88e-05	0.492062652
15	NDUFS3	0.470138844	0.325	0.261	1.65e-05	0.433196208
15	BLOC1S1	0.470012932	0.459	0.388	9.67e-08	0.002531956
15	SLBP	0.469766881	0.435	0.447	0.002804617	1.0
15	PNPO	0.469504615	0.275	0.165	1.29e-09	3.39e-05
15	C1orf43	0.468779569	0.639	0.59	6.92e-11	1.81e-06
15	COTL1	0.468020971	0.298	0.138	2.61e-17	6.84e-13
15	ALDH6A1	0.467723601	0.318	0.255	3.03e-05	0.793503608
15	TRAPPC3	0.467517837	0.412	0.364	4.97e-06	0.130041327
15	PDHB	0.467468775	0.345	0.313	0.000381852	1.0
15	SEPHS2	0.465811792	0.388	0.312	4.03e-07	0.010556822
15	TFAM	0.46570629	0.612	0.642	5.14e-05	1.0
15	BLVRA	0.465111847	0.31	0.213	7.67e-08	0.002007977
15	TRIAP1	0.465045886	0.333	0.22	6.47e-10	1.69e-05
15	C11orf58	0.464622269	0.596	0.593	6.17e-08	0.001615585
15	STRAP	0.464141019	0.643	0.632	7.65e-09	0.000200309
15	NMRAL1	0.463517397	0.365	0.349	0.001258608	1.0
15	SLC25A1	0.46322464	0.278	0.145	2.78e-13	7.28e-09
15	MRPS14	0.463013212	0.357	0.327	0.000696264	1.0
15	COASY	0.462988001	0.298	0.242	8.82e-05	1.0
15	TSFM	0.462671116	0.349	0.263	1.67e-07	0.004370922
15	SMIM30	0.462645068	0.42	0.344	9.33e-08	0.002442315
15	GPN3	0.461833369	0.325	0.26	2.08e-05	0.544250131
15	EI24	0.46180661	0.518	0.469	1.37e-07	0.003586344
15	RHEB	0.461599366	0.71	0.687	2.7e-08	0.000706582
15	RBX1	0.461541524	0.58	0.572	3.65e-06	0.095593065
15	IER3IP1	0.461015133	0.322	0.224	3.01e-08	0.000787895
15	UBE2L3	0.459775986	0.463	0.427	6.86e-06	0.17950526
15	TSNAX	0.459449384	0.361	0.318	7.81e-05	1.0
15	LYPLA1	0.459439329	0.667	0.643	3.21e-09	8.41e-05
15	NUDT14	0.458059496	0.369	0.268	4.2e-09	0.000109896
15	REEP5	0.457470147	0.498	0.51	0.000211153	1.0
15	VBP1	0.456746838	0.514	0.488	1.52e-06	0.039897061
15	ANKRD9	0.456735832	0.259	0.127	1.67e-13	4.36e-09
15	MEAF6	0.456503588	0.6	0.576	2.2e-07	0.005745796
15	DCAF11	0.456368877	0.29	0.206	1.14e-06	0.029931102
15	CCNG1	0.455794502	0.345	0.29	2.22e-05	0.580065116
15	UBE2I	0.45539951	0.624	0.584	2.95e-09	7.73e-05
15	HMGB1	0.455321591	0.949	0.862	1.1e-22	2.87e-18
15	GON7	0.455147169	0.31	0.253	5.35e-05	1.0
15	MRPL19	0.454948583	0.463	0.418	4.5e-06	0.117818321
15	GTF2A2	0.454548154	0.592	0.564	1.7e-07	0.00443959
15	VKORC1	0.453616446	0.455	0.451	0.000466994	1.0
15	DGCR6L	0.453431446	0.298	0.21	2.84e-07	0.007421154
15	MORF4L1	0.453257707	0.843	0.803	1.22e-16	3.21e-12
15	GULP1	0.453204273	0.475	0.332	2.76e-09	7.23e-05
15	DENR	0.453008025	0.431	0.41	6.86e-05	1.0
15	EIF4H	0.452702274	0.506	0.464	2.17e-07	0.00567172
15	ANAPC13	0.452445793	0.412	0.366	4.37e-06	0.114413658
15	MMADHC	0.452213431	0.427	0.414	8.25e-05	1.0
15	GGPS1	0.452199452	0.467	0.434	2.82e-06	0.073889829
15	PBDC1	0.451737552	0.302	0.28	0.006628484	1.0
15	CDV3	0.450894453	0.396	0.366	0.000139982	1.0
15	NCBP2	0.450530915	0.435	0.41	7.16e-05	1.0
15	TOMM20	0.450300236	0.71	0.711	1.05e-07	0.002735924
15	TDP2	0.450184616	0.404	0.395	0.001068103	1.0
15	RTFDC1	0.450083374	0.467	0.442	1.18e-05	0.308069805
15	ILF2	0.449704683	0.565	0.55	4.2e-06	0.109981588
15	ARPC4	0.449602752	0.329	0.253	2.28e-06	0.059633094
15	PARL	0.448325118	0.333	0.259	3e-06	0.07864531
15	MXD4	0.448122246	0.396	0.335	1.31e-06	0.034171138
15	SFT2D1	0.446014628	0.431	0.377	1.12e-06	0.029243475
15	GIPC1	0.445987106	0.396	0.329	1.34e-06	0.035170229
15	EXOSC4	0.445485845	0.31	0.254	7.57e-05	1.0
15	APH1A	0.445113395	0.365	0.308	1.19e-05	0.311934745
15	POP5	0.445113295	0.349	0.282	4.68e-06	0.122516587
15	NDUFV1	0.444400101	0.463	0.427	1.31e-05	0.343253338
15	SRSF8	0.443646982	0.298	0.243	0.000116677	1.0
15	ISCU	0.443598398	0.439	0.404	1.18e-05	0.310050067
15	BUD31	0.443213084	0.482	0.472	2.8e-05	0.732712711
15	SEC11A	0.442782906	0.796	0.741	3.28e-14	8.58e-10
15	MRPL47	0.442468364	0.475	0.465	5.13e-05	1.0
15	IMPDH1	0.441312258	0.259	0.128	1.58e-13	4.15e-09
15	C3orf14	0.441276643	0.325	0.274	9.61e-05	1.0
15	SS18L2	0.441104072	0.467	0.468	0.000579073	1.0
15	MRPL43	0.440850969	0.325	0.26	1.17e-05	0.305730288
15	VPS26A	0.440131197	0.675	0.665	2.24e-08	0.00058746
15	HCFC1R1	0.439961754	0.38	0.288	2.43e-08	0.000634961
15	PSMD13	0.439001283	0.322	0.259	1.89e-05	0.495939523
15	LSM5	0.438682032	0.631	0.594	1.98e-08	0.000518305
15	S100A13	0.438523336	0.388	0.343	0.000105211	1.0
15	EIF3F	0.438160468	0.478	0.454	7.77e-06	0.20330756
15	RAB3D	0.438146004	0.275	0.178	5.89e-08	0.001541389
15	FKBP2	0.437852242	0.486	0.489	0.000347683	1.0
15	HMGCL	0.437588642	0.29	0.202	6.29e-07	0.016474139
15	C19orf81	0.436344176	0.286	0.192	1.34e-07	0.003501866
15	TAF10	0.436295319	0.353	0.267	1.75e-07	0.004592621
15	ELOF1	0.436081572	0.345	0.242	8.85e-09	0.000231756
15	BECN1	0.436025146	0.42	0.388	0.000121747	1.0
15	OXLD1	0.435895327	0.341	0.286	5.19e-05	1.0
15	ERGIC1	0.435166786	0.431	0.383	6.38e-05	1.0
15	ADSS	0.434800856	0.435	0.424	0.000889764	1.0
15	UBXN6	0.434220022	0.31	0.243	1.22e-05	0.319011803
15	UNC119	0.433636878	0.286	0.227	0.000161333	1.0
15	PFKL	0.431511	0.333	0.225	3.13e-09	8.19e-05
15	SMIM14	0.431036416	0.647	0.623	3.19e-07	0.008339518
15	SKA2	0.430894487	0.631	0.643	0.000186595	1.0
15	SRSF3	0.43084588	0.816	0.818	1.96e-07	0.005118008
15	POLR2F	0.429369593	0.357	0.259	1.4e-08	0.000365287
15	KRTCAP2	0.429001503	0.467	0.425	6.21e-06	0.162637905
15	TP53I3	0.428399155	0.263	0.213	0.000568614	1.0
15	PSMG2	0.428075587	0.459	0.436	1.4e-05	0.367751161
15	CALM1	0.427384539	0.89	0.813	1.97e-13	5.17e-09
15	MED11	0.427172376	0.267	0.148	6.36e-11	1.67e-06
15	HSPA9	0.425816967	0.604	0.649	9.01e-05	1.0
15	MRPL58	0.425568524	0.439	0.426	0.000180691	1.0
15	UFD1	0.425430733	0.345	0.257	3.19e-07	0.008341282
15	FBL	0.424841516	0.427	0.443	0.0044164	1.0
15	GLTP	0.424688086	0.349	0.306	0.000155702	1.0
15	OAZ2	0.424577819	0.349	0.275	1.63e-06	0.042548421
15	MRPS6	0.424209754	0.427	0.413	0.00048637	1.0
15	FBP1	0.423347153	0.294	0.211	2.48e-06	0.064812051
15	PPP1R2	0.42106507	0.459	0.464	0.001217288	1.0
15	PAIP1	0.421036574	0.498	0.5	2.79e-05	0.729181403
15	TRPT1	0.420395189	0.298	0.218	2.83e-06	0.074154593
15	MRPS28	0.420048374	0.294	0.217	3.35e-06	0.087621757
15	ADIPOR1	0.420022224	0.275	0.238	0.001444134	1.0
15	GDI2	0.419911173	0.663	0.636	3.46e-09	9.05e-05
15	RBM17	0.419874941	0.514	0.554	0.004257964	1.0
15	SRSF5	0.419190121	0.749	0.717	3.14e-10	8.23e-06
15	SRRM1	0.418729557	0.702	0.759	0.000204193	1.0
15	HNRNPM	0.418723	0.773	0.764	1.97e-07	0.0051478
15	NELFE	0.41867261	0.365	0.325	0.000158196	1.0
15	ZDHHC12	0.418358522	0.251	0.207	0.001016806	1.0
15	QARS	0.418287022	0.302	0.234	1.47e-05	0.383549329
15	HEBP1	0.418164463	0.302	0.201	3.03e-08	0.00079366
15	NAPA	0.418037882	0.506	0.483	1.07e-05	0.279938618
15	FUNDC2	0.417869442	0.455	0.44	0.000197885	1.0
15	SNX17	0.417452445	0.314	0.247	1.64e-05	0.428332037
15	ZNF32	0.416379175	0.384	0.34	4.78e-05	1.0
15	PRAC1	0.415998693	0.863	0.774	4.55e-11	1.19e-06
15	CCDC85B	0.415997182	0.282	0.207	6.11e-06	0.159949648
15	GNPNAT1	0.415878157	0.294	0.233	8.46e-05	1.0
15	C10orf35	0.414334085	0.427	0.415	0.000341798	1.0
15	TMED3	0.414099432	0.42	0.401	0.000325278	1.0
15	TRAPPC2L	0.413410439	0.259	0.154	1.17e-08	0.000305614
15	RTL8A	0.413321118	0.451	0.462	0.002364585	1.0
15	ETFRF1	0.413318787	0.337	0.281	5.13e-05	1.0
15	SLIRP	0.41300715	0.737	0.707	3.91e-09	0.000102287
15	NPR3	0.412332455	0.329	0.247	1.69e-05	0.443506341
15	SDCBP	0.411478158	0.525	0.506	7.04e-06	0.184372177
15	RPS19BP1	0.410922601	0.361	0.347	0.001845486	1.0
15	METTL5	0.410823887	0.427	0.436	0.001711949	1.0
15	P4HB	0.410365331	0.729	0.738	2.91e-07	0.00760813
15	ABRACL	0.410286023	0.337	0.273	1.36e-05	0.355339003
15	FH	0.409198123	0.306	0.203	1.63e-08	0.000426459
15	PRELID3B	0.409152674	0.369	0.329	0.0001529	1.0
15	TUSC2	0.408985733	0.275	0.188	1.07e-06	0.028102428
15	NONO	0.408678932	0.639	0.7	0.000872673	1.0
15	CUEDC2	0.407981249	0.341	0.269	3.36e-06	0.087824513
15	RNH1	0.407719062	0.341	0.263	1.47e-06	0.038407083
15	RABL6	0.407531853	0.412	0.372	4.65e-05	1.0
15	C1orf21	0.406809312	0.529	0.57	0.00790776	1.0
15	ABHD14A	0.406444186	0.298	0.237	3.61e-05	0.944185577
15	DDX21	0.405540619	0.749	0.773	0.000309769	1.0
15	EIF3D	0.405165173	0.302	0.265	0.001803699	1.0
15	PSMA3	0.404198287	0.612	0.622	8.4e-06	0.219938397
15	SNRPB2	0.404121326	0.592	0.586	2.24e-05	0.586178792
15	C21orf59	0.403818376	0.396	0.358	0.000113394	1.0
15	ASAH1	0.403717496	0.29	0.251	0.00238418	1.0
15	PCGF2	0.403713304	0.373	0.337	0.000120964	1.0
15	PET100	0.403501602	0.506	0.476	5.56e-06	0.145412782
15	SYNE4	0.403446255	0.294	0.225	1.88e-05	0.493174934
15	RPP25	0.402802581	0.251	0.163	5.67e-07	0.014838535
15	CNFN	0.402147014	0.369	0.295	5.61e-06	0.146883319
15	SLC44A4	0.401827718	0.267	0.184	8.34e-06	0.218240801
15	EIF4G2	0.400884074	0.659	0.652	3.24e-07	0.008474592
15	EMP2	0.400750906	0.533	0.496	0.000137064	1.0
15	PIGH	0.400683866	0.329	0.256	3.7e-06	0.096753692
15	RAB8A	0.400507947	0.341	0.325	0.003762489	1.0
15	CCT6A	0.400471321	0.655	0.635	8.05e-07	0.021069772
15	PPIL1	0.400162308	0.255	0.15	4.54e-09	0.000118736
15	LINC01578	0.399621994	0.718	0.702	1.37e-08	0.000358983
15	EMD	0.399394222	0.388	0.333	1.48e-05	0.387925607
15	NFIC	0.398855348	0.651	0.666	6.96e-05	1.0
15	SURF2	0.398630263	0.314	0.249	1.98e-05	0.517060519
15	LSM10	0.398268703	0.282	0.214	2.31e-05	0.603824129
15	MRPL50	0.397853031	0.322	0.262	3.92e-05	1.0
15	AK2	0.397672989	0.443	0.449	0.000734163	1.0
15	NAP1L1	0.397522866	0.58	0.644	0.009118146	1.0
15	IMP4	0.397248967	0.263	0.191	1.79e-05	0.469095536
15	C12orf10	0.397100643	0.286	0.259	0.00598304	1.0
15	FASTK	0.396898193	0.259	0.201	0.000189295	1.0
15	TXNL4A	0.3967917	0.502	0.47	9.1e-06	0.238108664
15	DPM3	0.39618485	0.455	0.444	0.000349254	1.0
15	INTS11	0.396111549	0.302	0.232	1.47e-05	0.385384734
15	THOC7	0.39597005	0.49	0.482	0.000115889	1.0
15	GHITM	0.395691735	0.404	0.37	0.000139552	1.0
15	RUVBL1	0.394873913	0.427	0.437	0.00586603	1.0
15	CBX3	0.394732917	0.678	0.669	3e-06	0.07847444
15	ORMDL2	0.394710145	0.337	0.301	0.000630604	1.0
15	ENY2	0.394710086	0.792	0.739	2.6e-11	6.82e-07
15	CMC2	0.393151358	0.388	0.373	0.002547912	1.0
15	RAD23B	0.393090456	0.663	0.671	2.43e-06	0.063481158
15	NPC2	0.392987887	0.663	0.524	4.9e-10	1.28e-05
15	VAT1	0.390979765	0.302	0.271	0.00328413	1.0
15	CDC123	0.390863166	0.443	0.441	0.000863596	1.0
15	RPP25L	0.39064717	0.251	0.138	4.33e-10	1.13e-05
15	COPB2	0.390477845	0.522	0.552	0.002190713	1.0
15	SMARCD2	0.390153617	0.259	0.226	0.005056708	1.0
15	FDX1	0.39012024	0.322	0.308	0.008411971	1.0
15	TMEM254	0.389914107	0.459	0.461	0.000644311	1.0
15	PDCD10	0.389155444	0.498	0.521	0.001248951	1.0
15	PLPP2	0.388559211	0.4	0.368	0.000313334	1.0
15	AMZ2	0.38812939	0.294	0.269	0.005975969	1.0
15	TMEM126B	0.387920023	0.325	0.287	0.000745322	1.0
15	CITED4	0.387862053	0.259	0.186	2.66e-05	0.696644882
15	HMGN2	0.386579664	0.91	0.876	4.09e-06	0.107113859
15	TRUB2	0.386368342	0.286	0.219	3.52e-05	0.922440425
15	ALDH3A2	0.386357912	0.463	0.427	3.12e-05	0.815918335
15	DHRS4L2	0.386218199	0.345	0.301	0.000227549	1.0
15	FAM162A	0.386103769	0.576	0.622	0.00620096	1.0
15	CCS	0.385634157	0.404	0.349	1.1e-05	0.287205147
15	PTPA	0.385592142	0.333	0.293	0.00036076	1.0
15	RPL39L	0.385130608	0.271	0.212	0.000227564	1.0
15	KRT8	0.384956883	0.816	0.737	1.59e-10	4.15e-06
15	TMEM183A	0.384713732	0.38	0.354	0.00056344	1.0
15	DNALI1	0.384046731	0.361	0.331	0.000756527	1.0
15	HDGF	0.384033872	0.427	0.424	0.002596133	1.0
15	TRAPPC1	0.383923056	0.298	0.264	0.001653255	1.0
15	WBP2	0.383770769	0.333	0.308	0.001520973	1.0
15	NUTF2	0.383201856	0.31	0.242	2.22e-05	0.582392312
15	TMPRSS2	0.38283733	0.392	0.306	3.26e-05	0.853748635
15	GRPEL1	0.382356538	0.341	0.281	3.78e-05	0.989287747
15	TACO1	0.381740929	0.271	0.217	0.000377273	1.0
15	PEPD	0.381048407	0.357	0.333	0.000931776	1.0
15	DCAF13	0.380981388	0.478	0.462	3.25e-05	0.850497873
15	HNRNPD	0.380803413	0.792	0.828	9.24e-08	0.002417376
15	CREB3	0.379999709	0.255	0.202	0.000340708	1.0
15	MED10	0.379868911	0.376	0.358	0.001650729	1.0
15	IDH3B	0.379854089	0.306	0.282	0.004943253	1.0
15	PFDN2	0.379646206	0.604	0.589	1.05e-05	0.275289445
15	PDCD2	0.378423917	0.357	0.349	0.005139206	1.0
15	LSM8	0.378322707	0.443	0.479	0.008603405	1.0
15	ARPC2	0.377751051	0.722	0.719	4.53e-08	0.001184932
15	TMEM11	0.377262038	0.365	0.336	0.000744482	1.0
15	MPLKIP	0.376747868	0.475	0.472	0.001714702	1.0
15	IFRD2	0.376703571	0.271	0.204	5.42e-05	1.0
15	PSMA1	0.376647932	0.506	0.486	7.03e-05	1.0
15	AIMP1	0.374510362	0.494	0.505	0.000389648	1.0
15	PPP1CC	0.374428442	0.525	0.568	0.003634277	1.0
15	NUDT5	0.374321009	0.478	0.478	0.00048792	1.0
15	MORF4L2	0.373700123	0.788	0.769	9.63e-08	0.002521877
15	PNRC2	0.373067921	0.502	0.514	0.001537973	1.0
15	TRIM28	0.372997004	0.459	0.467	0.005708557	1.0
15	ABHD14B	0.371514121	0.251	0.197	0.000421282	1.0
15	C7orf50	0.37145436	0.471	0.472	0.001286392	1.0
15	POLDIP2	0.371052455	0.404	0.405	0.002126973	1.0
15	NELFB	0.370304491	0.314	0.269	0.00049341	1.0
15	MRPL9	0.369114943	0.329	0.31	0.002852411	1.0
15	VDAC3	0.368977249	0.361	0.355	0.009371717	1.0
15	TPGS1	0.36869706	0.329	0.313	0.009975653	1.0
15	LINC00992	0.368540105	0.251	0.169	5.4e-06	0.141297858
15	ARL3	0.36847348	0.431	0.426	0.001445061	1.0
15	MVB12A	0.36778317	0.306	0.254	0.000165981	1.0
15	PPP1R35	0.367601683	0.318	0.236	2.4e-06	0.062934295
15	BABAM1	0.367329377	0.333	0.29	0.000372704	1.0
15	SDF4	0.366308114	0.376	0.349	0.001585841	1.0
15	RBM3	0.366191039	0.765	0.678	5.98e-11	1.56e-06
15	HAX1	0.36614812	0.365	0.355	0.00371445	1.0
15	SNAPC5	0.365763114	0.282	0.245	0.001975989	1.0
15	EIF2S1	0.365405678	0.451	0.435	0.000170902	1.0
15	KLHDC3	0.365349454	0.294	0.26	0.00193137	1.0
15	MBD3	0.365306592	0.298	0.231	3.88e-05	1.0
15	NDUFS4	0.36456479	0.525	0.551	0.002227269	1.0
15	RAB18	0.364111233	0.624	0.599	7.15e-06	0.187053311
15	STK25	0.363674221	0.357	0.324	0.000793173	1.0
15	EIF3J	0.363246993	0.537	0.577	0.003726124	1.0
15	PNMA1	0.362863671	0.29	0.248	0.001591267	1.0
15	POP7	0.362178571	0.329	0.313	0.007738566	1.0
15	CIB2	0.361322595	0.318	0.284	0.00167835	1.0
15	FAM177A1	0.361317666	0.569	0.59	0.000178684	1.0
15	COPG1	0.361143029	0.29	0.265	0.006128521	1.0
15	GLOD4	0.360561344	0.51	0.477	4.18e-06	0.109529765
15	DANCR	0.360447872	0.537	0.566	0.003742339	1.0
15	CTDSP1	0.356076147	0.251	0.188	0.000133861	1.0
15	UROD	0.355466605	0.263	0.19	1.56e-05	0.407223396
15	EIF3H	0.355096606	0.773	0.787	5.02e-09	0.000131504
15	YBX3	0.354939988	0.361	0.314	0.002422184	1.0
15	ACAA1	0.354312351	0.263	0.22	0.002506008	1.0
15	ARL16	0.353504497	0.412	0.415	0.002485338	1.0
15	NABP2	0.352395295	0.29	0.256	0.003099211	1.0
15	RSL24D1	0.3520081	0.502	0.537	0.005873994	1.0
15	CLDN3	0.350867575	0.604	0.487	1.01e-05	0.264107567
15	ZMAT2	0.350392812	0.38	0.373	0.006333864	1.0
15	STX10	0.350041957	0.282	0.242	0.002000169	1.0
15	HNRNPAB	0.348842533	0.616	0.633	0.001135022	1.0
15	CDKN2AIPNL	0.347752472	0.286	0.234	0.000332441	1.0
15	HSDL2	0.345925145	0.482	0.492	0.001492544	1.0
15	MLEC	0.345639663	0.553	0.593	0.004503756	1.0
15	GSS	0.345424726	0.318	0.256	5.54e-05	1.0
15	TMEM50A	0.34309986	0.525	0.559	0.004638811	1.0
15	HSPB11	0.34272678	0.522	0.516	0.000111799	1.0
15	EIF4E2	0.342677273	0.412	0.378	0.000154075	1.0
15	ACTL6A	0.342550718	0.384	0.39	0.009386413	1.0
15	COL2A1	0.3419049	0.333	0.28	0.005144061	1.0
15	DDX24	0.341695379	0.553	0.603	0.007363011	1.0
15	MAPK13	0.341644379	0.263	0.193	3.29e-05	0.861709561
15	RXRA	0.340955321	0.255	0.22	0.007056217	1.0
15	ARFGAP3	0.339038054	0.514	0.489	9.68e-05	1.0
15	EXOSC7	0.338706018	0.373	0.345	0.001225497	1.0
15	ACO1	0.337899247	0.263	0.23	0.007503651	1.0
15	NUDT22	0.337394838	0.251	0.187	0.000118639	1.0
15	SELENOM	0.336910053	0.31	0.246	7.75e-05	1.0
15	COX7A2	0.336885646	0.898	0.821	8.81e-12	2.31e-07
15	TOMM22	0.336514244	0.278	0.242	0.002913002	1.0
15	NT5DC2	0.335873669	0.365	0.352	0.006724221	1.0
15	SNRPA1	0.335423874	0.392	0.386	0.005456893	1.0
15	AIDA	0.33379229	0.471	0.415	1.96e-06	0.051201509
15	HINT3	0.3336357	0.251	0.212	0.003884337	1.0
15	AIP	0.333559777	0.275	0.249	0.009743199	1.0
15	PNPLA4	0.333125786	0.251	0.188	0.000168897	1.0
15	TCEAL8	0.3328643	0.404	0.39	0.002004551	1.0
15	CCT2	0.331485752	0.545	0.585	0.001643643	1.0
15	SEPT2	0.3307847	0.663	0.715	0.001139323	1.0
15	COMMD6	0.330450078	0.675	0.661	4.78e-06	0.125089413
15	ACADM	0.330304271	0.486	0.509	0.002911031	1.0
15	UBXN4	0.329842406	0.678	0.741	0.001973424	1.0
15	HPF1	0.329163173	0.451	0.442	0.001193434	1.0
15	AHSA1	0.328184571	0.38	0.38	0.008281741	1.0
15	BTF3L4	0.327791252	0.537	0.557	0.000576582	1.0
15	PRKAR1A	0.327104475	0.616	0.649	0.009890573	1.0
15	CEBPZOS	0.326795515	0.443	0.436	0.001136049	1.0
15	DCTN2	0.326695169	0.478	0.483	0.000799073	1.0
15	OCIAD2	0.326658744	0.576	0.612	0.003151678	1.0
15	FAM200B	0.3264506	0.427	0.433	0.006486563	1.0
15	TMEM59	0.325513637	0.718	0.761	0.000999244	1.0
15	GCDH	0.325051605	0.255	0.215	0.003978869	1.0
15	PIFO	0.322783127	0.251	0.159	9.5e-07	0.024854941
15	ZFYVE21	0.322539424	0.314	0.278	0.00155769	1.0
15	C4orf48	0.322520539	0.557	0.563	0.000815669	1.0
15	TMEM203	0.320589715	0.275	0.249	0.009642256	1.0
15	SERINC2	0.319239393	0.267	0.228	0.002793262	1.0
15	EPHX1	0.315457478	0.467	0.423	6.52e-05	1.0
15	SNHG16	0.311285072	0.482	0.5	0.004038348	1.0
15	CSDE1	0.311259003	0.773	0.765	1.93e-07	0.005042791
15	GTF3A	0.310482969	0.427	0.394	0.001494078	1.0
15	HNRNPH3	0.309243744	0.757	0.798	7.05e-05	1.0
15	MRPS18B	0.308835622	0.322	0.301	0.008540967	1.0
15	DAP	0.308262404	0.451	0.452	0.001813195	1.0
15	NUDT1	0.304631065	0.282	0.25	0.009364549	1.0
15	RAB2A	0.30170605	0.843	0.838	1.9e-06	0.049759101
15	HNRNPU	0.301388245	0.792	0.83	8.96e-05	1.0
15	URM1	0.300393658	0.271	0.227	0.002271427	1.0
15	CLNS1A	0.298845315	0.596	0.609	0.000475136	1.0
15	SEPT10	0.298799673	0.384	0.318	7.62e-05	1.0
15	CTSH	0.297286694	0.325	0.291	0.003491783	1.0
15	SYAP1	0.29293073	0.569	0.585	0.002770895	1.0
15	PSMD12	0.292255571	0.588	0.637	0.009207497	1.0
15	SPAG7	0.288910131	0.278	0.241	0.003065674	1.0
15	RNF126	0.286866906	0.286	0.245	0.002529719	1.0
15	HLA-B	0.283724012	0.588	0.517	0.001800849	1.0
15	SLC30A4	0.280580807	0.682	0.491	5.8e-09	0.000151879
15	PPP1R14B	0.278287378	0.647	0.582	3.95e-06	0.103439051
15	WDR45B	0.273839485	0.627	0.671	0.00482064	1.0
15	EIF2AK1	0.268180043	0.565	0.613	0.006365396	1.0
15	CD99	0.265189449	0.663	0.703	0.004237833	1.0
15	PEX7	0.26429061	0.314	0.285	0.007110311	1.0
15	RSPH1	0.26409343	0.298	0.256	0.007798436	1.0
15	CRIP1	0.259235612	0.361	0.241	9.52e-08	0.002491819
15	GSPT1	0.252342008	0.635	0.679	0.007360738	1.0
16	NFATC2	2.470753821	0.993	0.346	2.09e-103	5.47e-99
16	REG4	1.937411193	0.869	0.045	0.0	0.0
16	NAMPT	1.831092087	1.0	0.523	5.66e-78	1.48e-73
16	PCDH11X	1.802040294	1.0	0.445	4.92e-75	1.29e-70
16	ANKRD42	1.749322339	0.959	0.31	2.67e-98	6.98e-94
16	DUSP1	1.721929427	0.993	0.484	4.05e-76	1.06e-71
16	ABCA12	1.708210417	0.986	0.366	1.21e-80	3.16e-76
16	PCDH19	1.622499456	0.986	0.276	8.72e-107	2.28e-102
16	CYR61	1.563009015	0.931	0.319	8.33e-81	2.18e-76
16	ATF3	1.549792582	1.0	0.593	2.1900000000000003e-64	5.73e-60
16	AC090572.2	1.54463453	0.972	0.202	1.7599999999999998e-120	4.6e-116
16	ITPKC	1.544262663	0.959	0.316	1.31e-89	3.44e-85
16	IER2	1.494804089	1.0	0.722	9.38e-65	2.45e-60
16	EGR1	1.481400573	1.0	0.783	3.91e-70	1.02e-65
16	WHRN	1.454849979	0.945	0.392	7.569999999999999e-74	1.98e-69
16	DDC	1.451169934	0.862	0.192	3.16e-110	8.26e-106
16	DIAPH2	1.442283052	0.993	0.664	3.0900000000000003e-58	8.099999999999999e-54
16	NCAM2	1.429238391	0.89	0.57	3.48e-35	9.12e-31
16	MEP1A	1.416461769	0.772	0.072	1.0899999999999999e-238	2.85e-234
16	KRT17	1.406555758	0.566	0.076	1.4799999999999999e-115	3.86e-111
16	PDLIM3	1.405281542	0.993	0.665	3.32e-52	8.69e-48
16	OR51E2	1.376850685	0.91	0.279	4.8600000000000003e-79	1.27e-74
16	NR4A3	1.348210698	0.821	0.189	1.01e-96	2.6399999999999998e-92
16	S100A2	1.316666314	0.545	0.141	1.69e-51	4.42e-47
16	JUN	1.308828879	1.0	0.788	1.5e-57	3.94e-53
16	SLC10A7	1.292757507	0.945	0.591	1.13e-51	2.9500000000000003e-47
16	CDKL5	1.274264722	0.966	0.531	9.29e-63	2.4300000000000003e-58
16	SLC25A33	1.273434259	0.966	0.521	8.19e-64	2.1400000000000003e-59
16	RAB7A	1.259074711	0.979	0.74	2.92e-49	7.64e-45
16	CNTD1	1.257353928	0.814	0.216	3.2800000000000005e-79	8.58e-75
16	DNAJB1	1.254445838	0.979	0.517	1.31e-57	3.4299999999999997e-53
16	GDF15	1.251268325	0.993	0.367	1.12e-69	2.94e-65
16	FOSB	1.235551209	1.0	0.62	1.3e-52	3.3999999999999997e-48
16	SERINC5	1.232965997	0.986	0.557	7.85e-58	2.05e-53
16	FOS	1.223201533	1.0	0.807	2.68e-52	7e-48
16	CLDN4	1.175454896	0.966	0.545	3.41e-49	8.919999999999999e-45
16	SUGCT	1.172329093	0.8	0.336	1.31e-46	3.44e-42
16	ANKRD37	1.171971117	0.972	0.454	1.78e-57	4.65e-53
16	FAM91A1	1.169294372	0.931	0.495	3.0499999999999997e-55	7.97e-51
16	C6orf10	1.168051295	0.766	0.114	3.27e-135	8.57e-131
16	ITGB6	1.166592369	0.697	0.184	8.319999999999999e-68	2.18e-63
16	ARF4	1.166145808	0.986	0.739	1.63e-54	4.27e-50
16	SCHLAP1	1.142508419	1.0	0.959	5.43e-35	1.42e-30
16	SYAP1	1.13635168	0.959	0.584	5.3399999999999994e-52	1.4e-47
16	MCM4	1.132844443	0.903	0.483	1.64e-51	4.31e-47
16	MID1	1.130786705	1.0	0.609	3.07e-46	8.04e-42
16	ARG2	1.125997734	0.979	0.508	6.769999999999999e-52	1.77e-47
16	AC003688.1	1.108330954	0.772	0.191	2.9e-82	7.6e-78
16	PPP3CA	1.097882256	1.0	0.908	7.08e-49	1.85e-44
16	NRP1	1.091930129	1.0	0.694	1.94e-45	5.08e-41
16	TTC6	1.087397324	1.0	0.597	9.119999999999999e-40	2.3900000000000002e-35
16	JUNB	1.082913599	0.993	0.681	1.06e-47	2.7700000000000003e-43
16	PRKDC	1.07735951	1.0	0.898	2.87e-58	7.519999999999999e-54
16	ZFP36L1	1.073188374	0.993	0.515	1.43e-48	3.73e-44
16	CCNL1	1.072567218	0.979	0.635	8.74e-48	2.29e-43
16	CPNE4	1.06817302	1.0	0.596	3.73e-39	9.77e-35
16	DUSP16	1.054486793	0.897	0.423	4.79e-47	1.2499999999999998e-42
16	KLF6	1.052772651	1.0	0.692	5.0599999999999995e-45	1.3199999999999999e-40
16	ADRA2A	1.047260767	0.89	0.281	5.07e-64	1.33e-59
16	CRISPLD1	1.046675761	0.979	0.448	3.15e-55	8.24e-51
16	FOXO3	1.044253222	1.0	0.727	3.55e-48	9.28e-44
16	ACPP	1.028663574	0.993	0.486	6.829999999999999e-52	1.79e-47
16	SMAD5	1.024468265	0.979	0.687	2.18e-44	5.72e-40
16	THRB	1.017491771	0.945	0.494	9.919999999999999e-45	2.5999999999999997e-40
16	TSC22D2	0.985296804	0.966	0.603	3.24e-41	8.490000000000001e-37
16	GRB10	0.984483962	0.952	0.461	2.54e-46	6.65e-42
16	TIMP3	0.975962706	0.807	0.246	1.91e-60	4.99e-56
16	B4GALT1	0.97496742	0.834	0.335	3.5e-51	9.17e-47
16	VMP1	0.972005592	0.993	0.863	4.62e-43	1.21e-38
16	ADGRF1	0.970216411	0.752	0.12	1.17e-123	3.06e-119
16	ASTN2	0.963394587	1.0	0.72	2.45e-44	6.41e-40
16	MPZL3	0.963071648	0.793	0.265	9.55e-58	2.5e-53
16	ARL5B	0.958183974	0.903	0.451	4.1500000000000003e-47	1.0899999999999998e-42
16	LINC01036	0.937295153	0.752	0.191	2.1499999999999996e-68	5.6300000000000005e-64
16	TIPARP	0.934196433	0.89	0.458	2.75e-40	7.19e-36
16	ETF1	0.927795755	0.897	0.524	1.0499999999999999e-40	2.7400000000000002e-36
16	MXD1	0.924505445	0.862	0.452	8.140000000000001e-31	2.13e-26
16	EZR	0.913970953	0.993	0.793	2.85e-38	7.469999999999999e-34
16	TRIB1	0.908865788	0.972	0.659	4.78e-39	1.2499999999999999e-34
16	FSTL1	0.906395589	0.959	0.552	6.849999999999999e-38	1.7900000000000002e-33
16	BMPR1B	0.905965787	0.993	0.496	1.36e-41	3.56e-37
16	ZFP36	0.886718715	0.979	0.506	5.22e-44	1.37e-39
16	SMARCA1	0.886420246	0.876	0.429	1.58e-39	4.1500000000000004e-35
16	MAPK10	0.883791608	0.993	0.867	3.94e-30	1.03e-25
16	ELP5	0.882168782	0.731	0.265	4.12e-45	1.08e-40
16	ACER3	0.880774544	1.0	0.713	3.38e-36	8.85e-32
16	NEDD4L	0.879631503	0.986	0.586	3.14e-36	8.22e-32
16	BRAF	0.877271151	0.979	0.836	1.45e-22	3.8e-18
16	PELI1	0.871542275	0.841	0.384	9.04e-36	2.37e-31
16	NKX3-1	0.87085954	0.917	0.397	2.23e-40	5.85e-36
16	AR	0.865819606	0.972	0.489	1.21e-39	3.17e-35
16	CTGF	0.86511946	0.6	0.055	2.79e-180	7.31e-176
16	ARHGEF38	0.863519778	0.993	0.543	5.84e-35	1.53e-30
16	CACNB4	0.861167197	0.89	0.41	3.1899999999999997e-40	8.35e-36
16	IL1RAPL2	0.858424126	0.662	0.146	1.64e-68	4.3000000000000004e-64
16	TPM4	0.857344555	0.945	0.405	2.84e-48	7.44e-44
16	UTRN	0.856885541	0.993	0.58	2.85e-32	7.46e-28
16	STAT3	0.856073412	1.0	0.815	2.21e-40	5.79e-36
16	PTPN14	0.85497589	0.917	0.417	1.26e-41	3.31e-37
16	EGR2	0.854058255	0.841	0.384	6.42e-38	1.68e-33
16	YPEL2	0.85083709	0.876	0.423	1.58e-45	4.12e-41
16	SLC26A2	0.849165864	0.821	0.351	4.680000000000001e-43	1.23e-38
16	MYRIP	0.842965862	0.959	0.486	2.47e-41	6.47e-37
16	LRRN1	0.842038511	0.979	0.694	1.5399999999999999e-34	4.03e-30
16	RASEF	0.841791515	0.793	0.37	8.16e-30	2.14e-25
16	SPATA6	0.83896491	0.972	0.684	4.89e-33	1.2799999999999999e-28
16	BTG2	0.836574677	0.931	0.622	8.479999999999999e-34	2.2200000000000002e-29
16	MIPEP	0.835351852	0.883	0.344	1.08e-49	2.8199999999999996e-45
16	AC109779.1	0.818998016	0.869	0.255	6.03e-63	1.5800000000000001e-58
16	AC100768.2	0.817081831	0.89	0.316	1.9199999999999998e-45	5.03e-41
16	IL1RAPL1	0.813388615	0.938	0.446	2.6e-34	6.799999999999999e-30
16	FOXA1	0.809350147	0.966	0.464	2.78e-37	7.28e-33
16	DYRK1A	0.804341935	0.979	0.773	1.56e-28	4.07e-24
16	CHN1	0.800296309	0.945	0.604	5.1e-33	1.33e-28
16	RPL23	0.799836381	1.0	0.922	9.230000000000001e-37	2.42e-32
16	LGALS8	0.798507926	0.848	0.369	1.74e-42	4.55e-38
16	DNAJC1	0.788665111	0.959	0.673	7.689999999999999e-30	2.01e-25
16	STXBP5L	0.787356995	1.0	0.844	1.42e-29	3.71e-25
16	RRBP1	0.786181333	0.876	0.448	5.52e-36	1.45e-31
16	WWOX	0.785714589	0.986	0.762	1.34e-29	3.51e-25
16	PI15	0.781803022	0.772	0.184	3.7e-74	9.68e-70
16	SHROOM3	0.780984985	0.952	0.485	5.38e-36	1.41e-31
16	NSUN6	0.77854682	0.924	0.512	7.12e-39	1.86e-34
16	STXBP5	0.775839431	1.0	0.854	6.4e-31	1.68e-26
16	LRRC75A	0.775315775	0.745	0.252	1.0599999999999999e-48	2.77e-44
16	RPS29	0.773892878	1.0	0.92	1.09e-35	2.85e-31
16	VPS37B	0.76627227	0.772	0.393	1.14e-31	2.9700000000000004e-27
16	ANXA3	0.765992722	0.876	0.391	3.3599999999999998e-40	8.8e-36
16	PFN2	0.761985712	0.786	0.474	4.16e-26	1.0900000000000001e-21
16	NAALADL2	0.761430166	1.0	0.712	4.86e-28	1.2699999999999999e-23
16	NFKBIZ	0.760536789	0.959	0.506	4.39e-38	1.1500000000000001e-33
16	LINC01695	0.759073956	0.779	0.281	2.16e-41	5.64e-37
16	UBE2H	0.759038694	0.979	0.716	5.65e-34	1.48e-29
16	GOLPH3	0.752998554	0.938	0.661	6.300000000000001e-32	1.65e-27
16	CAMKMT	0.752231268	0.966	0.678	2.15e-31	5.6200000000000004e-27
16	RHOB	0.750960111	0.869	0.517	6.97e-28	1.8199999999999997e-23
16	PRKD1	0.749130949	1.0	0.644	1.1299999999999999e-30	2.96e-26
16	NUP62CL	0.748583811	0.662	0.234	1.47e-40	3.84e-36
16	SPON2	0.748334819	0.897	0.353	2.94e-46	7.7e-42
16	CNTNAP2	0.743874327	0.993	0.697	1.29e-28	3.38e-24
16	VCL	0.743068482	1.0	0.845	6.720000000000001e-32	1.7600000000000003e-27
16	LMCD1	0.740680586	0.697	0.213	1.86e-51	4.87e-47
16	LSR	0.738502169	0.89	0.53	2.8699999999999997e-30	7.51e-26
16	PKHD1L1	0.737530826	0.752	0.205	4.87e-63	1.2800000000000001e-58
16	GNAI3	0.73527066	0.89	0.616	8.34e-26	2.1800000000000003e-21
16	LRRC8A	0.732687204	0.731	0.338	3.23e-32	8.46e-28
16	FOXP1	0.731718533	1.0	0.932	1.58e-35	4.1300000000000005e-31
16	CSGALNACT1	0.731607399	0.959	0.609	1.52e-31	3.97e-27
16	AGBL1	0.729202256	0.738	0.195	2.4400000000000002e-58	6.379999999999999e-54
16	FN1	0.724998639	0.862	0.332	7.97e-46	2.09e-41
16	SLC52A3	0.723458056	0.655	0.167	1.51e-60	3.9700000000000003e-56
16	PLA2G7	0.722255134	0.841	0.329	7.45e-42	1.95e-37
16	THBS1	0.719598767	0.71	0.225	1.18e-46	3.0899999999999994e-42
16	GLO1	0.719593864	0.972	0.732	8.399999999999999e-30	2.2e-25
16	PTPN1	0.715882067	0.855	0.518	5.9500000000000004e-27	1.56e-22
16	TUBB4B	0.711652192	0.979	0.707	1.1800000000000001e-32	3.0899999999999998e-28
16	MMP7	0.711280257	0.448	0.035	7.63e-154	2e-149
16	SERPINI1	0.710142635	0.862	0.443	5.6599999999999994e-30	1.48e-25
16	RRP12	0.704813116	0.641	0.223	1.18e-39	3.1e-35
16	FOLH1	0.702516192	0.89	0.357	2.9099999999999998e-40	7.62e-36
16	DSTN	0.698316802	0.993	0.827	6.25e-32	1.64e-27
16	CNGB3	0.695760086	0.676	0.114	2.2e-95	5.77e-91
16	ANKUB1	0.694903381	0.793	0.4	1.59e-30	4.17e-26
16	GATA2	0.691398002	0.841	0.341	3.31e-38	8.65e-34
16	KIAA1217	0.690421635	0.993	0.731	6.580000000000001e-27	1.72e-22
16	FAM111B	0.69033864	0.69	0.328	2.96e-23	7.76e-19
16	ARHGEF12	0.688294858	0.952	0.735	7.560000000000001e-29	1.98e-24
16	RPL37A	0.684183332	1.0	0.954	1.77e-33	4.63e-29
16	RPL37	0.683755978	1.0	0.951	2.47e-35	6.470000000000001e-31
16	PRAC1	0.683462976	0.979	0.774	3.1699999999999997e-25	8.3e-21
16	HIST1H4H	0.683311261	0.759	0.258	3.6399999999999996e-45	9.51e-41
16	SLC30A4	0.679876142	0.952	0.491	9.84e-31	2.5800000000000002e-26
16	RPL31	0.678385576	0.986	0.831	5.7e-26	1.49e-21
16	HES1	0.67660075	0.952	0.532	1.04e-35	2.7200000000000003e-31
16	PLPP5	0.67619289	0.897	0.501	7.739999999999999e-30	2.02e-25
16	GRHL2	0.672297476	0.972	0.535	1.6e-29	4.19e-25
16	ADAMTSL4-AS1	0.671024439	0.924	0.503	9.470000000000001e-35	2.48e-30
16	ELOVL5	0.669592582	0.917	0.566	1.18e-27	3.08e-23
16	DMXL1	0.669302057	0.993	0.753	1.0200000000000001e-29	2.67e-25
16	ADAMTS1	0.66869584	0.807	0.283	1.38e-43	3.61e-39
16	RPS27	0.666914953	1.0	0.957	6.070000000000001e-31	1.59e-26
16	HEG1	0.666815413	0.593	0.19	8.599999999999999e-38	2.25e-33
16	MIA3	0.665975305	0.821	0.522	7.02e-22	1.84e-17
16	ZFP36L2	0.662181307	0.952	0.637	2.14e-25	5.610000000000001e-21
16	RPS17	0.661996898	1.0	0.868	4.67e-27	1.22e-22
16	MYO1E	0.658184535	0.993	0.63	3.5800000000000004e-31	9.360000000000001e-27
16	GOLGB1	0.658032976	0.903	0.687	5.15e-20	1.35e-15
16	DHRS7	0.655864974	0.938	0.639	1.4e-25	3.660000000000001e-21
16	MLF1	0.654574255	0.821	0.514	3.37e-24	8.81e-20
16	MCL1	0.647938554	0.876	0.573	1.6999999999999997e-23	4.46e-19
16	UBE2D3	0.647490361	0.979	0.827	1.68e-26	4.4e-22
16	RAPGEF2	0.646123846	0.945	0.641	2.7e-25	7.07e-21
16	HMGCS1	0.644056061	0.862	0.523	2.17e-19	5.68e-15
16	ANTXR1	0.643896903	0.986	0.718	1.59e-26	4.16e-22
16	LINC01697	0.639160096	0.683	0.197	2.32e-49	6.08e-45
16	KCNG3	0.636385225	0.786	0.301	4.25e-37	1.1100000000000001e-32
16	NR4A1	0.628589301	0.834	0.398	1.13e-28	2.97e-24
16	SAMD13	0.626750607	0.572	0.128	9.62e-60	2.52e-55
16	ACER2	0.623668384	0.738	0.412	1.69e-19	4.43e-15
16	RC3H1	0.623612252	0.945	0.705	2.8399999999999998e-25	7.44e-21
16	KANK1	0.622948711	0.945	0.483	3.56e-30	9.31e-26
16	TMF1	0.622792759	0.8	0.48	6.17e-22	1.62e-17
16	MIR2052HG	0.621843929	0.724	0.349	2.35e-21	6.15e-17
16	PDCD4	0.616705334	0.924	0.539	1.0600000000000002e-27	2.7599999999999995e-23
16	PCDH7	0.610974599	0.676	0.217	4.05e-39	1.0599999999999999e-34
16	PHKA2	0.608656089	0.793	0.378	2.15e-31	5.6200000000000004e-27
16	FRAS1	0.607063985	0.8	0.369	4.71e-29	1.23e-24
16	NFATC1	0.603164641	0.779	0.304	6.1500000000000005e-37	1.6100000000000002e-32
16	EPB41L5	0.603044451	0.903	0.636	1.56e-22	4.09e-18
16	PCDH11Y	0.600739875	0.6	0.116	9.94e-72	2.6e-67
16	AL691403.1	0.599951773	0.634	0.166	3.42e-53	8.95e-49
16	SHOC2	0.591458589	0.876	0.519	1.54e-23	4.03e-19
16	WNT2B	0.590449816	0.669	0.288	6.36e-27	1.6700000000000001e-22
16	SLC25A27	0.588642409	0.807	0.402	1.19e-25	3.11e-21
16	CSNK1A1	0.587475679	0.952	0.76	1.34e-23	3.5e-19
16	ARHGAP24	0.586878281	0.828	0.424	2.5299999999999998e-24	6.61e-20
16	LINC01037	0.58657647	0.538	0.134	1.05e-46	2.7499999999999997e-42
16	RPL34	0.586544399	1.0	0.936	7.62e-25	2e-20
16	PDSS2	0.58599881	0.945	0.712	1.1e-22	2.88e-18
16	MYO1D	0.584764926	0.993	0.835	3.4099999999999995e-23	8.93e-19
16	SCGB1D2	0.583382345	0.607	0.135	6.0399999999999995e-61	1.58e-56
16	ARHGAP6	0.583046006	0.917	0.518	5.2299999999999995e-24	1.37e-19
16	MDM2	0.58048668	0.931	0.594	9.16e-27	2.4e-22
16	ACLY	0.576159121	0.841	0.564	7.15e-18	1.87e-13
16	ARRDC3	0.572742836	0.772	0.407	4.44e-25	1.16e-20
16	MROH2A	0.570241453	0.938	0.439	9.49e-41	2.48e-36
16	AL589182.1	0.569830208	0.807	0.314	3.54e-34	9.26e-30
16	HGD	0.564935185	0.89	0.424	6.460000000000001e-27	1.69e-22
16	TAX1BP1	0.564619335	0.938	0.733	3.41e-20	8.93e-16
16	DUSP2	0.563286663	0.524	0.15	4.71e-38	1.2300000000000001e-33
16	CLDN3	0.562640847	0.917	0.486	3.1300000000000003e-26	8.2100000000000005e-22
16	AGBL2	0.558059997	0.428	0.063	2.6500000000000002e-73	6.94e-69
16	IL1R1	0.556529861	0.552	0.131	8.549999999999999e-54	2.24e-49
16	CDR2	0.556128435	0.917	0.529	3.26e-26	8.53e-22
16	FAM76A	0.555048288	0.579	0.247	3.37e-24	8.81e-20
16	TESK2	0.554512217	0.966	0.587	1.1499999999999999e-23	3.02e-19
16	TOB1	0.551773476	0.869	0.554	1.64e-20	4.29e-16
16	RBM47	0.551001546	0.986	0.619	5.490000000000001e-21	1.44e-16
16	MED13L	0.548070977	0.972	0.855	2.06e-23	5.4e-19
16	HSPA8	0.546974501	0.966	0.775	1.74e-19	4.56e-15
16	RPS20	0.546662667	1.0	0.919	5.98e-23	1.57e-18
16	GCC2	0.544646379	0.924	0.662	2.03e-20	5.31e-16
16	RCAN3	0.543189297	0.91	0.596	1.6e-20	4.2e-16
16	HS3ST4	0.542604329	0.8	0.304	5.5299999999999996e-34	1.45e-29
16	NPR3	0.541665784	0.71	0.246	3.8399999999999997e-38	1.01e-33
16	HOXB13	0.541559556	0.883	0.478	2.0200000000000003e-21	5.29e-17
16	ZCCHC6	0.540926847	0.814	0.493	4.65e-22	1.22e-17
16	PRKG1	0.54062517	1.0	0.737	3.15e-20	8.25e-16
16	TNFRSF10B	0.538118992	0.49	0.116	3.0999999999999997e-46	8.1e-42
16	TLE1	0.53802446	0.834	0.434	1.0199999999999999e-24	2.66e-20
16	BZW1	0.537570828	0.903	0.709	1.55e-18	4.07e-14
16	NEDD9	0.537415602	0.676	0.284	1.0800000000000001e-27	2.83e-23
16	TMEM67	0.537062851	0.772	0.485	2.48e-15	6.5e-11
16	PDE8B	0.534843176	0.793	0.331	2.9100000000000003e-31	7.62e-27
16	PCMTD1	0.534228022	0.91	0.727	1.53e-17	4e-13
16	NFIX	0.533585967	0.924	0.647	6.89e-18	1.8e-13
16	ELL2	0.529688434	0.91	0.536	3.73e-23	9.77e-19
16	B3GNT6	0.529578886	0.752	0.326	1.05e-26	2.74e-22
16	RPL38	0.529556233	1.0	0.926	2.19e-21	5.73e-17
16	CLU	0.527447645	0.724	0.28	9.07e-32	2.3700000000000003e-27
16	ZBTB21	0.527177109	0.752	0.423	8.34e-20	2.18e-15
16	DUXAP8	0.526082282	0.931	0.634	5.350000000000001e-21	1.4e-16
16	CNN3	0.525709386	0.89	0.612	2.13e-20	5.57e-16
16	SAT1	0.52269217	1.0	0.633	4.45e-26	1.16e-21
16	HSP90AA1	0.518945806	1.0	0.962	1.1799999999999999e-25	3.1000000000000002e-21
16	ANKH	0.518776712	0.938	0.636	4.85e-25	1.27e-20
16	PLEKHG2	0.516750154	0.738	0.315	1.0300000000000001e-29	2.7e-25
16	CAB39	0.514271189	0.917	0.66	7.18e-16	1.88e-11
16	DOCK4	0.513719063	1.0	0.77	5.08e-20	1.33e-15
16	IGFBP3	0.513023033	0.49	0.084	2.5999999999999997e-69	6.8100000000000004e-65
16	RNF144B	0.512970094	0.883	0.396	3.9600000000000003e-29	1.04e-24
16	RFX3	0.509791171	0.993	0.805	1.36e-17	3.55e-13
16	FAM210B	0.508549378	0.731	0.457	2.38e-15	6.23e-11
16	PLPP1	0.507557815	0.972	0.654	8.43e-22	2.21e-17
16	GALNT1	0.50716517	0.938	0.665	1.26e-18	3.3e-14
16	LGALS3	0.506456267	0.8	0.343	1.8900000000000002e-29	4.94e-25
16	FAM135A	0.50640401	0.966	0.607	1.3700000000000001e-27	3.5699999999999997e-23
16	UFSP2	0.504901225	0.807	0.441	1.7799999999999998e-23	4.65e-19
16	RB1CC1	0.50445358	0.952	0.734	1.61e-15	4.22e-11
16	HIST2H2BE	0.503722347	0.545	0.171	5.99e-36	1.5700000000000001e-31
16	YLPM1	0.503721727	0.897	0.671	6.36e-17	1.67e-12
16	HMGCS2	0.502676878	0.414	0.053	4.98e-83	1.3e-78
16	PPP1R15A	0.502466962	0.793	0.456	1.39e-19	3.65e-15
16	GGCX	0.500767017	0.655	0.336	7.09e-21	1.86e-16
16	IQGAP2	0.500475633	0.669	0.29	7.45e-24	1.95e-19
16	UST	0.499818707	0.614	0.294	1.95e-18	5.12e-14
16	BMPR1A	0.499277136	0.841	0.551	9.34e-19	2.45e-14
16	EIF2AK2	0.498394791	0.848	0.59	6.63e-17	1.74e-12
16	PSD3	0.495549185	0.903	0.693	8.01e-15	2.1e-10
16	CAST	0.495428143	0.917	0.537	5.69e-19	1.49e-14
16	CAPN5	0.494980186	0.655	0.282	4.17e-26	1.0900000000000001e-21
16	CA5B	0.494461146	0.731	0.407	6.29e-19	1.65e-14
16	STX19	0.494388444	0.483	0.128	7.19e-39	1.88e-34
16	COCH	0.493861666	0.814	0.457	3.9599999999999997e-23	1.04e-18
16	UBE2E3	0.493348916	0.979	0.853	1.62e-18	4.24e-14
16	GSTCD	0.49222063	0.966	0.649	2e-24	5.23e-20
16	JDP2	0.491929825	0.545	0.14	5.3899999999999996e-45	1.4099999999999999e-40
16	CYTH3	0.489531639	0.779	0.387	5.53e-25	1.45e-20
16	CBR3-AS1	0.489073572	0.786	0.388	2.5600000000000003e-22	6.7e-18
16	CRY1	0.487566292	0.828	0.525	1.37e-14	3.58e-10
16	LIMCH1	0.487162584	0.931	0.497	4.37e-24	1.14e-19
16	LIMA1	0.483095544	0.8	0.502	7.36e-17	1.93e-12
16	FZD7	0.482823894	0.572	0.18	2.14e-36	5.6e-32
16	HIST2H2AA4	0.482219398	0.441	0.073	1.91e-65	5.0099999999999995e-61
16	ZNF462	0.481751477	0.89	0.499	2.7e-23	7.08e-19
16	PCAT1	0.480483254	0.662	0.28	6.08e-26	1.5900000000000002e-21
16	SNRK	0.47962986	0.703	0.404	2.07e-17	5.42e-13
16	PTPRT	0.479537242	0.862	0.431	1.65e-25	4.3100000000000004e-21
16	PSME1	0.47908221	0.876	0.588	1.35e-18	3.53e-14
16	MPP7	0.478508255	0.69	0.31	8.95e-24	2.34e-19
16	NDUFC1	0.478507338	0.89	0.654	6.09e-16	1.6e-11
16	DAAM1	0.477750408	0.924	0.743	7.13e-14	1.87e-09
16	OPHN1	0.476658952	0.855	0.43	4.8599999999999995e-24	1.27e-19
16	NSD3	0.476385928	0.938	0.793	3.23e-13	8.44e-09
16	NWD1	0.475180089	0.662	0.305	6.14e-22	1.61e-17
16	RPL39	0.474193711	1.0	0.947	3.15e-19	8.25e-15
16	BICC1	0.473683463	0.938	0.555	5.82e-17	1.52e-12
16	UBE2E2	0.472781424	0.924	0.611	1.61e-17	4.21e-13
16	ZBBX	0.472376602	0.69	0.242	1.33e-33	3.4800000000000003e-29
16	NOV	0.467932786	0.648	0.265	3.9100000000000004e-26	1.02e-21
16	XBP1	0.467555565	0.697	0.331	2.74e-22	7.18e-18
16	THSD4	0.463855225	0.938	0.662	1.98e-18	5.2e-14
16	NDUFB1	0.463638726	0.917	0.688	1.97e-15	5.16e-11
16	WNK4	0.46359648	0.628	0.277	4.39e-23	1.15e-18
16	NR3C1	0.462009777	0.724	0.32	7.37e-26	1.9300000000000003e-21
16	OCLN	0.46191778	0.807	0.422	2.03e-20	5.32e-16
16	KIAA1324	0.461558926	0.814	0.475	6.17e-19	1.61e-14
16	SEC62	0.460214758	0.89	0.71	1.59e-14	4.16e-10
16	WLS	0.460157664	0.814	0.487	4.59e-17	1.2e-12
16	TAB2	0.459218314	0.876	0.6	2.46e-16	6.43e-12
16	RPL41	0.457265793	1.0	0.98	6.6900000000000006e-21	1.75e-16
16	RAB27B	0.457211829	0.766	0.419	2.62e-20	6.86e-16
16	SON	0.457105308	0.986	0.83	4.61e-18	1.21e-13
16	EPB41L4A	0.456884234	0.897	0.518	1.53e-22	4.01e-18
16	BCLAF1	0.456464395	0.938	0.737	2.05e-13	5.37e-09
16	RPS28	0.454712023	1.0	0.958	2.17e-18	5.68e-14
16	TRIP12	0.454702182	0.966	0.74	1.83e-16	4.79e-12
16	CLEC3A	0.454695914	0.51	0.109	3.25e-51	8.51e-47
16	SORL1	0.454672738	0.841	0.477	1.02e-19	2.67e-15
16	UBC	0.453609025	0.993	0.851	1.67e-16	4.37e-12
16	LINC01285	0.450078842	0.738	0.325	2.3700000000000003e-27	6.209999999999999e-23
16	BCOR	0.450024865	0.841	0.556	4.5e-17	1.18e-12
16	SRSF5	0.449212808	0.917	0.716	1.21e-14	3.17e-10
16	C8orf34	0.442233459	0.731	0.309	1.0099999999999999e-24	2.65e-20
16	TGFB2	0.441516651	0.566	0.172	1.63e-35	4.27e-31
16	STK33	0.440494429	0.628	0.268	4.9e-23	1.28e-18
16	APLP2	0.44042397	0.966	0.804	3.65e-15	9.55e-11
16	PLEKHF2	0.43915717	0.655	0.341	1.86e-18	4.88e-14
16	TRPS1	0.436860787	0.903	0.561	1.53e-17	4e-13
16	EGR3	0.435167205	0.379	0.136	7.13e-18	1.87e-13
16	AC239868.2	0.433549985	0.469	0.113	7.31e-43	1.91e-38
16	TRIM56	0.432494345	0.717	0.387	4.2e-19	1.1e-14
16	RIPK2	0.431073825	0.703	0.333	1.61e-22	4.21e-18
16	FAM214A	0.430141803	0.738	0.461	1.19e-13	3.1e-09
16	DPM1	0.428829963	0.738	0.485	2.07e-14	5.43e-10
16	TACSTD2	0.428060511	0.814	0.388	5.65e-21	1.48e-16
16	KLHL2	0.42759899	0.717	0.394	2.48e-18	6.49e-14
16	AC010168.2	0.427570158	0.455	0.132	8.530000000000001e-32	2.2300000000000003e-27
16	LITAF	0.426708482	0.697	0.407	4.6e-15	1.2e-10
16	CTNNB1	0.426357395	0.952	0.735	5.81e-15	1.52e-10
16	NR5A2	0.425116305	0.517	0.139	1.79e-39	4.68e-35
16	GALNT12	0.424879675	0.517	0.166	1.76e-31	4.61e-27
16	POLG2	0.42435421	0.8	0.428	4.53e-20	1.19e-15
16	SUSD4	0.42376921	0.662	0.313	2.81e-20	7.36e-16
16	SPTSSB	0.423607156	0.641	0.26	1.25e-25	3.2700000000000004e-21
16	MAGI1	0.422331953	1.0	0.822	2.6e-17	6.81e-13
16	AC004917.1	0.421804462	0.359	0.033	9.810000000000001e-107	2.57e-102
16	TC2N	0.421702376	0.6	0.297	4.62e-16	1.21e-11
16	GLI3	0.421685974	0.572	0.198	6.56e-30	1.72e-25
16	MSMO1	0.420039624	0.655	0.332	8.07e-19	2.11e-14
16	TSPAN2	0.419441328	0.517	0.247	1.21e-15	3.18e-11
16	AC138305.1	0.418841497	0.834	0.412	3.5399999999999995e-24	9.27e-20
16	AC068587.6	0.41871432	0.814	0.457	1.32e-19	3.45e-15
16	YWHAE	0.418525023	0.986	0.89	6.26e-16	1.64e-11
16	XDH	0.418242153	0.469	0.204	8.89e-17	2.33e-12
16	PPM1L	0.418045902	0.745	0.358	1.1500000000000002e-21	3e-17
16	NECTIN2	0.417760643	0.724	0.44	4.8e-15	1.26e-10
16	ZNF217	0.417502469	0.841	0.396	7.769999999999999e-23	2.03e-18
16	ROCK1	0.415824241	0.938	0.752	1.58e-14	4.15e-10
16	ARFGEF3	0.415580343	0.945	0.705	1.77e-14	4.64e-10
16	ZC3HAV1	0.415225551	0.669	0.325	2.55e-19	6.67e-15
16	ICAM1	0.414461822	0.448	0.139	3.6500000000000004e-27	9.549999999999999e-23
16	OST4	0.414419948	0.862	0.712	6.42e-10	1.68e-05
16	HSPD1	0.414196403	0.952	0.752	2.3e-12	6.03e-08
16	BBX	0.413859922	0.938	0.734	5.18e-12	1.36e-07
16	BRD2	0.413659208	0.869	0.642	4.78e-15	1.25e-10
16	TMEM123	0.413272756	0.897	0.606	1.06e-15	2.77e-11
16	MMP26	0.412715054	0.586	0.183	5.51e-33	1.44e-28
16	WWC2	0.412328295	0.683	0.346	5.49e-19	1.44e-14
16	CLCN3	0.412206831	0.855	0.583	2.34e-13	6.12e-09
16	GSKIP	0.412069371	0.6	0.275	5.480000000000001e-21	1.43e-16
16	EHF	0.411764765	0.71	0.33	4.0600000000000004e-21	1.06e-16
16	COL9A1	0.411573479	0.462	0.089	3.3699999999999994e-54	8.82e-50
16	ZG16B	0.411195475	0.634	0.293	2.86e-20	7.48e-16
16	STK38L	0.411188271	0.69	0.367	5.18e-18	1.36e-13
16	TPM1	0.41075004	0.869	0.614	2.4e-15	6.29e-11
16	TBC1D4	0.410333851	0.614	0.294	1.35e-17	3.53e-13
16	SLC7A2	0.410263177	0.655	0.251	2.3800000000000002e-27	6.229999999999999e-23
16	WWTR1	0.409793548	0.766	0.405	2.59e-19	6.78e-15
16	ABHD2	0.409303513	0.841	0.492	1.13e-17	2.95e-13
16	NUDT4	0.408983758	0.89	0.514	5.03e-20	1.32e-15
16	TMCO1	0.408472248	0.917	0.701	3.38e-13	8.84e-09
16	SLC12A2	0.40788149	0.938	0.585	3.47e-21	9.07e-17
16	BRINP3	0.407533311	0.6	0.209	7.61e-29	1.99e-24
16	PARD3B	0.406788445	0.945	0.559	2.88e-16	7.55e-12
16	CPQ	0.405855784	0.917	0.605	4.5e-19	1.18e-14
16	FLJ20021	0.405226816	0.586	0.301	1.13e-14	2.97e-10
16	LRBA	0.404436899	1.0	0.886	6.58e-16	1.72e-11
16	SPECC1	0.404191996	0.862	0.514	1.85e-17	4.84e-13
16	TMEM254	0.404121159	0.793	0.46	1.88e-17	4.93e-13
16	TOGARAM1	0.40305679	0.828	0.586	1.29e-11	3.38e-07
16	ZNF577	0.402537835	0.717	0.436	2.83e-14	7.42e-10
16	RHPN2	0.40136727	0.834	0.463	2.89e-17	7.56e-13
16	BASP1	0.399566411	0.966	0.755	4.83e-11	1.27e-06
16	IQGAP1	0.399336067	0.897	0.663	4.49e-13	1.18e-08
16	C5orf42	0.39855759	0.862	0.6	1.42e-14	3.72e-10
16	NDUFB4	0.398208905	0.897	0.715	6.71e-11	1.76e-06
16	NORAD	0.39813298	0.759	0.536	1.72e-11	4.49e-07
16	ERCC1	0.398066232	0.841	0.542	3.71e-14	9.72e-10
16	ST13	0.396901453	0.834	0.612	9.49e-13	2.48e-08
16	HSPA1B	0.396883291	0.786	0.376	1e-23	2.63e-19
16	CNST	0.395363656	0.752	0.493	3.71e-11	9.7e-07
16	DRAIC	0.395272731	0.621	0.323	2.22e-16	5.81e-12
16	FAM84B	0.394466204	0.559	0.232	9.509999999999999e-23	2.49e-18
16	CPNE3	0.392938783	0.848	0.631	2.82e-11	7.39e-07
16	CRIP1	0.391933045	0.559	0.24	1.57e-19	4.1e-15
16	DDX5	0.390946086	0.993	0.952	3.49e-16	9.12e-12
16	LCOR	0.390408981	0.786	0.539	3.62e-12	9.47e-08
16	DNAH8	0.389784608	0.993	0.752	9.06e-18	2.37e-13
16	RDH11	0.386666799	0.876	0.544	1.28e-16	3.34e-12
16	ATP5I	0.385890511	0.938	0.787	2.55e-11	6.66e-07
16	ZFAND5	0.385767138	0.848	0.606	2.05e-11	5.37e-07
16	ALDH6A1	0.385622876	0.49	0.255	9.69e-13	2.54e-08
16	ZNF680	0.385575391	0.917	0.584	1.42e-16	3.72e-12
16	ANXA11	0.38544172	0.821	0.467	3.04e-16	7.97e-12
16	GADD45B	0.385097898	0.772	0.355	9.719999999999999e-24	2.54e-19
16	AC009478.1	0.38497632	1.0	0.529	1.2800000000000001e-27	3.35e-23
16	CCDC173	0.384173015	0.655	0.369	1.23e-14	3.22e-10
16	CDC37L1	0.383909342	0.621	0.363	4.81e-13	1.26e-08
16	DNAJC27	0.383450957	0.497	0.264	1.09e-11	2.84e-07
16	SUPT3H	0.383382603	0.848	0.646	3.81e-11	9.97e-07
16	VPS13B	0.383306374	0.966	0.851	9.89e-13	2.59e-08
16	ZNF503	0.382656575	0.766	0.517	1.57e-12	4.1e-08
16	SEPT10	0.381913775	0.648	0.317	2.01e-17	5.27e-13
16	SPRY1	0.381223039	0.469	0.177	6.45e-22	1.69e-17
16	DNAJA1	0.381125975	0.972	0.796	1.45e-13	3.81e-09
16	ALDH3A2	0.380807781	0.738	0.426	2.63e-16	6.9e-12
16	HLA-B	0.380792887	0.89	0.516	5.23e-15	1.37e-10
16	NEAT1	0.380624848	1.0	0.964	1.34e-20	3.5e-16
16	MYO7A	0.380484453	0.483	0.154	2.84e-28	7.429999999999999e-24
16	TSPAN15	0.380385439	0.876	0.493	7.62e-17	1.99e-12
16	MYH10	0.380265008	0.931	0.733	7.45e-12	1.95e-07
16	TJP1	0.379394877	0.8	0.525	3.95e-13	1.03e-08
16	NGLY1	0.379040187	0.772	0.473	7.87e-15	2.06e-10
16	TOMM7	0.378179662	0.959	0.808	5.32e-09	0.000139161
16	PCYOX1	0.37731501	0.6	0.356	3.04e-13	7.97e-09
16	PA2G4	0.374520217	0.848	0.597	6.83e-13	1.79e-08
16	MLXIP	0.373443091	0.572	0.291	3.91e-15	1.02e-10
16	CNOT6L	0.372709867	0.69	0.442	5.67e-11	1.48e-06
16	CD47	0.372619528	0.848	0.643	4.65e-12	1.22e-07
16	ZBTB38	0.370965042	0.703	0.437	2.46e-13	6.43e-09
16	APPL2	0.37096222	0.828	0.587	9.82e-11	2.57e-06
16	ELF3	0.370714443	0.772	0.401	4.34e-18	1.14e-13
16	SNHG14	0.368767713	0.972	0.803	6.32e-12	1.65e-07
16	STAT1	0.367937321	0.683	0.413	6.15e-14	1.61e-09
16	RAD51B	0.367000949	0.993	0.759	2.2e-15	5.76e-11
16	COX7C	0.366093397	0.986	0.842	4.99e-11	1.31e-06
16	CYP39A1	0.366077493	0.648	0.255	1.47e-25	3.850000000000001e-21
16	KLHL15	0.365220883	0.552	0.248	1.54e-18	4.02e-14
16	ARHGAP5	0.364036825	0.876	0.707	8.99e-12	2.35e-07
16	GARNL3	0.363931003	0.8	0.438	9.4e-18	2.46e-13
16	HNRNPLL	0.363833397	0.779	0.525	2.99e-11	7.82e-07
16	PARP14	0.363794405	0.731	0.368	9.6e-18	2.51e-13
16	MT-ND3	0.363377448	1.0	0.995	2.62e-13	6.86e-09
16	EML5	0.363231246	0.69	0.303	5.2699999999999997e-23	1.38e-18
16	MICU1	0.363105203	0.993	0.874	1.61e-13	4.21e-09
16	SMIM14	0.363105051	0.876	0.623	1.26e-12	3.3e-08
16	SH3RF2	0.363101066	0.421	0.139	1.5199999999999998e-23	3.98e-19
16	NEDD1	0.362945261	0.559	0.35	2.04e-09	5.33e-05
16	NLGN1	0.362078764	1.0	0.897	1.58e-14	4.14e-10
16	BCAS1	0.361904058	0.545	0.212	7.98e-22	2.09e-17
16	MIR99AHG	0.361110068	0.979	0.671	2.6899999999999997e-24	7.04e-20
16	TGOLN2	0.360598529	0.766	0.492	3.15e-12	8.25e-08
16	COL2A1	0.360437546	0.697	0.279	3.5599999999999995e-24	9.31e-20
16	ERRFI1	0.359164592	0.821	0.429	2.77e-20	7.25e-16
16	MIPOL1	0.358653231	0.862	0.613	8.49e-12	2.22e-07
16	PPOX	0.357921413	0.386	0.121	5.0999999999999995e-24	1.34e-19
16	ARHGAP29	0.357756513	0.834	0.427	2.84e-17	7.44e-13
16	SYCP2	0.357304862	0.717	0.398	2.85e-15	7.46e-11
16	MARCH3	0.356556413	0.786	0.442	1e-17	2.62e-13
16	MYH9	0.356436418	0.897	0.615	1.92e-10	5.04e-06
16	SPTLC3	0.35632423	0.655	0.261	1.2e-24	3.13e-20
16	NSUN7	0.355780225	0.662	0.38	1.98e-12	5.18e-08
16	SNHG19	0.355282524	0.552	0.282	1.58e-14	4.12e-10
16	SLC19A2	0.355236887	0.628	0.359	9.3e-12	2.44e-07
16	HOPX	0.355157924	0.628	0.248	1.3299999999999999e-24	3.48e-20
16	PPARD	0.354836858	0.593	0.292	6.95e-16	1.82e-11
16	CD83	0.354691641	0.448	0.156	2.0600000000000001e-22	5.38e-18
16	ZFAND6	0.35458007	0.848	0.667	7.36e-10	1.93e-05
16	RAB27A	0.353271023	0.634	0.32	1.95e-16	5.09e-12
16	RPGR	0.353102674	0.524	0.256	1.53e-14	4.01e-10
16	WWC1	0.35277742	0.841	0.539	1.79e-14	4.67e-10
16	ZNF440	0.352172026	0.545	0.277	5.59e-14	1.46e-09
16	ABCA1	0.351869584	0.648	0.28	7.25e-21	1.9e-16
16	GNG12	0.35161982	0.552	0.235	5.79e-19	1.52e-14
16	TNFSF15	0.351094114	0.386	0.082	1.18e-38	3.1e-34
16	MPPED2	0.350784727	0.759	0.429	1.33e-14	3.49e-10
16	USF3	0.350761535	0.524	0.267	1.17e-14	3.06e-10
16	SDC2	0.350693566	0.883	0.498	9.75e-24	2.55e-19
16	CRYM	0.350481168	0.469	0.197	1.61e-17	4.22e-13
16	ROMO1	0.349587069	0.828	0.705	2.6e-07	0.00681675
16	GPRC5A	0.349472978	0.503	0.146	2.8000000000000002e-33	7.320000000000001e-29
16	RPL27A	0.349468972	0.945	0.773	3.92e-09	0.000102687
16	USP40	0.349281518	0.786	0.455	3.72e-16	9.74e-12
16	ANTXR2	0.349225106	0.772	0.422	4.21e-16	1.1e-11
16	GPATCH2	0.349192301	0.841	0.62	7.9e-11	2.07e-06
16	PABPC1	0.349159353	0.979	0.872	4.39e-12	1.15e-07
16	CCDC186	0.349003485	0.655	0.361	3.77e-15	9.87e-11
16	SOX9	0.348315013	0.807	0.514	7.47e-13	1.95e-08
16	ARHGAP28	0.34794657	0.738	0.349	1.09e-20	2.87e-16
16	CD164	0.34753844	0.752	0.545	1.5e-09	3.94e-05
16	LINC00278	0.347316862	0.559	0.236	9.01e-19	2.36e-14
16	RSPH3	0.347296041	0.579	0.325	3.74e-12	9.79e-08
16	SEC23B	0.347212144	0.559	0.365	3.5e-09	9.15e-05
16	ZBTB20	0.346387187	0.986	0.87	1.34e-13	3.51e-09
16	MYL12A	0.344607847	0.903	0.636	2.95e-13	7.73e-09
16	TLN2	0.34444765	0.51	0.243	7.89e-14	2.07e-09
16	CFAP54	0.343592797	0.745	0.385	2.77e-17	7.26e-13
16	CDK19	0.342980343	0.972	0.766	2.41e-13	6.32e-09
16	SNIP1	0.342458642	0.524	0.303	2.02e-10	5.29e-06
16	TMEM87A	0.341693341	0.91	0.776	1.59e-09	4.16e-05
16	EHBP1	0.3410641	0.945	0.756	7.56e-10	1.98e-05
16	RTN1	0.340739055	0.917	0.57	9.36e-18	2.45e-13
16	DDX3X	0.340731879	0.779	0.594	1.1e-08	0.000286779
16	COLEC12	0.339523728	0.8	0.445	1.16e-14	3.04e-10
16	GPR137B	0.339473071	0.545	0.308	3.39e-11	8.88e-07
16	CTTNBP2NL	0.338774132	0.731	0.47	6.48e-12	1.7e-07
16	KLF2	0.338283526	0.593	0.311	1.42e-13	3.71e-09
16	PPCS	0.337943189	0.6	0.358	1.88e-11	4.92e-07
16	AL365295.1	0.337827483	0.641	0.349	8.04e-14	2.11e-09
16	SNHG9	0.337602337	0.745	0.443	4.72e-15	1.24e-10
16	DDI2	0.335638473	0.731	0.448	1.16e-12	3.05e-08
16	C2CD3	0.335578006	0.848	0.566	2.82e-14	7.39e-10
16	ZSWIM6	0.335305371	0.979	0.809	3.98e-12	1.04e-07
16	SUCLG2	0.335081311	0.828	0.521	1.93e-14	5.06e-10
16	CALU	0.334874558	0.8	0.586	6.24e-10	1.63e-05
16	GRIK4	0.334028032	0.621	0.283	3.1e-18	8.12e-14
16	ELMSAN1	0.333556505	0.579	0.331	1.65e-11	4.32e-07
16	GAN	0.332636896	0.607	0.285	1.5e-18	3.92e-14
16	RORB	0.332461854	0.883	0.46	1.98e-20	5.17e-16
16	SHANK2	0.332065437	0.814	0.446	7.21e-17	1.89e-12
16	DEK	0.33192096	0.972	0.818	2.37e-09	6.2e-05
16	PNRC1	0.331755107	0.779	0.554	6.07e-10	1.59e-05
16	PLD5	0.331628816	0.621	0.273	4.35e-20	1.14e-15
16	PHYHD1	0.331056041	0.303	0.072	3.47e-27	9.079999999999999e-23
16	RFC1	0.330811503	0.814	0.589	4.21e-09	0.000110282
16	ASTL	0.330707215	0.379	0.051	1.32e-69	3.4600000000000002e-65
16	NDUFA3	0.330610064	0.759	0.54	3.21e-10	8.41e-06
16	CYSTM1	0.329706965	0.821	0.608	1.94e-09	5.08e-05
16	SLC31A1	0.329456159	0.634	0.392	1.08e-11	2.83e-07
16	MT-ATP8	0.329349166	0.966	0.742	7.09e-15	1.85e-10
16	RPS21	0.329104949	1.0	0.942	3.13e-10	8.2e-06
16	ITGA6	0.329074921	0.655	0.36	7.32e-14	1.92e-09
16	MAF	0.328264574	0.697	0.378	4.34e-15	1.14e-10
16	PAPOLA	0.328151408	0.938	0.69	1.11e-10	2.91e-06
16	MIF	0.327930695	0.634	0.423	2.23e-08	0.000583621
16	KRT80	0.327913975	0.324	0.093	4.46e-22	1.17e-17
16	ZKSCAN1	0.327604729	0.883	0.672	4.99e-10	1.31e-05
16	CNFN	0.327120632	0.538	0.295	5.37e-12	1.4e-07
16	IGBP1	0.32648026	0.676	0.439	7.73e-10	2.02e-05
16	TMEM192	0.326231948	0.531	0.319	2.81e-10	7.35e-06
16	NET1	0.324824221	0.766	0.498	5.95e-12	1.56e-07
16	CYTH1	0.324593505	0.89	0.61	2.44e-12	6.39e-08
16	MT-ND4L	0.32371704	0.986	0.765	7.1e-15	1.86e-10
16	EFL1	0.32353621	0.662	0.439	5.8e-09	0.000151706
16	IFT57	0.322984744	0.772	0.49	1.13e-11	2.95e-07
16	C11orf54	0.32183009	0.51	0.29	3.46e-10	9.05e-06
16	TCEAL4	0.321533346	0.841	0.597	3.12e-11	8.16e-07
16	BECN1	0.321304716	0.621	0.387	1.06e-10	2.78e-06
16	C4orf47	0.321297713	0.697	0.352	1.2e-17	3.15e-13
16	KRTCAP2	0.321273044	0.648	0.424	3.63e-10	9.5e-06
16	EEF1A1	0.321172513	1.0	0.976	1.08e-13	2.84e-09
16	ALDH9A1	0.320983939	0.593	0.365	3.71e-10	9.72e-06
16	TAOK3	0.320550155	0.779	0.47	8.87e-14	2.32e-09
16	HNRNPC	0.319442063	0.986	0.923	8.92e-12	2.33e-07
16	PPIG	0.31921547	0.883	0.702	1.82e-10	4.76e-06
16	DDX3Y	0.319192563	0.641	0.39	4.81e-12	1.26e-07
16	LMAN1	0.318890636	0.738	0.52	9.26e-11	2.42e-06
16	EMP2	0.31879658	0.745	0.496	5.15e-10	1.35e-05
16	SVIL	0.318627159	0.979	0.73	4.66e-13	1.22e-08
16	RND3	0.318338544	0.683	0.377	6.91e-15	1.81e-10
16	TANC1	0.318255509	0.731	0.433	1.71e-12	4.49e-08
16	SLC10A1	0.317759819	0.497	0.211	1.93e-17	5.05e-13
16	ACTR2	0.31758041	0.834	0.651	6.69e-08	0.001752268
16	TMEM159	0.317339936	0.497	0.232	8.23e-15	2.15e-10
16	HIST1H2BE	0.317226518	0.517	0.205	1.05e-19	2.74e-15
16	LTBP2	0.316408081	0.372	0.111	3.36e-24	8.8e-20
16	RPL36	0.315631315	1.0	0.924	1.2e-09	3.14e-05
16	ZNF518B	0.315289507	0.566	0.291	7.62e-15	1.99e-10
16	IRF1	0.315238015	0.566	0.25	4.34e-18	1.14e-13
16	SGMS2	0.31522336	0.669	0.273	1.5099999999999998e-23	3.95e-19
16	KIAA0825	0.314727503	0.6	0.247	1.14e-20	2.98e-16
16	G3BP2	0.314628896	0.89	0.705	5.99e-09	0.000156814
16	PIK3C2A	0.313882246	0.662	0.432	6.59e-10	1.73e-05
16	ALKBH5	0.313792627	0.448	0.299	2.21e-05	0.577854147
16	ZNF83	0.313489439	0.855	0.661	9.3e-09	0.000243494
16	ZBTB10	0.313106527	0.772	0.469	1.08e-14	2.82e-10
16	GPAT3	0.312942778	0.476	0.202	1.69e-16	4.43e-12
16	B3GNT5	0.312418376	0.49	0.249	2.05e-11	5.37e-07
16	POLR2L	0.312098414	0.738	0.582	4.93e-07	0.012917129
16	PTP4A1	0.311626796	0.641	0.429	9.17e-10	2.4e-05
16	PNRC2	0.310965753	0.717	0.513	1.17e-08	0.000306683
16	AC011379.1	0.310861076	0.317	0.079	3.72e-27	9.739999999999999e-23
16	STEAP4	0.310576809	0.483	0.184	1.19e-19	3.12e-15
16	ADNP	0.310183676	0.917	0.779	1.23e-09	3.23e-05
16	SMYD3	0.309783348	0.993	0.895	6.43e-11	1.68e-06
16	CREB3L1	0.309249355	0.386	0.127	3.0700000000000002e-21	8.03e-17
16	ACOXL	0.308819933	0.71	0.419	2.12e-12	5.54e-08
16	ADRB2	0.307939832	0.497	0.187	1.44e-20	3.76e-16
16	RPL35A	0.307418479	0.993	0.918	1.5e-09	3.92e-05
16	PAG1	0.307278216	0.614	0.365	1.67e-11	4.36e-07
16	LUADT1	0.30715996	0.455	0.148	4.7499999999999994e-24	1.24e-19
16	AHNAK	0.307040509	0.869	0.48	8.27e-14	2.17e-09
16	PPP1R9A	0.306967497	0.807	0.51	6.47e-12	1.69e-07
16	TCEAL9	0.306856107	0.779	0.614	2.41e-07	0.00631341
16	PGM2L1	0.305518543	0.834	0.552	1.36e-12	3.55e-08
16	ATL3	0.305474031	0.641	0.376	1.08e-11	2.83e-07
16	SLC37A1	0.305017388	0.807	0.552	2.4e-11	6.29e-07
16	ZNF704	0.30496428	1.0	0.87	4.42e-11	1.16e-06
16	GABRG3	0.304868965	0.641	0.279	7.49e-20	1.96e-15
16	CPT1A	0.304856731	0.628	0.337	4.43e-14	1.16e-09
16	TLE3	0.303964491	0.628	0.368	2.75e-12	7.21e-08
16	OXCT1	0.303778183	0.821	0.55	5.88e-12	1.54e-07
16	RIPK4	0.303765518	0.386	0.146	8.26e-17	2.16e-12
16	LETM2	0.303616866	0.393	0.157	4.06e-15	1.06e-10
16	TRGJP	0.303485012	0.51	0.148	4.1000000000000005e-31	1.07e-26
16	UQCRB	0.303165674	0.966	0.823	3.61e-09	9.45e-05
16	ESYT1	0.302724554	0.545	0.309	7.81e-11	2.04e-06
16	ZFHX3	0.302243797	0.821	0.529	1.19e-11	3.1e-07
16	ATP2C2	0.300542816	0.648	0.297	4.5e-18	1.18e-13
16	AFF4	0.300457023	0.931	0.757	6.2e-10	1.62e-05
16	MUC12	0.300412087	0.545	0.202	2.6299999999999998e-23	6.88e-19
16	AFG3L2	0.300307771	0.648	0.435	2.02e-09	5.29e-05
16	PAPPA	0.29936469	0.469	0.166	2.21e-22	5.79e-18
16	SGMS1	0.299319831	0.897	0.679	2.68e-08	0.000702027
16	ARHGAP26	0.299247163	0.738	0.395	2.55e-16	6.68e-12
16	CYBRD1	0.29920148	0.469	0.199	8.4e-17	2.2e-12
16	HNRNPH1	0.298521585	0.959	0.819	2.87e-10	7.52e-06
16	NEK7	0.297846561	0.703	0.509	1.71e-07	0.004465576
16	TOR1AIP1	0.29783204	0.641	0.379	4.96e-12	1.3e-07
16	SLC25A36	0.297610222	0.786	0.552	8.79e-10	2.3e-05
16	NMD3	0.297356134	0.593	0.342	1.72e-11	4.51e-07
16	RPL7	0.297326606	1.0	0.904	8.42e-10	2.2e-05
16	MYLK	0.296976118	0.49	0.191	9.88e-20	2.59e-15
16	TRMT12	0.29683202	0.414	0.166	1.23e-16	3.22e-12
16	RGS10	0.296091751	0.6	0.318	2.28e-12	5.98e-08
16	MCF2L2	0.296052211	0.503	0.224	1.74e-15	4.55e-11
16	AZIN1	0.295861082	0.8	0.586	2.63e-09	6.88e-05
16	PROS1	0.295657144	0.483	0.222	3.01e-14	7.88e-10
16	CD9	0.294501502	0.848	0.626	6.62e-09	0.000173167
16	HRCT1	0.294430901	0.269	0.034	6.67e-55	1.75e-50
16	FAM111A	0.293781289	0.6	0.313	7.45e-14	1.95e-09
16	TRA2B	0.293175101	0.883	0.681	2.39e-10	6.26e-06
16	REST	0.292525349	0.621	0.296	2.58e-16	6.75e-12
16	TBL1Y	0.292313949	0.51	0.226	5.47e-16	1.43e-11
16	AC004009.1	0.29201956	0.448	0.183	2.52e-16	6.6e-12
16	RNF213	0.291657567	0.862	0.633	4.57e-10	1.2e-05
16	BBOF1	0.291553106	0.545	0.27	2.84e-14	7.45e-10
16	RGCC	0.29137795	0.331	0.08	4.4600000000000004e-29	1.17e-24
16	STK17A	0.291329185	0.552	0.308	7.42e-11	1.94e-06
16	EGFR	0.29129789	0.703	0.382	1.8e-13	4.7e-09
16	AGBL4	0.291254368	0.972	0.788	5.41e-08	0.001415528
16	PATJ	0.291118731	0.986	0.79	1.43e-11	3.73e-07
16	AGR2	0.28972444	0.745	0.234	1.56e-41	4.0900000000000004e-37
16	XIAP	0.289198887	0.724	0.486	8.13e-10	2.13e-05
16	SYN3	0.289019788	0.524	0.239	5.2e-15	1.36e-10
16	SCAF11	0.288795104	0.869	0.695	5.44e-08	0.001422978
16	OSMR	0.288298751	0.372	0.149	1.42e-14	3.72e-10
16	HSPB1	0.288196719	0.897	0.676	2.54e-11	6.64e-07
16	HSPA1A	0.28795391	0.959	0.545	6.58e-26	1.72e-21
16	SNX9	0.286910262	0.821	0.604	2.36e-09	6.17e-05
16	ABHD12	0.286891006	0.862	0.593	3.42e-10	8.96e-06
16	TFDP2	0.285519799	0.89	0.669	1.86e-09	4.88e-05
16	HSP90AB1	0.284609772	1.0	0.917	5.42e-10	1.42e-05
16	AL360012.1	0.284123317	0.338	0.091	1.74e-24	4.56e-20
16	AC091271.1	0.283788043	0.503	0.237	1.13e-14	2.96e-10
16	CMTM6	0.2835223	0.676	0.407	9.55e-11	2.5e-06
16	MINDY2	0.283277131	0.752	0.518	6.06e-10	1.59e-05
16	SPR	0.283239577	0.428	0.174	9.35e-17	2.45e-12
16	ARID4A	0.283158993	0.772	0.502	1.25e-11	3.27e-07
16	ARL6IP5	0.282723984	0.697	0.54	3.74e-06	0.097880315
16	MLEC	0.282467641	0.766	0.592	1.68e-07	0.004392754
16	PPM1K	0.282444022	0.662	0.391	4.44e-11	1.16e-06
16	ATP6V1D	0.282042004	0.697	0.497	1.76e-08	0.000459466
16	AMOTL1	0.281690755	0.903	0.648	2.03e-11	5.3e-07
16	TMEM65	0.281552959	0.676	0.47	1.4e-07	0.003662808
16	SLFN5	0.281391475	0.614	0.353	5.35e-11	1.4e-06
16	GTF3C1	0.281292432	0.731	0.488	6.97e-10	1.83e-05
16	CBR1	0.281144967	0.69	0.434	7.21e-10	1.89e-05
16	SLC2A12	0.280986402	0.434	0.155	3.79e-20	9.92e-16
16	ZC2HC1A	0.280979469	0.8	0.584	8.08e-09	0.000211494
16	TNFRSF21	0.280915753	0.641	0.328	1.81e-14	4.73e-10
16	DMKN	0.280358215	0.566	0.348	1.8e-08	0.00047042
16	SH2D4A	0.280207273	0.386	0.186	8.38e-11	2.19e-06
16	AL121790.1	0.279620829	0.8	0.353	2.66e-22	6.97e-18
16	REPS2	0.278985455	0.434	0.188	3.42e-14	8.96e-10
16	HLTF	0.278849282	0.841	0.616	2.04e-07	0.005328095
16	MAT2B	0.278776436	0.448	0.199	1.52e-14	3.98e-10
16	CMBL	0.27860036	0.586	0.347	1.49e-10	3.89e-06
16	NCOA3	0.278472028	0.945	0.69	3.35e-11	8.76e-07
16	AHI1	0.278155072	0.938	0.794	1.96e-08	0.000513705
16	AC097480.1	0.278006059	0.683	0.22	3.03e-32	7.93e-28
16	KTN1	0.277626256	0.897	0.767	7.51e-08	0.001965448
16	MAT2A	0.277583807	0.745	0.573	3.48e-07	0.009111969
16	VPS13C	0.277309175	0.834	0.611	1.01e-08	0.000265144
16	PPA2	0.277279927	0.952	0.683	1.92e-11	5.04e-07
16	HOXA13	0.277140854	0.407	0.18	3.88e-13	1.02e-08
16	ULK4	0.276755798	0.621	0.392	1.23e-08	0.000322004
16	PSEN1	0.276239794	0.766	0.53	7.47e-10	1.96e-05
16	APMAP	0.276123236	0.517	0.313	1.37e-08	0.000358992
16	RNF139	0.276052011	0.51	0.274	4.88e-11	1.28e-06
16	ARL13B	0.275350379	0.703	0.503	4.13e-06	0.108114513
16	NOTCH2	0.275233683	0.6	0.3	1.02e-14	2.66e-10
16	ALDH1A2	0.275016626	0.517	0.235	6.76e-15	1.77e-10
16	DPM3	0.27453914	0.628	0.443	5.3e-07	0.013875074
16	CEBPZ	0.27431989	0.717	0.427	7.6e-13	1.99e-08
16	C1orf132	0.273992619	0.483	0.24	4.74e-12	1.24e-07
16	CTNND1	0.273530004	0.828	0.577	2.26e-10	5.9e-06
16	BCAS2	0.27342338	0.641	0.486	1.7e-06	0.044627809
16	HNRNPU	0.273261795	0.959	0.83	2.68e-07	0.007003949
16	CBR3	0.273056171	0.683	0.345	9.29e-15	2.43e-10
16	SLC3A1	0.272633447	0.6	0.265	1.88e-17	4.93e-13
16	SLFN13	0.272338804	0.697	0.427	1.6e-11	4.18e-07
16	KIF5B	0.27219518	0.91	0.766	1.62e-08	0.000423378
16	RBM22	0.271871862	0.524	0.341	3.42e-07	0.008964812
16	ERGIC1	0.271349447	0.655	0.382	8.06e-11	2.11e-06
16	H3F3B	0.271294736	1.0	0.933	1.65e-08	0.00043287
16	CNBD1	0.270969603	0.269	0.067	2.13e-21	5.57e-17
16	AP002495.1	0.270599741	0.593	0.338	7.57e-11	1.98e-06
16	ATL2	0.270593695	0.683	0.468	6.49e-08	0.001699697
16	HIBADH	0.270264978	0.793	0.556	1.92e-08	0.000501796
16	PTPRF	0.270091173	0.759	0.546	1.58e-08	0.000412893
16	ADAMTSL3	0.269682757	0.586	0.274	4.03e-16	1.05e-11
16	TSPAN13	0.26939941	0.566	0.377	1.8e-07	0.004706755
16	LRRC9	0.268581382	0.49	0.196	9.04e-18	2.37e-13
16	C15orf48	0.268437527	0.759	0.334	1.57e-22	4.12e-18
16	SCYL2	0.268341632	0.738	0.511	5.2e-08	0.001361587
16	EIF3L	0.267948959	0.572	0.373	7.77e-08	0.002034357
16	AHCYL1	0.267446032	0.752	0.579	1.77e-06	0.046207621
16	HOMER2	0.26644366	0.745	0.498	2.19e-09	5.73e-05
16	TXNIP	0.26628049	0.91	0.656	2.48e-11	6.5e-07
16	PARP9	0.266061939	0.579	0.31	8.14e-12	2.13e-07
16	SCCPDH	0.265746379	0.71	0.488	3.95e-07	0.010350783
16	MALAT1	0.265628	1.0	0.999	0.000462961	1.0
16	LINC01297	0.264448438	0.572	0.224	5.36e-20	1.4e-15
16	HDLBP	0.264198839	0.89	0.693	1.67e-07	0.004363368
16	C9orf85	0.264188785	0.669	0.407	2.7e-11	7.08e-07
16	AC090092.1	0.263473901	0.428	0.156	1.03e-18	2.71e-14
16	GPC4	0.263459593	0.434	0.208	4.6e-12	1.2e-07
16	CENPC	0.263398864	0.648	0.433	1.85e-07	0.00483178
16	WBP11	0.263360163	0.683	0.52	7.04e-07	0.018418318
16	UACA	0.263199573	0.621	0.356	6.81e-11	1.78e-06
16	CDKN2B	0.262682531	0.469	0.221	4.81e-13	1.26e-08
16	CWH43	0.26250108	0.51	0.241	1.83e-13	4.8e-09
16	EBLN3P	0.262314816	0.614	0.427	2.8e-07	0.007328632
16	ELK4	0.262101449	0.648	0.4	3.22e-10	8.42e-06
16	ZNF487	0.261640502	0.497	0.237	1.25e-13	3.27e-09
16	STRN	0.26161534	0.724	0.48	3.97e-10	1.04e-05
16	FOSL2	0.261493716	0.455	0.208	1.43e-13	3.74e-09
16	RBM43	0.261224276	0.352	0.139	3.34e-14	8.73e-10
16	PREPL	0.260757281	0.752	0.543	1.89e-08	0.000495505
16	SMIM15	0.260558904	0.586	0.408	3.52e-07	0.009218542
16	BTBD3	0.259953377	0.724	0.467	2.31e-10	6.04e-06
16	NT5DC1	0.259952607	0.779	0.549	5.72e-08	0.001497769
16	FAM120A	0.259726991	0.8	0.594	1.86e-08	0.000486295
16	H1F0	0.259356637	0.772	0.514	3.4e-09	8.9e-05
16	UBE2V1	0.259345667	0.414	0.13	5.56e-24	1.45e-19
16	LDLR	0.259177494	0.476	0.239	2.64e-11	6.92e-07
16	ATP12A	0.259110708	0.269	0.043	8.16e-40	2.14e-35
16	KCNIP4	0.259061549	0.276	0.114	4.43e-10	1.16e-05
16	NIPAL3	0.259018809	0.828	0.578	5.87e-10	1.54e-05
16	CASC19	0.258979866	0.428	0.18	1.75e-14	4.59e-10
16	FASTKD1	0.258483002	0.566	0.363	2.56e-08	0.000668808
16	AC020916.1	0.257891957	0.483	0.244	1.33e-11	3.48e-07
16	TMEM30B	0.257791346	0.393	0.178	2.97e-12	7.77e-08
16	VTI1B	0.257782713	0.566	0.329	6.33e-10	1.66e-05
16	TTTY14	0.257609415	0.897	0.694	5.97e-08	0.001561465
16	ICK	0.257465532	0.497	0.256	6.67e-12	1.75e-07
16	GREB1	0.257214256	0.517	0.232	9.04e-15	2.37e-10
16	N4BP1	0.25668932	0.538	0.345	4.74e-07	0.012414786
16	SERTAD2	0.256686344	0.69	0.403	2.74e-12	7.18e-08
16	EXOC1	0.256647406	0.641	0.431	1.76e-08	0.000459738
16	H2AFJ	0.256487855	0.779	0.451	2.78e-12	7.27e-08
16	HS2ST1	0.255880722	0.834	0.635	4.69e-08	0.001228271
16	IFRD1	0.255764917	0.883	0.556	1.1e-15	2.89e-11
16	IQANK1	0.255587356	0.586	0.276	4.07e-16	1.07e-11
16	RASD1	0.254762029	0.476	0.188	1.4e-17	3.67e-13
16	DUSP6	0.254752374	0.469	0.242	2.2e-10	5.76e-06
16	COPB1	0.254674438	0.669	0.45	8.2e-09	0.000214659
16	DTX3L	0.25466557	0.462	0.221	1.38e-12	3.62e-08
16	ZNF804B	0.254457686	0.324	0.064	3.3100000000000003e-35	8.65e-31
16	DAPK1	0.254389217	0.628	0.339	4.71e-12	1.23e-07
16	HLA-C	0.254038021	0.848	0.522	1.73e-10	4.52e-06
16	BOLA1	0.253857876	0.497	0.254	1.87e-11	4.9e-07
16	AMOTL2	0.253803424	0.4	0.174	2.23e-13	5.84e-09
16	RAB31	0.253644137	0.421	0.167	7.2e-16	1.88e-11
16	AJ006995.1	0.253526813	0.283	0.063	6.49e-27	1.7e-22
16	SOBP	0.253317044	0.772	0.47	5.6e-11	1.47e-06
16	CEP70	0.252728641	0.759	0.519	2.78e-09	7.29e-05
16	BAIAP2	0.252600243	0.724	0.426	1.63e-11	4.27e-07
16	TAF1A	0.251823717	0.31	0.139	3.09e-10	8.1e-06
16	CSPP1	0.250986928	0.876	0.683	1.46e-07	0.003821097
16	PGM3	0.25098143	0.607	0.378	2.41e-08	0.000630402
16	HIST1H2BD	0.250785697	0.731	0.341	2.8e-19	7.33e-15
16	CANX	0.25071818	0.91	0.731	8.63e-07	0.022589841
16	FAM162A	0.250507892	0.848	0.621	1.64e-08	0.000429197
16	SEC16A	0.250465361	0.6	0.385	3.94e-08	0.001032301
16	TRAM1	0.250265771	0.779	0.591	2.88e-06	0.075438033
16	TCEA3	0.250207416	0.69	0.407	4.86e-11	1.27e-06
16	LDHB	0.250116251	0.766	0.565	1.1e-07	0.002878461
17	COL3A1	5.635358021	0.953	0.008	0.0	0.0
17	COL1A1	5.076465089	0.914	0.054	0.0	0.0
17	COL1A2	4.37664849	0.914	0.129	1.55e-196	4.06e-192
17	COL6A1	4.005265119	0.945	0.183	7.71e-160	2.02e-155
17	LUM	3.493930547	0.773	0.009	0.0	0.0
17	SPARC	3.471862563	0.844	0.016	0.0	0.0
17	VIM	3.012612083	0.953	0.47	1.67e-64	4.38e-60
17	COL5A2	2.96467857	0.766	0.054	1.38e-299	3.61e-295
17	DCN	2.855753921	0.664	0.007	0.0	0.0
17	COL6A3	2.684512666	0.688	0.014	0.0	0.0
17	COL6A2	2.608821603	0.844	0.221	4.7e-101	1.23e-96
17	LGALS1	2.600167122	0.883	0.41	3.8000000000000003e-59	9.94e-55
17	TIMP1	2.544473825	0.805	0.033	0.0	0.0
17	SLC26A7	2.508814841	0.484	0.03	4.09e-201	1.07e-196
17	CAV1	2.354316084	0.727	0.073	8.04e-198	2.11e-193
17	AL357507.1	2.348217967	0.391	0.005	0.0	0.0
17	POSTN	2.340382177	0.531	0.006	0.0	0.0
17	CALD1	2.268937623	0.969	0.569	8.61e-62	2.2500000000000001e-57
17	MGP	2.268662887	0.562	0.097	1.35e-78	3.5199999999999997e-74
17	CTGF	2.231691937	0.492	0.055	8.84e-111	2.31e-106
17	FN1	2.204954032	0.719	0.332	1.31e-34	3.44e-30
17	TCF4	2.155995624	0.734	0.264	1.5599999999999998e-54	4.08e-50
17	BNC2	2.098468704	0.633	0.047	1.1799999999999998e-225	3.09e-221
17	TPM1	2.094876655	0.844	0.614	2.59e-31	6.79e-27
17	PDE3A	2.015910749	0.422	0.095	5.99e-42	1.5700000000000002e-37
17	PLAC9	1.99504753	0.602	0.05	1.1e-191	2.87e-187
17	KRT17	1.992642875	0.281	0.077	7.43e-20	1.94e-15
17	PRRX1	1.972373393	0.398	0.001	0.0	0.0
17	COL5A1	1.870339561	0.641	0.114	4.36e-94	1.1399999999999999e-89
17	COL12A1	1.847587049	0.531	0.039	7.509999999999999e-188	1.96e-183
17	ROR1	1.834345525	0.617	0.053	8.36e-189	2.19e-184
17	HMGA2	1.748355814	0.531	0.008	0.0	0.0
17	RUNX1	1.744688084	0.781	0.317	2.54e-49	6.659999999999999e-45
17	SAMD4A	1.741841876	0.805	0.355	7.6e-40	1.99e-35
17	CCL2	1.730623479	0.305	0.05	9.95e-42	2.61e-37
17	S100A6	1.719684217	0.906	0.598	1.3e-30	3.39e-26
17	TWIST2	1.717229282	0.391	0.003	0.0	0.0
17	BGN	1.685256093	0.523	0.018	0.0	0.0
17	S100A10	1.600582575	0.914	0.574	9.070000000000001e-35	2.3699999999999997e-30
17	BICC1	1.587317485	0.906	0.555	6.019999999999999e-40	1.57e-35
17	TNFAIP6	1.585199132	0.305	0.001	0.0	0.0
17	CDK6	1.580386331	0.57	0.055	8.69e-151	2.28e-146
17	PCOLCE	1.579245364	0.586	0.071	3.65e-126	9.55e-122
17	DKK1	1.569097995	0.508	0.087	7.28e-70	1.91e-65
17	CDH11	1.553909186	0.523	0.015	0.0	0.0
17	IGFBP7	1.540948939	0.477	0.016	0.0	0.0
17	TAGLN	1.536069031	0.32	0.031	5.4599999999999995e-81	1.43e-76
17	ANXA5	1.531973243	0.82	0.533	7.18e-39	1.88e-34
17	LMO4	1.531853132	0.609	0.513	3.3e-11	8.63e-07
17	PMEPA1	1.502517431	0.688	0.49	4.88e-18	1.28e-13
17	ANXA1	1.49854069	0.711	0.283	6.1e-38	1.6e-33
17	COL15A1	1.488374653	0.453	0.003	0.0	0.0
17	CLMP	1.484467979	0.562	0.076	2.42e-104	6.33e-100
17	GLIS3	1.479048928	0.508	0.176	8.93e-29	2.34e-24
17	TNC	1.468888218	0.32	0.068	5.9e-32	1.5400000000000002e-27
17	CYR61	1.464127183	0.641	0.32	1.7799999999999998e-23	4.65e-19
17	SLIT3	1.457857174	0.5	0.147	2.97e-36	7.770000000000001e-32
17	KCNQ5	1.441995629	0.523	0.082	9.13e-78	2.3900000000000002e-73
17	TNS3	1.432605886	0.695	0.354	3.3100000000000004e-26	8.65e-22
17	MAML2	1.417527016	0.797	0.343	6.200000000000001e-43	1.62e-38
17	ZFPM2-AS1	1.41130784	0.328	0.004	0.0	0.0
17	ARHGAP24	1.408578817	0.594	0.425	4.47e-10	1.17e-05
17	SEPT11	1.401984429	0.781	0.543	1.58e-25	4.15e-21
17	SFRP1	1.390997392	0.445	0.088	8.22e-54	2.15e-49
17	COL14A1	1.373742058	0.398	0.027	3.45e-151	9.02e-147
17	MYL12A	1.365878149	0.836	0.636	1.9600000000000003e-21	5.13e-17
17	NPAS3	1.325999545	0.578	0.346	1.12e-15	2.94e-11
17	ACTA2	1.321822911	0.352	0.026	5.08e-117	1.33e-112
17	EDNRA	1.31927859	0.336	0.006	0.0	0.0
17	SERPINE1	1.310597294	0.375	0.158	1.16e-13	3.03e-09
17	MSRB3	1.293047528	0.461	0.029	9e-185	2.36e-180
17	TWIST1	1.287568912	0.609	0.168	4.6099999999999996e-54	1.21e-49
17	PEAK1	1.286158468	0.633	0.397	3.5e-17	9.17e-13
17	SERPINH1	1.284413735	0.617	0.216	1.6799999999999999e-40	4.39e-36
17	VCAN	1.265660338	0.523	0.104	1.82e-57	4.78e-53
17	INHBA	1.262493547	0.438	0.063	1.1300000000000001e-70	2.96e-66
17	FBLN1	1.252209312	0.438	0.238	2.59e-12	6.79e-08
17	EPB41L2	1.239400699	0.609	0.181	2.3699999999999998e-48	6.21e-44
17	FGFR1	1.238443008	0.578	0.364	1.65e-15	4.32e-11
17	THY1	1.222196427	0.406	0.07	6.910000000000001e-56	1.81e-51
17	RERG	1.212436454	0.414	0.196	6.42e-14	1.68e-09
17	CLU	1.211381078	0.531	0.28	8.62e-15	2.26e-10
17	NEDD1	1.206595644	0.555	0.35	2.14e-13	5.61e-09
17	MIR4435-2HG	1.197598951	0.531	0.12	4.51e-52	1.18e-47
17	TMTC1	1.195923176	0.391	0.19	5.14e-12	1.35e-07
17	COL4A2	1.193732263	0.391	0.017	6.74e-227	1.76e-222
17	S100A4	1.186786265	0.391	0.052	2.7100000000000002e-70	7.100000000000001e-66
17	EMP3	1.184309653	0.531	0.148	1.27e-43	3.33e-39
17	PREX2	1.182483406	0.383	0.058	4.1900000000000005e-59	1.0999999999999998e-54
17	IER3	1.174213144	0.367	0.13	4.55e-19	1.19e-14
17	PARD3B	1.161582456	0.852	0.559	9.85e-22	2.58e-17
17	ABCA1	1.159681208	0.547	0.281	5.42e-17	1.42e-12
17	PMP22	1.15900545	0.484	0.09	1.8499999999999998e-60	4.84e-56
17	HLA-A	1.147977014	0.781	0.508	4.61e-27	1.21e-22
17	TMSB10	1.141732772	0.945	0.854	3.37e-20	8.82e-16
17	PRKG1	1.137732947	0.875	0.737	1.1e-14	2.88e-10
17	TGFBI	1.131538882	0.336	0.031	1.1899999999999999e-89	3.11e-85
17	S100A11	1.129415355	0.859	0.586	1.95e-25	5.100000000000001e-21
17	CEBPD	1.129073702	0.602	0.281	9.68e-21	2.53e-16
17	ZEB2	1.123989752	0.391	0.068	2.28e-51	5.96e-47
17	HLA-B	1.112737556	0.867	0.516	1.27e-26	3.3100000000000003e-22
17	GLI3	1.108448256	0.562	0.198	1.09e-32	2.86e-28
17	ZEB1	1.104446413	0.75	0.378	8.990000000000001e-26	2.35e-21
17	SLC24A3	1.096904055	0.414	0.218	1.43e-10	3.74e-06
17	MIR100HG	1.094813417	0.523	0.143	7.7e-42	2.02e-37
17	WWTR1	1.09456083	0.625	0.405	1.53e-13	4.02e-09
17	ANXA2	1.092442225	0.914	0.695	1.82e-26	4.77e-22
17	FRMD6	1.081553238	0.547	0.201	3.4499999999999996e-30	9.040000000000001e-26
17	NNMT	1.079237319	0.383	0.024	6.44e-157	1.69e-152
17	B2M	1.076233587	0.922	0.811	1.67e-24	4.38e-20
17	CD63	1.071438899	0.906	0.821	2.29e-27	5.99e-23
17	CYTOR	1.069474268	0.469	0.131	2.6999999999999997e-34	7.07e-30
17	ELN	1.063866388	0.453	0.164	3.7999999999999995e-23	9.93e-19
17	COL4A1	1.062639201	0.344	0.01	1.2e-302	3.14e-298
17	RFLNB	1.060170788	0.422	0.116	4.42e-32	1.16e-27
17	GLI2	1.05917137	0.453	0.131	5.41e-33	1.42e-28
17	TLL1	1.053964147	0.289	0.008	1.96e-273	5.14e-269
17	NFKB1	1.037803568	0.422	0.246	7.87e-09	0.000206031
17	ZNF521	1.035322579	0.312	0.016	1.77e-154	4.6399999999999997e-150
17	LY6E	1.035164999	0.43	0.169	8.21e-21	2.15e-16
17	GAS7	1.034701626	0.484	0.118	1.36e-43	3.55e-39
17	COLEC12	1.028144507	0.672	0.446	3.88e-16	1.02e-11
17	FBN2	1.025940364	0.375	0.102	4.3500000000000006e-27	1.14e-22
17	COL24A1	1.023580994	0.25	0.077	2.43e-15	6.35e-11
17	CTHRC1	1.020667726	0.547	0.263	1.54e-19	4.03e-15
17	MT2A	1.019612149	0.797	0.672	5.73e-14	1.5e-09
17	SERPINE2	1.015063343	0.367	0.158	1.44e-13	3.78e-09
17	MRC2	1.010563338	0.469	0.179	3.6699999999999995e-24	9.61e-20
17	CD55	1.003257662	0.469	0.099	1.03e-50	2.69e-46
17	AKAP13	0.998111925	0.797	0.635	1.19e-19	3.12e-15
17	PELI1	0.974454898	0.555	0.385	2.57e-09	6.72e-05
17	AHNAK	0.963993898	0.727	0.48	7.61e-17	1.99e-12
17	SMARCA2	0.961595519	0.609	0.354	7.67e-18	2.01e-13
17	GALNT13	0.961594093	0.398	0.175	8.22e-14	2.15e-09
17	MFAP2	0.95179212	0.484	0.172	1.09e-27	2.86e-23
17	PCDH7	0.950041468	0.539	0.217	1.78e-21	4.67e-17
17	HDAC9	0.943034198	0.664	0.585	1.88e-07	0.004924256
17	NFATC2	0.942759296	0.578	0.347	4.18e-10	1.09e-05
17	MYL9	0.941417074	0.398	0.192	1.39e-12	3.65e-08
17	TUBB	0.941374723	0.852	0.731	8.32e-16	2.18e-11
17	PRICKLE1	0.937031509	0.383	0.064	1.68e-52	4.3999999999999996e-48
17	CREB5	0.932875062	0.516	0.247	1.08e-16	2.83e-12
17	KIF26B	0.930583459	0.43	0.178	5.74e-16	1.5e-11
17	CYP26B1	0.923985733	0.281	0.016	5.62e-121	1.47e-116
17	MSX1	0.918236254	0.367	0.14	1.9e-17	4.97e-13
17	IGFBP3	0.914713754	0.258	0.085	9.68e-14	2.53e-09
17	DDR2	0.911139947	0.391	0.068	1.6999999999999997e-52	4.4399999999999995e-48
17	CALU	0.908730177	0.727	0.586	1.77e-17	4.64e-13
17	FNDC3B	0.90795873	0.711	0.556	8.77e-13	2.3e-08
17	ANKRD28	0.9061033	0.641	0.591	3.54e-06	0.092749414
17	RPS27L	0.903317361	0.703	0.597	5.22e-11	1.37e-06
17	LTBP2	0.891319953	0.383	0.111	2.5600000000000002e-26	6.69e-22
17	PLXNC1	0.889528683	0.391	0.101	2.5e-31	6.55e-27
17	LOX	0.888185637	0.359	0.01	0.0	0.0
17	PCDH18	0.886599513	0.32	0.013	9.259999999999999e-204	2.42e-199
17	LGALS3	0.88559758	0.672	0.344	3.67e-20	9.61e-16
17	CUBN	0.885415912	0.375	0.064	2.64e-51	6.91e-47
17	TPM4	0.88385586	0.641	0.406	4.98e-12	1.3e-07
17	PCSK5	0.881166953	0.516	0.309	4.58e-11	1.2e-06
17	PPIB	0.879138739	0.828	0.712	2.91e-17	7.61e-13
17	PLXDC2	0.875924205	0.547	0.343	7.76e-11	2.03e-06
17	KCNIP1	0.872475351	0.258	0.029	9.03e-55	2.36e-50
17	FAT1	0.871632974	0.602	0.43	2.14e-11	5.59e-07
17	SH3BGRL3	0.869740305	0.609	0.449	2.11e-11	5.52e-07
17	FAM110B	0.867841342	0.57	0.326	3.97e-14	1.04e-09
17	F2R	0.866518252	0.359	0.073	1.43e-39	3.73e-35
17	LAPTM4A	0.865917858	0.688	0.586	2.66e-12	6.97e-08
17	PTCH1	0.864113105	0.383	0.219	3.03e-09	7.92e-05
17	ADGRL2	0.861668871	0.406	0.101	8.93e-34	2.3400000000000002e-29
17	MT-ATP8	0.858435666	0.93	0.742	5.03e-24	1.32e-19
17	PDE4D	0.85786624	0.859	0.729	4.9e-14	1.28e-09
17	ITGB1	0.8481087	0.852	0.759	1.99e-20	5.21e-16
17	PPFIBP1	0.847232501	0.547	0.311	7.42e-15	1.94e-10
17	LDHB	0.844601322	0.672	0.565	2.26e-11	5.91e-07
17	PPIC	0.842717224	0.5	0.198	1.4099999999999999e-24	3.69e-20
17	CRIM1	0.841712957	0.617	0.569	0.000589699	1.0
17	APOD	0.83776382	0.289	0.065	5.130000000000001e-27	1.34e-22
17	EGFR	0.835114995	0.625	0.382	7.18e-15	1.88e-10
17	TRPS1	0.832903629	0.664	0.562	7.85e-06	0.205432444
17	UBASH3B	0.82787132	0.383	0.195	3.64e-10	9.54e-06
17	DCBLD2	0.827091758	0.492	0.39	5.3e-06	0.138849746
17	COL16A1	0.825537263	0.32	0.028	9.12e-91	2.39e-86
17	CCDC80	0.822353709	0.344	0.013	6.07e-224	1.5899999999999998e-219
17	PLS3	0.822078717	0.312	0.059	1.82e-36	4.77e-32
17	RRBP1	0.816765436	0.711	0.448	7.43e-19	1.94e-14
17	BMP7	0.812443056	0.328	0.13	3.01e-14	7.89e-10
17	CACHD1	0.807494289	0.438	0.18	2.01e-17	5.26e-13
17	PGRMC1	0.803671771	0.555	0.438	2.98e-06	0.077965646
17	OAF	0.803555507	0.297	0.035	1.27e-59	3.32e-55
17	ARHGAP29	0.802213903	0.711	0.427	4.73e-15	1.24e-10
17	IL32	0.801069586	0.336	0.071	1.16e-32	3.05e-28
17	MTRNR2L8	0.798882905	0.789	0.536	4.59e-16	1.2e-11
17	MT-ND3	0.797641195	1.0	0.995	2.5000000000000002e-21	6.54e-17
17	ZFP36L1	0.795810047	0.867	0.515	1.8e-19	4.71e-15
17	FAP	0.79574775	0.352	0.006	0.0	0.0
17	MSN	0.792110443	0.477	0.251	6.48e-14	1.69e-09
17	GSN	0.790825994	0.477	0.199	3.65e-20	9.56e-16
17	LPAR1	0.790245505	0.391	0.111	3.69e-27	9.67e-23
17	TNFAIP3	0.788034212	0.25	0.094	6.02e-11	1.57e-06
17	TIMP2	0.787798548	0.602	0.518	8.16e-08	0.002136405
17	STK32B	0.786706924	0.305	0.043	9.11e-51	2.39e-46
17	EMP1	0.784495889	0.367	0.066	2.51e-44	6.58e-40
17	UNC5B	0.78187371	0.398	0.147	6.59e-20	1.72e-15
17	DUSP1	0.776156007	0.672	0.485	2.29e-09	5.99e-05
17	RBMS1	0.775991503	0.656	0.446	3.5e-12	9.16e-08
17	CNN3	0.768289547	0.742	0.612	3.32e-13	8.69e-09
17	GLIS1	0.765176	0.289	0.039	2.76e-49	7.22e-45
17	ICAM1	0.764579192	0.266	0.139	1.47e-06	0.038388452
17	TMSB4X	0.763939038	0.93	0.836	1.3e-11	3.39e-07
17	SNTB1	0.763498092	0.305	0.139	1.8e-09	4.71e-05
17	UACA	0.761467258	0.5	0.356	2.05e-07	0.005370323
17	NID1	0.760889166	0.445	0.164	1.07e-21	2.81e-17
17	RASSF8	0.759151963	0.648	0.434	1.63e-11	4.27e-07
17	SAMD3	0.756601131	0.32	0.052	3.9e-44	1.02e-39
17	MT-ND5	0.75267291	0.984	0.95	2.08e-21	5.44e-17
17	CKAP4	0.752651762	0.492	0.272	4.24e-14	1.11e-09
17	LTBP1	0.751193055	0.68	0.402	2.23e-16	5.84e-12
17	MT-ND4L	0.750517635	0.953	0.766	1.85e-18	4.84e-14
17	IGFBP5	0.746968486	0.68	0.456	4.78e-10	1.25e-05
17	CAVIN1	0.746458245	0.523	0.221	7.55e-22	1.98e-17
17	GJA1	0.745058312	0.289	0.033	1.96e-60	5.14e-56
17	PAM	0.743740187	0.812	0.494	6.15e-24	1.61e-19
17	MMP2	0.743386632	0.359	0.013	9.51e-244	2.49e-239
17	THSD4	0.741421115	0.758	0.663	6.88e-05	1.0
17	ARL4C	0.739440579	0.383	0.298	0.000726488	1.0
17	SH3RF3	0.738469633	0.328	0.058	1.82e-41	4.77e-37
17	APBB2	0.737785086	0.68	0.588	3.64e-07	0.009536731
17	ANGPT1	0.735614154	0.312	0.024	1.18e-97	3.08e-93
17	OLFML3	0.734426533	0.266	0.013	2.3299999999999998e-135	6.1e-131
17	RAI14	0.733421079	0.562	0.386	1.58e-09	4.13e-05
17	IGFBP4	0.731662323	0.344	0.095	3.81e-24	9.96e-20
17	AXL	0.731154318	0.297	0.012	5.7900000000000005e-179	1.51e-174
17	AHR	0.729831858	0.328	0.024	2.82e-114	7.370000000000001e-110
17	PDGFRA	0.728461151	0.273	0.024	3.8600000000000004e-77	1.0100000000000001e-72
17	DGKI	0.722098949	0.297	0.067	5.6500000000000005e-27	1.48e-22
17	SEPT7	0.721991136	0.82	0.774	1.59e-13	4.15e-09
17	OLFM2	0.718445745	0.398	0.277	5.64e-06	0.147550181
17	DPT	0.715287514	0.289	0.002	0.0	0.0
17	ADAM12	0.715207755	0.32	0.179	5.49e-07	0.014375237
17	TRABD2B	0.711574257	0.281	0.013	3.57e-150	9.34e-146
17	FBN1	0.711210857	0.508	0.304	8.61e-10	2.25e-05
17	ETS1	0.706458219	0.352	0.069	3.87e-39	1.01e-34
17	ACTN1	0.705779126	0.594	0.452	5.9e-08	0.001545485
17	CDKN3	0.70275786	0.398	0.248	4.23e-06	0.110816198
17	ASPH	0.700639587	0.719	0.622	3.19e-10	8.35e-06
17	GAS1	0.700041498	0.305	0.073	2.9300000000000003e-26	7.67e-22
17	PDE5A	0.698879058	0.414	0.29	1.76e-05	0.459816382
17	ANO6	0.697724829	0.609	0.428	3.93e-11	1.03e-06
17	LRP1	0.694086753	0.398	0.132	4.2199999999999997e-23	1.11e-18
17	IFITM3	0.691177091	0.312	0.018	6.63e-139	1.7399999999999999e-134
17	LOXL2	0.690129123	0.312	0.06	2.66e-35	6.970000000000001e-31
17	ITGAV	0.68889958	0.602	0.458	2.59e-07	0.006767197
17	CAMK1D	0.687830791	0.617	0.579	0.000696791	1.0
17	HES1	0.686503725	0.672	0.533	1e-06	0.026225816
17	FOXD1	0.681999396	0.297	0.031	2.35e-69	6.14e-65
17	IQGAP2	0.676778012	0.453	0.29	9.26e-08	0.002423213
17	SUGCT	0.673085162	0.484	0.337	3.29e-07	0.008616775
17	WIPF1	0.672915316	0.547	0.376	6.02e-09	0.000157587
17	PTGFRN	0.672793955	0.383	0.167	2.43e-14	6.35e-10
17	GLS	0.672439892	0.625	0.521	7.17e-07	0.018769368
17	FLI1	0.668990907	0.258	0.003	0.0	0.0
17	RPS29	0.668223148	0.984	0.92	5.6e-19	1.46e-14
17	SMOC2	0.662748146	0.344	0.21	8.69e-06	0.227358561
17	CAV2	0.662642102	0.344	0.021	1.0399999999999999e-140	2.7199999999999997e-136
17	OSMR	0.661599505	0.344	0.149	7.1e-12	1.86e-07
17	SDC2	0.656284599	0.805	0.499	5.14e-19	1.35e-14
17	SSPN	0.655609903	0.297	0.038	1.8e-54	4.72e-50
17	CNN2	0.654897579	0.297	0.082	1.95e-21	5.1e-17
17	HLA-C	0.650186887	0.742	0.522	2.14e-10	5.61e-06
17	PDGFRB	0.649856022	0.258	0.007	1.7299999999999998e-241	4.53e-237
17	ACTB	0.648338885	0.953	0.923	5.73e-08	0.001500936
17	NRP2	0.647187614	0.312	0.05	6.32e-44	1.65e-39
17	GXYLT2	0.646793495	0.289	0.028	1.29e-71	3.37e-67
17	ADCY2	0.644350113	0.656	0.504	2.51e-08	0.000655893
17	SNAI2	0.64389497	0.305	0.027	4.44e-84	1.1600000000000001e-79
17	TCF7L1	0.642732628	0.461	0.244	1.26e-12	3.29e-08
17	EPS8	0.642437881	0.672	0.616	1.11e-06	0.029076227
17	KLF2	0.64189965	0.391	0.311	0.003716894	1.0
17	CABLES1	0.641229076	0.344	0.15	3.06e-11	8.01e-07
17	EML1	0.640357573	0.367	0.281	0.000473594	1.0
17	GEM	0.636515124	0.305	0.23	0.004431553	1.0
17	TSPAN5	0.630667577	0.625	0.369	6.06e-13	1.59e-08
17	COL13A1	0.630051403	0.25	0.047	6.67e-29	1.74e-24
17	LAMA4	0.628635135	0.289	0.045	5.69e-42	1.49e-37
17	ZFHX3	0.627076313	0.625	0.53	4.62e-06	0.120970652
17	ATP5E	0.626067854	0.922	0.882	5.21e-14	1.36e-09
17	KDELR2	0.625948423	0.602	0.493	8.27e-08	0.00216369
17	PTGFR	0.625883809	0.281	0.053	9.84e-32	2.5800000000000004e-27
17	CSRP2	0.624617802	0.32	0.124	2.42e-13	6.33e-09
17	RPS17	0.624393348	0.93	0.868	5.35e-11	1.4e-06
17	APCDD1	0.62303126	0.266	0.084	3.03e-15	7.93e-11
17	FAM114A1	0.621621587	0.523	0.366	1.92e-08	0.000502122
17	LHFPL2	0.62161152	0.336	0.159	6.05e-10	1.58e-05
17	FOS	0.618541887	0.906	0.807	2.49e-06	0.065294541
17	ASPM	0.610607307	0.328	0.213	0.000148964	1.0
17	NHS	0.610323613	0.422	0.266	8.71e-07	0.022805212
17	MRPS6	0.608570743	0.469	0.413	0.002487026	1.0
17	FLNA	0.608436754	0.414	0.271	1.42e-06	0.037181181
17	YBX3	0.608044393	0.539	0.314	4.6e-12	1.21e-07
17	MYC	0.607276256	0.305	0.211	0.000734897	1.0
17	PXDN	0.607238922	0.453	0.248	1.82e-11	4.76e-07
17	ACTR2	0.606785283	0.703	0.652	3.68e-07	0.009626624
17	NOTCH2	0.605732867	0.438	0.3	1.73e-06	0.045300098
17	PRRX2	0.60423381	0.25	0.042	3.13e-33	8.19e-29
17	PLCG2	0.601907028	0.695	0.399	5.24e-18	1.37e-13
17	CSRNP3	0.601313884	0.438	0.303	4.32e-05	1.0
17	RNF150	0.599832184	0.344	0.168	5.06e-09	0.000132422
17	DNM3	0.598813813	0.508	0.403	0.000243183	1.0
17	MKX	0.596916629	0.258	0.07	3.82e-18	9.99e-14
17	ITM2C	0.595626102	0.508	0.392	2.72e-06	0.071115939
17	NXN	0.593387196	0.539	0.462	1.37e-05	0.357609191
17	GRIK2	0.593299747	0.375	0.302	0.003246798	1.0
17	ADAM22	0.59149486	0.406	0.3	0.000151273	1.0
17	LBH	0.590899374	0.578	0.447	4.38e-07	0.0114526
17	CDKN2A	0.588707015	0.727	0.662	1.12e-08	0.000291973
17	ZNF106	0.583257336	0.617	0.542	2.11e-05	0.551790074
17	HSP90B1	0.582451424	0.867	0.802	8.14e-13	2.13e-08
17	CCDC88A	0.581072671	0.656	0.509	3.31e-07	0.008671359
17	GPX8	0.579005911	0.344	0.072	5.220000000000001e-35	1.37e-30
17	HRH1	0.575949862	0.25	0.052	6.39e-25	1.67e-20
17	PRR16	0.574284667	0.477	0.215	6.91e-14	1.81e-09
17	SPRY1	0.572123712	0.312	0.177	1.08e-06	0.028274049
17	CTSZ	0.570561806	0.453	0.314	3.64e-07	0.009531839
17	CPNE8	0.570237344	0.391	0.205	1.04e-09	2.71e-05
17	TPBG	0.569969963	0.375	0.23	5.13e-07	0.013428833
17	LIFR	0.568383852	0.406	0.32	0.002250585	1.0
17	ITPR2	0.567441945	0.43	0.236	9.2e-10	2.41e-05
17	GNG12	0.567020945	0.453	0.235	5.05e-12	1.32e-07
17	AGR2	0.565820578	0.422	0.235	5.85e-07	0.015310061
17	ANTXR1	0.564586174	0.906	0.718	5.61e-12	1.47e-07
17	ARHGAP28	0.563048006	0.469	0.349	2.04e-05	0.534814306
17	NUAK1	0.562831623	0.305	0.087	2.78e-20	7.28e-16
17	NFKBIA	0.562250163	0.5	0.423	0.001154959	1.0
17	CYBRD1	0.560817523	0.398	0.199	6.3e-11	1.65e-06
17	CCND1	0.560429336	0.289	0.07	2.2199999999999997e-23	5.82e-19
17	IGF1R	0.559950711	0.484	0.347	1.91e-06	0.049993406
17	PSMB9	0.559630282	0.375	0.187	1.86e-10	4.86e-06
17	TANC1	0.557940597	0.5	0.434	0.001601118	1.0
17	NFE2L2	0.557725365	0.586	0.471	1.36e-07	0.003561403
17	CD109	0.555208019	0.422	0.24	9.58e-09	0.000250791
17	MAP1B	0.553618493	0.883	0.696	1.69e-10	4.42e-06
17	AMPH	0.550173351	0.398	0.237	1.36e-06	0.035504324
17	JUNB	0.549413449	0.711	0.682	0.000629172	1.0
17	TRIB2	0.548119111	0.336	0.149	2.04e-11	5.33e-07
17	AC020916.1	0.547680129	0.359	0.245	0.000120605	1.0
17	FRMD4B	0.547452036	0.539	0.402	1.3e-05	0.339749727
17	COL8A2	0.545410974	0.258	0.049	1.38e-29	3.61e-25
17	DDAH1	0.545025028	0.57	0.502	0.001055912	1.0
17	ST5	0.54274123	0.367	0.249	0.000114426	1.0
17	ARPC2	0.542205531	0.766	0.719	1.61e-08	0.000421624
17	PDLIM1	0.541601341	0.305	0.115	2.9e-13	7.6e-09
17	PSAP	0.540256866	0.875	0.851	2.4e-07	0.006270745
17	HLA-E	0.539712875	0.484	0.37	6.65e-05	1.0
17	KIAA1211	0.537776854	0.594	0.485	2.64e-06	0.069151221
17	DCLK1	0.535609801	0.492	0.381	0.000367214	1.0
17	ELOVL5	0.534965003	0.609	0.567	0.006075476	1.0
17	P4HA1	0.534453141	0.906	0.788	1.43e-12	3.75e-08
17	RPS20	0.534398261	0.977	0.92	1.35e-09	3.53e-05
17	GNB4	0.534263238	0.367	0.165	1.62e-12	4.24e-08
17	PAG1	0.533726196	0.484	0.366	3.16e-05	0.825826478
17	TMEM158	0.5306684	0.258	0.067	4.65e-19	1.22e-14
17	CENPE	0.530576399	0.281	0.197	0.002256661	1.0
17	NREP	0.530520944	0.516	0.444	0.000698114	1.0
17	PTPN14	0.529067801	0.664	0.418	1.19e-10	3.11e-06
17	HSPA5	0.527841651	0.578	0.582	0.008570449	1.0
17	KIRREL1	0.52742185	0.344	0.078	5.960000000000001e-32	1.5600000000000002e-27
17	ADAMTS9	0.526759588	0.266	0.114	4.66e-09	0.000122088
17	ARHGAP42	0.526287726	0.32	0.178	1.22e-06	0.031930274
17	SH3GL3	0.523925837	0.281	0.113	2.08e-10	5.45e-06
17	QKI	0.522097265	0.688	0.639	1.46e-06	0.038268508
17	SMAD3	0.521759723	0.453	0.32	5.42e-06	0.141932032
17	FRMD4A	0.521627523	0.617	0.579	0.000550003	1.0
17	TNS1	0.51969894	0.281	0.081	3.94e-18	1.03e-13
17	MXRA8	0.518659317	0.25	0.017	6.069999999999999e-91	1.59e-86
17	CD44	0.518480292	0.367	0.246	8.57e-05	1.0
17	HSPB1	0.51823804	0.844	0.676	1e-08	0.000262254
17	RCN1	0.514351977	0.492	0.324	2.55e-08	0.000668345
17	KIF5B	0.514338039	0.836	0.766	1.52e-08	0.000398947
17	NR4A3	0.513942785	0.297	0.191	0.000151596	1.0
17	EEA1	0.513605921	0.633	0.558	3.14e-06	0.082317559
17	SPRED1	0.513546479	0.336	0.21	1.86e-05	0.486557643
17	PFN1	0.512811405	0.844	0.769	2.83e-08	0.00074004
17	MARCKS	0.511202169	0.898	0.814	5.41e-07	0.014156725
17	FKBP9	0.510751003	0.398	0.262	3.62e-06	0.09465511
17	VDAC1	0.510438512	0.688	0.65	1.5e-05	0.391598485
17	FERMT2	0.509453732	0.578	0.456	1.05e-06	0.027521972
17	CASK	0.50900099	0.625	0.626	0.006307498	1.0
17	PRKCE	0.508267329	0.492	0.359	9.05e-06	0.236931055
17	TENM4	0.507644967	0.555	0.337	2.42e-07	0.006343357
17	C12orf75	0.506453824	0.555	0.531	0.003550221	1.0
17	MT-CO1	0.505264793	1.0	0.997	2.56e-17	6.7e-13
17	EFNA5	0.504676228	0.453	0.208	7.66e-12	2.01e-07
17	DUSP6	0.501379217	0.336	0.242	0.000349397	1.0
17	EEF1D	0.500613649	0.789	0.737	2.06e-07	0.005381345
17	NR4A1	0.500478499	0.555	0.399	2.3e-06	0.060131964
17	PIK3R1	0.499167527	0.555	0.496	0.00019819	1.0
17	IKBIP	0.498537275	0.375	0.26	2.71e-05	0.708577658
17	SAR1A	0.498435408	0.703	0.66	8.29e-07	0.021697883
17	ALCAM	0.497255772	0.656	0.48	8.35e-06	0.218667912
17	RAB31	0.495857716	0.32	0.167	8.18e-08	0.002141606
17	PLPP3	0.494290142	0.281	0.098	1.08e-13	2.82e-09
17	GTDC1	0.493706054	0.539	0.392	5.93e-06	0.155153029
17	RORA	0.493487074	0.789	0.709	2.38e-06	0.06240782
17	CRIP1	0.493477521	0.328	0.241	0.002052544	1.0
17	RPS27	0.49259853	0.992	0.957	1.15e-14	3.01e-10
17	MTRNR2L12	0.492383125	0.773	0.66	2.14e-06	0.055939116
17	DDX21	0.490280461	0.781	0.772	5.89e-07	0.015405198
17	PARP8	0.488508127	0.508	0.469	0.004677432	1.0
17	SDC1	0.486755612	0.344	0.24	0.000217511	1.0
17	LINC00513	0.486021968	0.273	0.142	1.63e-06	0.042687776
17	PSME2	0.484895202	0.594	0.497	9.01e-06	0.235884175
17	NPR3	0.484630599	0.367	0.247	9.86e-05	1.0
17	FHOD3	0.482322249	0.289	0.204	0.001854024	1.0
17	GPR153	0.481612234	0.289	0.158	5.69e-06	0.149026882
17	UST	0.48138683	0.391	0.295	0.003877515	1.0
17	NAP1L1	0.48096184	0.672	0.644	7.84e-05	1.0
17	LATS2	0.480917605	0.289	0.124	3.31e-10	8.65e-06
17	SEC24D	0.480698196	0.438	0.362	0.000662617	1.0
17	PSMA4	0.48044375	0.656	0.637	3.3e-05	0.864293417
17	RPL37	0.479542844	0.992	0.951	1.06e-10	2.77e-06
17	TRIM2	0.479403242	0.547	0.467	0.000229695	1.0
17	LIMA1	0.478908771	0.555	0.503	0.001623752	1.0
17	JAZF1	0.478530948	0.586	0.538	0.009094783	1.0
17	NR3C1	0.477927937	0.484	0.321	1.26e-06	0.033046343
17	CYTH3	0.477112091	0.547	0.388	1.97e-06	0.051558979
17	EVA1B	0.477074854	0.305	0.065	3.43e-30	8.98e-26
17	ADGRA2	0.47689293	0.258	0.036	4.49e-42	1.1800000000000002e-37
17	FBXL7	0.476049647	0.758	0.638	2.12e-05	0.554221169
17	RAP1B	0.475650073	0.734	0.682	3.52e-07	0.009204169
17	PIM1	0.475052535	0.312	0.148	5.75e-09	0.000150503
17	STK17A	0.473910388	0.398	0.308	0.000434733	1.0
17	TUBB6	0.473384672	0.414	0.333	0.000497184	1.0
17	CAST	0.47309126	0.688	0.537	5.31e-06	0.138888919
17	KLHL29	0.472365624	0.492	0.376	0.000394342	1.0
17	RBMS3	0.470830252	0.461	0.25	4.97e-08	0.001301391
17	DNAH11	0.469899639	0.25	0.116	3.89e-07	0.010193563
17	TLN2	0.469524924	0.344	0.244	0.000418059	1.0
17	ASAP1	0.468801128	0.789	0.737	0.000190672	1.0
17	RPL39	0.467709616	0.977	0.947	6.23e-11	1.63e-06
17	SEC31A	0.466943819	0.742	0.731	6.66e-05	1.0
17	STIM2	0.466886394	0.539	0.495	0.001657573	1.0
17	HTRA1	0.46601253	0.289	0.13	8.91e-09	0.000233158
17	SNED1	0.462990066	0.445	0.323	4.17e-05	1.0
17	PARVA	0.46251395	0.375	0.231	1.46e-06	0.038154301
17	P3H1	0.461647347	0.344	0.151	5.67e-12	1.48e-07
17	CRABP2	0.461457723	0.352	0.234	6.74e-05	1.0
17	RNF145	0.459314786	0.594	0.474	5.71e-07	0.01495279
17	ITSN1	0.458833702	0.477	0.384	8.76e-05	1.0
17	SULF2	0.456525487	0.461	0.296	1.64e-07	0.004298325
17	FHAD1	0.456252874	0.375	0.229	1.53e-06	0.039937476
17	CST3	0.455713431	0.625	0.623	0.001114123	1.0
17	CD47	0.452960501	0.695	0.644	1.46e-05	0.382720012
17	NDUFAF2	0.451016321	0.508	0.457	0.006035197	1.0
17	MIR181A1HG	0.450707749	0.312	0.162	1.97e-07	0.005166448
17	SOCS3	0.45054676	0.305	0.185	0.000107846	1.0
17	PHLDB2	0.450121393	0.266	0.117	2.11e-08	0.000551547
17	RGS17	0.448215057	0.258	0.148	7.92e-05	1.0
17	FKBP11	0.44739522	0.344	0.179	1.43e-08	0.000373374
17	MEF2A	0.44715709	0.742	0.738	0.000912703	1.0
17	MT-ND4	0.4465208	1.0	0.994	5.07e-13	1.33e-08
17	OSTC	0.446288888	0.586	0.536	4.48e-05	1.0
17	TUBA1C	0.445382746	0.57	0.509	0.003601773	1.0
17	CALR	0.445293644	0.773	0.719	3.55e-05	0.92960294
17	RHOB	0.444306174	0.578	0.518	0.005228389	1.0
17	DENND2A	0.44347802	0.492	0.416	0.000253157	1.0
17	C8orf59	0.44315779	0.695	0.636	1.94e-05	0.506596009
17	MAP7D3	0.43878168	0.289	0.117	4.65e-11	1.22e-06
17	MT-ATP6	0.438378816	1.0	0.997	5.37e-12	1.41e-07
17	MORF4L1	0.436818999	0.789	0.803	3.58e-06	0.093587709
17	RELB	0.435220856	0.281	0.153	3.73e-06	0.09763016
17	CAMK2D	0.435165275	0.594	0.491	0.000716803	1.0
17	FOSL2	0.434273847	0.352	0.208	8.44e-07	0.022093005
17	ALPK1	0.433078806	0.289	0.167	3.56e-05	0.932998361
17	CALM1	0.433070227	0.875	0.814	6.73e-07	0.017621137
17	TAGLN2	0.430118581	0.625	0.578	0.005651082	1.0
17	INPP4B	0.42872416	0.312	0.153	1.26e-07	0.003306347
17	SEPT2	0.428485306	0.703	0.715	0.000380317	1.0
17	SOCS1	0.427309419	0.273	0.14	1.33e-06	0.034705874
17	RPL37A	0.423399254	0.977	0.955	2.1e-08	0.000550009
17	BTBD11	0.421669114	0.281	0.195	0.002140097	1.0
17	RPL35	0.42126562	0.969	0.915	1.4e-06	0.036540427
17	MYL12B	0.419139194	0.812	0.759	2.77e-06	0.072582238
17	BOD1	0.419044173	0.461	0.355	0.000117659	1.0
17	SON	0.418078568	0.844	0.83	4.09e-07	0.01071823
17	LMNA	0.417962008	0.703	0.661	0.001352485	1.0
17	FTL	0.416489623	0.883	0.845	2.28e-05	0.597085883
17	SEPT10	0.415959743	0.43	0.318	0.000142746	1.0
17	CISD1	0.4144983	0.648	0.593	0.0001735	1.0
17	MYOF	0.414341635	0.344	0.176	1.43e-07	0.003747964
17	TCEAL9	0.412694197	0.641	0.615	0.000404885	1.0
17	SPATS2L	0.412273547	0.828	0.777	0.000185646	1.0
17	CHST11	0.411581657	0.305	0.169	9.28e-06	0.242852691
17	SCML1	0.411319996	0.312	0.179	2.61e-06	0.068283694
17	RECK	0.411153716	0.359	0.296	0.006600463	1.0
17	KANK2	0.410208459	0.336	0.203	4.16e-06	0.108968532
17	FSTL1	0.409314372	0.75	0.552	5.63e-07	0.014726662
17	FKBP7	0.406706742	0.305	0.126	4.06e-11	1.06e-06
17	COTL1	0.406340337	0.305	0.138	2.52e-09	6.6e-05
17	CLIC4	0.406311742	0.609	0.548	0.000170965	1.0
17	ATP5I	0.406162473	0.859	0.788	1.11e-06	0.02916982
17	GHR	0.405102302	0.281	0.152	5.24e-06	0.137204134
17	GULP1	0.404753875	0.562	0.332	2.22e-09	5.8e-05
17	CMTM3	0.404470584	0.281	0.107	8.78e-12	2.3e-07
17	ANP32E	0.404412711	0.5	0.411	0.000498524	1.0
17	NCL	0.404005275	0.812	0.796	1e-05	0.261795689
17	FSCN1	0.403441436	0.398	0.238	2.37e-07	0.00620207
17	CD99	0.400989982	0.695	0.702	0.000601916	1.0
17	IFI44	0.400473761	0.273	0.076	1.35e-18	3.53e-14
17	VOPP1	0.397177107	0.43	0.357	0.002132966	1.0
17	NUCKS1	0.396657697	0.867	0.868	0.006451917	1.0
17	CSRP1	0.39585639	0.289	0.186	0.000232013	1.0
17	LIX1L	0.395117486	0.32	0.176	5.96e-07	0.015606016
17	TLE4	0.394777756	0.484	0.336	3.65e-05	0.955802797
17	PPT1	0.393129129	0.414	0.318	0.000288949	1.0
17	RPL7	0.392250979	0.945	0.904	2.46e-06	0.064448237
17	MT-CYB	0.389776442	1.0	0.995	2.49e-10	6.53e-06
17	RABAC1	0.389308599	0.656	0.594	0.000437459	1.0
17	ZBTB1	0.389177853	0.445	0.382	0.003831126	1.0
17	GLIPR2	0.387815128	0.258	0.112	9.58e-09	0.00025071
17	IL7	0.387124986	0.312	0.2	0.000209612	1.0
17	SQSTM1	0.3849754	0.773	0.715	0.001046568	1.0
17	MT-ND2	0.384056373	1.0	0.988	3.15e-09	8.25e-05
17	GALNT10	0.382584684	0.383	0.322	0.008889592	1.0
17	PSMB8	0.381882277	0.344	0.206	4.39e-06	0.114917869
17	NRBP1	0.381794467	0.453	0.331	2.55e-05	0.667040239
17	RHOQ	0.380677615	0.453	0.389	0.0037174	1.0
17	ELK3	0.380361782	0.359	0.219	2.2e-06	0.057707705
17	MYO1C	0.379334082	0.359	0.25	0.00013818	1.0
17	IGF2R	0.378163632	0.516	0.474	0.006526297	1.0
17	TRAM1	0.377393377	0.664	0.592	5.67e-05	1.0
17	RND3	0.3766539	0.531	0.378	8.02e-06	0.209853078
17	LOXL1	0.376352449	0.344	0.222	4.66e-05	1.0
17	PIP4K2A	0.3760488	0.344	0.208	7.16e-06	0.187394374
17	ADH5	0.375157763	0.461	0.376	0.00075461	1.0
17	EFR3A	0.374544165	0.414	0.345	0.003002185	1.0
17	NEDD9	0.372255115	0.375	0.285	0.002727023	1.0
17	NEO1	0.372181133	0.562	0.503	0.001813426	1.0
17	NUDT4	0.37218066	0.594	0.515	0.006670866	1.0
17	ZCCHC24	0.371417379	0.312	0.176	1.84e-06	0.048276929
17	GPC4	0.370801573	0.281	0.209	0.008479473	1.0
17	PHACTR2	0.370325134	0.43	0.346	0.002970341	1.0
17	PDIA6	0.368916652	0.648	0.656	0.001528131	1.0
17	NORAD	0.36842782	0.562	0.537	0.003769976	1.0
17	STARD13	0.368055916	0.281	0.201	0.003917191	1.0
17	ARHGEF40	0.365916882	0.281	0.112	6.68e-11	1.75e-06
17	MT1E	0.365850613	0.602	0.543	0.002412665	1.0
17	LHFPL6	0.364915714	0.336	0.221	0.00026884	1.0
17	OST4	0.360667353	0.75	0.713	4.56e-05	1.0
17	NDUFS5	0.360020971	0.812	0.749	3.99e-05	1.0
17	JAM3	0.359460887	0.297	0.172	3.33e-05	0.870792617
17	TMEM50A	0.358364128	0.586	0.559	0.002923244	1.0
17	HNRNPDL	0.357822551	0.828	0.799	7.19e-05	1.0
17	GPSM2	0.356784698	0.43	0.351	0.005218415	1.0
17	RAB8B	0.356367275	0.414	0.339	0.002284567	1.0
17	UGCG	0.354496071	0.438	0.367	0.003107866	1.0
17	EGR2	0.353388172	0.477	0.385	0.002178344	1.0
17	OPTN	0.353126566	0.422	0.344	0.00303045	1.0
17	TMEM45A	0.351498171	0.258	0.109	4.17e-08	0.001092135
17	MTHFD1L	0.350828844	0.297	0.17	2.8e-05	0.733923275
17	ZNF618	0.35044055	0.344	0.243	0.000876264	1.0
17	RPL36	0.349966988	0.945	0.924	7.71e-07	0.020169124
17	KRTCAP2	0.349803578	0.492	0.425	0.006600367	1.0
17	TMEM167A	0.349614332	0.461	0.417	0.003135815	1.0
17	PDLIM7	0.348641259	0.289	0.19	0.000435667	1.0
17	IQGAP1	0.347295837	0.688	0.663	0.003854527	1.0
17	SGCB	0.344382619	0.438	0.373	0.007668264	1.0
17	PLEKHO1	0.344357797	0.328	0.256	0.007279451	1.0
17	TAPBP	0.34417211	0.445	0.36	0.004112556	1.0
17	PDIA3	0.343117629	0.719	0.715	0.001742775	1.0
17	RPL6	0.342460926	0.953	0.924	1.68e-06	0.04406944
17	SURF4	0.341942937	0.445	0.374	0.002718573	1.0
17	MT-CO2	0.341682039	1.0	0.998	4.08e-10	1.07e-05
17	LDHA	0.339724949	0.617	0.499	8.89e-05	1.0
17	ATL3	0.335409901	0.438	0.377	0.006860953	1.0
17	RPN2	0.334806705	0.617	0.594	0.000986921	1.0
17	EIF2S2	0.333752774	0.672	0.66	0.000606625	1.0
17	NUCB1	0.333233934	0.398	0.31	0.003106117	1.0
17	SEC61B	0.332591675	0.734	0.715	0.004282972	1.0
17	DHX32	0.332341331	0.266	0.176	0.001628119	1.0
17	RIN2	0.331926911	0.281	0.174	0.000135997	1.0
17	PHLDB1	0.331717614	0.281	0.142	7.3e-07	0.019112145
17	EFHD2	0.330057537	0.312	0.213	0.000465136	1.0
17	SYNC	0.329795186	0.375	0.296	0.005731422	1.0
17	KIAA1217	0.329567679	0.867	0.731	0.000271018	1.0
17	ATP10D	0.328821495	0.32	0.196	2.59e-05	0.676840864
17	RAC1	0.32759862	0.789	0.761	0.000338599	1.0
17	SELENOS	0.32751233	0.523	0.454	0.002751293	1.0
17	ZNF280D	0.327068946	0.656	0.601	0.000836353	1.0
17	MAN2A1	0.326330022	0.438	0.334	0.001274629	1.0
17	MT-CO3	0.325664384	1.0	0.999	1.38e-09	3.6e-05
17	SET	0.324972372	0.859	0.841	0.004582207	1.0
17	LIMS1	0.323412636	0.641	0.587	0.000238532	1.0
17	MRFAP1	0.322867208	0.641	0.623	0.003481504	1.0
17	EIF3E	0.32243424	0.773	0.745	0.000826278	1.0
17	DESI2	0.319950943	0.5	0.446	0.007323185	1.0
17	NDUFA3	0.319585202	0.586	0.541	0.00481227	1.0
17	UQCRB	0.319034052	0.875	0.823	5.67e-06	0.148321159
17	DSTN	0.31877363	0.859	0.827	0.000429905	1.0
17	PKP4	0.317170869	0.719	0.65	0.000168905	1.0
17	MPZL1	0.317169803	0.5	0.403	0.000741444	1.0
17	CASC15	0.316971079	0.656	0.596	0.003048749	1.0
17	PSMA7	0.316362871	0.805	0.807	0.008539012	1.0
17	SH3PXD2B	0.315023644	0.328	0.238	0.001760797	1.0
17	TTC28	0.314465656	0.719	0.667	0.000413378	1.0
17	HSPA1A	0.311970662	0.648	0.546	0.000760301	1.0
17	FKBP10	0.311421202	0.383	0.286	0.000189223	1.0
17	DSE	0.310780242	0.297	0.23	0.005348572	1.0
17	TGFBR2	0.310489474	0.328	0.182	1.3e-05	0.340020884
17	SNX7	0.310246123	0.391	0.248	1.39e-05	0.36450965
17	TMED10	0.309316989	0.633	0.618	0.003232013	1.0
17	PRDX1	0.309234625	0.805	0.756	0.00019629	1.0
17	SP110	0.307228456	0.305	0.209	0.001691909	1.0
17	NFIX	0.306462844	0.695	0.648	0.002259806	1.0
17	DYNLL1	0.304282313	0.75	0.771	0.007987328	1.0
17	TMEM258	0.303654291	0.766	0.721	0.002471382	1.0
17	TMBIM6	0.303652697	0.859	0.786	1.38e-05	0.361271695
17	RPL34	0.302542775	0.977	0.936	4.13e-06	0.108187976
17	DOCK5	0.300085468	0.289	0.163	2.53e-05	0.663250201
17	GNAS	0.29745189	0.914	0.915	3.94e-05	1.0
17	P4HA2	0.295054044	0.281	0.162	2.74e-05	0.717349888
17	ENO1	0.294525017	0.727	0.702	0.009830609	1.0
17	RPL27A	0.289884127	0.758	0.774	0.001706098	1.0
17	TXNL1	0.28752727	0.469	0.412	0.007447399	1.0
17	SH3GLB1	0.286674911	0.531	0.499	0.008895872	1.0
17	RPL22	0.285061041	0.914	0.897	0.000455847	1.0
17	ITPRIPL2	0.283345971	0.328	0.258	0.007667112	1.0
17	PRCP	0.282881895	0.391	0.324	0.009559435	1.0
17	BACE2	0.282250958	0.344	0.21	6.78e-05	1.0
17	MAGOHB	0.281588564	0.25	0.147	0.000284246	1.0
17	SUB1	0.281583601	0.734	0.776	0.003775893	1.0
17	VDAC2	0.281510745	0.781	0.786	0.002194594	1.0
17	CTSB	0.281464524	0.328	0.214	0.000147238	1.0
17	RPL4	0.280330493	0.773	0.776	0.001346458	1.0
17	TMED2	0.28009532	0.586	0.556	0.006910928	1.0
17	PARP14	0.279687391	0.477	0.368	0.001123627	1.0
17	KTN1	0.279270676	0.781	0.768	0.004557515	1.0
17	EEF1A1	0.276484694	0.992	0.976	3.36e-05	0.879098497
17	NIPA1	0.271535327	0.25	0.172	0.004683498	1.0
17	SCN2A	0.270054989	0.281	0.182	0.001666193	1.0
17	RPS25	0.269668062	0.977	0.908	0.001040781	1.0
17	RIC1	0.268953416	0.5	0.436	0.007431941	1.0
17	NOVA1	0.267735852	0.344	0.258	0.009849238	1.0
17	FUCA2	0.266681579	0.344	0.237	0.000514063	1.0
17	PSME1	0.263310835	0.648	0.588	0.004746611	1.0
17	SP100	0.259619942	0.43	0.326	0.004602027	1.0
17	VPS13B	0.258328519	0.867	0.851	0.00505653	1.0
17	RPS24	0.256271549	0.992	0.982	1.06e-05	0.276602379
17	CALM2	0.254151137	0.859	0.826	0.005640254	1.0
17	RBM7	0.252042164	0.312	0.221	0.002371256	1.0
17	DOCK1	0.251032316	0.555	0.472	0.003489851	1.0
